tree
version=v4
num_class=1
num_tree_per_iteration=1
label_index=0
max_feature_idx=40
objective=binary sigmoid:1
feature_names=trigger_mag trigger_depth n_events_24h n_events_72h n_events_7d n_events_30d n_m4_events_7d max_mag_72h max_mag_7d mag_range_7d median_mag_7d consec_up rumble_ratio mag_trend_72h double_tap_count depth_to_peak active_ratio_7d_30d rate_accel_6h_24h hours_since_last hours_since_m4 b_value_14d energy_ratio_24h_48h moment_7d_log moment_accel depth_trend_7d r100_n_7d r100_n_30d r100_max_mag_30d r100_n_m4_30d r100_mag_range_30d r100_hours_since_m4 r100_b_30d b_delta_bg drift_speed drift_approach quiescence dt_accel r100_depth_trend hist_m6_frac hist_m55_frac rate_anom_30d
feature_infos=[2.5:8.1999998092651367] [-3.6500000953674316:750] [0:1149] [0:1532] [0:1892] [0:6444] [0:231] [0:8.3000001907348633] [0:8.3000001907348633] [0:5.6999998092651367] [0:8.1999998092651367] [0:12] [0:2.5698325634002686] [-2.0999999046325684:1.8499999046325684] [0:36] [0:1554] [0:1] [0:404] [0:999] [0:999] [0:9.3670949935913086] [0:143919371255808] [0:21.56031608581543] [0:1.8118396476502154e+21] [-199.09500122070312:283.5] [0:2031] [0:6506] [0:8.3000001907348633] [0:549] [0:5.8000001907348633] [0:999] [0:7.5277671813964844] [-1.4742879867553711:5.7592153549194336] [0:414.18426513671875] [-86.837326049804688:93.97509765625] [-278.01190185546875:0.98885565996170044] [0:10] [-135.40513610839844:137.94200134277344] [0:0.10169491171836853] [0:0.25757575035095215] [0:100]
tree_sizes=6734 6796 4593 4903 4184 4816 4176 5477 5371 5562 5989 6437 5567 6099 6722 6863 6922 6922 6862

Tree=0
num_leaves=63
num_cat=0
split_feature=27 5 0 29 33 27 39 12 1 39 29 15 4 27 15 39 39 39 27 7 39 0 39 1 9 33 40 30 1 9 39 40 39 9 11 5 21 1 1 1 22 9 27 30 22 27 40 4 0 27 9 23 4 19 22 34 0 0 9 19 30 37
split_gain=3.76513e+06 413737 184903 151779 133975 127859 124504 90550.4 73077.2 79937.5 64186.5 63082.6 54598.8 51275.3 48853.6 46311.4 49034.2 45446.6 39984.9 36908.8 63148.8 34758.8 32763.5 27944.9 26607.9 23923 26344.4 23685.4 22343 22250.3 20880.8 18960.9 21701 18878.5 17648 17492.6 17117.7 16615.1 14099.4 13240.2 12657.8 11452 11388.5 10716.9 10053.2 9374.41 9167.46 8023.56 7984.47 7595.12 7052.48 6161.37 5943.48 8048.16 5448.48 5331.23 2674.2 2434.33 2296.75 2242.84 1945.41 1574.89
threshold=5.7099997997283944 294.50000000000006 4.0050001144409189 0.27000010013580328 0.17185649275779727 6.3500001430511483 0.030850661918520931 2.1493430137634282 4.6714999675750741 0.0020957040833309297 3.3499999046325688 7.5000000000000009 7.5000000000000009 5.2049999237060556 73.500000000000014 0.0013745711185038092 0.021283458918333057 0.046706212684512145 4.5950000286102304 5.2650001049041757 0.019614048302173618 5.8500001430511483 0.010407979600131513 85.964500427246108 1.5000001192092898 0.57949557900428783 1.6060175299644472 9.3152480125427264 210.2799987792969 3.50000011920929 0.022475983947515491 0.71963036060333263 0.0065370160154998311 0.60000026226043712 6.5000000000000009 17.500000000000004 0.50118699669837963 10.321499824523928 557.22750854492199 70.001998901367202 18.455073356628422 5.5999999046325692 3.495000004768372 372.21319580078131 17.789031028747562 3.245000004768372 0.30011640489101415 2.5000000000000004 5.1099998950958261 8.2500000000000018 1.5800000429153445 9978108287385602 9.5000000000000018 462.67430114746099 14.194021701812746 4.5027520656585702 3.1950000524520878 6.0499999523162851 0.8999999761581422 0.015142222400754692 542.95675659179699 -7.4991667270660392
decision_type=2 2 2 2 2 2 2 2 2 2 2 2 2 2 2 2 2 2 2 2 2 2 2 2 2 2 2 2 2 2 2 2 2 2 2 2 2 2 2 2 2 2 2 2 2 2 2 2 2 2 2 2 2 2 2 2 2 2 2 2 2 2
left_child=2 5 4 21 37 6 10 14 9 11 15 36 17 22 19 27 -17 18 -10 20 -7 38 31 -19 43 30 -27 -2 34 33 -24 32 -5 47 -14 54 -6 51 42 -21 -35 -9 48 44 -15 -39 -44 -8 -4 59 -33 56 53 -47 -11 -13 61 -26 -53 -3 -58 -1
right_child=1 49 3 13 8 7 29 41 12 35 -12 55 28 24 -16 16 -18 23 -20 39 -22 -23 25 -25 57 26 -28 -29 -30 -31 -32 50 -34 40 -36 -37 -38 45 -40 -41 -42 -43 46 -45 -46 52 -48 -49 -50 -51 -52 58 -54 -55 -56 -57 60 -59 -60 -61 -62 -63
leaf_value=-3.305464606786412 -1.0114141308225837 -2.9040427371213147 -3.9385557278917869 -2.558617413622347 -3.3157765282733913 -2.2052749015586177 -1.7402872872438047 -4.3873750748200235 -3.5143746683639208 -3.5182873785723792 -4.3886238726210403 -2.5037968475862833 -4.136520131619764 -1.7842952807434402 -4.3846320012945732 -4.2973208197797499 -2.007400472587348 -2.3483643406279402 -3.0545942430202286 -0.66836978983108253 -0.92488009306878816 -1.5899772773507364 -3.4899682602086548 -4.3870451338195222 -4.3857916998549893 -2.2457526935565522 -4.0483703673045737 -3.9542848716126175 -1.5796425321614542 -4.3809003981121988 -2.5864384300784287 -4.0992110122186993 -3.9810471001859549 -0.83995832811807158 -2.6828558409353711 -4.3885340524968326 -2.0213020042995091 -4.1713880282883089 -2.1443886428235905 -2.4892655302917026 -3.088298761120889 -1.4476542228663156 -3.1098749271166408 -4.378996774552018 -4.3781800633320183 -2.9504508254709254 -3.6922206808636027 -4.3758494035012214 -2.989105928785742 -1.7750836216944457 -2.5497110224685162 -2.2812449047654675 -4.3875032039785724 -3.6866610820545005 -2.6921175125646246 -0.61793855166263745 -4.241664332930231 -2.5556118974744475 -4.3692131537627388 -4.3893225310238391 -3.8552684183770829 -4.3615850326065608
leaf_weight=2.5761871617287389 68.210597055032849 1.610035317018627 245.34964099992067 105.75709631480277 56.130785559304059 120.06747901067138 80.017383383587003 21.077365243807439 1299.1298816241324 47.419557712040842 42.752219128422439 7.1520426273345938 301.6935083931312 288.77717822790146 9.5725307771936041 40.891735319048166 53.711486312560737 175.48440339323133 753.87593179102987 1806.3344977227971 673.70299200620502 22.285590680316091 105.51698254048824 18.52214786503464 12.559973981231449 458.38732414599508 21.576955683529377 7.9027348319068542 8.5624795490875822 5.1867099031805983 175.40628607198596 65.078560471534729 36.606961366720498 289.42255095019937 21.477750937454402 39.866476118564606 50.796516261063516 104.44479287788272 16.08764064591378 13.138988287188111 7.8683992521837345 2.9232273101806632 142.75119522027671 4.1061453400179735 3.7501946603879324 46.956145027652383 136.39570399839431 2.9620181554928413 23.656047853641212 1.9488182067871083 7.3554430156946173 4.4741552714258424 22.259630001150072 189.8073159083724 39.65915609523654 68.103135050274432 76.871981003321707 1.1142468703910697 1.6907657282426951 96.068545927293599 56.433390693739057 271.70858326926827
leaf_count=127 751 51 17106 4461 3205 4225 2058 1658 79725 2898 3363 260 22219 7813 753 3141 1653 6693 39406 9326 6849 467 6409 1457 988 16616 1546 546 144 408 7519 4741 2577 2417 933 3136 1575 7762 509 504 392 3 7598 323 295 2332 8838 233 1180 2 276 125 1751 12283 1758 213 5820 12 133 7557 3834 21222
internal_value=-2.4249 -1.10068 -3.22533 -2.82089 -3.43231 -1.0033 -1.67481 -0.852409 -3.27551 -2.54845 -2.65633 -1.87905 -3.36333 -2.51679 -0.824433 -2.22472 -2.98636 -3.27492 -3.34499 -0.811377 -1.11562 -3.48963 -2.69862 -2.54227 -1.95219 -2.54374 -2.32601 -1.30795 -3.96359 -1.13702 -2.92158 -3.25307 -2.91929 -1.09277 -4.03508 -3.52087 -2.685 -4.01556 -3.5694 -0.680493 -0.895055 -3.92818 -3.61516 -1.85307 -1.81759 -3.76937 -3.39108 -1.83374 -3.85035 -4.27518 -3.91957 -4.2327 -3.60855 -3.5354 -3.12753 -0.77068 -4.25847 -4.12561 -2.77884 -4.35049 -4.07566 -4.34793
internal_weight=8882.99 3345.37 5537.62 1872.52 3665.1 3245.74 598.926 2646.82 2887.87 309.128 213.469 182.182 2578.75 1285.99 2622.82 170.717 94.6032 2247.01 2053.01 2613.24 793.77 586.526 975.686 194.007 310.308 760.888 479.964 76.1133 331.734 385.457 280.923 214.798 142.364 380.27 323.171 126.945 106.927 777.223 564.24 1819.47 297.291 24.0006 548.153 296.634 292.527 363.468 279.147 82.9794 269.006 99.6274 72.434 413.755 259.023 236.763 87.0787 75.2552 407.59 13.6742 6.16492 97.6786 133.305 274.285
internal_count=354175 45890 308285 89274 219011 38280 14962 23318 163622 13045 9454 5253 150577 53576 21657 6091 4794 127281 119131 20904 11074 35698 44145 8150 9431 32090 18162 1297 23296 5508 13928 12055 7038 5100 23152 7792 4780 55389 35231 9830 2809 1661 34722 8431 8108 24128 16436 2291 18286 7610 5017 31261 16366 14615 4656 473 31003 1000 258 7608 9654 21349
is_linear=0
shrinkage=1


Tree=1
num_leaves=63
num_cat=0
split_feature=29 1 0 26 12 26 39 39 28 12 39 31 26 39 25 32 40 40 40 26 39 0 39 39 0 31 29 30 29 32 8 31 16 35 40 0 31 31 35 29 39 16 28 35 40 30 1 40 1 39 1 31 24 0 40 26 32 0 26 30 18 26
split_gain=76300.8 13669.4 10049.3 10418.3 8004.63 6428.88 8920.37 10209.9 7287.29 5907.82 9768.53 7552.91 7073.12 7237.89 4839.98 4078.44 3784.75 3738.82 6011.07 5156.25 6168.22 3457.07 3309.74 4636.53 3350.1 3218.4 3095.24 2887.65 2793.84 2745.89 5486.06 2708.98 2631.18 2237.08 2839.64 1871.05 1891.17 1803.25 1778.37 1772.32 2675.37 1732.22 1710.95 1704.46 1702.63 1721.78 1620.18 1591.76 2187.99 1557.22 1513.76 1500.7 1428.08 1424.47 1280.94 1204.36 1178.77 1079.36 1006.73 834.13 809.698 731.391
threshold=2.1249998807907109 10.321499824523928 4.0050001144409189 145.50000000000003 1.093750059604645 8.5000000000000018 0.0056851333938539037 0.0093269334174692648 26.500000000000004 1.0153846144676211 0.020621429197490219 0.60389843583107006 29.500000000000004 0.012348855845630171 441.50000000000006 0.34342043101787573 1.5117421150207522 1.0000000180025095e-35 0.79283300042152416 79.500000000000014 0.0068688502069562682 3.8850001096725468 0.0037017461145296697 0.0051552718505263337 4.9949998855590829 1.1428811550140383 1.9999998807907107 76.20908355712892 0.99999988079071056 -0.74315673112869252 5.1949999332427987 1.0891407728195193 0.49975961446762091 -0.29068750143051142 2.3619446754455571 6.7500000000000009 0.67411440610885631 1.6853244304656985 0.64086920022964489 2.3999999761581425 0.01493156608194113 0.49975961446762091 59.500000000000007 0.34264503419399267 0.598759025335312 427.37826538085943 63.004999160766609 0.71145257353782665 346.65499877929693 0.013892335351556541 1.0000000180025095e-35 2.5822969675064091 -12.414999961853026 4.805000066757203 0.51333278417587291 982.50000000000011 0.15534155070781711 3.6950000524520878 16.500000000000004 372.21319580078131 0.23275486379861834 42.500000000000007
decision_type=2 2 2 2 2 2 2 2 2 2 2 2 2 2 2 2 2 2 2 2 2 2 2 2 2 2 2 2 2 2 2 2 2 2 2 2 2 2 2 2 2 2 2 2 2 2 2 2 2 2 2 2 2 2 2 2 2 2 2 2 2 2
left_child=1 4 3 5 17 26 8 -8 -7 10 11 12 39 38 15 25 42 22 19 20 -19 -15 41 57 -25 29 27 -3 31 30 -11 44 50 37 -35 36 54 -20 -14 43 -41 53 -17 -2 45 -4 -28 48 -33 -46 -6 -38 -34 -1 -30 -31 59 -24 -43 -12 -13 -52
right_child=9 2 28 -5 32 6 7 -9 -10 14 56 60 13 21 -16 16 -18 18 33 -21 -22 -23 23 24 -26 -27 46 -29 35 55 -32 47 52 34 -36 -37 51 -39 -40 40 -42 58 -44 -45 49 -47 -48 -49 -50 -51 61 -53 -54 -55 -56 -57 -58 -59 -60 -61 -62 -63
leaf_value=0.041782718542921475 0.0555182428129311 0.023459170352533247 0.30506419055922607 -0.051251260656214159 0.56730392061619539 0.48724401352705926 0.10788629910497415 0.38597151594309675 1.048400951748153 0.48111042788574276 0.15454377330141669 0.62744382008591015 0.19429835936682763 0.77655636677964068 -0.060275192001475353 0.11617456260415585 0.10387342470380823 0.54001630822985613 0.26844100712720165 -0.051508968667445067 0.31321175559896602 0.31169519199135343 1.3778162927578597 0.20130506459938236 0.60840068597333863 -0.057351785160035446 0.74032112404757622 0.26418889645119642 0.22763869109341495 0.14100914076192736 0.14055455000261441 0.41691543779976126 0.54545064491456985 0.20880512269109475 -0.0022474230118343934 0.58718346548739453 0.27883787072388183 0.88386543635151082 0.69799577420415693 0.37695244528694111 0.0096325649102090623 0.14821808596463312 0.60859801122123347 0.56590474744945929 0.30363709227783131 0.17533937164995053 -0.045755385860553145 0.46402327201602267 0.10420291402801066 0.1080153676792347 0.10172955696414768 -0.051720181485943588 0.16923058443880096 0.23490390034296149 0.1497008948716638 -0.059201325590477173 0.27842539865470578 0.57817626006980161 0.39479901893419722 -0.007988315463966715 0.022448871140478416 -0.053593077028324589
leaf_weight=492.01105163991451 136.55224116519094 152.24874428659678 1927.8527115006 154.86353346146643 11.392203501425682 923.55666447617114 383.37940836511552 2418.2639342350885 61.725510397925973 177.64539182465523 3094.2451083483174 4.7033473532646886 136.50983133167028 220.98637573141605 296.59933195821941 21.704460923559964 88.871399184688926 385.9677189104259 677.13254631496966 78.088823943398893 1382.8557055480778 51.144695801660419 9.7584584252908844 422.16460146196187 56.898877652361989 202.79647405352443 42.573212873190641 690.63269344903529 1213.371347640641 44772.080987610854 353.97058083117008 137.16797045618296 24.634641469456255 678.11987310927361 208.15794467367232 34.920526251196861 1275.2374640647322 11.337002695538102 19.447973094880581 316.68830061983317 58.83353220205754 94.415452807210386 108.41579140722752 17.639118833467364 160.01385741867125 300.66817580536008 7.5695832800120106 323.90726643614471 95.507177121937275 281.94353207014501 119.62733718007803 34.962566597387195 3437.5765014244244 117.71251744870096 951.0772968409583 74.70041633117944 191.40530369151384 11.212169368751345 75.760816513560712 80.847371274605393 187.64758435543627 202.90302493888885
leaf_count=22132 2296 6150 23308 6689 32 21017 11338 41792 357 113 7473 30 1636 1718 12771 313 802 3540 3260 2512 16727 173 75 12578 440 4736 428 21812 7460 46412 73 513 57 9723 4195 36 4605 158 64 2300 1020 2867 42 105 3107 5034 204 699 885 3413 1974 876 9239 1654 5970 2593 322 57 586 1342 2519 7823
internal_value=0.178941 0.261442 0.296826 0.351895 0.213229 0.365244 0.39375 0.347972 0.523432 0.146223 0.200829 0.32663 0.383998 0.535189 0.140868 0.142172 0.357164 0.256856 0.284171 0.345436 0.362982 0.690669 0.183665 0.284032 0.250833 0.141132 0.244051 0.220791 0.257257 0.14202 0.255054 0.290957 0.159141 0.212142 0.159283 0.226194 0.222397 0.27985 0.261188 0.261025 0.319596 0.119026 0.528011 0.117208 0.269808 0.287651 0.622982 0.391754 0.289572 0.179378 0.025002 0.26998 0.172066 0.0793982 0.193479 0.140674 0.157763 0.996283 0.259688 0.150402 0.0404366 0.0041374
internal_weight=70682.6 20069.2 11571.4 4834.81 8497.73 4679.95 3786.93 2801.64 985.282 50613.4 4516.65 1150.15 957.802 428.089 46096.8 45800.2 218.992 4701.59 3421.66 1846.91 1768.82 272.131 1279.93 500.034 479.063 45581.2 893.024 842.881 6736.63 45378.4 531.616 3227.06 3796.13 1574.75 886.278 3509.57 3474.65 688.47 155.958 529.713 375.522 779.9 130.12 154.191 2670.48 2228.52 50.1428 556.582 232.675 441.957 333.923 1310.2 3462.21 609.724 2164.45 44846.8 3366.5 20.9706 170.176 3175.09 192.351 322.53
internal_count=354175 265322 165693 109787 99629 103098 74504 53130 21374 88853 20998 11861 9312 3591 67855 55084 1157 80504 40115 22779 20267 1891 40389 13150 13018 53927 28594 27962 55906 49191 186 36959 19125 17336 13918 18947 18911 3418 1700 5721 3320 27239 355 2401 34862 28342 632 2097 1398 6520 9829 5481 9296 23786 13430 49005 9137 132 3453 8815 2549 9797
is_linear=0
shrinkage=0.05


Tree=2
num_leaves=42
num_cat=0
split_feature=27 5 31 38 28 38 0 38 40 25 29 27 38 36 40 25 40 27 21 31 10 33 32 22 40 5 12 39 8 27 29 39 31 33 27 33 28 7 39 5 7
split_gain=38121.4 7108.91 4085.77 7957.33 5109.34 6166.94 7513.65 7495.15 5794.87 4337.15 4040.4 3926.11 3902.42 3671.16 3376.36 2798.19 2361.09 1975.17 1947.17 1830.4 1805.44 1638.08 1547.18 2287.54 1305.42 1224.42 1192.68 1118.2 2613.26 1040.62 3878.3 979.11 810.69 714.032 1387.71 1319.05 442.387 322.849 171.326 2.60535 0.0601365
threshold=5.7099997997283944 87.500000000000014 2.5822969675064091 0.00039043436117935931 3.5000000000000004 0.00039043436117935931 4.0050001144409189 0.0022429910022765402 1.3595374226570132 13.500000000000002 1.2000001668930056 4.2950000762939462 0.0027281407965347175 0.23871548473834994 1.9789912104606631 441.50000000000006 1.7750843167304995 4.7900002002716073 0.37813064455986029 1.1428811550140383 3.5924998521804814 3.6427453756332402 -0.74315673112869252 16.900007247924808 0.46805436909198767 31.500000000000004 1.1428571343421938 0.0094632413238286989 5.1949999332427987 8.1500000953674334 4.5499999523162851 0.016951969824731353 2.8953031301498418 1.7982327342033388 4.2950000762939462 1.9742738008499148 246.50000000000003 5.2650001049041757 0.049409439787268646 294.50000000000006 5.3200001716613778
decision_type=2 2 2 2 2 2 2 2 2 2 2 2 2 2 2 2 2 2 2 2 2 2 2 2 2 2 2 2 2 2 2 2 2 2 2 2 2 2 2 2 2
left_child=1 2 4 10 9 6 8 11 -6 14 24 -7 -9 18 16 19 -1 -8 -11 22 -15 36 23 -2 -4 -16 27 28 -24 30 -28 -29 -26 -5 35 -35 -3 -31 40 -17 -21
right_child=15 21 3 33 5 7 17 12 -10 13 -12 -13 -14 20 25 39 -18 -19 -20 38 -22 -23 26 -25 32 -27 29 31 -30 37 -32 -33 -34 34 -36 -37 -38 -39 -40 -41 -42
leaf_value=0.20230875993338865 0.32104789246936394 -0.051810848395227607 0.85628287012453019 -0.052390003521870523 0.47998724515430802 0.31532519206675214 0.32262211532379292 0.36667784569975542 0.22006246988204642 0.3499388104537895 -0.05098566318482415 0.020258908115036892 0.22093570857201328 -0.021473941633555507 0.0021051092813435183 -0.068530238471390129 0.41776403832279929 0.1839433395794704 0.14065557118814867 -0.056463514311653411 0.41924843389098321 0.52419481478718932 0.2877624920631362 0.12740561220669033 0.5549341989871065 0.34516534211481875 0.12241549833751493 -0.021982828560513649 0.12695285930790284 0.15473454710074486 -0.059678164238360892 0.14006532570172173 -0.046158772711756182 1.0760551042411883 -0.050069526384387386 -0.041868746207972957 0.2526911475745921 0.13392341007886274 0.09071206174650126 -0.049193425903942128 -0.069941628925132546
leaf_weight=9877.9754262920469 261.44156927336007 327.10387390200049 41.198419763706625 368.85673639178276 750.83839980140328 134.49537167325616 363.81790872756392 488.82817729841918 303.88839980121702 121.33589846175164 25.876567663624883 672.43315625749528 8097.3245877129957 468.83002132084221 272.66856932640076 147.81029622070491 128.78998275287449 897.72864936385304 1290.8820193214342 109.05669453367591 23.446827811188996 12.331626281142233 429.39027110021561 370.0657576918602 17.97344557847828 27.757120558060706 31177.628816888668 93.787239013239741 619.66068769153208 2561.0073914341629 294.58890925813466 9947.8158531188965 7.7369642592966548 5.8374702669680136 19.679964384995401 4.1652176678180695 11.392397880554197 7528.0135642290115 20.939669385552406 37.159846064634621 29.133292639628053
leaf_count=163534 87 19510 91 10457 4537 2531 2124 2305 4197 1347 608 13615 54639 12538 6593 1039 1120 4463 2532 2060 312 25 1164 83 100 293 23600 1647 378 486 2641 8401 197 37 484 95 1 823 12 3172 297
internal_value=0.152567 0.203882 0.207093 0.0641918 0.210026 0.233657 0.306824 0.215583 0.405382 0.187349 0.478584 0.0697749 0.229275 0.117915 0.200165 0.128869 0.205124 0.224165 0.158875 0.129541 0.000314614 -0.0195252 0.130047 0.207962 0.6812 0.0348579 0.129108 0.143716 0.19299 0.125206 0.120709 0.138549 0.378906 -0.0332283 0.198672 0.64859 -0.0408337 0.139221 -0.0395403 -0.0649578 -0.059823
internal_weight=78390.7 24763.2 24412.4 491.325 23921 11709.4 2316.27 9393.08 1054.73 12211.7 92.7854 806.929 8586.15 1904.49 10307.2 53627.5 10006.8 1261.55 1412.22 53442.5 492.277 350.828 53283.4 631.507 66.9088 300.426 52651.9 11090.7 1049.05 41561.2 31472.2 10041.6 25.7104 398.539 29.6827 10.0027 338.496 10089 159.13 184.97 138.19
internal_count=354175 308285 288749 12069 276680 88411 15321 73090 8734 188269 996 16146 56944 16729 171540 45890 164654 6587 3879 41679 12850 19536 39310 170 388 6886 39140 11590 1542 27550 26241 10048 297 11073 616 132 19511 1309 2369 4211 2357
is_linear=0
shrinkage=0.05


Tree=3
num_leaves=45
num_cat=0
split_feature=27 5 30 31 27 40 26 31 28 26 26 26 40 0 29 26 27 27 31 0 27 27 40 39 22 31 29 1 1 40 30 29 11 40 30 1 35 22 26 21 21 39 40 5
split_gain=16504.3 4476.31 3003.73 3306.23 2605.91 4731.32 3910.72 3266.48 2978.2 2481.3 2580.93 2361.38 3544.71 2884.78 2123.25 1641.95 1599.93 1403.52 1340.82 1211.5 1186 4776.62 2439.33 1594.12 3039.48 1563.91 1537.38 1061.17 1534.14 1047.69 1000.55 1798.79 939.325 593.6 567.972 510.349 445.359 403.747 363.586 272.435 310.694 157.236 115.708 0.583469
threshold=5.7850000858306894 131.50000000000003 351.05566406250006 2.5822969675064091 4.9149999618530282 2.4374810457229619 135.50000000000003 1.3028826117515566 58.500000000000007 71.500000000000014 12.500000000000002 28.500000000000004 0.40015923976898199 3.2949999570846562 1.1949999332427981 982.50000000000011 3.304999947547913 3.4050000905990605 1.1428811550140383 6.7500000000000009 7.4500000476837167 6.9500000476837167 4.6774802207946786 0.012599327135831119 17.266121864318851 0.91129499673843395 3.6000000238418584 74.70999908447267 17.724999427795414 8.9852561950683612 63.975976943969734 3.4099999666213994 6.5000000000000009 4.4489722251892099 0.05111972056329251 557.22750854492199 0.44582593441009527 17.368476867675785 44.500000000000007 70651708.000000015 83270144.000000015 0.049409439787268646 2.5103374719619755 294.50000000000006
decision_type=2 2 2 2 2 2 2 2 2 2 2 2 2 2 2 2 2 2 2 2 2 2 2 2 2 2 2 2 2 2 2 2 2 2 2 2 2 2 2 2 2 2 2 2
left_child=1 2 3 4 5 6 -1 8 -6 10 16 12 -12 -13 27 18 19 -18 20 -4 21 30 26 24 38 37 -23 28 -5 -11 32 -32 -2 -27 -7 -24 -9 -25 -22 -16 -41 -20 -26 -17
right_child=15 -3 9 14 7 34 -8 36 -10 29 11 13 -14 -15 39 43 17 -19 41 -21 23 22 35 25 42 33 -28 -29 -30 -31 31 -33 -34 -35 -36 -37 -38 -39 -40 40 -42 -43 -44 -45
leaf_value=0.19794826873576987 0.11892521700722625 -0.051432292370676792 0.027966838735323896 0.0064064482536394796 0.14987595388541805 0.35669165147291787 -0.01806106627899768 -0.055229856614895746 0.26451058008317813 -0.052506230085226951 0.23615154676050329 0.085939043365837353 0.04839699926170335 0.25286765867194283 -0.052273578582264127 -0.063292040059624147 0.24919524029194209 0.11537913002295548 -0.05985363121328309 0.88801162860772953 0.30427649617415664 0.095283660493953093 -0.068828382417835343 0.1344358429946175 0.15547107337698646 0.1158728475964669 -0.077304180326575239 -0.051559105464541601 0.30204952066400759 0.32305373437925639 0.10115977437704007 -0.0670027445401956 -0.0020872607630097895 -0.070933275383834732 -0.038237841891983218 0.25960441674635198 0.24925397139546243 0.1197161109580368 0.22565969322573839 0.34011934989931092 -0.047655983931391206 0.085415166783817276 0.11904433274341537 -0.049255507059377715
leaf_weight=13595.260334298015 27382.029302910902 238.31259035691619 570.68479334935546 64.145204984582961 6616.2194905169308 8.4572735643014294 212.60665778070688 203.94449324440211 621.10460174363106 220.30736369267106 1686.3486861856654 1131.4107892950997 296.17325868457556 335.50028502847999 271.26005178689957 90.097997908480465 213.93572037108243 2347.5091705834493 117.11313638370484 3.1263039112091056 262.56589999049902 905.41142738610506 510.54776351712644 6661.7056199116632 291.63863645493984 59.426129251718521 149.6470033954829 47.913069911301136 138.44020215235651 19.272958714514971 765.3616331461817 199.8718601949513 161.18840499781072 142.58176238369197 244.13431041780859 11.138550758361815 11.769473643973468 16366.919058600441 394.69093370437622 8.8242523306980747 10.403436892665921 21.181543752551079 1097.2120532505214 39.824301223270595
leaf_count=128161 20455 16071 17568 1598 36530 202 6198 4004 414 6550 16226 10402 4089 3347 8278 700 3093 36308 1930 1 99 944 3609 1499 29 48 749 1183 1130 35 2703 2356 2480 868 6449 1 119 3599 165 55 308 12 199 3411
internal_value=0.133668 0.164172 0.165953 0.174934 0.178005 0.190698 0.194621 0.154035 0.15975 0.136904 0.142654 0.172522 0.208144 0.124267 0.0527214 0.117699 0.109748 0.12665 0.118115 0.0341981 0.118503 0.111776 0.0270372 0.126506 0.16889 0.122765 0.0707495 0.159099 0.208955 -0.0210564 0.116462 0.0662997 0.118217 -0.0156545 -0.0236407 -0.0613232 -0.0375205 0.12398 0.257488 -0.0392265 0.138077 -0.0371146 0.126803 -0.0594368
internal_weight=84747.2 29117.1 28878.8 22054.5 21513.5 14060.5 13807.9 7453.04 7237.32 6824.27 6584.69 3449.43 1982.52 1466.91 540.986 55630.2 3135.26 2561.44 55500.2 573.811 55361.9 30085.2 1576.74 25276.7 2046.11 23230.6 1055.06 250.498 202.585 239.58 28508.5 965.233 27543.2 202.008 252.592 521.686 215.714 23028.6 657.257 290.488 19.2277 138.295 1388.85 129.922
internal_count=354175 308319 292248 194629 182077 141010 134359 41067 36944 97619 91034 34064 20315 13749 12552 45856 56970 39401 41745 17569 39803 33297 5303 6506 492 6014 1693 3911 2728 6585 27994 5059 22935 916 6651 3610 4123 5098 264 8641 363 1942 228 4111
is_linear=0
shrinkage=0.05


Tree=4
num_leaves=38
num_cat=0
split_feature=27 26 29 29 20 27 1 38 5 39 39 21 38 35 32 39 1 5 14 26 24 4 24 39 39 5 10 18 7 18 17 0 32 15 5 5 5
split_gain=7112.18 6058.24 3334.17 4032.36 2565.15 2393.06 3312.05 3574.69 3345.01 2541.01 5186.91 2241.05 1719.34 1202.28 1105.15 1448.81 1067.56 1065.29 795.581 728.25 513.991 503.773 465.35 459.686 536.485 203.413 102.214 258.269 86.4904 157.147 70.7142 69.9445 257.593 194.01 2.66594 0.656825 0.0445388
threshold=5.2650001049041757 135.50000000000003 2.7050000429153447 2.5949999094009404 0.78019404411315929 3.995000004768372 68.005001068115249 0.0043388225603848704 17.500000000000004 0.034251086413860328 0.034492352977395065 12.286878108978273 0.0069217460695654162 -58.035072326660149 0.34342043101787573 0.048790574073791511 304.62001037597662 116.50000000000001 9.5000000000000018 982.50000000000011 -1.499999940395355 3.5000000000000004 -1.0000000180025095e-35 0.0020957040833309297 0.015388434752821924 10.500000000000002 3.7975000143051152 107.4291343688965 3.8950001001358037 104.6178550720215 0.98976439237594616 3.7050000429153447 -0.063619296997785554 82.500000000000014 294.50000000000006 294.50000000000006 294.50000000000006
decision_type=2 2 2 2 2 2 2 2 2 2 2 2 2 2 2 2 2 2 2 2 2 2 2 2 2 2 2 2 2 2 2 2 2 2 2 2 2
left_child=1 2 3 5 13 9 8 -8 -7 12 -11 -4 -1 36 16 -16 18 22 19 -15 21 28 25 -18 -25 -6 -22 -28 29 -3 -13 32 -24 -34 -19 -20 -2
right_child=4 20 11 -5 17 6 7 -9 -10 10 -12 30 -14 14 15 -17 23 34 35 -21 26 -23 31 24 -26 -27 27 -29 -30 -31 -32 -33 33 -35 -36 -37 -38
leaf_value=0.11120169980320969 -0.066722620590821374 -0.046587138355923659 0.55523095445565374 -0.054961577227174874 0.11932325309563321 0.17524711852388369 0.076138405514090499 0.15170426612884441 0.094071669800522381 0.66211473719162028 0.15865257817886114 0.12741809840512611 0.018941597536434516 0.10999038422857865 -0.056356548138345855 0.23141905768919557 0.25530251644963359 -0.062625131468131243 -0.074375905238119433 -0.058284479437631202 -0.052627974400049488 -0.050762426196563341 0.12129307054871881 -0.0021621255094209958 0.14753644697635149 -0.061446250329756119 -0.050838947940528262 0.19447141395977285 0.27638197194975056 0.22803818057079847 0.22633028423357665 0.14680810199368979 -0.061799989283519624 0.13213983149917893 -0.050827553875605426 -0.045346112369170619 -0.046792319402559401
leaf_weight=4221.5728648910299 83.354479773901403 7.9897650210186848 80.295463871210814 255.57633052673191 18.480017514899373 12210.193968249485 2482.0342495413497 4253.5420020036399 1420.8413095790893 52.609858140349388 1186.3128729099408 35.893095903098583 574.24772014189512 59507.896398674697 49.668829155154526 343.42855873331428 95.820038860663772 124.16575625166297 51.048421272076666 63.753141351044178 417.02148196287453 32.876900342293084 151.89007736276835 61.939903663471341 1695.9266381394118 76.670077587477863 34.74564831610769 14.341618204489349 22.006263367831707 12.434482012875378 52.502500096336007 68.597461864352226 40.838773183524609 17.639657631516457 181.25194647721946 9.3367371996864659 13.351122784428297
leaf_count=65737 616 199 36 3812 4 98582 25624 27202 13423 190 11098 26 10856 51593 947 92 68 2343 552 1417 17054 1064 117 404 1118 1248 1210 87 53 15 85 48 807 7 14532 699 1210
internal_value=0.119289 0.140561 0.143903 0.142489 0.109995 0.144403 0.152607 0.123875 0.166794 0.116694 0.180552 0.365121 0.100162 0.111054 0.11133 0.194994 0.110792 0.0133488 0.109625 0.109809 -0.0249804 0.0953854 0.0698351 0.148241 0.142261 -0.0254094 -0.0446007 0.0231842 0.207303 0.123214 0.188097 0.102314 0.0871554 -0.0019771 -0.0558288 -0.0707806 -0.0645293
internal_weight=90022.1 27367 26825.6 26656.9 62655.1 26401.4 20366.6 6735.58 13631 6034.74 1238.92 168.691 4795.82 61975.5 61878.8 393.097 61485.7 679.534 59632 59571.6 541.416 75.3074 374.116 1853.69 1757.87 95.1501 466.109 49.0873 42.4305 20.4242 88.3956 278.966 210.369 58.4784 305.418 60.3852 96.7056
internal_count=354175 276353 256671 256524 77822 252712 164831 52826 112005 87881 11288 147 76593 58716 56890 1039 55851 19106 54261 53010 19682 1331 2231 1590 1522 1252 18351 1297 267 214 111 979 931 814 16875 1251 1826
is_linear=0
shrinkage=0.05


Tree=5
num_leaves=44
num_cat=0
split_feature=25 12 31 38 38 25 0 39 39 25 36 10 29 37 37 40 28 29 27 27 28 31 33 33 37 33 27 29 25 28 39 22 37 16 27 11 23 30 16 39 40 5 28
split_gain=2909.3 2596.28 1777.29 2318.06 1692.91 4146.91 2233.1 3322.07 2156.46 1950.96 3137.2 2209.03 1698.19 1539.36 1412.08 1241.77 1226.25 1065.96 1060.92 1009.09 2871.71 1719.61 1615.13 909.315 875.65 875.229 774.754 2819.82 1156.31 765.318 655.995 633.402 598.064 581.884 480.261 334.721 236.769 104.66 95.4045 82.5098 70.164 5.09832 1.68379
threshold=441.50000000000006 1.2093022465705874 2.5333893299102788 0.00039043436117935931 0.0063712720293551692 2.5000000000000004 2.995000004768372 0.044253908097743995 0.01493156608194113 27.500000000000004 0.098915595561265959 3.8000000715255742 1.6000000238418581 -4.883154869079589 -1.2211956381797788 0.62427362799644481 4.5000000000000009 1.9999998807907107 4.2049999237060556 4.6099998950958261 10.500000000000002 1.1054782271385195 0.78691232204437267 0.20390671491622928 -7.4991667270660392 1.7982327342033388 8.1500000953674334 4.6000001430511483 296.50000000000006 11.500000000000002 0.030850661918520931 15.911237239837648 0.090203389525413527 0.057205790653824813 3.245000004768372 1.5000000000000002 0.50255805253982555 3.1491069793701176 0.10020080581307413 0.044253908097743995 0.46805436909198767 294.50000000000006 124.50000000000001
decision_type=2 2 2 2 2 2 2 2 2 2 2 2 2 2 2 2 2 2 2 2 2 2 2 2 2 2 2 2 2 2 2 2 2 2 2 2 2 2 2 2 2 2 2
left_child=1 2 4 15 5 16 7 13 14 11 -11 -7 -10 -6 -8 37 17 -1 24 20 22 -22 -20 -9 -3 -5 27 28 -21 36 -18 -24 -23 -26 -35 -36 -27 -4 -28 -40 -39 -2 -29
right_child=41 18 3 25 6 9 8 23 12 10 -12 -13 -14 -15 -16 -17 30 -19 19 26 21 32 31 -25 33 29 38 42 -30 -31 -32 -33 -34 34 35 -37 -38 40 39 -41 -42 -43 -44
leaf_value=0.078844997727717456 -0.066193065991182229 0.60255542927071382 0.12661995314562816 -0.052682820354347099 0.27870843377107196 0.16346944648771533 0.13915734945537378 0.27363303584227489 0.13572337503442308 0.13694694463139234 0.0073943149578144301 0.11966203046005384 0.10694980001279859 -0.016194559660384047 -0.00012740339785418186 -0.052674106498829712 0.13393221815033443 0.15522562960945074 -0.054962392257938565 0.096868785221669265 0.38465599093889935 -0.053636962410939994 0.14459121690801149 0.10152662368270005 0.3896672978309581 0.17910808634415989 0.1295024854755254 -0.076277617650227517 -0.063232379772751396 -0.051721965499519011 -0.062147839978259949 -0.056719249823448961 0.22876035475256873 0.29919736635399968 0.17658920716038928 -0.055287368411736787 0.48131501247378666 0.28639884521520881 0.089501457649062033 0.11072027522045749 0.18485920517585211 -0.050073508890029643 -0.058020731264288999
leaf_weight=5258.1275296565145 141.15267023164779 4.9163773320615283 18.805109292268753 403.51558835338801 45.261337051168084 9002.723662299104 249.66132753249258 80.211739141494036 7670.4775119135156 1595.73085961584 660.91866532899439 4255.3671977743506 15627.599071734585 1017.0877064000815 663.71703871246427 44.276375073939562 2090.9881933797151 500.91607000865042 134.00216016732156 31203.614375831559 171.27531341649592 35.315195817500353 696.13217755686492 1558.951932602562 7.7070012092590323 15.469979806803169 678.95713947713375 209.02500483300537 112.51412080973387 22.804782303981483 42.965626025572419 40.849312156438828 38.179101478308439 9.8956469930708391 15.697952307760714 233.00174634624273 13.375704873353241 99.036200441420078 514.44077705591917 8905.0833330303431 30.542386983521283 117.77746604103595 35.575005758553743
leaf_count=77783 1186 7 35 10925 440 64788 1323 787 40409 1358 10861 12750 20289 14928 8036 1000 7996 3224 3324 39228 64 1040 1906 4565 1 112 47 1237 2870 466 310 688 64 21 129 6213 32 124 367 735 121 11471 768
internal_value=0.108068 0.108529 0.116171 0.0338086 0.117231 0.127079 0.108661 0.0654982 0.113474 0.142097 0.0990264 0.149419 0.116429 -0.00337524 0.0380495 0.17871 0.0975454 0.0855152 0.0994778 0.100103 0.147107 0.298172 0.104355 0.110113 0.00087821 -0.0277708 0.0988403 0.09497 0.0962914 0.164062 0.129955 0.133364 0.0940983 -0.0124237 -0.0258815 -0.0399827 0.33084 0.247677 0.110925 0.109572 0.264103 -0.059101 -0.0738897
internal_weight=94273.6 94014.7 50968.5 647.826 50320.7 23407.7 26913 2701.51 24211.5 15514.7 2256.65 13258.1 23298.1 1062.35 913.378 192.66 7893 5759.04 43046.2 42775 1115.75 244.77 870.984 1639.16 271.219 455.166 41659.2 31560.7 31316.1 51.6505 2133.95 736.981 73.4943 266.302 258.595 248.7 28.8457 148.384 10098.5 9419.52 129.579 258.93 244.6
internal_count=354028 341371 282662 12815 269847 179070 90777 20720 70057 89757 12219 77538 60698 15368 9359 1280 89313 81007 58709 52338 7086 1168 5918 5352 6371 11535 45252 44103 42098 610 8306 2594 1104 6364 6363 6342 144 280 1149 1102 245 12657 2005
is_linear=0
shrinkage=0.05


Tree=6
num_leaves=38
num_cat=0
split_feature=25 31 38 38 26 25 36 38 0 38 1 20 0 8 1 31 38 1 37 29 38 8 40 40 0 33 36 29 10 16 34 5 25 33 5 12 29
split_gain=2468.91 1311.62 1866.12 1359.88 3874.57 3111.55 4128.07 2601.61 2471.98 2058.55 2031.08 1819.41 1728.09 1822.68 1490.96 1410.98 1158.45 2430.75 1137.47 1129.8 1112.14 1008.99 892.67 886.076 858.853 737.476 707.077 540.47 169.057 128.684 72.7133 69.723 168.01 67.9524 4.08628 2.55853 2.08834
threshold=441.50000000000006 2.5333893299102788 0.00039043436117935931 0.0060256090946495542 10.500000000000002 26.500000000000004 0.11332728341221811 0.0055993655696511277 3.3149999380111699 0.0040828231722116479 170.29499816894534 0.83939653635025036 3.0949999094009404 4.8949999809265146 81.58499908447267 2.0044398307800297 0.0089327711611986178 1.0013224482536318 -3.2115232944488521 5.6500000953674325 0.0090119098313152807 4.9949998855590829 0.62427362799644481 8.5114936828613299 4.805000066757203 1.7982327342033388 0.37639674544334417 0.99999988079071056 7.4000000953674325 0.49975961446762091 2.7379033565521245 1.0000000180025095e-35 34.500000000000007 0.49979966878890997 294.50000000000006 1.0145190954208376 3.3000000715255742
decision_type=2 2 2 2 2 2 2 2 2 2 2 2 2 2 2 2 2 2 2 2 2 2 2 2 2 2 2 2 2 2 2 2 2 2 2 2 2
left_child=1 3 22 4 12 7 9 14 -9 -7 -8 15 13 18 -6 16 17 -5 -1 36 -18 -15 30 24 -14 -4 -17 29 -25 -27 31 -3 -33 -28 -2 -32 -13
right_child=34 2 25 11 5 6 10 8 -10 -11 -12 19 23 21 -16 26 20 -19 -20 -21 -22 -23 -24 28 -26 27 33 -29 -30 -31 35 32 -34 -35 -36 -37 -38
leaf_value=0.14168120926130687 -0.065162075565578917 0.22788586078009054 -0.052501164545503534 0.30173818084824056 0.13349241333574099 0.1106796338010535 -0.024341741765793859 0.27123946439372093 0.14037479317225818 -0.075677837495575523 0.12507587591603689 -0.052789764411432752 0.081155910536958864 0.4392373601335548 0.098077279299086717 0.44212451258667945 0.1936518980297991 0.071732312454993494 -0.012576280906462343 0.11763708735232661 0.097285434292437564 -0.055245374529065305 -0.05243244355800341 -0.074440706693156541 0.12244786357363693 0.14649313127037478 0.23617748960746968 -0.051676226720994145 0.084329709351402091 0.34846741394261471 0.23807739923587615 -0.052631038716912493 0.19278046766428769 0.14163456804444471 -0.050024087116091367 0.1976448490923077 -0.06442646563425318
leaf_weight=135.96256138756871 136.35420111101121 12.411738645285366 397.75688270293176 116.03435264807194 11032.699184289202 8048.9653709232807 976.47155100759119 603.75294069480151 907.94944276846945 150.27688768692315 295.40661743748933 224.38957136590034 6285.1336095994338 37.797822039574385 4091.1929471464828 37.390874274075031 301.20643775910139 6587.158550879918 936.51219832897186 130.95765071734786 54289.360203240998 13.748714487999676 43.268249825574458 98.993708628229797 1581.9383640177548 17.996600484475493 37.779762855730951 23.185289037413895 19.24770475924015 17.961073689162731 63.137902978807688 12.191159548237922 14.224328473210333 54.856256686151028 112.14226744044572 72.010648833587766 92.569578940980136
leaf_count=1503 1186 4 11653 675 57736 7072 20410 2000 2050 1228 282 8860 59447 37 20477 16 753 34064 21705 11 78823 178 1033 839 6903 126 33 475 2 21 51 145 22 106 11471 60 2571
internal_value=0.0986194 0.0990197 0.0294546 0.0995023 0.107357 0.117157 0.0942549 0.130189 0.192788 0.107255 0.0104291 0.0950297 0.079261 0.0211874 0.12392 0.0957619 0.0954094 0.0757589 0.00708876 -0.00535401 0.0978208 0.30871 0.149745 0.0874312 0.0894742 -0.0279315 0.259898 0.135351 -0.0480632 0.254215 0.200068 0.133 0.0815484 0.182356 -0.0585785 0.218181 -0.056396
internal_weight=98010.4 97761.9 674.144 97087.8 35216 26106.7 9471.12 16635.6 1511.7 8199.24 1271.88 61871.7 9109.33 1124.02 15123.9 61423.8 61293.8 6703.19 1072.47 447.917 54590.6 51.5465 217.244 7985.31 7867.07 456.9 130.027 59.143 118.241 35.9577 173.976 38.8272 26.4155 92.636 248.496 135.149 316.959
internal_count=354028 341371 13590 327781 201869 111255 28992 82263 4050 8300 20692 125912 90614 23423 78213 114470 114315 34739 23208 11442 79576 215 1315 67191 66350 12275 155 622 841 147 282 171 167 139 12657 111 11431
is_linear=0
shrinkage=0.05


Tree=7
num_leaves=50
num_cat=0
split_feature=25 30 40 26 38 26 38 40 40 31 38 29 31 26 38 26 26 40 25 1 25 40 25 25 25 1 38 38 19 30 38 29 19 40 30 30 40 33 24 29 29 28 30 28 19 29 19 30 5
split_gain=2124.29 1601.76 1628.66 1423.45 1947.36 2335.33 1699.44 1448.95 1200.31 1178.28 1549.17 1376.58 2726.81 1818.08 2146.42 3652.38 2503.15 1615.37 1748.36 1540.65 1142.46 1311.85 1088.35 879.498 859.028 850.181 2434 832.488 822.624 780.53 776.819 739.168 717.283 687.281 1474.58 1146.47 682.476 645.485 547.927 456.442 429.139 395.21 369.54 179.568 151.403 30.5301 37.9899 13.3456 3.24002
threshold=441.50000000000006 284.02171325683599 0.51333278417587291 12.500000000000002 0.0059185069985687741 49.500000000000007 0.0079882843419909495 0.22499375045299533 0.43522483110427862 2.5333893299102788 0.00039043436117935931 1.7999998331069949 1.3028826117515566 7.5000000000000009 0.00039043436117935931 26.500000000000004 18.500000000000004 0.38596881926059728 8.5000000000000018 170.29499816894534 7.5000000000000009 0.24600780755281451 3.5000000000000004 8.5000000000000018 1.0000000180025095e-35 2.4819999933242802 0.0063188527710735807 0.0060798674821853646 602.81912231445324 387.35427856445318 0.019110715016722683 2.7999998331069951 337.82666015625006 0.28665910661220556 58.491432189941413 0.79565471410751354 0.62427362799644481 1.7982327342033388 8.0149998664855975 1.9999998807907107 1.3999999761581423 11.500000000000002 689.14160156250011 53.500000000000007 170.89849853515628 1.1949999332427981 6.8759264945983896 36.58861160278321 294.50000000000006
decision_type=2 2 2 2 2 2 2 2 2 2 2 2 2 2 2 2 2 2 2 2 2 2 2 2 2 2 2 2 2 2 2 2 2 2 2 2 2 2 2 2 2 2 2 2 2 2 2 2 2
left_child=1 9 3 6 5 7 25 -5 -7 11 36 13 17 33 15 -15 -16 18 -13 -19 21 -6 -14 27 29 26 -3 28 32 -8 43 -27 -4 34 -1 -35 45 -12 -22 -30 -26 44 -32 -29 -39 47 -47 -11 -2
right_child=48 2 23 4 20 8 24 -9 -10 10 37 12 22 14 16 -17 -18 19 -20 -21 38 -23 -24 -25 40 31 -28 30 39 -31 42 -33 -34 35 -36 -37 -38 41 -40 -41 -42 -43 -44 -45 -46 46 -48 -49 -50
leaf_value=0.077299466252985366 -0.064204503697834397 0.043686830327992941 -0.056506548045617513 0.12627749073073613 0.097691252980886822 0.022195568466060373 0.057640234782630688 0.22072722705424896 0.22641163837454964 0.15662196102820516 -0.052365352754228982 0.075312668686747089 0.31585035257459837 0.085248346686652265 0.12391341470047319 0.18393138312478294 0.072534629823643587 0.091005858889703931 -0.027614963015609909 0.13308507481362949 -0.043488750825243193 -0.039777509900247386 -0.056627482178749425 -0.055576192618318178 0.039063729460819235 0.026216422306002674 0.53266884357675903 -0.048687890579596813 0.012526224510895684 0.16115277006565984 0.043301745145167866 0.33339881229658458 0.15893563485806317 0.12173804361934777 0.14266345859162366 0.061119309767978004 -0.052203073871892082 0.30150785950770448 0.3326186937239719 0.092460437719369917 0.11611816452983892 -0.051666939763280011 0.21245131906744985 0.10455126110951241 0.10657585523478162 0.18924931259762889 0.082459313624986263 0.19871760620490123 -0.049974839621445222
leaf_weight=2235.5045347455889 131.60382553189993 115.41772340610623 43.493406856432557 2065.1407003849745 1088.4389039054513 664.42628850135952 252.9544684085995 508.29268256388605 79.750478007830679 67.184231035411358 378.57997566275299 1556.9960681796074 19.652509798295796 1508.993198428303 5898.1779088657349 2489.119151246734 3974.6456901878119 61786.318644877523 560.508370436728 2259.3704711413011 297.89287273213267 205.80394848249853 391.08673435728997 248.76372419856489 588.77362040430307 2444.3802434317768 31.73672816157341 392.07992644794285 502.89677244797349 665.40097762271762 142.98312956467271 18.753568040207028 313.78183024004102 985.13067627325654 1411.001469431445 3769.0170038612559 41.338607518933713 20.435051115229726 9.0129265561699849 276.42097917757928 261.11108326166868 22.259612205438316 41.060716189444065 19.155444428324699 22.014115953817964 14.288864623755215 25.946715991012752 86.439089737832546 106.77648178860545
leaf_count=29292 1186 2086 536 13153 6628 6758 1349 2140 351 71 11618 7621 41 6750 16289 6131 24174 76496 5186 4207 5377 2021 7003 5247 5889 36937 99 4336 6558 5401 905 30 1950 3307 6315 23788 1033 30 43 1767 1601 475 54 3 114 5 163 43 11471
internal_value=0.0907872 0.0911399 0.0733616 0.082132 0.100599 0.122458 0.061367 0.145013 0.0443618 0.0933787 0.0276783 0.09388 0.090274 0.104654 0.115781 0.146718 0.103239 0.0910714 0.0480649 0.0924924 0.0552567 0.075814 -0.0380697 0.0321689 0.0992064 0.0357041 0.152063 0.0448001 0.0698697 0.13274 -0.00309483 0.0286916 0.13261 0.0862696 0.102625 0.0737044 0.131119 -0.0273651 -0.0313829 0.0409671 0.0628518 0.117394 0.0820107 -0.0413015 0.205311 0.170304 0.124175 0.181472 -0.058087
internal_weight=101040 100802 11277.9 9297.29 4918.76 3317.61 4378.53 2573.43 744.177 89524 678.486 88845.5 66573.9 22271.6 13870.9 3998.11 9872.82 66163.2 2117.5 64045.7 1601.15 1294.24 410.739 1980.64 1768.24 2610.29 147.154 1731.87 1136.59 918.355 595.279 2463.13 357.275 8400.65 3646.51 4754.15 235.198 443.289 306.906 779.318 849.885 64.7088 184.044 411.235 42.4492 193.859 40.2356 153.623 238.38
internal_count=354028 341371 111219 89863 36471 22402 53392 15293 7109 230152 13552 216600 100554 116046 53344 12881 40463 93510 12807 80703 14069 8649 7044 21356 14240 39152 2185 16109 10811 6750 5298 36967 2486 62702 35607 27095 1315 12237 5420 8325 7490 619 959 4339 144 282 168 114 12657
is_linear=0
shrinkage=0.05


Tree=8
num_leaves=49
num_cat=0
split_feature=30 26 26 40 26 38 38 40 26 34 29 29 0 37 29 29 0 1 15 35 26 1 38 38 26 30 30 29 29 26 29 40 40 37 1 0 40 0 1 40 0 30 37 35 37 37 5 5
split_gain=1729.23 1717.55 1358.59 1080.93 1356.09 1549 1331.79 1260.63 1390.42 1210.19 999.097 890.239 823.45 771.303 711.661 900.605 875.426 757.611 690.199 651.388 2369.75 816.441 720.489 3307.63 1336.12 637.664 756.628 629.318 945.33 594.865 498.581 499.717 439.882 665.078 332.537 798.528 386.711 297.716 269.962 244.597 212.039 148.411 136.052 494.483 12.6345 2.95754 1.04504 0.8352
threshold=284.02171325683599 982.50000000000011 87.500000000000014 0.51333278417587291 12.500000000000002 0.0059185069985687741 0.0079882843419909495 0.36887884140014654 48.500000000000007 55.484470367431648 1.8049999475479128 1.1999999284744265 5.5199999809265146 -7.4991667270660392 0.10000026226043703 0.095000028610229506 4.1949999332427987 58.004499435424812 87.500000000000014 0.30844394862651831 462.50000000000006 20.865000724792484 0.00039043436117935931 0.0021661433856934313 26.500000000000004 703.95495605468761 379.83508300781256 1.6999999284744265 1.3999999761581423 25.500000000000004 3.2000001668930058 0.30011640489101415 19.973292350769047 0.014702664222568275 96.009998321533217 4.6949999332427987 1.8180215358734133 5.2049999237060556 33.845001220703132 0.34150503575801855 4.4949998855590829 69.945705413818374 3.455338835716248 0.32024028897285467 0.010736179538071157 -0.029350836761295792 294.50000000000006 294.50000000000006
decision_type=2 2 2 2 2 2 2 2 2 2 2 2 2 2 2 2 2 2 2 2 2 2 2 2 2 2 2 2 2 2 2 2 2 2 2 2 2 2 2 2 2 2 2 2 2 2 2 2
left_child=1 18 3 4 6 7 9 8 -6 12 29 -9 -2 -11 15 34 -17 25 19 20 22 32 24 -24 -1 26 -16 28 -8 -7 31 -23 39 -34 36 -36 -5 -29 -27 -21 -12 -32 -19 -44 47 -20 -3 -22
right_child=2 46 -4 14 5 10 27 11 -10 13 40 -13 -14 -15 17 16 -18 42 45 21 44 30 23 -25 -26 38 -28 37 -30 -31 41 -33 33 -35 35 -37 -38 -39 -40 -41 -42 -43 43 -45 -46 -47 -48 -49
leaf_value=0.079937860834988217 0.023702587968780737 -0.061234561910992982 -0.053788251839935478 -0.014331686860517263 0.11770030285236328 0.088441334623909545 0.078710918483347325 0.29222934690651975 0.033267387415080306 0.52369381481926158 -0.057344437173205545 0.13330823006150483 0.19108946275984531 0.097375843875212947 0.073369914210031098 0.59550219188827702 -0.046199231104787915 -0.057194455068175623 -0.075737834303342383 -0.056592656179765111 -0.064080640672524669 -0.003315521375257471 0.015423872393624355 0.085308056155036227 0.10722069925890887 0.079548440612035906 -0.0014942558184683056 -0.059656638580187653 0.17766010839936686 0.014223993003876022 0.10147935248580764 0.13324428371157385 -0.083491459326773584 0.086573930759767603 0.059669389716361113 0.52511043561663018 0.18859333190884447 0.17093463960263308 0.29948524423834372 0.084172413076110994 0.10037957178562505 0.059770930522957393 -0.055363818191604547 0.36122762784243934 -0.09159528284448748 -0.050769516713757047 -0.050378719162799172 -0.050308092200915137
leaf_weight=8306.9795822659507 2571.6176701262593 93.416664829477668 231.01314348820597 88.709130370989442 2518.2778460979462 1020.8641354180872 1498.5137206036597 151.40242543444037 606.05329894647002 18.932869255542755 215.24705672543496 217.41787134669721 74.675731278955936 23.986856080591679 622.57789679430425 16.78411118499935 7.365932496264576 281.96200447250158 36.74869139585644 30.575046092271805 158.65401204675436 69.09082936309278 1741.2310208063573 62194.517212751787 9820.8195214550942 26.529798064380884 735.3046064581722 97.124830109998584 288.12902050092816 367.76042229495943 4085.2261305740103 2085.0091628124937 103.66258214041591 126.54632813669741 31.293506933376193 12.267945952713488 30.850417208857834 15.338269740343092 31.089527957141399 2375.68484432064 22.70402018725872 230.97988026496023 29.55283541418612 8.3021394927054626 49.812388859689236 38.594111977145076 118.85873956140131 42.28779068775475
leaf_count=48103 38812 1050 7332 1248 14235 5873 12089 138 4498 14 2309 1006 147 179 4215 52 135 3419 402 338 1815 576 26638 117099 17027 169 7823 956 1190 4129 889 3996 744 68 267 36 468 5 39 6200 66 467 350 20 206 2433 12407 2351
internal_value=0.0840666 0.0863914 0.0660858 0.0684717 0.0752563 0.092954 0.0554917 0.111725 0.10134 0.0328321 0.0525961 0.199173 0.0284984 0.29319 0.0341891 0.126542 0.405525 0.0241527 0.0867211 0.086846 0.0854375 0.0995658 0.0859066 0.0834052 0.0947238 0.0398566 0.0328554 0.0875418 0.0947615 0.0688137 0.109136 0.128862 0.0760438 0.00994233 0.0829886 0.199703 0.0391184 -0.0269341 0.201389 0.0823589 -0.0419172 0.0992629 -0.0452445 0.0428174 -0.0678147 -0.0638459 -0.0554442 -0.0614705
internal_weight=103570 91708.7 11861.6 11630.6 9708.05 5119.73 4588.32 3493.15 3124.33 2689.21 1626.58 368.82 2646.29 42.9197 1922.59 187.271 24.15 1735.32 91496.4 91421.1 82314.3 9106.77 82063.5 63935.7 18127.8 1415.5 1357.88 1899.11 1786.64 1388.62 6470.31 2154.1 2636.47 230.209 163.121 43.5615 119.56 112.463 57.6193 2406.26 237.951 4316.21 319.817 37.855 250.754 75.3428 212.275 200.942
internal_count=354028 242809 111219 103887 85646 32254 53392 19877 18733 39152 12377 1144 38959 193 18241 2206 187 16035 229352 226517 213239 13278 208867 143737 65130 12246 12038 14240 13279 10002 5928 4572 7350 812 2019 303 1716 961 208 6538 2375 1356 3789 370 4372 2835 13457 4166
is_linear=0
shrinkage=0.05


Tree=9
num_leaves=51
num_cat=0
split_feature=28 20 0 26 5 31 38 26 21 33 12 37 26 38 5 14 38 38 31 38 31 30 11 33 18 0 38 16 37 38 34 38 38 30 21 0 26 28 37 28 26 23 31 0 37 34 7 5 5 28
split_gain=2226.14 2444.11 1305.98 1122.32 1198.4 1058.8 1183.77 930.997 997.812 1426.49 825.001 839.931 1178.74 982.309 798.783 785.673 760.452 1804.53 1698.99 1649.57 1470.04 995.052 719.45 560.19 447.851 392.256 361.915 332.843 321.589 303.079 287.041 237.965 292.885 236.847 182.443 136.247 92.7561 91.783 126.202 81.6886 164.135 78.2519 77.1984 51.7542 38.8175 29.784 9.98532 3.70515 2.40959 0.593407
threshold=4.5000000000000009 0.83939653635025036 4.805000066757203 127.50000000000001 57.500000000000007 2.5333893299102788 0.00039043436117935931 77.500000000000014 2.7265237569808964 1.2483016252517702 1.6983716487884524 -0.029350836761295792 48.500000000000007 0.0068512707948684701 36.500000000000007 9.5000000000000018 0.00039043436117935931 0.0022429910022765402 0.91129499673843395 0.0027281407965347175 1.6194058060646059 103.77929306030275 3.5000000000000004 1.7982327342033388 0.0089513887651264685 6.3500001430511483 1.0000000180025095e-35 0.30780786275863653 0.10880785062909128 0.0021661433856934313 -4.7765469551086417 0.021474451757967476 0.017430920153856281 35.012645721435554 0.65421512722969066 5.6199998855590829 2.5000000000000004 27.500000000000004 -0.13973226398229596 33.500000000000007 32.500000000000007 190.3188171386719 3.6034734249114995 7.2500000000000009 -0.0047952984459698192 2.7379033565521245 5.7099997997283944 294.50000000000006 294.50000000000006 32.500000000000007
decision_type=2 2 2 2 2 2 2 2 2 2 2 2 2 2 2 2 2 2 2 2 2 2 2 2 2 2 2 2 2 2 2 2 2 2 2 2 2 2 2 2 2 2 2 2 2 2 2 2 2 2
left_child=2 5 3 4 10 15 26 8 9 -6 11 13 -13 -1 34 16 20 18 -18 -19 21 -2 24 -8 -4 31 -7 -12 -25 41 -22 32 -26 43 -3 -33 -35 45 -39 40 -36 -9 -30 -27 -10 -28 -29 49 -16 -17
right_child=1 14 22 -5 7 6 23 29 44 -11 27 12 -14 -15 48 47 17 19 -20 -21 30 -23 -24 28 25 33 37 46 42 -31 -32 35 -34 36 39 -37 -38 38 -40 -41 -42 -43 -44 -45 -46 -47 -48 -49 -50 -51
leaf_value=0.087231760378052928 0.087283655490944578 -0.057461324919582404 0.24284165086976658 -0.053412289193832618 0.16946699338382898 -0.051987559833357025 -0.052310121659530251 0.12966323188709894 0.17650974429321631 0.67337739076459824 0.08520713555445926 0.058970011970627761 0.0011218453347443993 0.051793571981118808 -0.060836254347546852 -0.046102762053237288 0.067039146100118505 0.13146356404730139 -0.048731376730711956 0.081876979319988816 0.06960739425256883 0.13796751602815724 0.27460274734273127 -0.052621168139269717 0.081227623647445027 0.074686789507613857 0.099834538921657473 -0.06088792384845413 0.098696554140211445 -0.053607711628405823 0.19143480680112468 -0.063576333959068684 0.15278771181979747 0.12632988222864686 0.096621978204037881 0.059347078066363461 0.19371191864919235 0.1376517285003635 -0.051736588149087742 0.097686501428059125 -0.058401877846041506 0.086589973680963758 0.23227623581341869 0.12258457919316319 0.10995349646312602 0.15173899878320493 -0.089314494592514504 -0.048553636006418315 -0.050715659072513256 -0.081479584602876742
leaf_weight=5646.2873043231666 10418.754699923564 28.736116125248373 49.212471691891551 206.4776866864413 32.056342488154769 31.29738400131464 370.64702293276787 198.55955938063562 46.308784780092537 25.405713520944118 41.290741648525 14399.45607381966 938.18276451993734 3002.0466814991087 250.92330915853381 6.5834589861333361 876.56344541814178 1726.8632916249335 495.11332988366485 61103.998183507472 55.861777343787253 1071.0444074170664 55.687675837427378 22.912834355607629 2107.1118166018277 131.42535591311753 45.014495110139251 94.344373051077127 22.969719706103206 31.312003795057535 459.29333336651325 40.850841160863638 154.25379693135619 93.604053858667612 38.48793707229197 47.853806167840958 146.52051334455609 17.620891753584146 15.857898316346107 136.41046780440956 29.156856996007264 254.386245271191 25.285663133487105 111.8023853302002 59.921315980143845 153.47438309714198 63.027037674561143 22.249981069937348 154.51838132645935 52.117007309570909
leaf_count=32884 11554 376 32 7686 124 747 11649 235 53 35 41 128185 10235 19199 5074 262 7493 2449 8397 71757 241 3136 38 441 8792 95 129 1398 136 995 645 319 385 66 9 56 61 18 334 28 402 214 45 19 81 87 679 2036 14271 405
internal_value=0.0782718 0.0826317 0.0661714 0.062465 0.0634308 0.0834394 0.022402 0.130533 0.233447 0.400054 0.0616275 0.0624683 0.0554321 0.0749383 -0.0147828 0.0840032 0.0841688 0.0820033 0.0252425 0.083242 0.0957417 0.0920203 0.0977224 -0.0276028 0.0942096 0.0915416 0.106127 -0.039669 0.0999462 0.0953251 0.178394 0.0830266 0.0861765 0.132674 0.0588715 0.00260419 0.168099 0.127613 0.0489004 0.0754788 0.029852 0.105727 0.172088 0.0971358 0.140389 0.140552 -0.0727964 -0.0709751 -0.0571258 -0.0784344
internal_weight=105609 77631.8 27977.4 25039.1 24832.6 76993.5 705.08 647.95 163.692 57.4621 24184.6 23986 15337.6 8648.33 638.233 76288.4 76207.5 64202.5 1371.68 62830.9 12005 11489.8 2938.32 441.815 2882.64 2833.42 263.265 198.662 71.1682 484.258 515.155 2350.07 2261.37 483.352 232.791 88.7046 240.125 231.968 33.4788 204.055 67.6448 452.946 48.2554 243.228 106.23 198.489 157.371 80.9504 405.442 58.7005
internal_count=354028 142121 211907 202044 194358 121961 13586 1737 293 159 192621 190503 138420 52083 20160 108375 105672 90096 15890 74206 15576 14690 9863 12271 9825 9793 1315 2118 622 1444 886 9552 9177 241 815 375 127 568 352 439 411 449 181 114 134 216 2077 2703 19345 667
is_linear=0
shrinkage=0.05


Tree=10
num_leaves=55
num_cat=0
split_feature=30 25 26 27 27 25 1 28 26 39 10 27 26 27 18 27 27 26 26 27 39 29 29 29 26 1 28 39 35 40 1 29 10 22 35 31 28 39 22 16 37 1 29 14 10 21 40 22 40 7 31 5 7 39
split_gain=1829.27 1638.81 1115.39 938.981 4613.49 2249.24 984.769 919.894 1509.98 1064.98 846.195 835.823 733.663 1185.28 1092.45 902.128 983.496 1080.31 836.258 846.581 790.136 737.211 736.43 1582.59 1701.97 1047.61 849.613 771.379 651.013 625.313 619.28 592.509 517.801 494.592 461.517 460.351 1150.66 391.572 473.203 366.9 336.677 233.735 216.8 362.487 201.68 169.873 125.799 48.0449 33.3556 27.3609 5.06177 2.60252 2.16273 1.69126
threshold=284.02171325683599 441.50000000000006 87.500000000000014 7.4500000476837167 6.9500000476837167 14.500000000000002 42.004999160766609 79.500000000000014 367.50000000000006 0.019420517608523372 2.6999999284744267 5.8500001430511483 12.500000000000002 3.0649999380111699 24.983900070190433 3.304999947547913 3.4050000905990605 4.5000000000000009 5.5000000000000009 4.2449998855590829 0.0029229087522253398 0.50000011920928966 1.300000071525574 1.0950000286102297 36.500000000000007 12.501500129699709 2.5000000000000004 1.0000000180025095e-35 -0.18623790889978406 5.0921666622161874 1.0013224482536318 3.6000000238418584 3.1999999284744267 17.998944282531742 -0.26389209926128382 0.92761957645416271 31.500000000000004 0.020203810185194019 17.313173294067386 0.99965035915374767 -15.665682315826414 10.321499824523928 5.3499999046325692 1.5000000000000002 2.6725000143051152 4453939.7500000009 8.5114936828613299 17.037085533142093 2.824170827865601 5.2650001049041757 1.1135744452476504 294.50000000000006 5.2650001049041757 0.050728721544146545
decision_type=2 2 2 2 2 2 2 2 2 2 2 2 2 2 2 2 2 2 2 2 2 2 2 2 2 2 2 2 2 2 2 2 2 2 2 2 2 2 2 2 2 2 2 2 2 2 2 2 2 2 2 2 2 2
left_child=1 3 12 4 7 29 49 8 10 52 -1 -11 15 14 44 32 17 -17 19 -18 -19 39 23 25 -25 -15 28 -28 -24 33 -20 -8 40 -6 -34 37 -37 38 46 -16 -2 -42 43 -39 -14 -36 -5 -44 -40 -7 -38 -3 -9 -10
right_child=2 51 -4 35 5 6 31 9 53 11 -12 -13 13 22 21 16 18 20 30 -21 -22 -23 26 24 -26 -27 27 -29 -30 -31 -32 -33 34 -35 45 36 50 42 48 -41 41 -43 47 -45 -46 -47 -48 -49 -50 -51 -52 -53 -54 -55
leaf_value=0.082907443935897773 0.2408774982244366 -0.0636347054289437 -0.054077020321927932 0.14008142111798605 0.07830047541946239 -0.079628677535647549 0.075389042912129944 -0.058341690745989244 -0.056403243548274806 0.14037427450776682 0.069962410284589757 0.088134810552356835 0.15061304890928184 0.078502125570438314 -0.054215004319238362 -0.053423385073123719 0.098757469729775837 0.23470604551219143 0.17551817161278602 0.040710436505179526 0.081412470883583457 0.38416787026672838 -0.044640014468273807 0.14028305673140115 0.012270332828837421 0.0041539653217669359 0.16231487893663468 0.058415187414191098 0.03809389639534852 -0.087764979966643952 0.019715534019296349 -0.083338874318516679 0.59640066483866638 -0.055252719424750719 -0.049588860983499017 0.11678849017847158 -0.080364715002402942 0.080894579310790693 0.10113986725834188 0.31381309106180816 -0.043261703718721498 0.011436816845887736 0.094775971523295588 0.033723419024090165 0.073186290405876916 0.21044655974710494 0.1045689700555827 0.086929667638187019 0.080726821175224783 -0.10127140845742318 -0.0565583548063468 -0.049835392714035302 -0.083001690889916074 -0.075664748465888387
leaf_weight=19021.694897900335 12.102414537221192 130.74499771557748 222.05056751752272 764.18888065218925 719.76917649805546 305.27580022346228 175.85031424462795 89.677064103074372 188.34233147744089 856.04511437285691 37862.92565369606 7507.6204293677583 150.4249854311347 1199.2699188981205 18.497510857880116 67.928612245246768 1135.4030942842364 183.01354838721454 64.796053670346737 1410.9666418842971 157.91879003122449 68.579815797507763 277.08504209946841 1334.8883649315685 322.65044307522476 783.26406898163259 234.33181739971042 753.08097846899182 1642.1651568654925 71.737075570970774 2116.8488088231534 87.098518319427967 4.9753543119877603 75.949449621140957 10.52639102935791 163.4701582044363 105.78394446242601 12703.468192002736 270.55463080108166 9.46204472333193 372.81914424709976 408.07937963679433 2859.6408047769219 423.15950551629066 199.02324024960399 13.412778342142701 400.58338806033134 7815.7455108035356 1140.3466649651527 360.60818962007761 46.939502727240324 93.110734288115054 19.145619394257665 24.28711767308414
leaf_count=93169 84 1208 7350 102 355 1974 112 1875 6849 339 113123 2026 55 5167 192 1209 12324 1035 292 11952 819 27 3082 5930 3473 6314 491 4208 12502 325 17365 634 38 263 213 11 519 3194 42 8 9612 7540 281 816 60 55 176 626 232 1853 757 11550 245 477
internal_value=0.0743042 0.0767437 0.0568398 0.0770655 0.0739154 -0.00513397 -0.0591755 0.0760811 0.0737952 0.0914748 0.0742926 0.0934984 0.0587458 0.0697376 0.148577 0.0458364 0.053617 0.127957 0.0471616 0.0666237 0.164161 0.296869 0.0643442 0.0793366 0.11539 0.0491479 0.0455464 0.0832169 0.0261298 0.0527271 0.0244235 0.0226769 -0.0027915 0.0654935 0.201415 0.0850119 0.0249223 0.0857311 0.10432 0.0766955 -0.0104879 -0.0146931 0.083715 0.079377 0.106865 0.0985012 0.127973 0.0890406 0.0847136 -0.091491 -0.0734959 -0.0581644 -0.063442 -0.0589706
internal_weight=107457 94283.8 13173.6 94059.9 67366 1796.29 928.833 65569.7 57097.3 8472.49 56884.6 8363.67 12951.5 6992.72 445.988 5958.79 5136.88 408.861 4728.01 2546.37 340.932 96.5394 6546.74 3640.07 1657.54 1982.53 2906.66 987.413 1919.25 867.456 2181.64 262.949 821.915 795.719 28.9145 26693.9 316.194 26377.7 2575.67 27.9596 793.001 780.899 23802 13126.6 349.448 23.9392 1164.77 10675.4 1410.9 665.884 152.723 223.856 108.823 212.629
internal_count=354530 243133 111397 230375 223619 5516 4573 218103 213618 4485 206292 2365 104047 41509 342 62538 44996 3063 41933 24276 1854 227 41167 20884 9403 11481 20283 4699 15584 943 17657 746 17542 618 306 6756 1287 5469 552 200 17236 17152 4917 4010 115 268 278 907 274 3827 1276 12758 2120 7326
is_linear=0
shrinkage=0.05


Tree=11
num_leaves=59
num_cat=0
split_feature=27 27 25 31 26 20 1 5 32 0 32 26 39 0 31 27 16 39 39 5 27 39 34 31 26 25 39 22 34 39 8 7 36 32 27 25 26 36 26 27 1 39 32 22 5 20 18 7 39 26 31 7 5 39 31 5 39 20
split_gain=1843.48 3765.02 2134.23 1323 2178.62 2080.97 2005.12 1888.55 1233.64 1145.82 1031.19 1019.05 4307.01 1055.82 700.729 858.809 1367.23 720.823 670.714 594.314 683.165 534.01 416.315 372.545 752.598 317.138 309.448 350.934 277.04 224.221 177.137 178.859 165.921 149.908 144.889 563.074 711.355 349.285 137.497 65.701 90.1643 57.8434 758.499 34.4293 24.5063 23.5812 18.2233 9.46094 7.69347 7.20705 5.79023 3.87671 3.56309 3.68812 3.08387 2.30961 1.30835 0.069445
threshold=7.4500000476837167 6.9500000476837167 14.500000000000002 1.0000000180025095e-35 127.50000000000001 0.77147397398948681 80.005001068115249 8.5000000000000018 0.019874658435583118 2.7050000429153447 0.069632850587368025 36.500000000000007 0.020621429197490219 6.0499999523162851 2.6520299911499028 4.680000066757203 0.28063011169433599 0.020837210118770603 0.021056207828223709 5.5000000000000009 4.2950000762939462 0.020203810185194019 15.886011600494387 0.89854064583778392 102.50000000000001 42.500000000000007 0.020203810185194019 17.313173294067386 3.4167864322662358 0.021283458918333057 5.6250000000000009 7.3500001430511483 8.7789735794067401 -0.34398342669010157 8.1500000953674334 169.50000000000003 186.50000000000003 0.00090244293096475314 43.500000000000007 7.8500001430511483 557.22750854492199 0.041779093444347389 -0.15037316083908078 17.037085533142093 3.5000000000000004 0.26974818110466009 1.8696430921554568 5.2650001049041757 0.019614048302173618 462.50000000000006 0.59053611755371105 5.2650001049041757 108.50000000000001 0.015565120149403812 1.0099874734878542 294.50000000000006 0.020621429197490219 0.23224304616451266
decision_type=2 2 2 2 2 2 2 2 2 2 2 2 2 2 2 2 2 2 2 2 2 2 2 2 2 2 2 2 2 2 2 2 2 2 2 2 2 2 2 2 2 2 2 2 2 2 2 2 2 2 2 2 2 2 2 2 2 2
left_child=1 3 21 4 6 14 11 9 23 -8 45 13 -13 -1 15 16 -5 -17 -12 20 -16 51 -9 26 -25 -10 27 39 -21 -23 38 -32 54 -7 35 37 -37 -28 -31 46 -41 42 -36 -43 -29 47 -2 48 -4 57 -46 -3 53 -47 -26 56 -35 -27
right_child=8 2 10 5 -6 33 7 22 25 -11 18 12 -14 -15 19 17 -18 -19 -20 28 -22 29 -24 24 32 49 34 44 -30 30 31 -33 -34 55 41 36 -38 -39 -40 40 -42 43 -44 -45 50 52 -48 -49 -50 -51 -52 -53 -54 -55 -56 -57 -58 -59
leaf_value=0.062103485254155683 0.13424299144420881 -0.065004179536966744 -0.058545684753023491 0.12875122917350973 -0.055486904255251213 0.083668892676609471 0.10438083818938033 -0.059212731416829846 0.050900815116833399 0.041236979487722342 0.093567877318414927 0.1005700894928353 -0.00083695511677762925 0.12594294098449535 0.17471517725578853 0.062962893198411696 0.033612402323668404 0.079467275517074956 -0.088411585561612951 -0.052673302131751192 -0.01244517067657276 0.094198135227523905 0.091109533955511704 0.095898498775268626 -0.08074695730956595 -0.10379053225062639 0.081713174027855232 0.09607268094484267 0.029664876030148491 0.065794100178497572 -0.10053218246063414 0.081122430971498891 0.080071127935335204 -0.057522760076555074 -0.092221488911285343 0.068001972820033715 -0.11010504202193501 0.05420423493050313 -0.0052691205239683014 0.069755167784073632 0.12287484936315658 0.090443088776253192 0.091956563903213828 0.083804945036222572 0.080845797723803639 -0.057611952234908351 0.11693693862839619 -0.099168829480659124 -0.088096060639764065 -0.064508112281873267 0.070756809377128957 -0.095650521941775812 -0.058996655299887894 -0.081037740958132209 -0.061006046475206382 -0.050720002605763842 -0.071877364579977496 -0.07958260761732909
leaf_weight=27526.08467269782 481.61480742692947 37.242469608783722 38.755634687840939 1677.1693490073085 391.87537960521877 19.129467544145882 796.59179407544434 526.87951808236539 71.897093906998634 7309.0421843221411 156.29949089512229 6462.3476961748675 1249.365158517845 663.4799706954509 111.16086811386049 9292.3268662313931 488.59577419888228 23241.919550408609 73.725032595917583 206.46329819876701 85.946306436322629 328.48316450417042 49.550500929355621 195.71624279767275 63.405761950649321 23.341434612870216 9596.0214778836817 271.79617729783058 200.28395229950547 343.83260893821716 39.463820124045014 19.454642429947853 20.150431364774704 133.46537546161562 63.780278148129582 146.51063175499439 89.42888174392283 1322.4563982393593 84.473558563739061 149.42509937286377 187.92020820081234 2807.1297603584826 412.92007802426815 8961.364311164245 818.54944790899754 34.859382342547178 370.8370033800602 305.89674437977374 131.30611644685268 89.434868883341551 281.58864925801754 32.959401067346334 60.693124601151794 148.68218667246401 72.581091275438666 132.27820598892868 50.686667059082538 40.879669971764088
leaf_count=161400 49 221 301 5344 12248 15 5031 5178 66 42389 29 22981 11002 413 522 25284 2955 16166 427 6448 1519 30 249 83 308 96 1402 48 3347 187 170 3 6 2957 322 68 394 1076 191 101 14 282 39 734 88 392 90 1257 541 1239 119 153 2400 782 797 13537 788 252
internal_value=0.0695628 0.0658706 -0.00492079 0.0674831 0.0617758 0.0746833 0.0628079 0.0412355 0.0810306 0.0474553 -0.0569445 0.0680233 0.0841426 0.0636106 0.0758615 0.076791 0.107316 0.0747556 0.0350899 0.0224061 0.09343 0.050875 -0.0461468 0.0820289 0.0307886 -0.0352569 0.0827219 0.0992949 -0.0121441 0.0622814 0.0406042 -0.0401143 -0.0508849 -0.0491163 0.0809032 0.0767358 0.000292641 0.078387 0.0517872 0.11924 0.0996363 0.0846924 0.0671625 0.0853963 0.0819198 -0.0863545 0.126866 -0.0931481 -0.0817726 -0.0756717 0.0783346 -0.080604 -0.0727692 -0.076952 -0.0707693 -0.0573978 -0.0618676 -0.0899142
internal_weight=108990 82450.8 1836.13 80614.6 44975.2 35639.4 44583.3 8682.06 26538.7 8105.63 950.218 35901.3 7711.71 28189.6 35303.9 34700 2165.77 32534.2 230.025 603.854 197.107 885.91 576.43 26313.2 351.854 225.553 25961.3 2561.73 406.747 815.708 487.225 58.9185 156.137 335.56 23399.6 11154.4 235.94 10918.5 428.306 1189.8 337.345 12245.2 476.7 11768.5 1371.93 720.193 852.452 475.958 170.062 153.656 1100.14 70.2019 244.235 183.542 135.987 316.43 184.152 64.2211
internal_count=354530 346857 7084 339773 260891 78882 248643 52847 7673 47420 6129 195796 33983 161813 61585 49749 8299 41450 456 11836 2041 955 5427 6020 1194 1653 4826 509 9795 581 551 173 1111 17297 4317 2940 462 2478 378 254 115 1377 361 1016 255 5673 139 2099 842 1587 207 374 3574 1174 1105 17282 3745 348
is_linear=0
shrinkage=0.05


Tree=12
num_leaves=51
num_cat=0
split_feature=28 20 35 26 40 40 30 40 39 26 0 39 25 39 40 18 39 39 36 31 26 5 0 31 27 27 26 3 27 23 27 35 39 24 31 3 40 25 26 39 36 36 34 35 20 25 36 21 5 27
split_gain=2548.77 1866.12 1084.62 1912.84 1525.5 1385.04 1532.6 1251.92 1195.03 1038.26 962.516 929.785 907.193 896.726 896.685 946.054 848.644 840.118 762.177 636.285 1733.68 890.029 815.985 665.902 1980.43 684.487 587.119 581.336 485.134 467.599 635.425 439.747 420.286 378.2 309.168 304.952 221.694 162.683 159.381 107.333 102.496 95.1818 93.3441 88.0657 61.7942 57.0556 41.394 4.6097 1.69817 1.55108
threshold=4.5000000000000009 0.88976746797561657 -3.7453935146331783 69.500000000000014 7.2054772377014169 0.47314938902854925 2.7523716688156132 0.43122492730617529 0.082315713167190566 35.500000000000007 3.5049999952316289 0.067477270960807814 441.50000000000006 0.06580239906907083 0.22499375045299533 526.39111328125011 0.028584606945514682 0.032614234834909446 0.0045612442772835502 1.2564512491226199 16.500000000000004 26.500000000000004 4.0950000286102304 1.0630209445953371 6.3500001430511483 7.4500000476837167 12.500000000000002 14.500000000000002 8.1500000953674334 6.4216692447662362 4.5950000286102304 -0.051326440647244446 0.10057901218533517 -8.3964285850524885 1.5647820234298708 10.500000000000002 0.19282662868499759 2.5000000000000004 34.500000000000007 0.073942471295595183 7.8796525001525888 0.064604062587022795 22.501177787780765 -3.4275794029235835 1.5211046338081362 6.5000000000000009 7.0952935218811044 217352773632.00003 294.50000000000006 5.7850000858306894
decision_type=2 2 2 2 2 2 2 2 2 2 2 2 2 2 2 2 2 2 2 2 2 2 2 2 2 2 2 2 2 2 2 2 2 2 2 2 2 2 2 2 2 2 2 2 2 2 2 2 2 2
left_child=2 12 18 5 43 7 29 11 9 -8 17 13 14 -4 15 33 -12 -9 47 23 22 -22 -21 25 -25 -16 -10 35 38 31 -31 -7 -13 -2 -35 -20 37 -17 -3 -38 45 42 44 -5 -29 -6 -47 -1 -40 -45
right_child=1 28 3 4 40 6 8 10 26 -11 16 32 -14 -15 19 36 -18 -19 27 20 21 -23 -24 24 -26 -27 -28 41 -30 30 -32 -33 -34 34 -36 -37 39 -39 48 -41 -42 -43 -44 49 -46 46 -48 -49 -50 -51
leaf_value=-0.062399117024858078 0.23070289133335986 0.086809110041019294 0.058023610158718403 0.052814804931532122 0.11654633579376937 0.11528500070897758 0.026735329748866776 0.17125437455906176 -0.065447685508572509 -0.041383593115033791 -0.0044701032970699906 -0.051327150392140079 -0.061147353647031444 0.13955433100796077 0.067827175418771854 0.028448151923909634 0.11967691741723951 -0.061659545686006248 0.14069850513379742 0.23024756671315241 0.042150166860382574 -0.046538240327879871 0.093094911456382601 0.10387871446421866 -0.078725944506192844 0.078112795876715893 0.13169643314201812 -0.062304896148353765 0.087466784650704676 -0.045911962738069537 0.066518799351279051 -0.061702615115370146 0.078325018414809044 -0.055985608698832616 0.069623125775348682 0.28670631464852275 -0.064245328348375402 0.14374741130964575 -0.060314929127305052 0.086512840491504095 0.1641005381724068 0.10636866054495181 0.083266138770695927 -0.055015812799276892 0.062678186696412064 -0.052630355685850755 0.068552134495169614 -0.1066192667388914 -0.050649129396096615 -0.072696338195690199
leaf_weight=47.73438139911741 12.415762163698671 19.336622297763824 19048.090309097432 18.40665618237108 37.367562075145543 668.15724001079798 5693.5140683986247 561.16266923397779 41.733142552897334 619.3738555368036 249.98940560594201 275.63495207950473 129.18323970865458 342.97682225517929 44910.256088123657 39.638979364186525 304.94486565701663 41.0587711725384 87.95650084502995 130.92845688387752 2352.2481008581817 320.64859873894602 633.9692773539573 3031.5168632837012 155.39435858279467 25413.492100480944 346.2054103128612 20.756619286723435 75.297289114445448 135.82212634757161 1574.1435715742409 36.400438839569688 79.779388252645731 361.8472234942019 55.730994858779013 64.724920064210892 27.833885602653027 144.06162973865867 252.83689762512222 18.989778518676758 78.615039590746164 647.02823997288942 130.96900749951601 658.64843751164153 17.126457795500755 10.706004761625083 16.801393643021584 9.797753354534505 130.10954157682136 24.028680630028248
leaf_count=702 44 7 134274 57 8 1227 40000 1870 301 6288 1609 2097 3018 241 75754 152 681 318 94 172 18625 9551 948 4874 1462 5726 288 354 6 1268 3860 306 362 2470 335 25 194 193 4939 1 14 87 13 15158 7 318 5 56 13875 296
internal_value=0.0653946 0.0702533 0.0534757 0.0517907 -0.022393 0.0538787 0.0376057 0.0609724 0.0252909 0.0200457 0.111528 0.058004 0.0708587 0.0594731 0.0710792 0.0130395 0.0638341 0.15529 0.104052 0.0715772 0.0505161 0.0314955 0.116848 0.0725614 0.0949514 0.0715453 0.110362 0.114561 -0.0282228 0.071755 0.0575639 0.106059 -0.0220722 -0.0307646 -0.0390833 0.20409 0.0945485 0.119184 -0.0500525 -0.00246886 0.125584 0.0975713 0.063403 -0.0528222 -0.00551423 0.0770525 0.0210202 -0.0717081 -0.0571844 -0.0557509
internal_weight=110105 78215.7 31889.7 30863.6 844.574 30019 9115.35 20903.6 6700.83 6312.89 1157.16 19746.5 77738.2 19391.1 77609 660.518 554.934 602.221 1026.09 76948.5 3437.79 2672.9 764.898 73510.7 3186.91 70323.7 387.939 968.562 477.58 2414.52 1709.97 704.558 355.414 429.994 417.578 152.681 230.524 183.701 402.283 46.8237 143.49 815.88 168.852 701.084 37.8831 64.875 27.5074 57.5321 382.946 682.677
internal_count=354530 142346 212184 210846 15856 194990 53538 141452 46877 46288 4478 136974 123519 134515 120501 3389 2290 2188 1338 117112 29296 28176 1120 87816 6336 81480 589 580 18827 6661 5128 1533 2459 2849 2805 119 540 345 18821 195 345 461 374 15511 361 331 323 758 18814 15454
is_linear=0
shrinkage=0.05


Tree=13
num_leaves=56
num_cat=0
split_feature=27 27 40 30 7 32 29 26 0 26 26 26 35 22 26 26 40 36 40 7 29 30 18 30 26 0 31 40 40 29 39 39 22 7 40 29 14 27 36 33 16 26 35 7 3 26 20 33 39 29 27 7 31 12 26
split_gain=2500.78 3158.78 1848.75 1786.5 1347.43 1101.57 936.288 794.191 789.825 1263.76 701.468 711.567 671.885 722.559 678.181 628.222 621.103 526.113 408.192 691.394 373.796 606.794 480.514 374.031 342.042 774.527 336.693 807.617 333.92 248.654 334.471 218.801 224.221 155.12 153.094 150.269 228.282 752.615 131.002 60.9745 50.5269 28.6264 220.949 31.6975 26.4709 15.9864 14.3366 11.4692 9.33236 8.43864 4.63529 3.48041 3.13138 0.726355 0.550014
threshold=7.4500000476837167 6.9500000476837167 5.0921666622161874 284.02171325683599 5.6250000000000009 0.019874658435583118 3.6000000238418584 87.500000000000014 4.6949999332427987 1.5000000000000002 768.50000000000011 28.500000000000004 -0.17321702837944028 14.949918746948244 15.500000000000002 49.500000000000007 7.2054772377014169 0.84523960947990429 0.52278289198875438 5.4400000572204599 0.60000002384185802 229.61489868164065 0.58901110291481029 248.25676727294925 8.5000000000000018 5.9500000476837167 0.89854064583778392 7.2054772377014169 8.5114936828613299 3.4999998807907109 0.028927234932780269 0.020203810185194019 17.313173294067386 7.3500001430511483 29.274028778076175 5.3499999046325692 1.5000000000000002 7.7500000000000009 1.0000000180025095e-35 1.2483016252517702 0.52639320492744457 422.50000000000006 0.53402817249298107 5.2650001049041757 2.5000000000000004 45.500000000000007 0.39668558537960058 1.8342565894126894 0.019614048302173618 4.8500001430511483 5.7850000858306894 5.2650001049041757 1.0099874734878542 2.1493430137634282 474.50000000000006
decision_type=2 2 2 2 2 2 2 2 2 2 2 2 2 2 2 2 2 2 2 2 2 2 2 2 2 2 2 2 2 2 2 2 2 2 2 2 2 2 2 2 2 2 2 2 2 2 2 2 2 2 2 2 2 2 2
left_child=1 3 4 8 6 26 29 12 9 18 11 -11 13 14 -5 17 -17 -14 19 -1 21 22 -10 -23 25 -22 31 -28 -7 30 -3 32 39 -6 -26 36 38 -38 -33 45 -41 43 -43 -37 -34 -2 51 -46 -8 -30 -20 -4 -29 -48 -51
right_child=5 2 46 7 33 28 48 -9 20 10 -12 -13 15 -15 -16 16 -18 -19 50 -21 24 23 -24 -25 34 -27 27 52 49 -31 -32 35 44 -35 -36 41 37 -39 -40 40 -42 42 -44 -45 47 -47 53 -49 -50 54 -52 -53 -54 -55 -56
leaf_value=0.022337047118490036 0.12115299193720208 -0.082180310716005511 -0.082059449846229607 0.037310794142904162 -0.098269725892422 0.057660197222046961 -0.058654354028620584 -0.054124193437039475 0.15849920351700253 0.054628251310898629 -0.052803444029550964 0.066316053070302347 0.033771353777207309 -0.059068708651885488 0.085308208672323305 -0.03412707369016036 0.11849490019507465 0.058113045545079955 -0.054833270955165214 0.24959818420288446 0.039726764837086259 0.271437904198297 0.077263516826522022 0.11878268638759414 0.074171851348251883 0.13772831598353352 0.086548898872501334 -0.080076367886459401 -0.10343460822004687 0.086782680991240466 0.054698695346971138 0.075476098811534095 0.091132591015268952 0.027594898607862413 0.0016758008630202176 0.085301633019710915 -0.11198379797403278 0.067933192300989861 0.062579452407457978 0.10126592361595088 0.057799878467028699 0.027533333130023388 0.084201752066804345 0.078685547414716228 0.076012065258430142 0.10572640935511371 -0.069475081945524778 0.06294941782793978 -0.089268226325480565 -0.078960174605542888 -0.090088508739447626 -0.094731248421854708 -0.059977690761536397 -0.047568047191693628 -0.063517747672632352
leaf_weight=1751.253618337214 429.680281072855 52.706305883824825 208.51356295030564 1138.979867246002 204.30765895638615 65.507749661803246 55.648902922868729 206.56747590471059 198.15461548045278 22522.865937547758 134.02944365283474 31050.283245050348 7274.4288208968937 114.32731454260647 2094.1648160377517 483.27783325593919 76.303505005314946 3200.881290692836 139.32950016111135 33.138213232159615 1815.2948733530939 68.518131464719772 2289.6383691802621 102.60716782510281 8321.691251211334 226.18682602420449 215.5226002857089 63.828837263397872 28.510339722037315 591.24350093305111 264.36913184821606 9558.7353228703141 268.09990021586418 27.289731338620186 73.655582651495934 2862.5669055990875 71.449652196839452 293.5750879496336 2536.6113583445549 206.47501087188721 107.57517819106579 224.24962655827403 760.16160671412945 6392.0620780996978 787.72172658145428 476.53214454650879 98.188845066353679 272.82479575276375 72.03920853510499 42.813508946448565 12.740417364984749 225.16567046009004 67.301202623639256 15.864798477850853 82.265768848825246
leaf_count=23270 59 263 1050 9510 907 44 558 7350 553 76319 12622 92620 62525 1458 7392 5710 60 17377 1890 35 3887 133 9792 301 6511 138 83 315 116 59 184 1599 46 38 249 196 336 104 1333 44 106 275 67 407 86 45 1221 123 298 267 71 976 796 1530 1226
internal_value=0.0616308 0.0574956 -0.00774655 0.0589171 0.0254221 0.0752673 0.0498024 0.0430182 0.0622906 0.0596865 0.0611175 0.0614036 0.0444174 0.064046 0.0684179 0.0384573 -0.0131326 0.0412146 0.0199867 0.0266978 0.0733495 0.0901307 0.0837971 0.181156 0.0690656 0.0506495 0.0762231 0.0271593 -0.0362154 0.0676311 0.0317432 0.0768955 0.090864 -0.0833624 0.0735367 0.0753228 0.0716002 0.032493 0.0727773 0.10642 0.0866236 0.0798451 0.0713388 0.0807415 0.076504 0.113172 -0.0844234 0.0727189 -0.0765244 -0.0764008 -0.0583889 -0.0888529 -0.0703308 -0.0669112 -0.0694276
internal_weight=110958 85143.7 1815.34 83328.3 1267.6 25814.1 1036.01 14588.9 68739.4 55643.6 53707.2 53573.1 14382.4 3347.47 3233.14 11034.9 559.581 10475.3 1936.46 1784.39 13095.7 2658.92 2487.79 171.125 10436.8 2041.48 25595 346.653 219.097 908.319 317.075 25248.3 2548.91 231.597 8395.35 22699.4 12460.4 365.025 12095.3 1220.26 314.05 10239 984.411 9254.63 1328.65 906.212 547.733 1060.55 127.688 153.59 152.07 433.679 131.13 114.054 125.079
internal_count=354530 346857 7084 339773 2307 7673 1362 111382 228391 206827 181561 168939 104032 18360 16902 85672 5770 79902 25266 23305 21564 10779 10345 434 10785 4025 6020 1194 1653 506 447 4826 509 945 6760 4317 3372 440 2932 254 150 945 342 603 255 104 4777 209 856 1609 1961 2026 1111 2751 1493
is_linear=0
shrinkage=0.05


Tree=14
num_leaves=62
num_cat=0
split_feature=28 20 20 0 27 27 1 28 38 38 39 26 5 20 31 29 26 35 1 26 31 28 15 27 12 11 27 35 39 12 1 1 1 26 21 33 26 35 0 26 26 39 27 29 28 21 35 31 33 13 1 20 19 5 7 7 26 26 5 31 20
split_gain=3083.67 1624.11 1138.28 949.364 923.518 3297.31 1624.99 941.166 1290.99 2979.07 1190.24 880.68 880.954 1613.56 873.695 791.615 780.223 742.886 844.866 634.457 620.642 981.203 591.607 491.792 466.247 438.687 432.553 287.027 282.049 270.72 405.056 258.893 227.691 220.92 213.198 355.937 200.324 230.721 211.43 150.437 144.083 140.75 136.042 1729.82 367.195 64.3903 49.0185 158.864 35.7862 26.9193 25.4556 13.4912 10.4078 23.0831 8.69332 7.43813 5.3942 2.38735 1.54774 1.30383 0.403835
threshold=4.5000000000000009 0.88976746797561657 1.4149771928787234 5.2049999237060556 7.4500000476837167 6.9500000476837167 37.004999160766609 74.500000000000014 0.00039043436117935931 0.0022429910022765402 0.019420517608523372 88.500000000000014 58.500000000000007 0.46415275335311895 1.6853244304656985 3.6000000238418584 61.500000000000007 -0.50945731997489918 5.7504999637603769 13.500000000000002 0.92761957645416271 31.500000000000004 60.500000000000007 5.9500000476837167 1.1999999880790713 3.5000000000000004 8.1500000953674334 0.28965331614017492 0.087038867175579085 1.1956717371940615 6.9602000713348398 50.004999160766609 525.00000000000011 1.0000000180025095e-35 2.7265237569808964 1.2483016252517702 1.5000000000000002 0.038454141467809684 6.0499999523162851 36.500000000000007 34.500000000000007 0.040893381461501128 8.1500000953674334 4.7000000476837167 187.50000000000003 0.76717108488082897 0.53402817249298107 0.68815946578979503 3.2762442827224736 0.055676413699984557 5.9709999561309823 0.23696732521057132 1.4522459506988528 100.50000000000001 5.2650001049041757 3.0949999094009404 474.50000000000006 474.50000000000006 294.50000000000006 1.1658830642700198 0.56476721167564403
decision_type=2 2 2 2 2 2 2 2 2 2 2 2 2 2 2 2 2 2 2 2 2 2 2 2 2 2 2 2 2 2 2 2 2 2 2 2 2 2 2 2 2 2 2 2 2 2 2 2 2 2 2 2 2 2 2 2 2 2 2 2 2
left_child=2 4 3 11 5 7 19 8 14 -10 54 12 13 16 -2 39 -1 18 45 41 42 -22 -13 -12 29 31 40 -21 -15 30 -20 36 33 -33 35 -14 37 -5 -38 -8 -3 -7 43 44 -6 -4 47 -44 50 -36 -26 -48 -24 -54 -9 -47 -45 59 -42 -23 -17
right_child=1 26 17 25 20 6 15 10 9 -11 23 22 34 28 -16 60 -18 -19 24 27 21 57 52 -25 48 -27 -28 -29 -30 -31 -32 32 -34 -35 49 -37 38 -39 -40 -41 58 -43 46 56 -46 55 51 -49 -50 -51 -52 -53 53 -55 -56 -57 -58 -59 -60 -61 -62
leaf_value=0.044349707702325686 0.070483806828569029 0.080645997815291942 0.10462748445615672 0.067919411042829822 0.073696365832029598 -0.031975634380788973 0.011011209038129764 -0.059781267815049145 -0.0052340590874661941 0.058577849433388174 0.10345985183570508 -0.055307158994729405 0.098027453231653267 -0.051833318387682695 0.12161986273206248 -0.081377576397705861 -0.023362205687194788 -0.054760576722855073 0.47471407867427057 -0.085344964488613201 0.096735318324218278 -0.077260425209054462 0.082260184494362454 0.073886086408888565 0.16378802115293906 0.25323693467924591 0.081364823316846926 -0.014571325843888245 0.079956368009128573 0.56363883002626713 -0.046765837551126864 0.059029499700613358 0.08002028645047754 -0.071470128213824521 0.047445147503189761 0.25186979945711768 0.076010192245761166 -0.069212122013865313 0.12518646429019764 0.078605729339037894 -0.060266186303078943 0.068537996634833315 0.077080574044168168 -0.095275087229000549 0.035215283026880526 0.078668766398201237 0.092070401108290872 0.047860513379816477 0.17255863495597432 0.1005796891509087 0.077263192688533863 0.081361768097955742 0.069029903357026787 -0.042187545358215242 -0.092821313562676824 0.06868358678104898 -0.067529897232962682 -0.059054350253707803 -0.050590242544816894 -0.051305063884789906 -0.049926920067079876
leaf_weight=28577.944188975729 9395.0815958064049 19.066208075731993 228.17273203097284 541.02216218784451 11547.870897978544 48.844055011868477 97.563737750053406 106.27403798140585 1947.0422151815146 30095.463749974966 1781.8069602511823 375.52121125208214 81.521927232854068 524.77567288000137 918.75118290353566 96.459738617762923 431.183782431297 86.25348882144317 6.3347340915352106 614.91328250942752 165.36059248447418 95.778911369852722 91.172795557416975 6833.920577282086 15.681345908902584 34.73105888068676 73.131317414343357 187.52149512432516 43.083959234878421 11.479348609223962 7.2025433927774429 54.785958960652351 110.81824059784412 76.50281473621726 46.007585198618472 72.615456154569983 493.01768649742007 31.692935708910227 405.39403643459082 544.7065863981843 251.25757984863594 115.82801362872124 9945.6896400749683 131.28081302344799 658.50470885820687 613.53719463944435 587.75568859279156 495.34836644306779 140.49009292200208 58.386060901917517 26.021585751324892 961.15237809717655 16.664339065551761 5.5180034716613582 31.124984285794199 420.109031281434 36.267139139119536 86.0215282314457 121.30992426676676 15.408077805303035 7.8974810913205138
leaf_count=183314 14695 7 84 1203 2246 135 221 2059 26183 61908 486 9902 168 7187 2166 553 4461 2433 22 4530 11 478 20 1705 3 17 6 659 94 8 130 136 86 472 159 43 851 244 163 122 4939 36 912 687 687 84 45 436 16 31 200 74 1 559 338 93 513 1212 13875 193 229
internal_value=0.0581815 0.063638 0.0455209 0.0434922 0.0641966 0.0604587 -0.00775516 0.0627462 0.0596573 0.0547002 0.0776839 0.0414238 0.0425148 0.041708 0.0750508 0.0476182 0.0433423 0.087298 0.0956739 -0.0505148 0.0721788 0.00720619 -0.0250936 0.0800141 0.189148 0.0793278 -0.0294899 -0.0688508 -0.0417026 0.389449 0.212784 0.0756537 0.0275665 -0.0169411 0.134278 0.171692 0.08354 0.0602147 0.0983203 0.0683787 -0.0503574 0.038681 0.0731451 0.0694315 0.0716239 0.0801825 0.0769711 0.0756995 0.159642 0.0778824 0.112989 0.0854853 0.0745619 0.0405217 -0.0679186 0.0746856 -0.0897354 -0.0679486 -0.0572729 -0.0741975 -0.0795414
internal_weight=111642 78014.4 33627.6 32072.4 77549.6 52823.2 1713.73 51109.5 42356.3 32042.5 8753.13 30324.4 29835.5 29577 10313.8 746.628 29009.1 1555.28 1469.03 967.107 24726.4 362.569 488.876 8615.73 207.21 1747.96 464.765 802.435 567.86 25.0166 13.5373 1713.23 242.107 131.289 258.531 154.137 1471.13 572.715 898.412 642.27 391.634 164.672 24363.9 12373.9 12206.4 1261.82 11989.9 10441 182.193 104.394 41.7029 1548.91 113.355 22.1823 137.399 1033.65 167.548 197.209 372.568 111.187 104.357
internal_count=354530 142346 212184 209111 123519 116025 6485 109540 104952 88091 4588 205939 195457 195056 16861 1125 187775 3073 640 5360 7494 1894 10482 2191 379 3172 18827 5189 7281 160 152 3155 694 608 401 211 2461 1447 1014 343 18821 171 5600 4133 2933 261 1467 1348 219 190 203 119 580 560 2397 177 1200 1883 18814 671 782
is_linear=0
shrinkage=0.05


Tree=15
num_leaves=63
num_cat=0
split_feature=28 1 26 26 38 27 20 26 38 38 31 38 26 26 29 28 20 1 27 33 19 36 27 29 1 27 29 31 26 32 38 38 26 26 26 38 35 27 29 28 1 38 1 38 35 36 29 35 1 26 27 28 35 1 38 23 18 36 38 27 34 27
split_gain=4637.26 1707.49 1308.71 1746.06 2682.14 2257.57 1711.14 1265.4 1231.17 1194.23 1120.45 2785.95 4160.14 1069.76 943.338 939.547 936.243 905.506 866.749 787.984 666.379 811.316 634.53 1215.26 879.7 610.849 2728.04 649.111 602.509 614.274 538.325 881.309 532.67 1517.91 526.487 512.987 477.866 504.3 469.304 623.007 451.99 435.402 407.685 573.183 404.415 373.781 369.75 460.656 363.873 362.626 353.953 321.185 386.568 357.46 308.459 283.53 255.959 250.939 243.8 491.278 241.569 224.502
threshold=8.5000000000000018 81.58499908447267 127.50000000000001 36.500000000000007 0.0059709595516324052 4.0050001144409189 1.6639853119850161 52.500000000000007 0.0029865612741559748 0.017715663649141792 1.3028826117515566 0.00039043436117935931 16.500000000000004 12.500000000000002 2.8000000715255742 2.5000000000000004 0.75709015130996715 227.0299987792969 8.1500000953674334 3.4718105792999272 0.44855320453643804 1.1769610643386843 4.680000066757203 1.9999998807907107 170.29499816894534 8.1500000953674334 4.6000001430511483 0.57269644737243663 56.500000000000007 0.066734042018651976 0.010313369333744051 0.011114972177892925 28.500000000000004 17.500000000000004 29.500000000000004 0.0027281407965347175 -1.052642226219177 6.0499999523162851 0.99999988079071056 11.500000000000002 244.4049987792969 0.0086240703240036982 218.004997253418 0.011114972177892925 0.13535577058792117 0.72321739792823803 1.6999999284744265 0.44582593441009527 595.64801025390636 45.500000000000007 4.3949999809265146 1.5000000000000002 -0.64331784844398487 181.004997253418 0.0055993655696511277 54828766521720840 293.85063171386724 1.4463077187538149 0.0022429910022765402 7.5499999523162851 -12.853619098663328 4.8949999809265146
decision_type=2 2 2 2 2 2 2 2 2 2 2 2 2 2 2 2 2 2 2 2 2 2 2 2 2 2 2 2 2 2 2 2 2 2 2 2 2 2 2 2 2 2 2 2 2 2 2 2 2 2 2 2 2 2 2 2 2 2 2 2 2 2
left_child=1 2 3 19 5 6 -5 -7 14 41 16 34 42 48 15 32 22 55 49 20 60 -22 23 28 -25 26 27 -24 29 -2 38 -32 33 -3 -12 40 -21 -38 39 -14 -17 -6 -13 -44 -11 -19 57 -48 51 -18 -37 52 -10 -53 -47 56 -15 -36 59 -16 -1 -59
right_child=10 8 -4 4 9 7 -8 -9 13 44 11 12 30 17 58 35 18 45 -20 36 21 -23 25 24 -26 -27 -28 -29 -30 -31 31 -33 -34 -35 46 50 37 -39 -40 -41 -42 -43 43 -45 -46 54 47 -49 -50 -51 -52 53 -54 -55 -56 -57 -58 61 -60 -61 -62 -63
leaf_value=0.10983353024310914 0.091517590186896924 0.041114909284608453 -0.054834054918647103 -0.044059624145809759 0.023447639674287354 0.1226710902054069 0.086295751509640292 0.074017522482474105 0.28300157462474512 0.091751068615950213 -0.069659347792287496 0.12044338526100601 0.1407054566244561 -0.051263826970855825 -0.061257860640515839 -0.029700070254675939 0.078433859309216938 -0.061453795063980937 0.079867615135581618 -0.060033332787118393 0.037785087639256199 0.062074745645213363 0.068447247121238355 -0.019618942117313434 0.14999956881439619 0.074256542765061676 -0.076754644626089844 0.056571763864049066 -0.058894115085237647 -0.02310299820147993 0.2095670561022745 -0.064353467621133351 -0.03193304166906618 0.15806464905960904 0.1300241402265698 0.27077620536977032 0.016638627042403379 0.067226370882512862 -0.05781886841675813 -0.039275955758363609 0.066411208644358663 -0.051866860243346427 -0.035603751182185624 0.22516726247582142 -0.070176240415803545 -0.059844500295626706 -0.059616286996050309 0.16999135889115949 0.083695090532033251 -0.059109256766676214 0.052342747371684421 0.043417803193420416 -0.010387866838240565 0.0051108496928079037 0.12800041718731331 0.17204437098589795 -0.010057137448476486 -0.011947886269950091 0.14979025440404861 0.11955959604945038 0.062427905748562253 0.10890429344721922
leaf_weight=300.82300983741879 545.62014717236161 1329.895542697981 315.6569860894233 575.37744941655546 274.79788491502404 2255.3226412367076 445.98750420846045 3301.6778791053221 10.373878259211777 358.94314669724554 42.405333336442709 612.21224665269256 71.964631980285048 1096.7162496028468 49.740356753580272 776.9185042437166 54.579878017306328 42.189958624541759 236.47775154188275 173.66009213775396 19402.959415921941 4182.5892658755183 22579.910167521797 83.933468917384744 825.78183205425739 11392.740230156109 354.17790615092963 23595.871306693647 109.19343702681363 148.15527783706784 54.305982135236263 61.813347234390676 152.15297967288643 350.10260558500886 779.06161798909307 22.419093675911427 3135.5730035007 583.9152730088681 1332.1080147800967 140.05979202967137 144.16138641908765 630.87616026587784 97.212039608508348 25.833912059664726 42.414780589751899 24.695363499224186 65.731379725039005 31.47919246647507 234.77231223136187 350.17167240288109 93.30113048478961 1554.91154538095 868.79503452591598 1001.6647801641375 158.0251830611378 15.383305020630358 575.25866150669754 63.896731004118919 234.29883942008018 145.79934579133987 2657.1374315842986 94.472569838166237
leaf_count=190 1339 9862 11076 6818 3347 4748 178 10088 14 495 266 440 257 9039 425 5227 13 316 20 1291 121584 16788 10947 491 440 1522 2915 32902 1212 605 54 533 1463 1017 1140 35 16113 322 23209 1563 559 6311 388 19 275 185 821 38 336 18513 288 5824 7280 4438 389 16 3745 436 34 16 4112 16
internal_value=0.0537039 0.0418791 0.0464235 0.0472591 0.068231 0.0812274 0.012885 0.0937831 0.0221058 0.00280334 0.0625174 0.0348811 0.00483757 0.00779195 0.046319 0.0359411 0.0641089 -0.0225225 0.00399955 0.0418236 0.0449051 0.0420952 0.064755 0.0947843 0.13434 0.0638654 0.0613195 0.0623803 0.0498523 0.0670352 -0.0390094 0.0644049 0.0574562 0.0655691 0.101631 -0.00209248 0.0208068 0.0245976 -0.0468261 0.022163 -0.0145962 -0.0290089 0.103772 0.0204795 0.0744946 0.0715034 0.108717 0.0156593 0.0235884 -0.0404019 0.0966612 0.0194566 -0.0066027 0.028419 0.102398 -0.0350933 -0.0371038 0.118335 0.11533 0.0734611 0.0672862 0.0603441
internal_weight=111268 47519.3 38637.7 38322.1 7885.4 6578.37 1021.36 5557 8881.58 1307.03 63749.2 3472.56 2395.51 5582.79 3298.79 2868.95 60276.6 1912.27 641.229 30436.7 26543.5 23585.5 59635.4 1712.68 909.715 57922.7 46530 46175.8 802.969 693.775 1660.25 116.119 1832.15 1680 1077.05 1036.8 3893.15 3719.49 1544.13 212.024 921.08 905.674 735.258 123.046 401.358 224.911 1034.64 97.2106 3670.52 404.752 115.72 3435.75 879.169 2556.58 182.721 1687.36 1671.97 937.431 429.839 195.54 2957.96 158.369
internal_count=354343 254244 203736 192660 32260 21832 6996 14836 50508 10428 100099 29180 26463 31582 18926 18451 70919 13690 18546 160400 142674 138372 52373 4087 931 48286 46764 43849 3156 1944 25616 587 12342 10879 2717 6109 17726 16435 25029 1820 5786 9658 847 407 770 890 2451 859 17892 18526 323 17556 7294 10262 574 12800 12784 1592 475 441 4302 452
is_linear=0
shrinkage=0.05


Tree=16
num_leaves=63
num_cat=0
split_feature=28 1 40 26 26 39 39 38 39 38 28 0 40 40 18 20 39 39 26 40 29 16 38 36 19 29 29 39 26 38 4 39 39 29 40 32 19 26 39 38 19 16 1 10 29 39 0 32 26 40 38 38 29 29 0 0 1 26 40 26 0 40
split_gain=4761.13 1490.12 1264.79 1169.78 1571.77 2370.35 2151.53 1213.5 1630.36 1065.69 995.644 984.493 933.016 1045.77 907.209 897.074 849.304 847.863 1362.66 859.12 818.884 769.559 985.177 745.773 954.225 686.222 677.786 544.499 1816.86 852.944 1879.2 539.677 537.426 485.758 468.141 450.52 440.572 420.987 400.698 395.517 436.85 375.957 360.688 358.009 347.043 712.512 673.774 442.313 341.454 337.388 315.247 292.167 285.753 1292.79 271.323 305.919 271.31 242.096 225.628 225.553 220.187 217.861
threshold=8.5000000000000018 81.58499908447267 0.67791730165481578 127.50000000000001 36.500000000000007 0.022732242010533813 0.087038867175579085 0.0086240703240036982 0.011632417328655721 0.0031955263111740355 12.500000000000002 5.5199999809265146 0.50405505299568187 0.22904326021671298 175.8351974487305 0.75709015130996715 0.01424706354737282 0.012481820769608023 28.500000000000004 0.078158136457204833 5.6500000953674325 0.47034859657287603 0.00039043436117935931 1.1769610643386843 0.44855320453643804 1.3017376661300661 0.10000026226043703 0.038170326501131065 330.50000000000006 0.00039043436117935931 68.500000000000014 0.038170326501131065 0.012954167090356352 4.0500001907348642 0.31257411837577825 0.18928369879722598 420.00648498535162 13.500000000000002 0.038170326501131065 0.0072741971816867599 540.90249633789074 0.33330106735229498 120.61000061035158 3.2925000190734868 0.99999988079071056 0.012954167090356352 4.0950000286102304 0.18928369879722598 45.500000000000007 0.32586023211479193 0.00039043436117935931 0.019110715016722683 5.2000000476837167 4.1500000953674325 4.7099997997283944 3.185000061988831 80.005001068115249 48.500000000000007 0.27349515259265905 1.5000000000000002 5.1099998950958261 0.092503994703292861
decision_type=2 2 2 2 2 2 2 2 2 2 2 2 2 2 2 2 2 2 2 2 2 2 2 2 2 2 2 2 2 2 2 2 2 2 2 2 2 2 2 2 2 2 2 2 2 2 2 2 2 2 2 2 2 2 2 2 2 2 2 2 2 2
left_child=1 3 10 4 11 7 56 8 -6 16 34 23 13 42 41 27 17 18 19 -3 48 22 -12 24 -1 -25 51 28 29 33 -31 -16 -19 -4 50 52 -34 -24 54 40 -23 -15 -11 -44 46 49 57 -47 -17 -46 -2 -14 53 -29 55 -18 -7 -36 -56 -13 -28 -40
right_child=2 9 15 -5 5 6 -8 -9 -10 12 21 59 26 14 31 20 38 32 -20 -21 -22 39 37 25 -26 -27 60 35 -30 30 -32 -33 36 -35 44 -37 -38 -39 61 -41 -42 -43 43 -45 45 47 -48 -49 -50 -51 -52 -53 -54 -55 58 -57 -58 -59 -60 -61 -62 -63
leaf_value=0.060505458480407476 0.072736592075631726 0.091153764518220298 0.074004359679756451 -0.054626913194602424 0.063263212499340471 -0.052397079172896703 0.10447091796337556 -0.062941735624736553 0.11910995533336913 -0.052583889188867375 0.06581453147081269 0.045124586899465025 0.0061976416842380762 -0.062159887647353917 0.063569203969594243 0.076042874474559125 0.026748702744312493 0.14180370688089958 -0.048305159005727745 0.023848972422542431 0.077451147497744871 -0.069149185474317781 0.040114468327575703 0.077913814056570399 0.029911058309865825 0.039498440108168061 -0.043422375958509077 0.064536902921392428 -0.065803970820538474 0.054865962196854849 -0.063589855481748905 -0.026906591352782196 0.10895747395530263 -0.057402694456955727 0.1438758167124724 0.088627167568683551 -0.0272070607798683 -0.058912432037118462 0.20550147339313948 0.085274218401116958 0.076484813256949349 0.013684328905631003 -0.011022161669566009 0.076674448661460393 0.23147647124127799 0.06503067635342577 0.064476482321347686 -0.068689967175796979 -0.05862193229588189 -0.024812749248400812 -0.046623880005588779 0.19853539050190938 0.072196446053184413 9.121268938465973e-05 0.15397965574491124 -0.061975716374907758 0.14252757907930225 0.30529270658424157 -0.064466434650822288 0.090271089415920033 0.057215584229062325 0.025697570049594227
leaf_weight=2887.5073218047619 77.041448183357716 920.30331203341484 7411.6406855676323 301.37580988649279 4937.896858016029 776.5280606453307 325.59735400322825 155.35264777764678 1780.1606087312102 458.37591072916985 261.82079003751278 374.42937562614679 36.252720031887293 230.02027612552047 1758.1764764580876 53.538934167474508 133.14664455503225 384.27976866811514 369.87045233044773 979.38650569878519 231.81193858757615 110.95141945406795 124.61495122313499 1948.0687786769122 21772.02611490339 2894.5256713088602 1180.2137705525383 19150.114774731919 295.84734959760681 16716.850529430434 340.81989793013781 181.22776306606829 126.97897353023291 70.27029906027019 109.82299072667956 2257.6668829582632 110.17733268812299 743.62245947029442 28.186459261924028 348.06343905255198 94.346616232767701 557.13561974652112 832.01769439503551 134.27436894364655 12.291304907761512 1455.3229001220316 1058.2548781111836 63.761648945510387 346.46732087479904 379.60751750227064 189.00826835539192 42.680348120629787 10332.019100438338 811.30638622818515 34.527847696095705 353.05194529332221 17.321036174893379 30.528616661205888 16.988766741007566 1101.9866369385272 56.093824928626418 40.819038107991219
leaf_count=4465 143 4815 6668 11076 16938 9101 197 1592 4419 4177 556 722 217 1873 6116 13 908 330 3456 5456 20 1086 261 6950 135458 12026 8446 8230 5594 33812 1867 1009 237 281 224 609 779 8253 106 232 255 2609 5943 491 11 2235 1620 366 18989 3606 1589 51 1270 2265 78 2975 13 44 111 779 115 210
internal_value=0.0509909 0.0391642 0.0600344 0.043363 0.0441223 0.063894 -0.00356913 0.0748811 0.0780778 0.0207655 0.0360432 0.0390189 0.0069716 0.0185993 0.0367357 0.0621256 0.0423138 0.053598 0.039394 0.0564882 0.00285966 0.00462546 -0.0190274 0.0370221 0.033496 0.054966 -0.0297107 0.0627779 0.0571917 0.0586774 0.0524953 0.0551026 0.105318 0.072762 0.0517037 0.067038 0.045829 -0.0446639 -0.011446 0.0528849 -0.00215117 -0.00852304 -0.0161085 0.00122552 0.057149 0.0438732 0.0782567 0.0593731 -0.0404405 -0.0161932 -0.0118984 0.111443 0.065426 0.061918 -0.0260592 -0.037663 -0.0479638 0.180933 0.0819911 0.0788633 -0.0388096 0.101099
internal_weight=111314 48237 63077.4 39272.8 38971.4 7992.86 1119.45 6873.41 6718.06 8964.19 5059.06 30978.5 5466.47 4151.23 2726.56 58018.4 3497.72 2891 2269.56 1899.69 631.818 1683.42 1130.06 29502.1 24659.5 4842.59 1315.24 57386.5 24835.4 24539.6 17057.7 1939.4 621.436 7481.91 3375.64 32551.1 237.156 868.237 606.721 553.361 205.298 787.156 1424.67 966.292 3109.59 1910.98 1198.61 1519.08 400.006 391.899 266.05 78.9331 30293.4 19961.4 537.715 486.199 793.849 140.352 51.5166 1476.42 1236.31 69.0055
internal_count=354343 254244 100099 203736 192660 32260 9311 22949 21357 50508 20481 160400 31047 22218 11607 79618 19461 15073 13727 10271 19022 10643 9070 158899 139923 18976 8829 60596 48222 42628 35679 7125 1346 6949 9838 12374 1016 8514 4388 1573 1341 4482 10611 6434 8106 6218 1888 2601 19002 3617 1732 268 11765 10495 4072 3883 9114 268 189 1501 8561 316
is_linear=0
shrinkage=0.05


Tree=17
num_leaves=63
num_cat=0
split_feature=31 40 1 26 26 38 39 30 15 26 38 29 40 40 40 0 29 25 0 31 39 26 38 19 40 26 18 29 16 29 10 39 0 38 0 26 38 10 39 38 30 30 31 1 40 40 1 29 26 31 39 38 1 1 23 38 26 26 30 23 1 33
split_gain=4542.22 1255.33 1237.96 1230.83 1470.39 2657.94 2072.29 1471.96 1267.57 1041.3 968.892 1238.27 1126.75 1259.13 1092.17 1007.62 995.352 945.884 843.881 832.654 664.131 1721.62 748.285 658.947 1181.1 655.845 583.418 565.382 563.908 780.937 528.972 512.591 510.404 493.887 491.434 474.939 682.534 647.333 384.937 422.817 370.701 329.218 328.773 308.723 294.808 293.97 272.59 264.497 260.701 256.595 412.811 252.794 444.805 241.486 227.137 224.302 206.849 192.971 271.672 184.206 176.951 172.4
threshold=1.0000000180025095e-35 0.67791730165481578 80.005001068115249 127.50000000000001 35.500000000000007 0.0062020847108215102 0.087038867175579085 566.71026611328136 8.5000000000000018 52.500000000000007 0.0029865612741559748 2.8000000715255742 0.50405505299568187 0.22904326021671298 0.078158136457204833 4.6949999332427987 1.0950000286102297 441.50000000000006 5.5199999809265146 2.723209142684937 0.038170326501131065 330.50000000000006 0.00039043436117935931 0.44855320453643804 1.9789912104606631 28.500000000000004 175.8351974487305 0.10000026226043703 0.47034859657287603 2.2000001668930058 3.6999999284744267 0.038170326501131065 4.1949999332427987 0.0027281407965347175 4.9949998855590829 12.500000000000002 0.00039043436117935931 3.5325000286102299 0.011497257277369501 0.011498660314828159 200.85992431640628 156.82106018066409 1.0172668695449831 131.004997253418 0.27828796207904821 0.54184019565582286 569.18499755859386 5.2000000476837167 165.50000000000003 0.89294224977493297 0.01493156608194113 0.0022429910022765402 346.65499877929693 16.605000495910648 1.1620729565620425 0.019110715016722683 1.5000000000000002 1.5000000000000002 0.65689444541931163 0.00093597616069018852 91.005001068115249 0.63124287128448497
decision_type=2 2 2 2 2 2 2 2 2 2 2 2 2 2 2 2 2 2 2 2 2 2 2 2 2 2 2 2 2 2 2 2 2 2 2 2 2 2 2 2 2 2 2 2 2 2 2 2 2 2 2 2 2 2 2 2 2 2 2 2 2 2
left_child=2 28 3 4 18 7 41 9 -9 -6 11 14 13 40 16 33 32 19 23 20 21 22 -3 54 -25 -18 30 55 29 35 -15 -28 -4 -16 60 38 45 -38 -2 -40 43 -7 47 -12 -30 -37 -42 -22 -31 -46 53 52 -13 -51 -1 -14 -17 58 -20 -36 -29 -44
right_child=1 17 10 -5 5 6 -8 8 -10 -11 12 51 27 26 15 56 25 -19 57 -21 42 -23 -24 24 -26 -27 31 34 44 48 -32 -33 -34 -35 59 36 37 -39 39 -41 46 -43 61 -45 49 -47 -48 -49 -50 50 -52 -53 -54 -55 -56 -57 -58 -59 -60 -61 -62 -63
leaf_value=-0.072607474860118856 -0.074116454724552541 0.069468341207711184 -0.013847616777643366 -0.055067700245375863 0.10339743053221298 -0.067437327559650859 0.098544825787766063 -0.028448850121719924 0.082131064547882174 0.063116846905096682 -0.043127071947090506 -0.060848269047300986 0.0056268211946799247 -0.034942779328450468 -0.018255917218395316 0.14821350408420103 0.13974408536799574 -0.056547883774047514 0.057036049751088884 -0.052681635037294831 0.060782693395656756 -0.063864725609152351 0.049836789033037052 0.035076658508499468 -0.01604771018623035 -0.056323833866157504 0.060759713825521471 0.0083831767820899943 -0.072483001295638158 -0.080838650824818795 0.039839560459107276 -0.026656854227887352 0.068857662327040214 0.073932356947294331 -0.072665971725489692 0.088857225820108035 0.021757438290256843 -0.05449696084268342 0.071361815556412161 -0.083558567226112893 -0.048636052217654699 -0.011154816182373616 0.09830644567809739 0.031233766691703579 0.077020762712770655 -0.067093757905509296 0.071011001930991191 0.070699751468725813 0.10067749312051655 -0.059322818206122653 -0.073401928946847009 0.13733914270897293 0.10947541252367073 0.069910298654506681 0.057833111044476221 0.17021064131150043 0.060211095884028093 0.084469581157685658 -0.08299487652491104 0.085708041303736188 -0.048085510605687248 0.057019647033760668
leaf_weight=32.87468234077096 53.674161169677973 6929.5137638160959 351.49372927285731 327.11476641288027 2834.0659229774028 517.39021918084472 369.12989233154804 626.89490538323298 440.32103632483631 3719.2411359949037 193.91229875199497 50.716089460067451 36.466703455895185 419.97031474113464 1466.9923860048875 101.34190237522125 450.43031697720289 173.297188565135 337.98918974399567 162.16182393208146 20066.247998811305 304.2248026356101 16305.549645369872 26389.710121477023 1179.5522825568914 46.528751319274306 2064.4945335425436 155.66268905252218 41.46226458158344 234.31049274653196 538.52527703717351 181.87774245068431 395.64408927038312 160.23983181267977 21.212759394198656 289.95378686487675 680.37498256517574 469.49222695128992 803.80227122455835 45.747779492288828 706.43227032758296 522.35545860184357 1099.0337792197242 490.67279383912683 866.38538001477718 32.953492597676814 50.138501118868589 10219.992578616366 20.728724083863199 40.595160149037838 78.772073317319155 346.59679958969355 149.03022369742393 283.36386532057077 3275.0900407489389 47.29773323237896 201.06486980058253 1111.6727029234171 37.667170759290457 108.84845301695168 1243.7212282130495 336.01205929741263
leaf_count=203 288 6344 3542 11985 5517 4857 216 6643 251 11569 1556 447 219 3158 10939 180 1020 12606 500 5137 11289 7836 30560 145578 8868 467 6627 897 367 1547 1661 1025 2044 507 113 321 4137 6451 931 198 6719 6017 476 2522 638 248 88 1211 28 562 425 42 20 902 4769 52 599 804 221 114 8916 369
internal_value=0.0484723 0.0578881 0.0376281 0.0414124 0.0421763 0.0600205 -0.0030658 0.0716834 0.0172046 0.0805506 0.0218037 0.0420097 0.00978903 0.0222893 0.0300182 0.00645449 0.0665278 0.0598216 0.0371961 0.0601865 0.0605188 0.0541465 0.0556946 0.0354216 0.0328886 0.121301 0.0397407 -0.0262 0.0306065 0.0172448 0.00706577 0.0536711 0.0299755 -0.00913488 -0.0331498 0.0261774 0.00865455 -0.00939328 0.0547029 0.0629251 -0.0165166 -0.0392044 0.0652454 0.0101312 0.0573933 0.0727686 -0.0406171 0.0641316 -0.0657305 0.0616941 0.0286007 0.111477 0.0661172 0.053568 0.0565137 0.09953 0.09011 0.0739839 0.0427988 0.059482 -0.0417991 0.0886892
internal_weight=111238 59537.7 51700.4 41721.1 41394 9029.4 1408.88 7620.52 1067.22 6553.31 9979.31 3720.08 6259.23 4646.02 3173.74 1929.64 1244.1 55596 32364.6 55422.7 55260.6 23539.3 23235.1 30877.2 27569.3 496.959 3204.87 1613.21 3941.62 2631.04 958.496 2246.37 747.138 1627.23 1529.45 2376 1472.77 1149.87 903.224 849.55 1441.16 1039.75 31721.3 684.585 1310.58 322.907 756.571 30286.2 255.039 1269.12 402.731 546.343 199.746 323.959 3307.96 83.7644 302.407 1487.33 375.656 130.061 1399.38 1435.05
internal_count=354343 92871 261472 207998 196013 35070 11090 23980 6894 17086 53474 19807 33667 23356 19298 12225 7073 75828 160943 63222 58085 44740 36904 159418 154446 1487 12471 10311 17043 14149 4819 7652 5586 11446 10040 12574 11157 10588 1417 1129 10885 10874 13345 4078 2894 569 6807 12500 1575 2527 1889 509 467 1464 4972 271 779 1525 721 227 9813 845
is_linear=0
shrinkage=0.05


Tree=18
num_leaves=63
num_cat=0
split_feature=28 40 15 26 19 37 40 40 38 26 28 29 38 27 26 27 27 40 2 28 15 38 38 38 32 40 15 35 26 40 22 23 35 29 27 34 27 34 23 23 26 36 15 24 34 32 30 19 37 3 30 18 36 36 3 37 23 40 37 32 29 37
split_gain=4940.88 1175.35 1157.24 1793.97 1091.39 922.601 828.725 1052.31 1996.96 964.537 811.899 788.385 847.189 792.752 736.062 685.86 3166.62 1444.34 849.745 728.948 1364.79 576.823 881.702 546.12 535.703 470.688 410.891 390.87 387.194 386.103 339.821 277.645 269.919 266.724 533.316 402.797 385.332 249.063 230.108 228.822 213.476 203.477 262.655 397.743 245.548 194.76 193.002 151.944 130.354 125.712 125.581 122.475 119.749 101.117 853.401 100.612 90.702 157.619 84.8359 77.5538 11.9529 7.59343
threshold=8.5000000000000018 0.67791730165481578 7.5000000000000009 95.500000000000014 0.85079738497734081 -0.00082637876039370884 0.80129671096801769 0.20322282612323764 0.0029865612741559748 31.500000000000004 12.500000000000002 2.7050000429153447 0.016953788697719577 5.2650001049041757 982.50000000000011 7.4500000476837167 6.9500000476837167 4.2794654369354257 7.5000000000000009 79.500000000000014 29.500000000000004 0.00039043436117935931 0.0071964026428759107 0.016288119368255142 0.018029085360467437 8.5114936828613299 3.5000000000000004 -23.011987686157223 127.50000000000001 0.31257411837577825 15.518598079681398 3541501854351360.5 -0.99926361441612233 0.99999988079071056 4.5950000286102304 -11.275109291076658 4.3949999809265146 -15.504490375518797 14089753494290434 9.9356660842895526 11.500000000000002 0.026667004451155666 9.5000000000000018 0.4642855972051621 20.874002456665043 0.67778536677360546 1.5064166784286501 331.68011474609381 -0.17148202657699582 61.500000000000007 44.333644866943366 238.82362365722659 4.1246776580810556 0.086567033082246794 12.500000000000002 -2.9741778373718257 0.16385818272829059 0.36425292491912847 2.6775013208389287 -0.74315673112869252 4.8500001430511483 0.032562745735049255
decision_type=2 2 2 2 2 2 2 2 2 2 2 2 2 2 2 2 2 2 2 2 2 2 2 2 2 2 2 2 2 2 2 2 2 2 2 2 2 2 2 2 2 2 2 2 2 2 2 2 2 2 2 2 2 2 2 2 2 2 2 2 2 2
left_child=2 10 3 4 26 28 7 9 -9 -6 29 12 -8 -13 15 16 19 18 -18 20 -3 30 52 46 53 -26 37 -21 41 32 56 -25 -2 36 40 -36 50 39 -39 -1 -35 44 43 -43 -4 -34 -24 -38 -47 -44 -31 -19 55 59 -55 -23 57 -12 -54 -17 -27 -58
right_child=1 14 5 -5 6 -7 11 8 -10 -11 21 13 -14 -15 -16 24 17 51 -20 27 -22 22 23 31 25 60 -28 -29 -30 33 -32 -33 45 34 35 -37 47 38 -40 -41 -42 42 49 -45 -46 48 -48 -49 -50 -51 -52 -53 58 54 -56 -57 61 -59 -60 -61 -62 -63
leaf_value=0.15015977034067526 0.10403037516961151 0.053663193296290414 -0.077326826143629526 -0.056442077041397171 0.028361810016254763 -0.061828682993603612 0.0010330488147783931 0.063540815962981667 0.030544392802415821 -0.01647404973617848 0.073684829326677345 0.12849669424668822 0.055166777614970741 0.032020286068504072 -0.054050701446785809 0.083827399190973831 0.040061941717763325 -0.085584532541956762 -0.094475785227382758 -0.035996412600795051 -0.067604915086632605 0.0216980111825118 0.11172024786448537 -0.064686062081034862 0.060981365498792919 -0.10939432348469841 -0.079838874266424567 0.071092315960911021 -0.056347053318789524 0.10630562796337875 -0.07271907311591104 0.064395553229399202 -0.065829610039334227 0.11565238247533836 -0.016324408266093726 0.057148237504066758 0.070912704623644796 0.037417000722012018 0.062551677801380115 0.063679942437632073 -0.058710684414893716 0.11068947658907427 0.07863591011675497 0.31416815843478951 0.066880151569927909 0.084253551822269013 0.039164950730612803 0.029347867526989632 -0.055588084855033172 0.12791066621732702 0.20683960679638191 0.011849590604180666 -0.058233248427480545 0.062293331560450131 -0.074930636258800157 -0.061826697887224884 0.079115499923891552 -0.068558322594643631 0.10602582695364243 0.066338684365341197 -0.068800444055173646 0.10201871291267878
leaf_weight=135.51216328516603 41.259655730798841 24208.998430704232 39.116331111639738 555.2397360606119 13099.608591342345 119.57527365162969 5261.4263790715486 7001.2969948332757 13300.559079406317 1319.6307803271338 70.358500428497791 260.8093219101429 836.8811991950497 1148.7619957346469 146.25472126994282 673.78956784307957 815.65353969484568 537.0883845705539 136.08031171560287 85.513832005672157 233.4120807251893 37.806842278689146 144.30077090114355 164.93215011805296 117.244220495224 28.595575198531151 53.678376324474812 7878.3840683554299 49.12891008425504 80.54631238617003 42.477211479097605 54.699919581413269 150.54929498676211 18.645454272627831 212.01433281879872 1522.3149680318311 800.04800838977098 1304.2348084989935 3073.6743419244885 180.9092629943043 167.58399260509759 118.43186711426824 1321.8991762571968 30.012785150669515 111.12537391856313 45.439441886730492 254.29122900217772 306.60974176600575 25.094027657993138 146.45017511211336 55.503112107515335 33.971945650875568 12.046817601658406 3087.0407556444407 116.77108565252274 595.09249540232122 88.189072987064719 25.867439392954111 19.09217631816864 18273.364362387452 91.166521779727191 139.65622933767736
leaf_count=53 35 46240 415 11216 94705 4170 34326 24826 55304 12145 73 49 2468 3849 13436 111 1082 3673 608 418 4303 96 46 784 52 118 415 3241 2017 68 316 17 1128 2 749 2927 1096 3650 2755 178 2540 368 1165 44 103 148 445 649 421 23 75 74 131 1225 475 8398 93 174 2 3618 944 68
internal_value=0.0461449 0.0556031 0.0343778 0.032833 0.0338895 0.0722726 0.0313323 0.0345897 0.0419264 0.0242573 0.0325402 0.016265 0.00847056 0.0499531 0.0576751 0.0579663 0.0534779 -0.0169752 0.0207413 0.0567891 0.0525022 0.0037054 -0.0121113 0.0308286 0.0647656 -0.00994928 0.0566205 0.0699374 0.0811336 0.0464123 0.0589316 -0.0323691 -0.011821 0.0512457 0.0395235 0.0481594 0.0693114 0.0581986 0.0550751 0.101088 -0.0407021 0.0849886 0.0901635 0.15369 0.0290389 -0.0338354 0.0656582 0.0594382 0.0343499 0.0836376 0.148566 -0.0797689 -0.0520825 0.0655656 0.0572685 -0.056803 0.0763736 0.0350838 0.0424883 0.0669653 -0.07936 0.0935602
internal_weight=111006 61537.7 49468 47532.2 46977 1935.74 42229 34721.1 20301.9 14419.2 5074.42 7507.88 6098.31 1409.57 56463.3 56317.1 33929.1 1522.79 951.734 32406.3 24442.4 1648.81 1282.26 618.224 22388 237.006 4748.01 7963.9 1816.16 3425.61 366.548 219.632 262.342 3163.27 1920.56 1734.33 1242.71 4694.33 4377.91 316.421 186.229 1767.04 1616.79 148.445 150.242 221.083 398.592 1106.66 70.5335 1468.35 136.049 571.06 664.038 22151 3203.81 632.899 324.071 96.2259 31.139 18947.2 119.762 227.845
internal_count=354343 100099 254244 245939 234723 8305 227672 186980 80130 106850 20481 40692 36794 3898 79618 66182 59639 5437 1690 54202 50543 10643 9919 1292 6543 1114 7051 3659 4135 9838 724 801 1732 8106 6218 3676 1888 6636 6405 231 2542 2118 1600 412 518 1697 491 1745 569 1188 143 3747 8627 5429 1700 8494 408 247 133 3729 1062 161
is_linear=0
shrinkage=0.05


end of trees

feature_importances:
r100_n_30d=101
hist_m55_frac=75
rate_anom_30d=73
hist_m6_frac=67
r100_max_mag_30d=64
r100_mag_range_30d=63
trigger_depth=52
trigger_mag=45
r100_b_30d=45
n_events_30d=34
r100_hours_since_m4=33
r100_n_m4_30d=32
r100_n_7d=25
quiescence=24
r100_depth_trend=21
drift_speed=19
dt_accel=19
max_mag_72h=17
b_value_14d=17
b_delta_bg=17
moment_7d_log=15
hours_since_m4=14
active_ratio_7d_30d=12
hours_since_last=12
drift_approach=12
energy_ratio_24h_48h=11
moment_accel=11
median_mag_7d=10
rumble_ratio=10
depth_to_peak=10
mag_range_7d=6
depth_trend_7d=6
n_events_72h=5
n_events_7d=5
max_mag_7d=5
consec_up=5
double_tap_count=4
n_events_24h=1
mag_trend_72h=1
rate_accel_6h_24h=1

parameters:
[boosting: gbdt]
[objective: binary]
[metric: auc]
[tree_learner: serial]
[device_type: cpu]
[data_sample_strategy: bagging]
[data: ]
[valid: ]
[num_iterations: 500]
[learning_rate: 0.05]
[num_leaves: 63]
[num_threads: 0]
[seed: 0]
[deterministic: 0]
[force_col_wise: 0]
[force_row_wise: 0]
[histogram_pool_size: -1]
[max_depth: 7]
[min_data_in_leaf: 50]
[min_sum_hessian_in_leaf: 0.001]
[bagging_fraction: 0.8]
[pos_bagging_fraction: 1]
[neg_bagging_fraction: 1]
[bagging_freq: 5]
[bagging_seed: 3]
[bagging_by_query: 0]
[feature_fraction: 0.7]
[feature_fraction_bynode: 1]
[feature_fraction_seed: 2]
[extra_trees: 0]
[extra_seed: 6]
[early_stopping_round: 0]
[early_stopping_min_delta: 0]
[first_metric_only: 0]
[max_delta_step: 0]
[lambda_l1: 0.1]
[lambda_l2: 1]
[linear_lambda: 0]
[min_gain_to_split: 0]
[drop_rate: 0.1]
[max_drop: 50]
[skip_drop: 0.5]
[xgboost_dart_mode: 0]
[uniform_drop: 0]
[drop_seed: 4]
[top_rate: 0.2]
[other_rate: 0.1]
[min_data_per_group: 100]
[max_cat_threshold: 32]
[cat_l2: 10]
[cat_smooth: 10]
[max_cat_to_onehot: 4]
[top_k: 20]
[monotone_constraints: ]
[monotone_constraints_method: basic]
[monotone_penalty: 0]
[feature_contri: ]
[forcedsplits_filename: ]
[refit_decay_rate: 0.9]
[cegb_tradeoff: 1]
[cegb_penalty_split: 0]
[cegb_penalty_feature_lazy: ]
[cegb_penalty_feature_coupled: ]
[path_smooth: 0]
[interaction_constraints: ]
[verbosity: -1]
[saved_feature_importance_type: 0]
[use_quantized_grad: 0]
[num_grad_quant_bins: 4]
[quant_train_renew_leaf: 0]
[stochastic_rounding: 1]
[linear_tree: 0]
[max_bin: 255]
[max_bin_by_feature: ]
[min_data_in_bin: 3]
[bin_construct_sample_cnt: 200000]
[data_random_seed: 1]
[is_enable_sparse: 1]
[enable_bundle: 1]
[use_missing: 1]
[zero_as_missing: 0]
[feature_pre_filter: 1]
[pre_partition: 0]
[two_round: 0]
[header: 0]
[label_column: ]
[weight_column: ]
[group_column: ]
[ignore_column: ]
[categorical_feature: ]
[forcedbins_filename: ]
[precise_float_parser: 0]
[parser_config_file: ]
[objective_seed: 5]
[num_class: 1]
[is_unbalance: 0]
[scale_pos_weight: 76.6495]
[sigmoid: 1]
[boost_from_average: 1]
[reg_sqrt: 0]
[alpha: 0.9]
[fair_c: 1]
[poisson_max_delta_step: 0.7]
[tweedie_variance_power: 1.5]
[lambdarank_truncation_level: 30]
[lambdarank_norm: 1]
[label_gain: ]
[lambdarank_position_bias_regularization: 0]
[eval_at: ]
[multi_error_top_k: 1]
[auc_mu_weights: ]
[num_machines: 1]
[local_listen_port: 12400]
[time_out: 120]
[machine_list_filename: ]
[machines: ]
[gpu_platform_id: -1]
[gpu_device_id: -1]
[gpu_use_dp: 0]
[num_gpu: 1]

end of parameters

pandas_categorical:null
