tree
version=v4
num_class=1
num_tree_per_iteration=1
label_index=0
max_feature_idx=30
objective=binary sigmoid:1
feature_names=trigger_mag trigger_depth n_events_24h n_events_72h n_events_7d n_events_30d n_m4_events_7d max_mag_72h max_mag_7d mag_range_7d median_mag_7d consec_up rumble_ratio mag_trend_72h double_tap_count depth_to_peak active_ratio_7d_30d rate_accel_6h_24h hours_since_last hours_since_m4 b_value_14d energy_ratio_24h_48h moment_7d_log moment_accel depth_trend_7d r100_n_7d r100_n_30d r100_max_mag_30d r100_n_m4_30d r100_mag_range_30d r100_hours_since_m4
feature_infos=[2.5:8.3000001907348633] [-3.630000114440918:750] [0:166] [0:184] [0:243] [0:658] [0:62] [0:4.9899997711181641] [0:4.9899997711181641] [0:2.429999828338623] [0:4.9899997711181641] [0:10] [0:1.8846155405044556] [-1.2000000476837158:1.2000000476837158] [0:8] [0:155] [0:1] [0:126] [0:999] [0:999] [0:9.3670949935913086] [0:9840532480] [0:17.591703414916992] [0:1.9528699180849562e+17] [-101.5:283.5] [0:256] [0:1677] [0:4.9899997711181641] [0:115] [0:2.4600000381469727] [0:999]
tree_sizes=6686 6731 6736 6531 6421 6727 4982 5959 5078 6806 6784 6803 6788 5240 6812 6795 6789 6800 6830 6281 5997 5880 6585 6079 6812 6839 6833 6864 6832 6836 6789 6387 6814 6835 6107 6857 6850 6596 6419 6748 6624 6834 6869 6592 6174 6489 6585 5252 6161 4599 6586 6617 6875 6873 6499 4857 5333 5028 5346 5857 5986 5452 5666 4914 5885 6816 6828 6853 6365 5524 6263 4721

Tree=0
num_leaves=63
num_cat=0
split_feature=29 26 19 26 0 26 26 15 0 25 0 29 29 26 26 29 29 26 29 25 26 0 16 0 29 29 7 29 0 26 16 10 0 16 4 26 15 25 25 12 26 26 23 3 26 0 0 0 13 13 21 29 29 0 26 22 15 24 8 10 6 8
split_gain=200121 240257 188163 86674.5 56843.5 144485 66044.9 40605.1 40372.2 39355.7 30621.8 29885.7 26474.6 22439.7 16396.7 16381.8 29038.5 16349.5 16004.5 17005.4 15183.1 14676.1 12329.7 12328.7 11345.2 10951.3 10409.1 9763.7 9054.25 8860.21 8779.14 8295.49 8177.22 7702.3 12082.9 7084.65 6987.35 9727.91 8368.31 5977 5671.78 5622.11 5478.19 5396.58 5244.05 4988.23 3843.08 3767.53 3283.4 2824.23 2680.7 2497.46 3630.04 1893.97 1554.4 1251.65 1205.76 1146.62 1008.44 798.407 671.604 2048.57
threshold=1.9999998807907107 97.500000000000014 859.49984741210949 165.50000000000003 3.9750000238418584 8.5000000000000018 1.0000000180025095e-35 7.5000000000000009 4.0965147018432626 18.500000000000004 5.1099998950958261 1.6900001764297488 0.70000016689300548 77.500000000000014 2.5000000000000004 1.6000000238418581 1.604999899864197 67.500000000000014 2.3200000524520878 46.500000000000007 111.50000000000001 3.495000004768372 0.60092595219612133 2.9250000715255742 0.10000026226043703 0.89499998092651378 4.2249999046325692 0.99999988079071056 3.1950000524520878 10.500000000000002 0.49683544039726263 2.7525000572204594 5.6250000000000009 0.9506097435951234 22.500000000000004 149.50000000000003 3.5000000000000004 15.500000000000002 6.5000000000000009 1.0461823344230654 4.5000000000000009 110.50000000000001 1773810017632256.2 4.5000000000000009 68.500000000000014 4.6099998950958261 4.5099999904632577 5.9500000476837167 0.090000022202730193 -0.24999998509883878 532763.79687500012 2.2750002145767216 2.2899998426437382 4.805000066757203 73.500000000000014 15.988996505737306 25.500000000000004 21.002499580383304 3.1950000524520878 3.8450000286102299 1.0000000180025095e-35 4.5950000286102304
decision_type=2 2 2 2 2 2 2 2 2 2 2 2 2 2 2 2 2 2 2 2 2 2 2 2 2 2 2 2 2 2 2 2 2 2 2 2 2 2 2 2 2 2 2 2 2 2 2 2 2 2 2 2 2 2 2 2 2 2 2 2 2 2
left_child=1 2 8 9 5 12 10 17 11 36 46 13 21 22 32 53 35 -7 33 -20 30 -4 -1 26 45 -15 -13 29 -14 -16 50 -9 55 34 -11 -17 38 -38 40 51 -2 48 -42 -29 -26 -8 -6 -12 -40 -25 -18 -5 -53 57 58 -10 -36 -3 -39 -59 -21 -62
right_child=3 15 4 39 6 7 24 31 14 18 47 23 28 25 27 16 20 -19 19 60 -22 -23 -24 49 44 -27 -28 43 -30 -31 -32 -33 -34 -35 56 -37 37 54 41 -41 42 -43 -44 -45 -46 -47 -48 -49 -50 -51 -52 52 -54 -55 -56 -57 -58 59 -60 -61 61 -63
leaf_value=-2.4471050062345072 -4.2414190674368175 -4.1962170955523872 -3.8789870900919698 -4.2376167423785365 -3.3374521976829774 -2.6498574134856812 -2.7006893930020146 -1.0904898105060448 -2.691839562927314 -1.5116398884705187 -2.3788375081368596 -2.4195106948720229 -3.3663388390787508 -1.807901093400949 -1.8913515622666348 -1.5850149485629741 -4.2476636764248941 -3.3177592516224368 -4.2491375332336014 -1.323855040709232 -4.2528417072453291 -3.2734196731700074 -3.2499058293001166 -3.5069810764936933 -2.1444515990161221 -3.9613611404413067 -4.2479692990519959 -2.1326020458692709 -2.845587043826149 -1.4446349229561988 -1.6675668923684466 -2.9333982981061446 -1.3576458375846689 -0.97814914320888757 -4.2441374104377827 -4.2390844658789968 -4.2485101979513029 -2.6624969362203528 -1.8620556275723348 -4.2523829319133055 -2.3162504333822165 -4.2378161350785897 -1.5066044659134792 -3.7607286513485532 -4.239619824973957 -2.1873284369103363 -2.9894589987051248 -1.384152416609572 -3.2782925806769843 -1.8239817446152542 -2.7258105022452668 -1.7368223882891596 -4.2348569568717007 -2.7047090251277757 -1.6599170248005048 -2.2511410724865115 -2.9019392557603849 -4.2296733820246288 -4.2342858339180545 -2.6943673716591512 -2.1023704651797503 -4.2331435361020029
leaf_weight=393.30712974071503 3.541463077068328 232.52509962022305 338.26137560606003 2.4674127995967847 232.64103072881699 1452.3414867818356 210.05732694268227 49.760313123464584 106.0865031927824 277.08105562627316 40.049184545874596 66.484809190034866 191.25409099459648 5.8552521318197241 396.8058110922575 20.32006032764912 8.2440615892410296 102.66774889826775 11.233985334634783 9.2883304059505445 64.384959876537323 142.3274996727705 59.013202339410782 3.5397667139768592 642.72544956207275 44.914641693234444 8.7375441491603834 186.63933849334717 160.52773475646973 219.25688360631466 9.3625977337360364 9.1661844849586469 17.491489067673683 110.29713307321072 4.8332262486219397 2.8157534301280966 9.7535376548767108 1.1304106861352905 400.32258179783821 41.510591804981232 316.61978620290756 2.5109553784131995 28.232935130596161 5.876551777124404 2.9608953595161429 78.32254846394062 139.23183077573776 21.158490791916847 5.9038837999105445 235.752545312047 3.4074426144361487 4.3329582363367081 1.9594160467386244 1.1884674578905094 6.7534357309341431 40.771501466631889 1.5077797025442121 1.3207915574312203 1.8723308891057966 1.1739532649517057 2.130193635821342 1.7126747667789457
leaf_count=13065 244 15757 20802 170 11812 54143 8016 266 4015 4069 1244 2143 9817 74 8826 280 568 5163 774 47 4436 7039 2880 178 17534 2831 602 5019 6580 2918 118 368 151 418 333 194 672 12 8673 2860 9692 173 364 339 204 2168 6101 206 275 4911 103 35 135 16 70 1162 38 91 129 15 15 118
internal_value=-2.53111 -2.65235 -2.57355 -1.95354 -2.77292 -2.91864 -2.51332 -2.64261 -2.14996 -1.86802 -3.02865 -2.4153 -3.45509 -2.66143 -1.92905 -3.93437 -3.42895 -2.69335 -1.46868 -2.80165 -3.86611 -3.69808 -2.5495 -2.02775 -2.2759 -3.67144 -2.62977 -1.83303 -3.12552 -1.72814 -2.73252 -1.35111 -2.41296 -1.38996 -1.56101 -1.89635 -2.08624 -3.1101 -2.06134 -3.9919 -2.26273 -1.89485 -2.24235 -2.17973 -2.15411 -2.55476 -3.20424 -1.99513 -1.88031 -1.84586 -3.72142 -2.87842 -2.41309 -4.16891 -2.0731 -2.55708 -3.79192 -4.18266 -3.4068 -3.28369 -1.6473 -2.86318
internal_weight=7193.73 5948.73 5603.99 1245 3813.45 2446.31 1367.15 1613.94 1790.53 1194.73 433.081 817.605 832.371 503.09 972.928 344.743 108.535 1555.01 418.084 24.3652 85.3991 480.589 452.32 314.515 934.066 50.7699 75.2224 808.579 351.782 616.063 21.0141 58.9265 164.349 393.719 283.422 23.1358 776.641 19.5097 757.132 50.2704 348.394 408.737 344.853 192.516 645.686 288.38 371.873 61.2077 406.226 239.292 11.6515 8.75979 6.29237 236.208 9.75618 146.858 6.34101 235.02 3.00274 2.49474 13.1312 3.84287
internal_count=251471 222155 200577 29316 151463 104178 47285 59940 49114 26116 19363 26684 44238 18850 22430 21578 5699 59306 5812 954 5225 27841 15945 7834 27922 2905 2745 17102 16397 11744 789 634 5328 4858 4440 474 20304 883 19421 3200 10300 9121 10056 5358 17738 10184 17913 1450 8948 5089 671 340 170 15879 211 5177 371 15863 141 106 180 133
is_linear=0
shrinkage=1


Tree=1
num_leaves=63
num_cat=0
split_feature=22 29 1 0 3 28 18 1 27 27 16 27 1 12 29 1 1 18 15 8 16 27 27 29 1 28 20 21 27 1 27 24 1 1 1 9 23 22 1 0 0 1 1 23 7 27 29 1 21 27 0 2 13 28 29 0 23 29 8 0 23 0
split_gain=10915.9 3806.45 3616.83 6523.32 3239.89 2846.31 1969.7 1963.54 1947.36 7131.93 2890.04 2567.14 3339.02 3623.37 2372.8 2047.92 1947.19 3198.66 3007.5 2338.1 1887.78 1807.08 2286.95 2025.38 1797.82 1555.48 2316.65 1503.05 1499.88 1474.81 1839.43 1420.08 1378.95 1100.01 1568.56 1248.72 1115.14 1089.46 984.062 951.966 932.622 890.164 868.951 862.217 850.609 842.497 2061.58 966.39 800.04 767.882 765.954 686.452 705.712 615.042 603.958 603.265 595.264 566.782 586.741 520.985 519.225 489.499
threshold=14.214460849761965 1.9049999713897707 10.34500026702881 3.4050000905990605 7.5000000000000009 1.5000000000000002 599.42056274414074 219.88999938964847 3.8067375421524052 3.8149999380111699 0.49683544039726263 4.305000066757203 11.802000045776369 1.1764705777168276 0.50000011920928966 104.00500106811525 3.4415000677108769 182.37486267089847 1.5000000000000002 3.2949999570846562 0.29645323753356939 3.4750000238418584 3.4650000333786015 1.0900000333786013 39.995000839233406 11.500000000000002 0.66263887286186229 2142320.6250000005 3.6950000524520878 6.7204999923706064 3.995000004768372 -7.3850014209747306 0.99900001287460338 80.014999389648452 20.005000114440922 0.10000002384185792 1.2010478973388674 14.432491779327394 401.48500061035162 4.7049999237060556 4.805000066757203 36.954999923706062 68.005001068115249 14066202968064.002 3.554999947547913 4.6549999713897714 2.2750002145767216 257.13999938964849 1119986.6875000002 4.4949998855590829 3.8017375469207768 30.500000000000004 0.0067942375317215928 9.5000000000000018 1.0050001144409182 3.5949999094009404 10.383527278900148 2.3899999856948857 4.7750000953674325 3.5949999094009404 0.078211545944213881 2.5049999952316289
decision_type=2 2 2 2 2 2 2 2 2 2 2 2 2 2 2 2 2 2 2 2 2 2 2 2 2 2 2 2 2 2 2 2 2 2 2 2 2 2 2 2 2 2 2 2 2 2 2 2 2 2 2 2 2 2 2 2 2 2 2 2 2 2
left_child=1 2 16 5 8 21 24 42 10 -10 -2 12 13 -11 37 -14 18 19 32 27 -6 22 -4 -23 48 26 -13 -18 -21 30 -19 -16 -1 34 35 55 -37 -12 53 -40 -31 51 -7 -36 -39 -35 47 -47 -5 -27 -34 57 -53 -8 -33 61 -26 58 -22 -48 -9 -3
right_child=4 33 3 6 20 7 38 60 9 11 14 25 15 -15 31 -17 17 29 -20 28 41 23 -24 -25 56 49 -28 -29 -30 40 -32 54 50 45 43 36 -38 44 39 -41 -42 -43 -44 -45 -46 46 59 -49 -50 -51 -52 52 -54 -55 -56 -57 -58 -59 -60 -61 -62 -63
leaf_value=-0.050679068308851716 -0.032665333911717727 0.29993583442808264 0.36821153400538309 0.30409712930084909 -0.052275152902048053 0.41961238627678671 0.29598748034891703 0.53844032182899981 0.82497111531867306 0.25149192514327251 -0.044654840014920032 0.25180047664858413 0.35672524261432148 -0.053958175089427032 0.56153234382783912 0.20418310822730754 0.081175460070188457 0.086324855788746102 0.64122052825146481 -0.050378106365432634 0.18442867073524741 0.18725962114625769 0.71595916794381032 0.32385518623754322 0.24351242044660171 0.067780393366341188 0.12869530320805131 0.3494614379174672 0.42202181664943228 0.26503125860391408 0.2857115070484354 0.19561787411840603 0.34244808124514797 0.23829212114911444 0.29648928839094374 -0.056737843867419646 0.23767002805922866 0.95815345781715955 0.39395899046884386 0.17307709944514485 0.32981682619132635 -0.056133430946636864 0.34151937200249494 -0.054540483210910387 0.42924999146146769 -0.056825690748498775 0.22745032455472441 0.35039989850857628 0.49476441426886092 0.2043636000337121 0.10952018303225182 0.17808209100329178 0.43063624629656422 0.40352589925192311 0.027522584901344134 0.32064125719092207 0.037276806531871765 0.27818095249048258 -0.056528960585783196 -0.053247336721033448 0.82030319295781018 0.19810566308887442
leaf_weight=25.932863439433277 156.40577590838075 149.38761173374951 698.06740013230592 1114.1267372677103 82.068028192035854 1142.0803526258096 4190.711997654289 94.964743443764746 52.367437266744673 557.05034107156098 5.858402067795395 6856.0925895525143 1347.5849143546075 117.12594406120479 20.827422051690519 268.89471672382206 519.60636570770293 239.35920074302703 76.075345705263317 19.725997594185174 2336.2728949161246 333.26836553495377 51.215424853377044 1594.5982961766422 3097.1967273605987 109.14929432515055 408.33954545576125 57.244236335158348 104.5064919674769 2618.6320077124983 225.31697713769972 156.22728242538869 413.24461184162647 989.12142583169043 1750.2105148285627 74.103010330349207 55.404082869179547 15.591550236567853 497.82636806368828 56.65736985579133 735.30405123531818 35.645281209610403 573.32844702992588 17.356177669018507 19.869301689788699 120.89096334017813 395.74083319958299 15.546304158866404 59.97957596834749 2299.8695240560919 39.945700841955841 54.459850398823619 60.854438495822251 144.88855407387018 81.618251121602952 176.7722964156419 35.844974501989782 166.82836856413633 25.090183798223734 16.86282884888351 25.857603283599019 667.33491018973291
leaf_count=677 2746 579 11827 5826 4518 6857 30224 326 51 6531 142 24134 10718 2517 78 2276 8440 5938 204 419 5021 5709 49 16330 12202 3167 2851 757 730 30764 2132 1081 5591 2414 5511 877 181 103 2369 219 3254 693 4124 173 191 1185 1118 23 226 9168 418 412 53 547 1325 663 418 208 436 180 52 3518
internal_value=0.265446 0.287049 0.296912 0.310311 0.232509 0.359664 0.286054 0.407958 0.243381 0.247239 0.141462 0.244641 0.292434 0.198417 0.23207 0.331496 0.260658 0.249665 0.349523 0.151124 0.183326 0.326398 0.39291 0.300354 0.26116 0.233294 0.2449 0.108366 0.34717 0.267712 0.183422 0.174439 0.301957 0.245157 0.263482 0.216782 0.0700297 0.580094 0.307923 0.37175 0.27933 0.190561 0.393729 0.293011 0.681838 0.210567 0.160268 -0.0081762 0.314254 0.198208 0.322214 0.19391 0.313961 0.299675 0.138313 0.235817 0.241167 0.18831 0.181843 0.215865 0.605042 0.217082
internal_weight=38448.3 23214.2 18785.5 13710.6 15234.1 4513.38 9197.23 1836.23 12472.9 12016.5 456.398 11964.1 2290.66 674.176 299.992 1616.48 5074.89 4519.7 555.199 701.083 2761.22 2677.15 749.283 1927.87 4307.15 9673.45 7264.43 576.851 124.232 3818.61 464.676 258.673 479.123 4428.73 2890.57 1123 129.507 41.3193 4890.08 554.484 3353.94 2679.15 1715.41 1767.57 35.4609 1538.16 549.041 136.437 1174.11 2409.02 453.19 2643.51 115.314 4335.6 237.846 993.495 3133.04 2528.19 2361.36 412.604 120.822 816.723
internal_count=251471 173051 156629 97305 78420 45274 52031 11359 67079 61413 5666 61362 22042 9048 2920 12994 59324 52434 6890 10346 11341 33915 11876 22039 18672 39320 26985 9197 1149 42088 8070 2484 6686 16422 11502 5818 1058 436 33359 2588 34018 6823 10981 5684 294 4920 2506 1208 6052 12335 6009 6130 465 30771 2406 4760 12620 5665 5457 1298 378 4097
is_linear=0
shrinkage=0.05


Tree=2
num_leaves=63
num_cat=0
split_feature=5 1 16 5 19 30 29 29 0 0 1 1 29 0 27 27 1 30 28 20 9 16 29 29 9 1 18 27 27 1 24 18 27 1 29 1 28 10 27 29 29 10 27 1 19 0 5 28 29 0 29 8 29 19 30 0 18 0 29 16 5 27
split_gain=6075.42 3278.61 3257.66 3695.94 1944.16 2253.83 2437.94 2255.34 2442.24 2072.29 2685.83 2819.86 1943.56 1917.74 1672.99 2013.82 1213.6 1054.9 1003.19 1002.18 988.445 1541.26 982.588 1091.34 974.585 931.183 887.672 859.675 1399.35 835.483 828.826 816.565 755.115 753.93 1451.72 747.221 773.609 739.768 738.917 722.513 654.232 619.955 573.973 570.247 567.62 521.958 562.353 517.441 1307.38 1284.6 635.226 499.344 1610.64 1089.22 496.272 470.285 454.218 439.599 791.387 1587.8 758.397 424.617
threshold=12.500000000000002 26.994999885559086 0.34634424746036535 23.500000000000004 625.88903808593761 622.09735107421886 1.9049999713897707 1.0900000333786013 3.995000004768372 2.8349999189376835 10.99900007247925 1.9959999918937685 1.1999999284744265 3.6950000524520878 3.8249999284744267 3.8067375421524052 165.69499969482425 516.97836303710949 12.500000000000002 0.46335980296134954 0.50000011920928966 0.61141636967659008 1.0000000180025095e-35 0.14999997615814212 0.43499994277954107 143.01999664306643 610.29138183593761 4.055000066757203 4.0750000476837167 81.319999694824233 -4.4940476417541495 380.77603149414068 2.9850000143051152 3.4415000677108769 1.1000000238418581 108.00899887084962 1.5000000000000002 3.5425000190734868 4.5950000286102304 0.50000011920928966 0.70000016689300548 3.9850000143051152 3.2849999666213994 81.319999694824233 345.55549621582037 3.8950001001358037 8.5000000000000018 10.500000000000002 0.99499988555908214 4.0965147018432626 1.9999998807907107 4.2349998950958261 2.1749999523162846 46.140001296997077 1.3630555868148806 3.495000004768372 0.15266805142164233 4.0050001144409189 1.1349999904632571 0.79502627253532421 1.5000000000000002 4.4449999332427987
decision_type=2 2 2 2 2 2 2 2 2 2 2 2 2 2 2 2 2 2 2 2 2 2 2 2 2 2 2 2 2 2 2 2 2 2 2 2 2 2 2 2 2 2 2 2 2 2 2 2 2 2 2 2 2 2 2 2 2 2 2 2 2 2
left_child=4 2 3 19 35 6 7 13 12 10 11 39 -9 18 15 -3 25 -10 -6 30 40 37 -12 -24 33 27 -15 -16 -29 -26 -2 -32 -13 34 -11 36 44 42 -18 -7 -4 -5 -22 -35 56 46 -8 54 49 -49 -50 53 -53 -23 -37 -46 -1 58 59 -38 -60 -42
right_child=1 14 20 41 5 9 45 8 17 24 22 32 -14 26 16 -17 38 -19 -20 -21 21 51 23 -25 29 -27 -28 28 -30 -31 31 -33 -34 43 -36 47 57 -39 -40 -41 61 -43 -44 -45 55 -47 -48 48 50 -51 -52 52 -54 -55 -56 -57 -58 -59 60 -61 -62 -63
leaf_value=0.087697531249589983 0.2796553641045661 -0.053122416430075627 0.15388030847029299 -0.036969675705939745 0.10663224557305102 -0.047498757437124769 0.19732732930190372 0.35628053932238801 0.20940693845827341 0.33121176435025584 -0.04911205066759243 -0.050726557242214455 0.26586967646561227 0.13662575939881794 -0.053743238416124654 0.37713540129291073 0.26235561217680786 -0.056101889695099064 0.48026057467361327 -0.055174837511651115 0.16397474589174321 0.29860548998025221 0.74894202576251423 0.27456148929204199 -0.0033351294836330039 -0.01174632949994675 0.23195721373953845 0.42417400420947521 0.16891767702509142 0.29371184355150626 0.1258399576683957 0.56518339895454517 0.13346711121701524 0.1817597686496307 -0.052990288261268698 -0.055784848856933522 0.25176775589477868 0.17151392851642469 0.19238462358665243 0.36704611787889907 0.33768224083508758 0.22403399832218326 -0.038902244791557648 0.12866972745443891 -0.0096325844286314355 0.25056229124686563 0.1253204068832707 0.39338203968524921 -0.0110664509190221 0.16936192194974242 0.14701188767622289 -0.062352425322888629 0.16198417303566623 0.16637124253781232 0.1982317020315674 0.14651520504748125 0.19611348784711591 0.20026353820599316 0.12319367891452576 0.54722437513319944 0.22014749056146155 0.1967847304700738
leaf_weight=110.26750519499183 117.83754852972925 30.717041675932705 149.47902831807733 542.50114367622882 439.15868135169148 10.967522855848072 3617.5786004895344 698.96987765654922 1288.4941750345752 164.04147903621197 22.892009042203426 60.3583560641855 4417.1030118493363 258.85664082784206 41.007044997066259 220.54472396895289 703.32746268529445 38.110222494229674 17.855897022411227 58.900332498364151 42.135610543191433 204.55252167768776 11.591456938534973 1431.4976303046569 130.71946984808892 71.614397807978094 6716.054871276021 54.801770500838757 1882.9254052666947 27.891720323823392 583.98379768710583 9.8744147121906263 642.1582430973649 2766.2921527326107 28.567436611279845 18.941660931333899 597.11109973490238 86.571523045189679 862.94295385573059 165.39469980169088 159.73519337084144 22.752039854414761 180.78770799934864 634.60934773925692 71.236905911937356 432.38676262274384 300.85070443153381 66.193783931434155 147.03347759693861 1713.067826628685 110.68683810345829 84.314098048955202 1401.2470562402159 683.12703763507307 2699.2791447723284 147.11100150458515 955.72766155842692 4176.1181776160374 219.34881984908134 49.266421956941485 3364.9596031978726 89.217522059567273
leaf_count=587 490 572 156 15211 9106 373 10913 3842 4573 1649 824 2319 29462 1798 677 42 603 332 100 936 16 365 212 11210 1818 709 39310 33 7830 142 5658 20 9468 27328 382 164 3173 916 1021 715 416 227 3271 6023 656 1149 916 202 1776 1820 232 975 625 969 7974 974 4390 10693 1119 520 11328 161
internal_value=0.204727 0.165804 0.136301 0.0710044 0.213041 0.221706 0.23054 0.240815 0.262562 0.195264 0.232239 0.162783 0.27829 0.221929 0.199451 0.324514 0.190674 0.201739 0.122258 0.142165 0.164577 0.153537 0.273736 0.278891 0.172101 0.165151 0.22844 0.171559 0.176354 0.050382 0.158558 0.134091 0.117585 0.177456 0.274222 0.198436 0.206475 0.0483774 0.223955 0.341116 0.23833 -0.0260781 0 0.171895 0.169912 0.197727 0.191833 0.182012 0.162669 0.177915 0.0571122 0.167222 0.149215 0.19715 0.19644 0.0957369 0.184996 0.21204 0.223613 0.275105 0.214252 0.288198
internal_weight=47053.6 8284.9 4417.02 1335.85 38768.8 24322.4 18225.4 13874.6 6442.68 6096.98 2344.86 878.879 5116.07 7431.93 3867.88 251.262 3616.62 1326.6 457.015 770.596 3081.17 2682.74 1465.98 1443.09 3752.12 2050.35 6974.91 1978.73 1937.73 158.611 711.696 593.858 702.517 3593.51 192.609 14446.3 9691.15 309.495 1566.27 176.362 398.432 565.253 222.923 3400.9 1284.34 4350.82 3918.43 4755.2 2036.98 1779.26 257.72 2373.24 1485.56 887.68 2718.22 218.348 1066 8406.8 4230.69 646.378 3584.31 248.953
internal_count=251471 41899 30412 22542 209572 163964 101501 88523 38209 62463 25121 12875 33304 50314 11487 614 10873 4905 9206 7104 7870 7137 12246 11422 37342 9249 41108 8540 7863 1960 6168 5678 11787 35382 2031 45608 33440 4203 1624 1088 733 15438 3287 33351 6607 12978 11829 12168 4030 2022 2008 2934 1600 1334 8138 1630 4977 26833 16140 3693 12447 577
is_linear=0
shrinkage=0.05


Tree=3
num_leaves=61
num_cat=0
split_feature=26 1 1 27 5 23 26 26 26 27 27 26 27 11 22 8 9 30 30 26 15 24 23 27 27 30 21 24 24 23 1 26 13 23 9 20 20 9 13 26 26 1 30 1 30 1 4 30 1 23 23 1 27 27 1 11 1 30 27 7
split_gain=2867.97 2097.92 2269.13 2011.97 1813.83 2363.83 1295.12 1089.95 1191.13 1604.1 1161.2 1089.9 1040.35 1029.4 925.841 799.207 1716.41 751.098 739.335 730.288 712.289 685.855 677.687 971.544 664.6 629.063 623.383 822.915 609.086 587.673 587.67 1248.34 582.108 577.203 576.453 505.803 483.021 481.9 464.207 451.595 400.388 369.687 349.586 348.589 456.823 348.925 334.799 305.938 284.344 277.155 508.942 275.239 249.132 235.837 217.1 142.364 127.889 155.958 88.3359 4.69013
threshold=134.50000000000003 18.875000000000004 81.319999694824233 4.5950000286102304 18.500000000000004 0.28822696208953863 1.5000000000000002 79.500000000000014 20.500000000000004 4.4949998855590829 3.1950000524520878 74.500000000000014 4.0950000286102304 2.5000000000000004 14.969305515289308 3.8249999284744267 1.2199999094009402 202.35274505615237 688.56866455078136 128.50000000000003 1.0000000180025095e-35 8.0142855644226092 1.000025808811188 3.4750000238418584 3.0849999189376835 319.27667236328131 0.10967178642749788 0.49842333793640142 0.050952913239598281 2.5898617506027226 174.22000122070315 14.500000000000002 -0.026190470904111859 0.13032521307468417 1.3149999380111697 0.31961421668529516 0.3140853494405747 0.70000016689300548 0.099999915808439269 213.50000000000003 47.500000000000007 55.003499984741218 55.35156440734864 147.91500091552737 546.18206787109386 136.004997253418 10.500000000000002 678.97061157226574 9.3806500434875506 0.33059965074062353 0.34234087169170385 17.865000724792484 3.7949999570846562 3.995000004768372 75.005001068115249 5.5000000000000009 61.004999160766609 45.738607406616218 4.8949999809265146 2.995000004768372
decision_type=2 2 2 2 2 2 2 2 2 2 2 2 2 2 2 2 2 2 2 2 2 2 2 2 2 2 2 2 2 2 2 2 2 2 2 2 2 2 2 2 2 2 2 2 2 2 2 2 2 2 2 2 2 2 2 2 2 2 2 2
left_child=1 4 11 -2 7 20 18 8 9 13 24 15 22 -1 49 16 21 26 43 46 35 -3 33 -24 -10 41 27 -13 39 -28 31 -14 37 -8 -12 36 -6 58 42 48 -32 -17 -34 45 -45 -4 -16 -30 55 -9 -51 -11 -20 -54 -19 -5 57 -50 -7 -58
right_child=3 2 6 28 5 32 12 14 10 51 34 17 30 -15 19 25 -18 54 52 -21 -22 -23 23 -25 -26 -27 29 -29 47 -31 40 -33 38 -35 -36 -37 -38 -39 -40 -41 -42 -43 -44 44 -46 -47 -48 -49 56 50 -52 -53 53 -55 -56 -57 59 -59 -60 -61
leaf_value=0.14135899791935619 -0.052233903096227385 0.19508751246066033 0.2010804763176072 -0.057506911029934729 0.10390513164722781 0.083810167384954129 0.10108997956559661 -0.055793457350818081 0.22647865729273808 0.17757825729892546 0.18510540503980744 0.1514819048861018 0.17821602268127523 -0.0030690243349349531 0.046330658122019315 0.1765686127890724 0.37103892363219548 -0.055229042447090926 -0.052374730624233194 0.37873680370400076 -0.056151317146970893 -0.055715399736190441 0.3120347139117397 0.082573515963658917 0.43950545717575884 -0.055726725768909628 -0.05600164257705003 0.40773728719821706 -0.056695721152037595 0.16220438350251001 0.16596401819651013 0.1370604973563305 0.15566440011642621 -0.05498250005566916 0.11420580967825225 -0.054468093031652259 0.4252998449739816 -0.057172745343997494 -0.054863159816848722 -0.049772239894115611 0.19267174341986371 0.12218311195309602 0.10667122381536767 0.25793603699084983 0.0902087102360387 0.03561751730520215 0.18696050923888252 0.21631210325590136 0.14423361062096687 0.51094583952826678 0.03074970506880691 0.062625630042244945 0.23087039643144178 -0.050628380855879895 0.14993470928421646 0.12928302236720327 0.19460811622959603 0.033069637939121023 0.2060432112232311 0.16074947917554339
leaf_weight=6223.7393444124609 213.23800207488239 13999.210161329247 311.70356021262705 25.381087086163461 82.345788395032287 43.426019831560552 701.24819833040237 105.58637368027121 90.640998475253582 5001.9539282619953 4408.0852798046544 263.76672718301415 3099.1556620988995 125.75657174736261 93.283802364952862 2063.96838175226 139.53891042992473 70.44715790450573 30.569823127239943 29.394602172076702 223.28443502169102 26.885310949757695 89.78426269069314 95.946941006928682 66.622618809342384 31.312430452555418 63.862180332653224 35.224608641117811 64.600929128006101 57.9946249416098 4982.2948358915746 4632.2524774624035 1717.0568540748209 64.033472400158644 313.46071819402277 42.515607905574143 12.915838927030562 68.725579932332039 28.902461714111269 31.225694615393877 2040.1628059893847 381.31944725383073 476.20586606767029 647.13194220140576 44.886579226702452 36.097167760133743 78.051191473379731 11.165766064077614 412.92902835831046 5.0082572093233457 70.286131266504526 54.161162311211228 22.54613121598959 10.383987236768006 14.739172826521097 15.637211170978842 140.25256452709436 35.032098656520247 23.947841523215175 58.213067371398211
leaf_count=59631 10858 56565 2235 537 766 294 6150 2243 39 15199 17624 1832 9469 1516 1303 5501 63 1362 531 85 3913 256 260 828 81 318 1432 397 1954 192 10830 16397 1916 726 1037 715 29 1111 518 1956 1979 1311 2141 3789 326 374 32 2 641 24 838 300 143 119 37 15 84 510 11 126
internal_value=0.167631 0.16921 0.176721 0.08393 0.156046 0.118074 0.163623 0.162234 0.164194 0.155297 0.184956 0.189549 0.159916 0.138498 0.0783809 0.191753 0.196367 0.116823 0.21618 0.152031 -0.00105126 0.194602 0.108982 0.194601 0.318963 0.165289 0.144173 0.182947 0.120504 0.0482822 0.163192 0.153579 0.136308 0.0879697 0.180425 0.0879701 0.151498 0.0355748 0.142456 0.134702 0.17375 0.168143 0.145083 0.226294 0.24721 0.184073 0.111136 -0.0141036 0.143149 -0.00371068 0.0690342 0.17636 0.0495549 0.143081 -0.0183453 0.0149652 0.151239 0.135644 0.129709 0.185558
internal_weight=54349.5 53341.8 33956.5 1007.68 19385.4 2719.33 16808.2 16666 16284.4 11405.6 4878.81 17148.3 15704.9 6349.5 381.61 16642.2 14165.6 506.034 1103.32 200.73 361.062 14026.1 951.013 185.731 157.264 2476.6 420.848 298.991 794.437 121.857 14753.9 7731.41 2358.26 765.282 4721.55 137.777 95.2616 136.099 2222.17 718.671 7022.46 2445.29 2193.26 1039.82 692.019 347.801 171.335 75.7667 687.445 180.881 75.2944 5056.12 63.4999 32.9301 85.1863 41.0183 646.427 447.961 67.3739 198.466
internal_count=251471 234788 123422 16683 111366 11414 54156 99952 95427 76646 18781 69266 46639 61147 4525 64014 56884 5252 7517 1420 5423 56821 7964 1088 120 7130 3853 2229 5825 1624 38675 25866 5991 6876 18661 1510 795 1416 4575 3869 12809 6812 4057 6724 4115 2609 1335 1956 1913 3105 862 15499 793 262 1399 552 1361 1151 305 210
is_linear=0
shrinkage=0.05


Tree=4
num_leaves=60
num_cat=0
split_feature=26 1 0 1 29 29 29 30 26 26 1 29 0 27 0 29 29 29 0 19 26 30 0 0 27 27 30 19 1 1 10 29 29 27 30 26 27 0 29 1 27 0 23 0 1 27 27 25 8 25 30 30 0 1 0 0 29 29 0
split_gain=1849.22 1445 1299.36 1253.58 1153.86 1111.86 2048.82 1222.83 1060.12 1029.12 848.289 810.481 938.792 835.37 1392.92 799.784 774.158 1755.09 875.284 757.567 726.844 660.796 881.977 660.23 965.278 658.512 612.225 601.081 548.949 1311.6 520.753 509.364 1015.28 499.405 423.069 416.813 956.51 577.805 401.721 384.34 309.973 450.484 275.319 215.71 190.152 558.773 183.457 144.297 122.726 417.909 112.452 129.285 389.454 105.223 98.8108 32.092 23.7095 31.7079 11.2072
threshold=145.50000000000003 18.875000000000004 3.2949999570846562 39.004999160766609 2.0950000286102299 0.1999999284744263 0.5950000286102296 285.63545227050787 74.500000000000014 105.50000000000001 17.865000724792484 0.10000002384185792 4.7049999237060556 4.0950000286102304 2.9150000810623173 0.54000008106231701 2.1000000238418584 2.2750002145767216 3.304999947547913 567.91156005859386 44.500000000000007 190.42246246337893 4.0965147018432626 4.7049999237060556 3.7949999570846562 4.7900002002716073 251.94486999511722 489.16860961914068 3.4415000677108769 3.0004999637603764 3.182500004768372 1.8450000286102297 1.0900000333786013 4.0350000858306894 368.11715698242193 86.500000000000014 4.4949998855590829 4.0050001144409189 1.1000000238418581 16.003999710083011 4.1949999332427987 5.1099998950958261 14066202968064.002 2.6049998998641972 15.994999885559084 3.0949999094009404 4.8949999809265146 116.50000000000001 2.685000061988831 75.500000000000014 859.49645996093761 448.68507385253912 4.930000066757203 45.004999160766609 4.930000066757203 2.8449999094009404 0.4999998807907105 0.69500005245208751 5.2049999237060556
decision_type=2 2 2 2 2 2 2 2 2 2 2 2 2 2 2 2 2 2 2 2 2 2 2 2 2 2 2 2 2 2 2 2 2 2 2 2 2 2 2 2 2 2 2 2 2 2 2 2 2 2 2 2 2 2 2 2 2 2 2
left_child=1 2 5 9 46 28 10 19 -9 27 15 12 21 14 20 -7 18 -18 -15 -8 -13 22 -5 24 38 48 -23 33 29 43 -16 32 -29 -3 -35 37 -37 -26 39 -4 41 -14 -33 -1 55 -46 -2 -11 -6 -50 51 54 -53 -42 -25 -30 58 -58 -52
right_child=4 3 23 11 25 6 7 8 -10 47 -12 13 40 16 30 -17 17 -19 -20 -21 -22 26 -24 50 35 -27 -28 31 44 -31 -32 42 -34 34 -36 36 -38 -39 -40 -41 53 -43 -44 -45 45 -47 -48 -49 49 -51 56 52 -54 -55 -56 -57 57 -59 -60
leaf_value=0.19927497765166277 -0.051376716738999552 -0.056206023294747234 0.10890050573531709 0.074045072208938245 0.17239237244541517 0.16469229270779825 0.11114118717703964 0.097046714801574729 -0.055580024441950364 -0.057118951871371781 0.69827343958456856 0.16585830502186102 -0.055694088109845032 0.16254890615357853 0.088193557350125185 0.29489059911614346 0.036212192659394141 0.14085208531509852 0.13983609133996228 0.15329880289801701 0.01707076321844719 -0.0013636335971147927 0.22837150125387234 0.18192995413378704 0.15865694975781372 -0.056115014431005888 0.16506040558431556 0.15462577197524177 -0.051245404926063581 0.72633755077464712 -0.011654864144861504 0.15365650052190641 0.19633152453451999 0.1500665362304639 0.027820510133995131 -0.025988868745073602 0.13365558047293907 0.132240010056938 -0.054862122902050975 -0.053597828377485571 0.22512116461776499 0.10917961107335593 0.056834544138250356 -0.049654855486850252 -0.047869187618498239 0.54829632138834294 0.11027259336504734 0.10319448280874362 -0.057528458210737154 0.13045127571211121 0.14212545081297126 -0.058072172579561154 0.15538697370148166 0.12860166556926714 0.1581838963084399 -0.0095358436818706854 0.25943238722129386 0.1889003306009851 0.2062927368113647
leaf_weight=12.511207982897757 193.32475188747048 30.065610924735665 1468.8430244773626 103.87285433523357 110.10809240676463 412.22064983472228 2187.5625656442717 3325.6826852010563 117.14557900931686 58.694641536101699 7.9718599673360577 1004.378129998222 59.472401060163975 6165.7536965114996 1123.5992238167673 169.10006547346711 532.47320289164782 1630.802483599633 14056.206368179992 2116.2781370906159 89.72710772510618 59.65033558011055 962.68707458302379 729.42797617707402 4581.7427977500483 55.496544491499662 737.239128658548 2531.3614562666044 112.13133222609758 7.6527365408837786 147.39361294731498 2018.0235920352861 3552.9322672439739 2768.7203612700105 73.256427492946386 115.55484735313803 490.21301480010152 3884.8313867598772 39.77908441144973 36.707872342318296 34.324795678257942 131.59486177563667 77.955500174313784 23.598693948239088 12.424814488738777 4.6486747376620761 18.340461238287389 17.363851545378566 32.828304419294 254.250099462457 32.2603899538517 26.065624848008156 106.52691838145256 225.10518965125084 1486.9522083727643 79.340606139972806 51.392897546291351 52.797789074480534 24.237248599529266
leaf_count=340 10920 282 16091 1442 74 4549 6432 24353 2874 1596 61 5649 620 15536 8121 224 2343 3096 35197 7454 837 479 5567 2387 18719 2168 4324 13392 3695 72 1437 4282 11501 6867 368 3584 2132 11838 468 517 54 310 252 689 335 60 170 9 748 224 92 188 245 608 3106 2334 25 101 33
internal_value=0.142431 0.143351 0.133019 0.149222 0.0593365 0.117849 0.120978 0.114111 0.0918374 0.163397 0.210895 0.143387 0.171826 0.140721 0.112319 0.203016 0.143717 0.115127 0.146769 0.131903 0.153688 0.187519 0.21343 0.142934 0.137435 0.104325 0.152611 0.164659 0.014357 0.173265 0.0766104 0.171618 0.179009 0.144781 0.146928 0.143671 0.103201 0.146553 0.100754 0.104902 0.106631 0.0578115 0.150087 0.0395043 -0.0196333 0.135531 -0.0368939 -0.0195909 0.12684 0.108813 0.166134 0.16315 0.113266 0.142207 0.16608 -0.0341274 0.208446 0.225874 0.172849
internal_weight=60572.6 59908.3 21715.6 38192.7 664.348 8588.27 8335.96 7746.67 3442.83 11128.4 589.293 27064.3 2313.95 24750.3 2365.1 581.321 22385.2 2163.28 20222 4303.84 1094.11 1863.45 1066.56 13127.3 10617.7 452.683 796.889 11052.3 252.308 43.7626 1270.99 8180.27 6084.29 2872.04 2841.98 9072.34 605.768 8466.57 1545.33 1505.55 450.497 191.067 2095.98 36.1099 208.545 17.0735 211.665 76.0585 397.186 287.078 2509.66 2348.97 132.593 259.43 2216.38 191.472 160.688 104.191 56.4976
internal_count=251471 237167 112998 124169 14304 53472 45947 41113 27227 38549 4834 85620 13404 72216 16044 4773 56172 5439 50733 13886 6486 11812 7009 59526 53349 3214 4803 36944 7525 1101 9558 29427 24893 7517 7235 36273 5716 30557 17076 16608 1592 930 4534 1029 6424 395 11090 1605 1046 972 6177 5926 433 662 5493 6029 251 126 125
is_linear=0
shrinkage=0.05


Tree=5
num_leaves=63
num_cat=0
split_feature=1 26 0 26 27 1 27 1 26 24 29 2 5 23 29 26 29 25 26 27 11 27 5 5 10 27 27 0 27 0 18 1 29 12 29 11 26 29 26 26 18 5 1 0 27 0 8 12 27 25 1 8 26 5 23 25 4 0 18 18 11 26
split_gain=1565.94 1254.1 1046.1 872.294 1315.73 1062.66 890.079 800.896 688.539 1435.55 2097.2 679.297 661.902 617.503 608.105 596.199 826.721 1137.05 790.502 934.309 750.074 712.397 703.408 675.257 584.494 566.962 688.293 684.911 681.255 568.204 561.687 506.658 459.071 423.001 541.216 512.025 526.028 906.995 413.499 598.654 394.933 377.917 373.663 813.364 473.073 370.885 368.286 350.61 343.363 339.471 301.181 291.047 256.994 286.821 244.564 239.736 232.809 197.156 174.823 493.404 155.363 153.289
threshold=17.005000114440922 159.50000000000003 3.2949999570846562 12.500000000000002 3.1950000524520878 3.0004999637603764 3.995000004768372 39.004999160766609 86.500000000000014 -9.9925003051757795 1.1999999284744265 2.5000000000000004 12.500000000000002 0.71007385849952709 2.3050000667572026 60.500000000000007 0.89499998092651378 50.500000000000007 28.500000000000004 4.4949998855590829 2.5000000000000004 4.8949999809265146 18.500000000000004 7.5000000000000009 2.5900000333786015 2.6049998998641972 3.2649999856948857 3.0249999761581425 3.4750000238418584 4.0965147018432626 248.77959442138675 2.0019999742507939 1.050000071525574 1.235294044017792 2.0950000286102299 2.5000000000000004 82.500000000000014 1.1999999284744265 47.500000000000007 29.500000000000004 147.91791534423831 15.500000000000002 2.5304999351501469 2.8940377235412602 4.1449999809265146 3.6049998998641972 2.9050000905990605 1.6666666865348818 4.6949999332427987 9.5000000000000018 74.014999389648452 3.2150000333786015 24.500000000000004 35.500000000000007 2.4194693565368657 6.5000000000000009 4.5000000000000009 2.8940377235412602 472.45182800292974 464.25708007812506 3.5000000000000004 103.50000000000001
decision_type=2 2 2 2 2 2 2 2 2 2 2 2 2 2 2 2 2 2 2 2 2 2 2 2 2 2 2 2 2 2 2 2 2 2 2 2 2 2 2 2 2 2 2 2 2 2 2 2 2 2 2 2 2 2 2 2 2 2 2 2 2 2
left_child=1 2 3 31 12 24 -7 8 33 10 -10 14 -5 40 25 18 -17 21 19 20 -4 -18 23 -20 -6 27 30 57 -28 -29 -27 58 -15 35 52 36 45 -38 39 -16 -11 -21 43 -33 -44 -2 -37 -24 -34 -36 -13 -48 56 -54 -3 -41 -35 -9 59 -1 -52 -42
right_child=7 54 15 4 5 6 -8 11 9 13 -12 50 -14 32 38 16 17 -19 22 41 -22 -23 47 -25 -26 26 28 29 -30 -31 -32 42 48 34 49 46 37 -39 -40 55 61 -43 44 -45 -46 -47 51 -49 -50 -51 60 -53 53 -55 -56 -57 -58 -59 -60 -61 -62 -63
leaf_value=0.012343210261234399 0.1492503156498968 -0.051565834040837658 0.10834706307438341 0.22968948703283273 0.18699141021710744 0.050738869483646309 0.10392001064179027 0.26274818948651313 1.4977010860577513 -0.056035408937648759 -0.047284864773367102 -0.059176117757837002 0.11431630470875408 0.38057994217201979 -0.020960944139222535 0.19780769032299059 0.0070297217963532117 0.13617464208150196 0.13596421012004953 0.13707806774554018 -0.057579548551028696 0.11487869361582513 0.0042492657351058984 0.19503970085007794 0.1193511117488969 0.14761653952365952 0.17806557117571767 0.031224962263004113 0.1254338375971262 0.17330029793052265 -0.014080783782421342 -0.051145934338097776 -0.058686374345584436 0.1552534895504728 -0.062774317743966079 0.19920567046693474 0.53739687642038714 0.083003793441673523 -0.062162971423659896 0.22889617927675024 0.14094757290509558 -0.065374747702575051 0.058919755700855447 0.45093889665065556 0.10913850556564748 0.1303227568411989 -0.059932342219391838 0.12754021702099799 0.11654957632453236 0.12760247436647959 0.093995283287589396 0.083695527627886734 0.13484903523740352 0.20553734884425703 0.08462801250860863 0.086517660673924635 0.27673126367727463 0.63173870773501672 -0.05419103245335543 0.45953463531160321 -0.061496405954639413 -0.053918573906106895
leaf_weight=96.174096617847681 6613.3728786986321 133.9238839391619 4987.2042383663356 332.05401255190372 484.36819287016988 988.4426654772833 3922.7149895615876 9.7610196284949797 3.3479492329061022 117.04404435679317 4.3072850294411182 60.120662556961179 204.40582579374313 14.424573998898266 80.110803069546819 165.15667401626706 518.45653605740517 509.00698614306748 1024.4470299538225 5297.8492172583938 68.433623105287552 216.44801293965429 105.32546291779727 944.51821496896446 974.35674044489861 80.377971852198243 634.56306043453515 78.105366472154856 27245.06419818569 767.5378540828824 157.36406415514648 13.21421850658953 30.334768426604569 60.719265496358275 25.55150667950511 63.267093045637012 21.679568549618125 22.189838895574212 61.518465465866029 56.933926939964294 47.478622542694211 22.574669962748885 1179.7788629140705 18.921784630045295 784.62453309819102 4415.2307019904256 38.411372018978 126.85012115724385 285.30699890106916 220.0875846054405 121.64429865870625 353.84023469500244 258.44197972305119 354.83536316081882 42.632921420969069 64.800658412277699 147.04303002730012 8.8478366620838624 89.087004654109478 5.598142869770526 17.743151109665632 12.127267342992125
leaf_count=1080 22410 8414 30885 371 1165 8871 14262 169 25 3612 88 897 119 61 448 206 8785 333 2818 12249 687 447 884 1434 2060 396 2592 1067 73094 4823 1908 223 710 147 165 118 66 121 671 66 124 147 19034 76 4017 12645 315 34 341 383 315 1301 431 184 663 161 97 86 1580 8 182 284
internal_value=0.124728 0.114271 0.115286 0.102044 0.110771 0.104403 0.0932301 0.13044 0.140763 0.0837586 0.722797 0.125839 0.186033 0.0726898 0.126466 0.123888 0.0928777 0.0787942 0.127354 0.121544 0.106089 0.0389137 0.154672 0.16439 0.141927 0.127154 0.125915 0.167259 0.126638 0.160236 0.0409557 0.0744513 0.112969 0.143084 0.173491 0.140255 0.1424 0.314641 0.050545 0.085058 -0.00275545 0.136206 0.081888 0.249019 0.0790261 0.141686 0.0879239 0.0718893 0.0995606 0.107605 0.0336568 0.0695014 0.193042 0.176025 -0.0183597 0.15447 0.242167 0.461715 -0.00333782 0.0412224 0.0738695 0.100983
internal_weight=65810.1 23256.6 23080 9093.74 6906.34 6369.88 4911.16 42553.5 13109 514.372 7.65523 29444.5 536.46 506.716 29245 13986.3 1409.07 1243.91 12577.2 10376.1 5055.64 734.905 2201.14 1968.97 1458.72 28981.6 28117.4 864.252 27879.6 845.643 237.742 2187.4 330.066 12594.7 1066.68 11528 11072.5 43.8694 263.364 201.845 176.65 5320.42 1996.54 32.136 1964.4 11028.6 455.519 232.176 315.642 245.639 199.508 392.252 821.04 613.277 176.557 121.735 207.762 18.6089 190.859 101.772 139.387 59.6059
internal_count=251355 120852 111775 52866 26848 26358 23133 130503 43628 5245 113 86875 490 5132 85481 58909 9771 9565 49138 43968 31572 9232 5170 4252 3225 84135 77990 6145 75686 5890 2304 26018 1112 38383 1407 36976 35242 187 1346 675 4020 12396 23350 299 23051 35055 1734 918 1051 548 1394 1616 859 615 9077 227 244 255 2668 1088 497 408
is_linear=0
shrinkage=0.05


Tree=6
num_leaves=46
num_cat=0
split_feature=26 27 26 29 28 29 5 27 27 29 5 5 28 15 5 12 26 26 29 29 10 23 26 26 28 27 28 12 26 15 12 20 28 29 26 2 26 26 5 26 28 27 22 23 3
split_gain=901.59 728.65 1222.4 1027.45 1574.84 821.527 676.303 610.038 1154.26 716.215 528.547 509.484 593.417 973.812 1183.55 970.054 587.63 533.144 691.297 598.075 966.285 762.572 445.905 338.563 310.158 787.477 776.912 285.855 284.01 282.778 244.847 241.601 232.335 188.903 199.823 187.406 135.929 378.726 114.015 103.477 237.8 171.383 79.8456 265.099 48.132
threshold=165.50000000000003 4.1949999332427987 83.500000000000014 1.5549999475479128 1.5000000000000002 1.5200001001358034 8.5000000000000018 3.4750000238418584 3.4650000333786015 1.0900000333786013 11.500000000000002 7.5000000000000009 3.5000000000000004 12.500000000000002 15.500000000000002 1.6560090780258181 28.500000000000004 6.5000000000000009 0.39999973773956304 1.9049999713897707 3.4524999856948857 0.092770237475633635 36.500000000000007 12.500000000000002 21.500000000000004 4.4949998855590829 14.500000000000002 1.175611197948456 3.5000000000000004 2.5000000000000004 1.5737704634666445 1.4625677466392519 1.5000000000000002 1.9999998807907107 13.500000000000002 1.5000000000000002 61.500000000000007 15.500000000000002 10.500000000000002 1.5000000000000002 2.5000000000000004 4.8949999809265146 12.857500076293947 1769866005838.0479 35.500000000000007
decision_type=2 2 2 2 2 2 2 2 2 2 2 2 2 2 2 2 2 2 2 2 2 2 2 2 2 2 2 2 2 2 2 2 2 2 2 2 2 2 2 2 2 2 2 2 2
left_child=1 2 3 5 42 7 32 8 -1 -9 22 17 13 14 16 -16 -13 18 39 20 21 -19 -6 38 26 -26 -25 28 -20 -22 31 -15 -2 34 -21 -35 37 -7 -14 41 -41 -3 43 -5 -32
right_child=6 11 -4 4 10 36 -8 9 -10 -11 -12 12 23 30 15 -17 -18 19 27 33 29 -23 -24 24 25 -27 -28 -29 -30 -31 44 -33 -34 35 -36 -37 -38 -39 -40 40 -42 -43 -44 -45 -46
leaf_value=0.11119223107108667 0.16073446246037482 0.11406424508285502 -0.053385141594384025 -0.0246724020543692 0.085610942804119336 0.22861016606309731 -0.050549365660062351 0.077979402791058444 0.22469691318613366 0.10683591254264671 -0.056756092831912186 0.12886861585462203 -0.066603539501631587 0.00072409435568336524 -0.022928283763909898 0.1088168688499839 0.061677688006322617 0.12715141878840863 0.080817929205198202 0.10459838160071888 0.10451378413132673 0.15968117626247455 0.21007812245909904 0.11245889300375163 0.20400349479175947 0.10865232744222592 0.0606420426219096 -0.06227161606833468 0.104043389483209 0.1686068161483788 0.14809317755480847 0.1233866718783854 -0.050980128743941512 0.10676065069678145 -0.059622223096296847 0.13215086869720954 0.26025125370403657 -0.05501268262875534 0.077291897665586654 0.13746897547000689 0.11312096555678848 0.055978350636863884 -0.058511911304812717 0.2134223875521617 0.19377276844773558
leaf_weight=7480.8573082368821 71.806685825809836 2286.9739526826888 125.40871710889041 192.69929087907076 158.62471040710807 45.637258645147085 151.58701414614916 3582.5448905825615 231.07476769201458 5451.4254645192996 36.600826298817992 634.68986425362527 34.97815952450037 45.398902800865471 503.22521405201405 192.28691271878779 674.86727861315012 11473.388049580157 1968.8447600435466 38.527495697140694 4961.7875356525183 2161.2466154061258 134.78187644295394 8744.258805106394 309.96771266777068 736.63425458967686 793.27796997223049 27.781872775405645 4144.7112539354712 180.53536438569427 148.40690152533352 352.07982088532299 15.224063003435729 6885.5691109783947 33.924906065687537 836.96702311933041 91.867308922111988 15.257624529302118 21.299729615449905 1880.8379152324051 2278.8934034258127 137.90426315739751 148.61111585609615 11.441937878727911 139.55366947688162
leaf_count=52419 141 8596 4117 1371 620 110 10407 22768 124 25218 359 1594 199 399 4383 194 2578 27514 6666 101 12319 5850 192 16107 2107 2581 3891 252 11165 175 80 60 549 14218 261 839 17 125 33 4696 4042 550 1298 21 49
internal_value=0.110264 0.110593 0.101786 0.102896 0.0426666 0.105327 0.0131554 0.104261 0.114623 0.0954029 0.121013 0.113554 0.105059 0.0839915 0.0663403 0.0135918 0.0943197 0.116433 0.107969 0.120482 0.125336 0.132319 0.143324 0.110378 0.111028 0.137065 0.108156 0.0958496 0.096579 0.106797 0.135446 0.109426 0.123485 0.108775 0.0278713 0.10953 0.220706 0.157725 -0.0116569 0.119255 0.124162 0.110787 -0.0307494 -0.0103277 0.170842
internal_weight=70574.3 70335.7 17706.8 17581.4 682.76 16898.7 238.618 16745.9 7711.93 9033.97 330.007 52628.8 13330.9 2690.51 2005.07 695.512 1309.56 39297.9 12725.9 26571.9 18777 13634.6 293.407 10640.4 10584.1 1046.6 9537.54 6141.34 6113.56 5142.32 685.439 397.479 87.0307 7794.99 72.4524 7722.54 152.762 60.8949 56.2779 6584.61 4159.73 2424.88 352.752 204.141 287.961
internal_count=251355 240258 108759 104642 3861 100781 11097 100529 52543 47986 1171 131499 34255 9337 8749 4577 4172 97244 35967 61277 45858 33364 812 24918 24686 4688 19998 18083 17831 12494 588 459 690 15419 362 15057 252 235 232 17884 8738 9146 2690 1392 129
is_linear=0
shrinkage=0.05


Tree=7
num_leaves=55
num_cat=0
split_feature=30 26 26 15 26 26 11 5 9 27 29 26 7 8 18 2 27 18 10 18 7 27 3 27 10 29 26 26 5 28 27 26 20 28 26 30 27 29 28 26 23 9 9 10 26 23 25 27 23 18 26 18 7 30
split_gain=870.227 894.757 888.993 596.257 1272.08 740.701 708.498 681 907.211 604.697 535.201 508.827 495.736 1176 619.465 583.722 488.518 466.08 417.207 402.183 345.749 338.902 785.179 451.282 374.456 630.446 837.802 738.19 506.747 568.037 594.058 505.391 380.654 370.112 892.658 307.457 295.414 287.34 273.146 258.845 257.128 296.813 337.551 224.297 208.569 185.268 139.51 133.966 126.402 116.002 67.0449 33.8296 6.89779 0.395086
threshold=348.17691040039068 165.50000000000003 75.500000000000014 1.0000000180025095e-35 38.500000000000007 19.500000000000004 1.0000000180025095e-35 7.5000000000000009 0.29999983310699468 3.1950000524520878 1.800000071525574 65.500000000000014 3.0949999094009404 3.4650000333786015 14.499991893768312 4.5000000000000009 3.7949999570846562 87.886219024658217 3.6000000238418584 380.77603149414068 2.8149999380111699 4.1949999332427987 3.5000000000000004 4.1150000095367441 3.4025000333786015 1.9049999713897707 111.50000000000001 6.5000000000000009 27.500000000000004 21.500000000000004 4.4949998855590829 58.500000000000007 0.44864346086978918 4.5000000000000009 95.500000000000014 281.57019042968756 4.0950000286102304 0.89499998092651378 12.500000000000002 83.500000000000014 0.039012409746646888 0.38499999046325689 1.0050001144409182 3.8000000715255742 17.500000000000004 0.0092375851236283796 1.0000000180025095e-35 4.5950000286102304 0.15091563761234286 179.24900054931643 25.500000000000004 192.53774261474612 2.6950000524520878 285.63545227050787
decision_type=2 2 2 2 2 2 2 2 2 2 2 2 2 2 2 2 2 2 2 2 2 2 2 2 2 2 2 2 2 2 2 2 2 2 2 2 2 2 2 2 2 2 2 2 2 2 2 2 2 2 2 2 2 2
left_child=1 21 3 4 5 7 11 8 -2 50 -4 17 40 14 -14 36 -16 -6 -11 -13 48 22 23 39 25 26 27 -23 29 31 -31 -26 37 34 -27 -3 -15 -30 -34 43 45 44 -43 -1 -42 -5 -9 -35 49 -12 -7 -51 -50 -37
right_child=2 35 10 12 6 9 -8 46 -10 18 20 19 13 15 16 -17 -18 -19 -20 -21 -22 24 -24 -25 28 33 -28 -29 32 30 -32 -33 38 47 -36 53 -38 -39 -40 -41 41 42 -44 -45 -46 -47 -48 -49 52 51 -52 -53 -54 -55
leaf_value=0.096906708553168866 0.083923870450596294 -0.050620995590053758 -0.053687211047603191 0.10309525687796797 0.089822351626008393 0.14274098098088964 -0.059693531633042619 0.073342188020394203 0.17700993564278245 0.1076748361882815 -0.058751711935550434 0.048064185893390204 -0.059307766864916893 0.14398669713335266 -0.056903835753106306 -0.057146486650989481 0.11937258571159942 0.0068555486103718316 -0.059405084022928628 0.22431954561987297 -0.05962116415588619 0.099173011728690197 -0.056305455359609381 -0.058640607231223052 0.098290692346997818 0.090394664940593825 -0.052582929403518879 0.11847027541957728 0.10069754176718958 0.18563501777675961 0.10935094990239889 0.066256269193712539 -0.060261753702188905 0.11709071519553862 -0.042444128427932132 0.13414654724780056 0.065621623234875026 -0.058315505881045442 0.13403034122347401 -0.051558059447184237 0.087759464037678508 0.10067798775048331 0.17591771750007065 0.0374102835098062 0.16275471948753673 -0.058970655941519456 -0.058259861022056839 0.10079051317733566 0.1184657270401845 0.14981718422494161 0.2097963951344636 0.052509572912745453 0.15797314874086837 0.093644842292161898
leaf_weight=6013.4674562215805 11279.714891087264 128.47543325461447 166.58687861915678 38.354264935478568 259.06086196936667 63.344773881137371 168.9430078510195 24.290559504181147 267.96372418478131 3193.5412660501897 18.228193931281567 61.415945796296 169.84261484537274 616.22492375597358 53.529421428218484 44.210081294178963 141.55183762870729 485.85097183473408 37.176441013813019 69.290385948494077 41.073918970301747 7488.888122132048 88.12103218305856 47.742825595661998 10694.567847115919 5015.925944772549 76.971929184161127 14972.395992252044 36.016762550920248 344.48781567905098 1022.1800473397598 1402.7044892339036 21.669906605035067 1722.3266468197107 129.13682220131159 15.29200587235391 152.85570530220866 121.36746115796268 94.296102153137326 29.514016827568412 111.6970312204212 963.59170405007899 178.7347174026072 164.6875076815486 701.34971279278398 31.029849741607904 98.816874399781227 5387.7996217031032 51.49465352948755 14.493126187473534 158.00469194352627 26.134609745815396 43.211501725018024 19.594442217610776
leaf_count=35221 61391 8797 5457 81 834 92 1418 109 1089 10172 231 438 1571 1726 535 453 410 2657 266 133 872 18610 1302 397 22252 10192 2999 32074 31 1731 1877 6748 246 1483 939 20 602 2543 67 847 670 1653 226 834 1047 256 850 6237 93 10 92 127 36 311
internal_value=0.0987098 0.101946 0.0896776 0.0911269 0.087205 0.0908917 0.0337904 0.0848521 0.0860995 0.111278 0.0119086 0.0518805 0.110888 0.0849391 0.0103069 0.118367 0.0709341 0.0357977 0.105733 0.142533 0.0680643 0.102294 0.0913513 0.0934408 0.103722 0.106497 0.111476 0.112041 0.0966869 0.0980557 0.128705 0.0945824 0.0291344 0.0973313 0.0870519 -0.014785 0.128523 -0.0214884 0.0974765 0.0946205 0.125936 0.129294 0.112598 0.0953279 0.152578 0.0307373 -0.0318712 0.104756 0.102414 0.0437095 0.191358 0.0901073 0.138006 0.114781
internal_weight=74769.2 55037.6 19731.6 19370.4 16167.4 15122.9 1044.56 11670.8 11547.7 3452.07 361.223 875.618 3202.97 1178.21 364.924 813.291 195.081 744.912 3230.72 130.706 194.636 54874.3 6343.53 6255.41 48530.7 34793.4 22538.3 22461.3 13737.3 13463.9 1366.67 12097.3 273.35 12255.2 5145.06 163.362 769.081 157.384 115.966 6207.67 2024.76 1955.37 1142.33 6178.15 813.047 69.3841 123.107 7110.13 153.562 58.8559 221.349 40.6277 94.7062 34.8864
internal_count=251355 155758 95597 88771 79541 74061 5480 63439 62480 10622 6826 4062 9230 5297 2516 2781 945 3491 10438 571 1369 146630 38601 37299 108029 72534 53683 50684 35495 32608 3608 29000 2887 18851 11131 9128 2328 2574 313 36902 3933 3596 1879 36055 1717 337 959 7720 497 368 184 137 129 331
is_linear=0
shrinkage=0.05


Tree=8
num_leaves=47
num_cat=0
split_feature=28 0 10 5 11 5 5 29 29 22 28 29 30 13 28 0 29 5 30 20 30 22 29 25 0 25 29 5 5 6 30 24 18 12 22 29 30 28 0 18 5 12 2 24 18 18
split_gain=847.065 459.315 437.735 713.232 424.25 689.154 420.408 1167.69 760.682 703.236 419.959 377.447 325.893 497.507 355.412 504.95 472.214 307.815 292.984 264.08 193.081 175.334 166.284 401.59 430.55 158.409 152.331 310.054 160.119 138.338 132.308 130.902 129.091 126.01 109.599 75.0152 178.441 59.0122 39.6019 43.8862 32.6279 24.1785 72.1317 18.1196 16.3535 11.0427
threshold=3.5000000000000004 5.4100000858306894 3.3025000095367436 41.500000000000007 6.5000000000000009 61.500000000000007 12.500000000000002 1.3200000524520876 1.289999842643738 14.582521438598635 1.5000000000000002 2.1050000190734868 0.73547556996345531 0.15050004422664645 21.500000000000004 3.5049999952316289 1.2000001668930056 6.5000000000000009 289.57133483886724 1.1272345185279848 482.14103698730474 14.169708728790285 2.0050001144409184 35.500000000000007 4.0050001144409189 2.5000000000000004 2.2899998426437382 23.500000000000004 38.500000000000007 6.5000000000000009 859.49645996093761 -0.051157964393496506 0.014631944708526136 1.4339351058006289 15.849987030029299 1.4999998807907107 659.43295288085949 2.5000000000000004 7.2500000000000009 536.80590820312511 5.5000000000000009 1.3651965260505678 31.500000000000004 3.2011904716491704 0.39812874794006353 387.12542724609381
decision_type=2 2 2 2 2 2 2 2 2 2 2 2 2 2 2 2 2 2 2 2 2 2 2 2 2 2 2 2 2 2 2 2 2 2 2 2 2 2 2 2 2 2 2 2 2 2
left_child=1 4 19 12 5 6 10 8 -8 -9 18 -12 29 14 15 -14 -16 30 -1 20 22 43 23 24 -2 35 27 -24 -28 31 37 40 -31 41 -33 36 -22 38 39 -3 -4 42 -6 -21 -39 -46
right_child=2 17 3 -5 33 -7 7 9 -10 -11 11 -13 13 -15 16 -17 -18 -19 -20 21 25 -23 26 -25 -26 -27 28 -29 -30 32 -32 34 -34 -35 -36 -37 -38 44 -40 -41 -42 -43 -44 -45 45 -47
leaf_value=0.0880207573174841 0.11168259437819106 0.066282316306556927 0.10315711379033961 -0.055441994706617863 -0.052574735523612262 -0.056708509440729332 0.070854776821473772 -0.021943310652276435 0.14277133428844033 0.054912730306911683 0.093731169201278053 0.064421406950325638 0.10012420102288387 -0.064513698992242074 0.12652098999889175 0.074924036556542811 0.058116664114304509 0.18117668312143687 0.076567543469290289 0.05237367993955705 -0.066071714947285559 -0.061917236405335467 0.072871865479062201 -0.053204393402650096 0.094704204861899233 -0.063279317580313632 0.10537596216246908 0.1008740255067677 0.0097998550200307458 0.1171599890250381 0.15184201379420659 0.069308492280448497 -0.067932473699133175 0.15791833914912823 0.11401550152445764 0.1229251215623542 0.1526490554032629 0.1517099976178686 0.11441716882446754 0.095247717927603878 0.14350168847768488 0.11258235026008519 0.10117946435832584 0.12367353188002113 0.08747684845437545 0.12722032189573768
leaf_weight=8988.7201874051243 7830.4937245743349 178.4914331138134 73.596595659852028 85.878431468270719 9.0716761080548149 87.045198591426015 1121.3150733718649 410.97259195800871 550.09301048982888 1073.1708109462634 14198.735852777958 1202.2147358069196 2933.5126430122182 54.07468845974654 1060.174982666038 6279.1472704876214 334.87242674548179 146.34450769238174 15133.55502827093 26.039756720885634 22.666897982358932 41.277756963856518 1942.4702649414539 40.385094767436385 7286.0057814028114 30.415175827220082 2298.5151332225651 2056.2354052904993 45.010407811030746 16.172918133437634 135.62632496654987 191.87147482577711 19.879287214949727 228.33975599519908 549.87147838436067 34.748896963894367 14.400309428572653 58.95979055762291 213.74920779466629 663.15991949662566 384.70287293940783 212.8746566735208 33.382732391357422 15.764834761619566 41.703415021300316 66.69062228500843
leaf_count=43577 15895 266 69 3311 317 3681 4165 3749 775 4734 34949 3252 8099 588 2263 15351 2715 61 78155 130 119 1159 3550 2006 9961 212 2883 981 1115 3 91 671 137 64 638 61 7 12 24 986 359 82 2 2 72 56
internal_value=0.0892821 0.0847644 0.0952846 0.0875778 0.083814 0.0832828 0.0835698 0.0659429 0.0945981 0.0336268 0.0849753 0.0914479 0.0886151 0.0857738 0.0865464 0.0829589 0.110158 0.112004 0.0808391 0.0995392 0.0998815 0.0103686 0.100208 0.103085 0.103506 0.0308883 0.0933161 0.0872942 0.103547 0.11303 0.10442 0.115928 0.0158856 0.130501 0.102566 0.0711596 0.020546 0.0990366 0.0944129 0.0891968 0.137272 0.105442 0.0677563 0.0816393 0.127432 0.112915
internal_weight=78422.4 44754.2 33668.2 11983.8 43249.5 42765.8 42678.8 3155.55 1671.41 1484.14 39523.2 15401 11897.9 10661.8 10607.7 9212.66 1395.05 1504.73 24122.3 21684.4 21601.3 83.0823 21499.1 15156.9 15116.5 102.231 6342.23 3998.71 2343.53 1236.09 1358.38 1200.04 36.0522 483.669 741.743 71.8161 37.0672 1222.75 1055.4 841.651 458.299 255.329 42.4544 41.8046 167.354 108.394
internal_count=251355 179070 72285 34204 177502 177037 173356 13423 4940 8483 159933 38201 30893 29016 28428 23450 4978 1568 121732 38081 36790 1291 36391 27862 25856 399 8529 4531 3998 1877 1507 1737 140 465 1309 187 126 1416 1276 1252 428 401 319 132 140 128
is_linear=0
shrinkage=0.05


Tree=9
num_leaves=63
num_cat=0
split_feature=1 2 26 28 28 16 3 27 29 26 25 26 25 1 26 29 1 29 21 29 15 29 25 28 28 1 28 26 25 3 1 28 26 26 2 1 29 1 12 26 12 28 26 23 19 8 29 23 10 1 25 25 8 26 19 29 23 24 25 27 28 29
split_gain=976.988 944.773 1582.81 1262.22 979.7 764.62 720.23 701.972 804.334 1139.96 724.469 667.588 597.893 385.011 544.847 580.079 1351.13 1114.76 972.065 576.662 518.591 462.256 479.869 446.359 440.208 417.266 533.897 337.808 337.352 320.952 347.223 361.415 303.435 300.049 281.91 281.054 278.536 266.348 257.62 407.902 360.573 329.457 566.428 293.399 269.433 269.16 422.017 257.433 255.419 241.885 220.735 220.273 218.312 215.727 276.759 227.296 208.454 197.496 194.88 174.566 392.813 205.06
threshold=17.005000114440922 3.5000000000000004 60.500000000000007 21.500000000000004 5.5000000000000009 0.33274440467357641 1.0000000180025095e-35 4.4949998855590829 1.1999999284744265 22.500000000000004 7.5000000000000009 78.500000000000014 73.500000000000014 39.004999160766609 79.500000000000014 1.1050000190734866 75.005001068115249 1.6900001764297488 12539234.500000002 1.1000000238418581 1.5000000000000002 2.1000000238418584 20.500000000000004 17.500000000000004 15.500000000000002 100.00500106811525 17.500000000000004 82.500000000000014 11.500000000000002 3.5000000000000004 96.005001068115249 17.500000000000004 11.500000000000002 34.500000000000007 4.5000000000000009 237.70500183105472 1.9049999713897707 15.585000038146974 1.2308961749076845 138.50000000000003 1.1613469123840334 3.5000000000000004 38.500000000000007 0.89730000495910656 859.49984741210949 4.0450000762939462 1.8999999761581423 0.27133078873157507 2.5900000333786015 8.9990000724792498 6.5000000000000009 33.500000000000007 4.6649999618530282 36.500000000000007 567.91156005859386 0.69999992847442638 0.22274795919656756 -2.3599997758865352 117.50000000000001 4.4949998855590829 9.5000000000000018 0.99499988555908214
decision_type=2 2 2 2 2 2 2 2 2 2 2 2 2 2 2 2 2 2 2 2 2 2 2 2 2 2 2 2 2 2 2 2 2 2 2 2 2 2 2 2 2 2 2 2 2 2 2 2 2 2 2 2 2 2 2 2 2 2 2 2 2 2
left_child=1 2 4 6 7 -3 11 8 9 -1 -10 37 50 38 20 16 18 -17 19 -16 21 22 35 -24 36 -23 -27 -26 -9 30 33 -32 34 -22 52 -15 -19 -4 39 40 41 42 -2 -42 -43 -40 -47 -5 -34 -30 -8 -49 -7 54 55 -6 -56 -50 -13 61 -61 -55
right_child=13 5 3 47 53 32 12 28 10 -11 -12 58 -14 14 15 17 -18 24 -20 -21 29 25 23 -25 27 26 -28 -29 49 -31 31 -33 48 -35 -36 -37 -38 -39 45 -41 43 44 -44 -45 -46 46 -48 51 57 -51 -52 -53 -54 59 56 -57 -58 -59 -60 60 -62 -63
leaf_value=0.06257423840687458 0.089564515039817258 -0.055640992783317772 0.09701278788381934 0.038066205903719119 0.096179013576090905 -0.062352181119534271 0.13319401974774225 0.084246517829022982 0.052891742146607329 0.11165033967828959 -0.0054162850092255967 -0.059090466513215312 0.11095116474000802 0.080273338500696068 0.10961585049640013 -0.037445717290979945 -0.055539201701461462 0.13306734871481971 0.72390541696098853 0.41029774321462686 -0.06451307245758657 0.072052443132339064 -0.067923179029154165 0.14788614148091786 0.1195965732459493 -0.012733351966677374 0.12963095453830187 -0.041773292911612865 0.062768109477825365 -0.038412856178956283 -0.015097725710799165 0.093268636744788497 0.16505405267926609 0.11016039932986649 -0.066745063470155699 0.092562557356273584 0.097034655340507259 -0.06256917486049221 0.13044508697081444 -0.054013059298008849 -0.06376980021817201 0.090503016982704909 0.047120110049549871 0.060405787111810508 0.11360404820121923 -0.063613351871005711 0.098142809626607749 0.12562229100752628 0.15340759833714845 -0.041406962096143786 -0.04633907245099602 -0.053313743727119806 0.10215615446295079 0.05563983613293131 0.11975204161621184 0.054507276528912331 0.0082675742469713875 0.096390614280522535 0.1201971588632206 0.1227930743289809 0.033693492147128683 0.1423921020023913
leaf_weight=7315.6151656918228 8536.2858601696789 81.391894988715649 325.88746122829616 151.385483359918 645.02170202881098 23.888676980510354 16.573780509643257 6702.7444296423346 3006.5060761719942 1413.9346022047102 647.00205656513572 138.90751204267144 68.677949610166252 23029.638531718403 38.195072999224067 153.38754006102681 33.19545660354197 626.37398341670632 11.958519993349908 27.804217275232077 26.480447793379426 881.4949644356966 95.841842286288738 30.839092664420605 47.919967994093895 367.76980682834983 79.176110193133354 95.231836926192045 144.91036013606936 113.23181429132819 240.94624330289662 111.85143089108169 152.80776656419039 257.69296468049288 48.78624215722084 5909.3126293756068 4154.782528527081 27.71062358468771 846.10217660758644 48.565993814729154 59.710443247109652 2708.3671588320285 870.26819493062794 219.87007246445864 2437.4457909427583 41.922649893909693 747.23723363969475 331.8728079739958 160.90353489760309 89.21948713157326 732.96635643299669 17.566251175478101 110.09651482477784 78.921748526394367 706.12576831504703 677.30374455824494 44.839429296553135 3736.1663340674713 16.044503474608064 390.23017098382115 182.56768155284226 605.98294927924871
leaf_count=48235 26061 3841 1084 1554 600 209 73 15055 13726 3849 3893 2725 349 62002 347 2885 567 843 73 112 159 1887 656 61 14 1689 11 610 335 788 1110 80 34 435 358 9324 3222 184 931 2019 539 5140 3359 593 3640 434 912 801 124 412 13352 597 93 200 1013 1573 192 4733 12 359 530 757
internal_value=0.0813842 0.0739617 0.0701514 0.0253691 0.0737632 0.0955591 -0.000175018 0.0694362 0.0622879 0.0705356 0.0425659 0.0464966 -0.0292105 0.0854265 0.0825353 0.0975739 0.210438 0.0950613 0.323026 0.240595 0.0800265 0.0810409 0.082361 -0.0146008 0.0991966 0.0521148 0.0127083 0.0126654 0.0821851 0.0388704 0.0526553 0.0194113 0.0984803 0.0936969 0.035176 0.0827861 0.101783 0.0843515 0.0917811 0.0896897 0.0901642 0.0912456 0.0856436 0.0337348 0.101466 0.110743 0.0894739 0.0929152 0.101327 0.0230417 -0.0421904 0.116486 0.0725437 0.0988303 0.0887918 0.0748956 0.113122 0.0987848 -0.0398424 0.115291 0.0945113 0.132499
internal_weight=81641.5 28792.6 24478.5 1827.59 22650.9 4314.04 1326.77 19319.9 12383.1 8729.55 3653.51 508.55 818.218 52848.9 36333.1 5188.85 111.153 5077.7 77.9578 65.9993 31144.3 30394.1 29065.6 126.681 4924.31 1328.44 446.946 143.152 6936.87 750.203 636.971 352.798 4232.65 284.173 182.771 28939 4781.16 353.598 16515.8 14880.5 14831.9 14552.4 9406.55 279.581 5145.81 1635.26 789.16 500.825 4049.88 234.13 749.54 349.439 133.985 3330.99 2073.29 1322.33 750.965 3897.07 154.952 1257.7 572.798 684.905
internal_count=251355 120852 111460 20731 90729 9392 17779 85505 69703 52084 17619 4005 13774 130503 86875 8673 1099 7574 532 459 78202 75630 72043 717 4689 3587 1700 624 15802 2572 1784 1190 5551 594 660 71326 4065 1268 43628 41351 39332 38200 29420 1132 8780 2277 1346 2952 4891 747 13425 1398 302 5224 3378 2173 1205 4857 2737 1846 889 957
is_linear=0
shrinkage=0.05


Tree=10
num_leaves=63
num_cat=0
split_feature=27 1 1 18 29 27 0 0 29 25 29 0 0 27 28 11 20 30 20 28 12 18 0 18 19 0 18 1 30 27 28 28 29 19 29 0 1 0 1 25 0 29 19 30 30 12 12 30 10 19 25 0 0 18 1 18 0 29 18 18 12 23
split_gain=1293.49 901.118 977.386 564 549.208 490.599 471.517 814.82 812.614 399.714 882.319 396.331 375.128 373.368 341.122 412.85 387.812 767.548 403.371 324.383 311.701 287.793 312.397 290.907 279.087 277.251 258.182 310.413 250.337 254.551 752.139 505.38 348.114 254.011 239.279 555.059 300.453 234.517 230.161 216.587 212.767 210.478 174.441 165.07 405.745 158.45 254.471 152.914 143.875 98.7121 95.3062 75.528 70.3153 116.086 65.5504 66.6811 108.868 67.8431 61.9672 234.114 81.1501 60.5011
threshold=4.1949999332427987 3.4415000677108769 7.9995000362396249 0.15266805142164233 1.3200000524520876 4.1150000095367441 3.1049998998641972 4.3949999809265146 1.0000000180025095e-35 3.5000000000000004 1.1000000238418581 5.4100000858306894 3.4850000143051152 3.8149999380111699 3.5000000000000004 6.5000000000000009 0.46335980296134954 102.7938919067383 0.91568160057067882 2.5000000000000004 1.0303869843482973 30.869999885559086 3.5949999094009404 78.792102813720717 712.82186889648449 3.7150000333786015 380.77603149414068 4.0050001144409189 482.14103698730474 4.8300001621246347 32.500000000000007 28.500000000000004 2.2899998426437382 680.94955444335949 1.6999999284744265 3.7050000429153447 183.97000122070315 2.7150000333786015 5.2795000076293954 1.0000000180025095e-35 4.7049999237060556 0.80000007152557384 859.49984741210949 38.695552825927741 36.950241088867195 1.1642267704010012 1.1666666865348818 709.56390380859386 3.6999999284744267 25.691010475158695 2.5000000000000004 3.495000004768372 3.0249999761581425 576.06716918945324 57.004999160766609 859.49902343750011 7.7000000476837167 0.69500005245208751 52.339651107788093 359.99736022949224 1.0857642889022829 0.38534514605998998
decision_type=2 2 2 2 2 2 2 2 2 2 2 2 2 2 2 2 2 2 2 2 2 2 2 2 2 2 2 2 2 2 2 2 2 2 2 2 2 2 2 2 2 2 2 2 2 2 2 2 2 2 2 2 2 2 2 2 2 2 2 2 2 2
left_child=1 4 9 45 13 6 8 -8 -5 24 19 14 39 21 15 16 34 18 -18 20 -11 22 41 -23 38 -25 27 -12 29 30 32 33 -16 -31 35 -2 -36 -28 -3 -6 -19 -1 51 44 -26 -4 -47 52 -45 -17 54 -15 53 -30 61 56 57 -56 60 -60 -44 -13
right_child=11 2 3 5 12 -7 7 -9 -10 10 26 50 -14 42 28 49 17 40 -20 -21 -22 23 -24 25 43 -27 37 -29 47 31 -32 -33 -34 -35 36 -37 -38 -39 -40 -41 -42 -43 58 48 -46 46 -48 -49 -50 -51 -52 -53 -54 -55 55 -57 -58 -59 59 -61 -62 -63
leaf_value=0.11144912922386759 0.091879837474969139 -0.058878436420160399 -0.05998049612672806 -0.012720798853487017 0.12897185357947791 -0.060301991786611248 0.048042716216961413 0.076656932652452714 0.079290055781623653 0.11401126027958985 0.084369203317015126 0.11179248501988359 0.16412875422918294 0.096015413447560385 0.081813201784045872 0.1477617420702646 0.0010225932732986522 -0.038027390704394849 0.085314372260430649 -0.060867404874482139 0.044441737774539435 -0.059177973957276447 0.22356169541611826 0.085371768669685488 0.021108024287657328 -0.058561649118502382 0.12333495813780854 -0.057537436391037769 -0.061836561540232482 0.051018471571497054 -0.057334851729926119 0.10894974042445578 0.10164721650753483 0.079474093956050373 0.066285788792138076 0.071284198314753175 0.11166502140771672 -0.05789558174849168 0.16090149441130869 -0.059803016080970411 0.15443462420105455 0.024348970906996406 0.2037441203275579 -0.023109537241047026 0.40172941897340914 0.26569751308966061 -0.0090540972946606679 0.14385742945187766 0.11419873200513329 0.10048311727204136 0.12571517338373087 -0.057959630953082319 -0.067007463278619658 0.11348732086436449 -0.076593407623061882 0.10523517785919377 0.10199725404242913 0.039881761989705992 -0.057659796464808413 0.16942983193189332 0.14397251527691887 0.079036510311712049
leaf_weight=725.74632248282433 4903.2905968083069 15.541997663676737 113.38625075202435 248.28344177268445 16.74878104776144 76.278182400390506 6309.1119172414765 4120.0897651948035 6871.4457561587915 417.77504271641374 44.425068476237357 509.02977883815765 28.969220082275569 19.922700884751979 28031.396059929393 190.48233472649008 179.891067690216 265.57565282471478 674.16081494744867 38.434517839923501 265.20813789125532 42.712287271395326 57.737351272255182 482.08913462888449 128.99283704534173 35.221755862236023 53.71319724060595 255.19191654585302 18.101759505458176 2124.7883669305593 94.54746375977993 679.11222128849477 2424.1854309123009 1255.4552450357005 9618.6758264061064 9971.8153950124979 380.9171028137207 25.728816770017147 44.19728147238493 105.61178526375443 14.192351630888878 77.558128461241722 124.05147403106093 599.22692140936852 6.417071819305419 9.4484924990683776 43.10270760115236 14.664466857910154 18.713498441502452 301.53443141188473 426.44983901455998 11.973437118344007 45.77821140550077 17.717623154632747 22.225158929824829 55.999415099620819 33.407519042491913 26.096982568502426 14.715078450739382 42.779571363702416 137.06914716493338 214.80371679365635
leaf_count=478 14824 109 1141 4477 44 726 34192 15438 31134 1550 226 358 87 64 55624 20 1172 3382 1274 450 1439 376 87 3275 1783 291 190 3648 183 5358 2859 332 2578 2431 24112 24256 505 204 91 885 9 454 100 7376 1 7 400 1 111 114 232 111 268 28 100 67 3 45 111 157 58 167
internal_value=0.0748218 0.0642714 0.061076 0.0647286 0.0969647 0.0655927 0.0661436 0.0593536 0.0760794 0.0270976 0.0467263 0.0784718 0.00546313 0.10477 0.0778906 0.0736005 0.0727358 0.0440598 0.0675876 0.0791447 0.0871086 0.0932297 0.111421 0.0651028 0.000500168 0.0754682 -0.0150045 -0.0362692 0.0811641 0.081388 0.0829578 0.069555 0.0833954 0.061609 0.0740409 0.0780792 0.0680259 0.0645878 0.103612 -0.0330869 -0.0277309 0.103087 0.151147 -0.00779633 0.0419951 -0.0268611 0.0442909 0.000585906 -0.0187655 0.11906 0.106004 0.0380581 -0.0265318 0.0254764 0.0961072 0.0635382 0.0339812 -0.0140549 0.162299 0.111231 0.173056 0.102201
internal_weight=84121.9 21627.6 19704.7 17791.1 1922.91 17625.2 17548.9 10429.2 7119.73 1913.57 1100.48 62494.3 151.33 1771.58 61206.3 26500.5 26008.5 1133.82 854.052 721.418 682.983 1421.06 861.042 560.023 813.09 517.311 379.059 299.617 34705.7 34609.5 30550.1 4059.36 30455.6 3380.24 24874.7 14875.1 9999.59 79.442 59.7393 122.361 279.768 803.304 350.511 753.35 135.41 165.937 52.5512 96.2621 617.94 492.017 1288.01 31.8961 81.5976 35.8194 861.563 137.729 81.7297 48.3221 318.615 57.4946 261.121 723.833
internal_count=251573 111271 104693 87515 6578 85967 85241 49630 35611 17178 7707 140302 1016 5562 139330 69668 69534 5837 2446 3439 2989 4961 1019 3942 9471 3566 4268 3874 69662 69182 61061 8121 58202 7789 63697 39080 24617 394 200 929 3391 932 601 9271 1784 1548 407 480 7487 134 972 175 479 211 740 215 148 145 426 268 158 525
is_linear=0
shrinkage=0.05


Tree=11
num_leaves=63
num_cat=0
split_feature=27 1 1 26 29 18 5 1 3 26 26 27 29 18 9 26 26 5 28 26 29 27 10 27 5 9 16 26 10 1 1 9 1 27 27 30 26 28 10 27 19 27 29 16 5 30 21 29 26 30 27 27 29 1 1 9 10 1 29 27 8 10
split_gain=1236.77 782.161 806.167 556.527 459.05 447.47 440.764 687.264 668.97 365.795 819.758 432.999 400.39 344.12 387.983 329.921 319.811 302.107 297.548 634.446 253.318 727.446 325.747 249.287 656.708 1105.97 402.808 758.075 391.078 371.16 532.67 396.786 306.36 245.16 243.737 242.946 241.849 240.891 408.579 437.627 401.477 357.84 435.907 341.868 322.64 307.035 240.566 271.167 291.505 273.544 223.625 229.435 194.795 347.644 183.766 181.103 180.764 179.57 170.637 201.014 153.365 110.779
threshold=4.1949999332427987 3.4415000677108769 7.9995000362396249 83.500000000000014 1.3200000524520876 0.15266805142164233 32.500000000000007 27.901999473571781 3.5000000000000004 21.500000000000004 36.500000000000007 3.3349999189376835 1.1000000238418581 53.729881286621101 0.40499997138977056 24.500000000000004 14.500000000000002 57.500000000000007 3.5000000000000004 165.50000000000003 0.8999999761581422 3.4050000905990605 3.6999999284744267 4.2249999046325692 15.500000000000002 2.0100002288818364 0.70026737451553356 49.500000000000007 2.6024999618530278 155.26999664306643 469.01499938964849 0.54500007629394542 1.700500011444092 3.2549999952316289 4.055000066757203 24.406111717224125 27.500000000000004 20.500000000000004 3.5025000572204594 4.8949999809265146 602.73107910156261 4.5950000286102304 1.7999998331069949 0.10873378813266756 34.500000000000007 516.97836303710949 1119502272.0000002 0.39999997615814215 16.500000000000004 698.72381591796886 4.2950000762939462 4.4949998855590829 1.2900000810623171 17.865000724792484 85.201499938964858 0.99999988079071056 3.4875000715255742 0.99900001287460338 1.2050000429153445 3.5949999094009404 3.5949999094009404 3.3400000333786015
decision_type=2 2 2 2 2 2 2 2 2 2 2 2 2 2 2 2 2 2 2 2 2 2 2 2 2 2 2 2 2 2 2 2 2 2 2 2 2 2 2 2 2 2 2 2 2 2 2 2 2 2 2 2 2 2 2 2 2 2 2 2 2 2
left_child=1 4 9 5 13 55 8 -8 -7 16 12 -12 36 14 -1 -14 20 61 23 37 22 -22 -3 26 46 28 27 29 35 31 -31 -2 -29 -16 -13 -26 -11 38 39 45 -41 42 -40 -43 50 -20 47 49 -49 -25 -39 -52 53 -28 -30 -4 -35 -15 59 -59 -57 -6
right_child=18 2 3 -5 17 6 7 -9 -10 10 11 34 15 57 33 -17 -18 -19 19 -21 21 -23 -24 24 25 -27 52 32 54 30 -32 -33 -34 56 -36 -37 -38 44 41 40 -42 43 -44 -45 -46 -47 -48 48 -50 -51 51 -53 -54 -55 -56 60 -58 58 -60 -61 -62 -63
leaf_value=0.13828335013099649 0.085207831486334554 -0.015341020087633243 -0.06004429698482712 -0.05310881045081213 -0.032747482669560631 0.060086271928308954 -0.059568617259253213 0.12046000780247741 -0.040245531545215346 0.055232678802309469 0.10805225755233035 -0.057549701070068973 0.10144557510883739 -0.054376861402315527 0.092959656678116856 -0.058206810990869079 -0.059758316863830187 0.26343481001212193 0.080456728142119072 -0.050268706682834133 0.20133540753579246 0.016603292580518316 0.14988642528580359 0.077387658938128309 0.089346381624064941 0.089658321905953797 -0.062662347401729337 0.10339342783839496 -0.063876161440340903 -0.043650624334742788 0.12580151288388808 -0.010087140764967037 -0.061113971993903365 -0.058728102091181844 0.034717653160890614 -0.059939303444295072 0.14611726953737408 -0.065106397156194803 0.041391492968728551 0.028557723711221492 0.073079749876930722 -0.07128582026679324 0.09457848610652958 0.073286258514715361 -0.056385826242883963 -0.064931040960778882 0.11208799243314474 0.058437721373564705 0.07191593865410234 -0.062532669517617531 0.12152819402511926 0.085446217225100374 0.116193688230251 0.10047552206771236 0.024996626333670557 0.20614720640776227 0.12622759597142988 0.05482836418624179 -0.058274742427575514 0.11665904167246824 0.0027708494410809367 0.087984083647447142
leaf_weight=636.82732705492526 2790.599535562098 494.2879996933043 108.12563626840711 108.91838522441685 120.52279941458255 17437.081368831918 58.144071192480624 539.1311781257391 167.03035225719213 105.63479586690664 69.725699849426746 224.4117329325527 59.685265004634857 28.986646452918649 504.93164690583944 68.344993442296982 158.76087996736169 9.540530816651879 22538.341367794201 99.199666522443295 63.41275879740715 310.44047803431749 30.740940012037754 6213.816332038492 101.83206017501652 381.24673990253359 44.140459824353456 34.208007393404841 317.94734680838883 139.71603760868311 68.178369484841824 113.37651727721095 143.79314895905554 48.618772616609931 104.00827147159725 36.244982178322971 252.59452626854181 21.124554293230176 2262.7418558625504 803.64958473388106 1378.8216930171475 40.386498844251037 464.80213705077767 6080.5106121720746 35.482279061339796 35.639850226230919 311.36267406865954 9255.8433242291212 7161.1578193614259 34.391489654779434 626.2402545241639 1571.0725659681484 880.94213653355837 118.34586977213621 70.479740315116942 11.635098252445458 17.003416381776333 375.2424651440233 23.600073732435703 205.18267166707665 35.101235456764698 21.526466272771358
leaf_count=903 6627 7257 912 4183 904 79966 615 266 1374 376 77 3234 178 446 81 556 1214 35 33505 6927 242 2337 86 13767 43 455 291 20 3902 692 93 521 2079 450 1179 379 442 240 8293 2233 2453 229 562 9100 919 203 239 24721 14999 214 2332 3000 707 242 315 7 70 2636 177 799 192 77
internal_value=0.0690098 0.0588848 0.0559593 0.0591827 0.0888103 0.0598521 0.0605724 0.102856 0.0591318 0.0252934 0.0490052 -0.00419562 0.0924952 0.0956957 0.111385 0.0163907 0.00543316 0.00510616 0.0725427 0.0755695 0.0170065 0.0484043 -0.00539074 0.0686828 0.0666697 0.0249138 0.0797598 0.0711238 -0.0220399 0.076864 0.012233 0.0814834 -0.0290702 0.0811643 -0.0282974 0.049974 0.119559 0.0759191 0.0748496 0.0781536 0.0567083 0.0655974 0.0504883 0.07232 0.0918226 0.0802241 0.068318 0.0677115 0.0643213 0.0766068 0.0942196 0.0957826 0.10689 0.0560153 -0.0477147 -0.0246221 -0.0095537 0.0656339 0.0714818 0.0768574 0.0567643 -0.0139294
internal_weight=86574.8 22399.2 20407.2 18465.2 1991.98 18356.2 18201.4 597.275 17604.1 1942.05 884.405 398.146 486.26 1840.39 1207.38 128.03 1057.64 151.59 64175.6 35958 898.882 373.853 525.029 28217.6 23884.3 907.751 4333.3 3289.87 526.504 3111.87 207.894 2903.98 178.001 570.554 328.42 138.077 358.229 35858.8 33604.9 24756.5 2182.47 8848.44 2727.54 6120.9 2253.92 22574 22976.6 22665.2 16417 6248.21 2218.44 2197.31 1043.43 162.486 388.427 154.862 65.6222 633.012 604.025 580.425 46.7363 142.049
internal_count=251573 111271 104693 87515 6578 83332 82221 881 81340 17178 6042 4490 1552 5562 1504 734 11136 1016 140302 69996 9922 2579 7343 70306 59034 5094 11272 10032 4639 7933 785 7148 2099 601 4413 422 818 63069 56578 38394 4686 18184 8855 9329 6491 33708 53940 53701 39720 13981 5572 5332 1240 533 4217 1111 520 4058 3612 3435 199 981
is_linear=0
shrinkage=0.05


Tree=12
num_leaves=63
num_cat=0
split_feature=27 1 1 22 29 0 28 11 9 25 27 0 18 0 25 29 0 28 9 20 4 29 12 27 11 28 12 1 17 29 29 0 18 1 19 12 29 1 29 22 25 12 12 1 25 25 0 0 1 1 19 0 1 23 0 23 18 4 19 19 0 29
split_gain=1183.63 687.731 669.292 531.894 388.895 364.188 366.868 372.084 358.06 414.66 509.196 320.74 319.164 310.004 308.948 648.234 276.153 262.853 262.406 249.738 246.589 241.973 937.167 391.325 296.84 319.622 283.508 273.59 251.673 227.768 480.782 432.232 227.145 270.52 222.621 218.348 214.115 985.614 713.799 198.017 197.853 219.916 218.539 202.689 197.348 192.97 188.758 180.691 294.382 204.227 141.055 128.047 188.288 117.554 88.2139 218.141 84.6085 77.1349 59.0057 54.1309 70.2365 45.7054
threshold=4.1949999332427987 3.4415000677108769 7.9995000362396249 15.126390457153322 1.3200000524520876 5.4100000858306894 3.5000000000000004 6.5000000000000009 1.2199999094009402 14.500000000000002 3.2649999856948857 3.1049998998641972 53.729881286621101 3.7150000333786015 3.5000000000000004 1.1000000238418581 3.4850000143051152 2.5000000000000004 0.40499997138977056 1.6703642010688784 38.500000000000007 1.6000000238418581 1.1379603743553164 4.3250000476837167 4.5000000000000009 22.500000000000004 1.1379603743553164 223.0100021362305 8.8333334922790545 0.39999973773956304 1.1949999332427981 3.6950000524520878 380.77603149414068 4.0050001144409189 712.82186889648449 1.0303869843482973 1.6999999284744265 84.009998321533217 1.794999957084656 15.279101371765138 11.500000000000002 1.0909091830253603 1.2112676501274111 126.6004981994629 1.0000000180025095e-35 1.5000000000000002 2.7150000333786015 2.8940377235412602 2.0019999742507939 2.5304999351501469 0.62865403294563305 5.6250000000000009 6.7204999923706064 1.2010478973388674 3.5949999094009404 7.710820436477662 5.9643473625183114 2.5000000000000004 25.691010475158695 859.49984741210949 5.8500001430511483 0.60000026226043712
decision_type=2 2 2 2 2 2 2 2 2 2 2 2 2 2 2 2 2 2 2 2 2 2 2 2 2 2 2 2 2 2 2 2 2 2 2 2 2 2 2 2 2 2 2 2 2 2 2 2 2 2 2 2 2 2 2 2 2 2 2 2 2 2
left_child=1 4 14 8 12 6 7 20 9 11 -11 -4 18 47 34 17 44 35 54 39 29 22 24 26 25 -8 53 50 -28 31 -31 -2 33 -17 45 -16 37 -25 -38 -20 41 43 -43 -5 -6 -3 -34 49 -49 -14 -24 52 -36 -23 55 -1 -56 59 -9 60 61 -7
right_child=5 2 3 40 16 57 21 58 -10 10 -12 -13 13 -15 15 32 -18 -19 19 -21 -22 23 27 36 -26 -27 28 -29 -30 30 -32 -33 46 -35 51 -37 38 -39 -40 -41 -42 42 -44 -45 -46 -47 -48 48 -50 -51 -52 -53 -54 -55 56 -57 -58 -59 -60 -61 -62 -63
leaf_value=0.12488627976003566 -0.057933666455561375 0.13702206192974295 0.064217361122547764 -0.063601465449035208 0.11788485601166128 0.036625457545202585 0.065965104984274034 0.12673607183549163 0.10836301320446846 0.13004842943390496 -0.0044405702962074887 0.050480815187392308 0.058162896870031358 -0.06070386168877439 0.093751609293125537 0.072677514569752133 0.12793659490496176 -0.06078713526264197 -0.058584639501409658 0.089932316713655563 -0.06646605962676741 0.1050466007943397 0.063678758691926712 0.10200888404871544 -0.062549664257644327 0.090362020643719287 -0.067591017296376052 0.099130433751875038 0.17979013511041597 0.040879290786787092 0.062468782926538624 0.071142000489531843 0.10628263890582623 -0.056955175335406408 0.0032531024295309762 0.037434915194125999 -0.033195014009197742 -0.031705988189476772 0.071998801529485054 0.13823180167130017 -0.058047762405564834 0.11880055736905921 -0.057710088844916768 0.11978928123549876 -0.058991626908058065 -0.058777526594758933 -0.057043949322210755 0.053906895951832047 0.14805712710086813 -0.05709546363200551 -0.061033418691147673 0.12670324972732583 -0.05643444331463008 0.15362724041333145 0.21815120251612377 0.011036091163079817 0.12567339668025759 0.1188950330232131 0.09043412704851056 0.10385774260220998 0.090469135293192102 0.079867382837676984
leaf_weight=512.65153922885656 64.745598986744881 48.872738845646381 7071.141107685864 80.619519194588065 17.714773412793875 132.38916703313589 17177.238320454955 201.90721195749938 314.70209637098014 80.341529875993729 521.43765775300562 10769.684508006088 221.13003965653479 48.662173440679908 464.45300678629428 47.437335824593902 34.155422222800553 37.97476120851934 52.585330248810351 498.23757436312735 36.637646527029574 620.29204871412367 24.63709454331547 1513.3856736449525 42.949003518559039 1465.7464368799701 39.44586509373039 36.047247491776943 12.78464889526367 3029.2182979751378 17710.946861685254 6734.3013638332486 58.659456890076399 238.80578079633415 561.75650011561811 276.90872643329203 162.46729677729309 151.09443891141564 14561.385803507175 15.782935950905083 126.28927914891392 71.611756399273872 22.401040395721793 17.503975093364716 100.10177115723491 16.148404527455568 24.357105629518628 201.12240734323859 143.05890082009137 45.593381764367223 203.91506416071206 16.337656751275063 171.67218283284456 164.43796748109162 46.93853644374758 46.155571533367038 66.883796824142337 248.25014051515609 299.54453057982028 351.31174130737782 488.47648550570011 118.98122502863407
leaf_count=447 645 88 31950 525 44 239 34517 20 264 95 4880 46783 1499 370 1550 226 87 450 491 49 942 719 146 2383 848 4509 408 36 1 8305 44648 14994 190 3648 7073 1439 943 593 20609 61 2624 155 198 41 885 112 204 1162 557 470 3815 17 2181 135 46 345 65 112 114 300 221 100
internal_value=0.0639552 0.054211 0.0515111 0.0543727 0.0818681 0.0673844 0.0668436 0.062542 0.0554606 0.0545517 0.0136923 0.0559288 0.0880251 0.059751 0.0236925 0.0403861 0.0048355 0.0662167 0.103009 0.0776564 0.0617608 0.0701802 0.0662615 0.0744871 0.0675848 0.0678882 0.107917 -0.0270769 -0.00470469 0.061934 0.0593179 0.0699038 -0.0141484 -0.0352763 0.00013301 0.0728021 0.072773 0.0898561 0.0708355 -0.0117394 -0.00966598 0.0222449 0.0765249 -0.029958 -0.0315863 0.0881646 0.0581944 0.0694376 0.0933705 0.0383024 -0.0473493 -0.00760185 -0.0107689 0.115415 0.124211 0.115528 0.165421 0.0932517 0.105284 0.0873095 0.0793154 0.0573484
internal_weight=88682.4 23089.9 21039.1 19075.7 2050.77 65592.5 64253.1 28077.3 18757.3 18442.6 601.779 17840.8 1898.8 659.567 1963.38 1148.6 151.972 779.336 1239.24 566.606 27575.8 36175.8 18950.5 17225.3 18685.9 18643 836.961 264.599 52.2305 27539.2 20740.2 6799.05 369.26 286.243 814.787 741.362 16388.3 1664.48 14723.9 68.3683 318.426 192.136 94.0128 98.1235 117.817 65.0211 83.0166 610.905 344.181 266.723 228.552 749.766 733.429 784.73 672.629 558.807 113.822 1339.41 501.452 1091.16 739.847 251.37
internal_count=251573 111271 104693 87515 6578 140302 139330 69668 83972 83708 4975 78733 5562 4058 17178 7707 1016 3439 1504 601 69534 69662 43871 25791 39874 39026 1263 3997 409 68592 52953 15639 4268 3874 9471 2989 24528 2976 21552 552 3543 919 353 566 929 200 394 3688 1719 1969 3961 9271 9254 854 903 792 111 972 134 860 560 339
is_linear=0
shrinkage=0.05


Tree=13
num_leaves=48
num_cat=0
split_feature=28 26 14 20 27 29 10 26 26 27 27 27 27 29 30 10 10 18 24 28 27 10 21 6 21 18 26 27 29 10 16 18 23 10 30 4 10 18 18 29 9 26 26 16 23 13 26
split_gain=1143.07 702.147 621.693 433.502 389.306 461.015 364.185 337.723 840.914 693.9 1603.42 767.276 699.359 581.259 498.242 331.085 327.723 277.514 276.45 232.625 317.861 352.647 393.762 383.986 301.988 472.743 221.111 188.475 188.262 182.654 160.145 143.872 132.579 117.876 108.564 76.3743 104.275 36.9145 223.88 36.4431 30.2881 78.2875 38.2294 37.7828 24.8379 10.7544 1.09903
threshold=1.5000000000000002 165.50000000000003 1.0000000180025095e-35 1.910397529602051 4.0250000953674325 0.5950000286102296 2.8975000381469731 31.500000000000004 19.500000000000004 3.8067375421524052 3.4750000238418584 3.4650000333786015 3.8249999284744267 1.300000071525574 523.95153808593761 3.5500000715255742 2.6999999284744267 0.024915277026593689 -4.1999983787536612 20.500000000000004 4.8300001621246347 3.5025000572204594 467915760.00000006 1.0000000180025095e-35 145691608.00000003 61.836965560913093 145.50000000000003 4.2950000762939462 1.2000001668930056 3.9850000143051152 0.59317129850387584 507.48497009277349 1.6501607298851015 4.7850000858306894 234.20780944824222 8.5000000000000018 2.7975000143051152 353.01754760742193 359.99736022949224 1.2999998331069949 1.7050000429153445 47.500000000000007 67.500000000000014 0.29442724585533148 5.6234145164489755 0.0044396787416189918 72.500000000000014
decision_type=2 2 2 2 2 2 2 2 2 2 2 2 2 2 2 2 2 2 2 2 2 2 2 2 2 2 2 2 2 2 2 2 2 2 2 2 2 2 2 2 2 2 2 2 2 2 2
left_child=2 4 3 7 5 34 35 8 17 10 11 -9 39 15 -15 -10 -14 -1 -19 20 21 22 -6 -23 25 -22 27 -21 -29 37 32 -12 -5 -26 -2 36 -4 -7 -39 -11 41 43 -43 -37 -32 46 -42
right_child=1 -3 6 30 19 29 -8 9 13 12 31 -13 16 14 -16 -17 -18 18 -20 26 24 23 -24 -25 33 -27 -28 28 -30 -31 44 -33 -34 -35 -36 40 -38 38 -40 -41 45 42 -44 -45 -46 -47 -48
leaf_value=-0.06260177875177321 0.036626994965014717 -0.051055465303117324 -0.057112337591025721 -0.059006011046115137 0.067232089432629732 -0.064437716795882047 -0.063249800019524044 0.030529943400979771 0.091080749953332832 0.090679418017554234 -0.060496061421379421 0.15577057307368539 0.062639583138567864 0.066910224169426241 0.0056449826626656756 -0.061567902507058139 0.024132474948057807 0.11884062484395362 0.048077437895433679 -0.065521307582741661 0.012224170011146143 0.036645710624227799 -0.080955240898756831 0.061274394805749956 0.089371620659677492 0.054544398516077758 -0.053588160494730468 0.092242354419595107 0.060530599122198041 0.11664779080476712 0.10586956767774545 0.0060211341494778841 0.081476997445766128 0.033820193735940876 0.16179307427710973 0.059272173815804324 0.078094797250084794 0.1504643635400591 -0.065341517990871026 0.13456996047849515 0.084021039361341823 0.10887355803496895 0.076868287540532432 -0.056095547788474642 0.085471269949968121 0.11311645697244482 0.10130663161024898
leaf_weight=55.490953026339412 29.833330910652876 132.12690383847803 17.963280266150832 31.82301296852529 38919.405277122743 120.27720124553889 36.982671685051173 529.56487973313779 2346.275404766202 73.838015899062157 540.2191498177126 158.36985326558352 1022.3435841947794 1224.2126885857433 455.65481788292527 35.376908868551254 1206.938165913336 138.41530204564333 23317.188341092318 20.849599050357938 815.52664209716022 1948.4901305437088 44.054536951705813 8587.6629721885547 635.67860490828753 3479.0793602075428 29.975535785779357 1613.8160295551643 673.31499239336699 17.558804724365473 327.54735456686467 95.300455031916499 33.399765811860561 114.65532991290092 43.328623116016388 13.965322062373163 57.955215615220368 14.421813473105429 53.510265799239278 219.52338161319494 71.146128591150045 212.06411450356245 197.4962818166241 12.491024151444433 365.72732623666525 355.46974788978696 100.6115878415294
leaf_count=452 86 9039 168 444 68267 886 506 1845 5331 55 5392 19 3471 2800 1831 226 6684 170 102786 229 2753 6552 226 15540 722 6401 903 2679 2682 31 41 487 7 232 67 6 92 4 306 181 65 57 542 118 75 56 61
internal_value=0.0594706 0.0637529 0.0520907 0.0508369 0.0640192 0.00505506 0.0894933 0.0499316 0.0518695 0.0360274 0.00669442 0.0595532 0.0514056 0.0728892 0.0503086 0.0887863 0.0418142 0.0482352 0.0485003 0.0643082 0.0636421 0.0648631 0.0670623 0.0567241 0.051651 0.0465139 0.0798111 0.0815683 0.0829394 -0.0333046 0.0882147 -0.0505197 0.0130021 0.080946 0.112003 0.0949897 0.0457115 -0.0478633 -0.0179358 0.123885 0.098817 0.0883041 0.0936771 0.00456145 0.0952545 0.107318 0.0947033
internal_weight=90546.9 57293.6 33253.4 32177.2 57161.4 278.93 1076.15 31418.7 27572.6 3846.1 1323.45 687.935 2522.64 4061.52 1679.87 2381.65 2229.28 23511.1 23455.6 56882.5 54544.6 49499.6 38963.5 10536.2 5044.94 4294.61 2337.96 2307.98 2287.13 205.768 758.497 635.52 65.2228 750.334 73.162 1039.16 75.9185 188.209 67.9321 293.361 963.244 436.017 409.56 26.4563 693.275 527.227 171.758
internal_count=251573 117605 133968 132297 108566 1380 1671 131730 113596 18134 7743 1864 10391 10188 4631 5557 10155 103408 102956 107186 100693 90585 68493 22092 10108 9154 6493 5590 5361 1227 567 5879 451 954 153 1165 260 1196 310 236 905 723 599 124 116 182 126
is_linear=0
shrinkage=0.05


Tree=14
num_leaves=63
num_cat=0
split_feature=27 1 1 22 2 28 26 5 23 5 1 7 26 23 12 24 23 5 1 7 26 24 1 26 26 27 26 26 0 24 12 1 26 1 1 25 12 12 1 26 24 11 5 7 21 25 26 1 26 26 26 26 26 23 0 17 26 22 27 27 27 26
split_gain=1118.87 592.099 537.685 429.589 413.55 410.59 742.557 412.954 430.219 401.669 583.447 494.424 616.515 394.848 381.307 349.311 319.967 315.166 364.98 287.22 271.933 267.194 264.856 262.102 493.693 343.61 269.107 240.612 465.824 227.475 222.972 216.13 208.825 196.424 188.644 175.317 185.315 177.265 176.533 163.163 162.104 161.906 124.229 132.231 267.856 142.081 123.72 123.648 115.503 181.828 150.559 110.712 227.22 179.38 101.681 94.3199 80.3208 73.6448 59.9099 30.3774 29.5086 29.0324
threshold=4.1949999332427987 3.4415000677108769 7.9995000362396249 15.126390457153322 4.5000000000000009 1.5000000000000002 147.50000000000003 5.5000000000000009 0.063583929091691985 32.500000000000007 27.901999473571781 2.9450000524520878 5.5000000000000009 0.60125392675399791 1.5925926566123965 -19.970001220703121 0.061507884413003928 44.500000000000007 187.20500183105472 2.8249999284744267 78.500000000000014 -0.016450382769107815 508.48049926757818 21.500000000000004 36.500000000000007 3.3349999189376835 14.500000000000002 7.5000000000000009 3.0949999094009404 -0.763655126094818 1.156250059604645 28.005000114440922 11.500000000000002 232.02500152587893 79.407501220703139 11.500000000000002 1.0909091830253603 1.2112676501274111 126.6004981994629 9.5000000000000018 -3.9985001087188716 1.5000000000000002 9.5000000000000018 4.6250000000000009 707.94577026367199 16.500000000000004 9.5000000000000018 0.99900001287460338 74.500000000000014 25.500000000000004 18.500000000000004 2.5000000000000004 15.500000000000002 0.10219021141529085 3.995000004768372 0.29516129195690161 23.500000000000004 14.687120437622072 2.6049998998641972 4.0950000286102304 4.4949998855590829 57.500000000000007
decision_type=2 2 2 2 2 2 2 2 2 2 2 2 2 2 2 2 2 2 2 2 2 2 2 2 2 2 2 2 2 2 2 2 2 2 2 2 2 2 2 2 2 2 2 2 2 2 2 2 2 2 2 2 2 2 2 2 2 2 2 2 2 2
left_child=1 16 15 9 5 7 14 22 54 11 -11 19 -13 -6 17 -3 47 20 -19 -4 -7 40 27 26 30 -26 41 28 -2 -18 -25 -29 46 -23 -8 36 38 -38 -5 -16 -10 -17 55 45 -45 -44 -15 -1 49 50 -49 58 53 -53 -9 -34 -57 -54 -31 -60 -24 -12
right_child=4 2 3 35 13 6 34 8 21 10 61 12 -14 32 39 23 29 18 -20 -21 -22 33 60 24 25 -27 -28 31 -30 51 -32 -33 42 -35 -36 -37 37 -39 -40 -41 -42 -43 43 44 -46 -47 -48 48 -50 -51 -52 52 57 -55 -56 56 -58 -59 59 -61 -62 -63
leaf_value=-0.054803255539403531 -0.014132837654763556 0.15908870008347747 0.047440187425123931 -0.063352944011611775 -0.061501416531332648 0.058993261293989865 -0.055973404035114187 -0.068219892627671239 0.042868821391561507 -0.05842955828518101 0.081926571104285695 0.087108244980890967 0.0062200202555993166 -0.073567983107692525 0.090920268499740428 0.016516360556408077 -0.059303760784484572 -0.063749538484727516 0.095299436551864888 0.090647160965465365 0.069660792100443958 0.043086171796267211 0.11602964277797943 0.077247558999822677 0.0912328366171168 -0.028106211905805492 -0.059987076743051163 0.069183349102141786 0.047027171520854588 0.21755519692408209 -0.058084309290885566 0.047001517037620816 0.15756004624372183 0.18169279395922988 0.062213705796587075 -0.057897005522707018 0.10076669289185601 -0.057489799075742878 0.10214112614883097 -0.076179399737033596 -0.065970682166380898 -0.057084364593413352 0.018421443216597066 -0.078606781592603023 0.065840388816700138 0.080629987522625568 0.04987663657323485 0.038021903754606769 0.19327294757354432 -0.064950739899260701 0.10190094797383852 0.14302783235842584 0.096317227919895207 0.014490396401645067 0.031869648291728218 0.10570627024149093 0.050727368424602598 0.050272103161201356 0.071214612573816075 0.16932496856397256 0.068112846885773182 0.10918723605904768
leaf_weight=30.279012073762715 333.10907469689846 42.77640300989151 17132.877024086192 79.601293147541583 51.02616342715919 46485.837005528621 173.18228091532364 154.08234041091055 53.159819439984858 62.116474536247551 153.3842703551054 282.73777077719569 1389.6890720222145 33.703209448605776 17.356869772076607 850.88930806517601 26.321197912096977 105.67678162269294 53.496913634240627 394.05179584771395 6903.2764146104455 516.93077181372792 172.02736349403858 476.75755024701357 73.194147167727351 321.43837770586833 159.70920370519161 2398.6897047683597 4648.9733545891941 23.178825626149774 31.757745787501335 2051.9452397059649 70.516984742134809 26.060184612870216 40.965489962138236 122.26254712976515 77.970108145847917 22.044351367279887 19.175687871873379 71.763018833473325 92.137032814789563 80.904246972873807 96.073730736970901 40.048615643754601 146.97791256662458 2596.9803578495048 47.890375955030322 471.52287885174155 12.36747510358691 35.207670234143734 114.78075198829174 31.339127898216248 1079.7186674745753 171.65928265079856 29.648748316802084 311.39820211753249 88.614526566118002 98.73440764285624 24.565265137702227 13.405073292553423 46.837277352809906 421.01839069277048
leaf_count=440 2129 7 72952 525 2024 79310 7842 1061 127 1466 96 1187 7136 184 4 9036 219 1546 24 900 15960 1609 152 1271 77 4412 1213 4960 13220 40 278 4952 44 3 219 2624 155 198 41 450 800 884 336 560 335 1885 90 3130 39 201 169 48 697 1039 72 165 150 411 139 6 89 235
internal_value=0.0554646 0.0462583 0.0438355 0.0463101 0.0587643 0.0578535 0.0596212 0.0488028 0.0158207 0.0472388 0.0863336 0.045938 0.0199417 0.0755739 0.0599923 0.0193398 0.0714335 0.0601645 -0.0100021 0.048417 0.060374 0.0339695 0.0517802 0.0162621 0.0361714 -0.00578461 -0.000225003 0.050507 0.0429349 0.0844655 0.0686886 0.0589705 0.0776306 0.0500694 -0.0331574 -0.011021 0.0179296 0.0656118 -0.0304736 -0.0429321 -0.0260945 0.0100662 0.0795546 0.0755913 0.0346293 0.0784202 -0.00132647 0.0425193 0.0472551 0.0440356 0.0506882 0.0871314 0.0840883 0.0349625 -0.0519563 0.103592 0.0936962 0.0925096 0.153341 0.109436 0.106155 0.102071
internal_weight=92185.8 24327.4 22194.4 20156.9 67858.4 64375.2 53851.6 10523.6 872.019 19835.9 636.519 19199.4 1672.43 3483.23 53637.4 2037.43 2133.08 53548.3 159.174 17526.9 53389.1 688.288 9651.58 1994.65 903.148 394.633 1091.5 9432.72 4982.08 1468.92 508.515 4450.63 3432.2 542.991 214.148 321.054 198.791 100.014 98.777 89.1199 145.297 931.794 3350.61 2880.08 187.027 2693.05 81.5936 664.158 633.879 621.511 586.304 1442.6 1381.45 202.998 183.731 470.53 400.013 1178.45 61.1492 37.9703 218.865 574.403
internal_count=251573 111271 104693 87515 140302 134529 105355 29174 3672 83972 1797 82175 8323 5773 97294 17178 6578 96840 1570 73852 95270 2539 25502 17171 6038 4489 11133 25261 15349 2599 1549 9912 3749 1612 8061 3543 919 353 566 454 927 9920 3475 3116 895 2221 274 3979 3539 3500 3299 2380 2195 1087 1133 359 315 1108 185 145 241 331
is_linear=0
shrinkage=0.05


Tree=15
num_leaves=63
num_cat=0
split_feature=28 14 0 1 27 0 14 4 27 16 10 23 23 10 27 4 9 18 10 27 1 1 18 0 27 23 28 28 1 15 10 1 0 27 22 12 1 23 30 28 12 23 22 23 27 21 0 1 28 22 1 0 1 1 1 27 4 27 10 9 10 28
split_gain=710.728 633.699 443.812 348.757 365.916 344.748 321.412 512.597 623.476 290.615 706.681 699.131 513.45 432.882 432.545 419.394 319.048 296.504 268.157 529.172 306.827 263.53 262.744 261.522 430.777 238.843 227.276 249.171 204.578 194.769 188.394 178.128 168.08 165.55 158.002 173.943 156.371 147.282 141.176 129.799 129.292 135.879 176.071 121.674 121.206 150.585 99.6665 95.3819 87.2582 72.5218 170.228 69.9441 112.69 139.624 58.1091 367.01 51.9214 43.0063 41.6627 33.3989 30.812 53.707
threshold=1.5000000000000002 1.0000000180025095e-35 5.4100000858306894 168.54000091552737 4.0250000953674325 5.5050001144409189 1.5000000000000002 8.5000000000000018 4.6949999332427987 0.28381329774856573 2.6999999284744267 0.35556584596633917 0.17256524413824084 3.0900000333786015 3.5049999952316289 6.5000000000000009 0.87500000000000011 33.806013107299812 3.1999999284744267 3.995000004768372 9.3806500434875506 31.945000648498539 223.84416961669925 3.495000004768372 4.6949999332427987 0.61676409840583812 20.500000000000004 11.500000000000002 18.875000000000004 8.5000000000000018 2.8975000381469731 18.005000114440922 3.1950000524520878 4.8949999809265146 16.221150398254398 1.6296296715736391 14.996500015258791 0.49174286425113684 859.49645996093761 20.500000000000004 1.1830021739006045 0.32407142221927648 14.976503849029543 1.9952632784843447 4.6949999332427987 35.672479629516609 4.5099999904632577 43.004999160766609 10.500000000000002 16.000020980834964 268.66499328613287 7.2500000000000009 24.005000114440922 194.004997253418 25.704999923706058 4.2149999141693124 2.5000000000000004 4.5950000286102304 2.9974999427795415 0.8999999761581422 3.8999999761581425 25.500000000000004
decision_type=2 2 2 2 2 2 2 2 2 2 2 2 2 2 2 2 2 2 2 2 2 2 2 2 2 2 2 2 2 2 2 2 2 2 2 2 2 2 2 2 2 2 2 2 2 2 2 2 2 2 2 2 2 2 2 2 2 2 2 2 2 2
left_child=1 2 9 4 22 6 7 28 -9 12 11 21 18 14 -12 -15 17 -14 20 -20 -1 -11 -2 24 43 -18 27 33 -6 -29 54 -13 -24 -26 35 -8 -34 -32 51 40 41 46 -43 48 -42 -46 -25 -38 57 50 -45 52 -4 -54 55 -3 -7 -5 -36 -50 -41 -62
right_child=3 30 38 23 5 56 34 8 -10 10 13 31 16 15 -16 -17 25 -19 19 -21 -22 -23 32 39 26 -27 -28 29 -30 -31 37 -33 36 -35 58 -37 47 -39 -40 60 44 42 -44 49 45 -47 -48 -49 59 -51 -52 -53 53 -55 -56 -57 -58 -59 -60 -61 61 -63
leaf_value=0.02628848945152595 -0.063817664412985767 -0.05902325624035315 0.069383588982869421 0.096331220733120254 0.048803469347495715 0.079521677839481372 -0.07163173902409968 -0.019482131891465464 0.0502779214853896 -0.042507030139486451 0.052094437848178132 0.075470755343307203 -0.062535508629874698 0.056211836195906084 0.0098762982816575137 -0.060254877468253976 0.080543491945517368 0.0093467924194269979 -0.06104518137623538 0.12025050953882305 0.044405113192326387 0.047880510703507878 -0.064903761668708787 0.055448697106879989 0.056228330900403703 -0.061429981039573971 0.10262197917194721 -0.086390684516239435 0.05610704292625085 0.096352286421040045 0.11331644359216109 0.10694202199530872 -0.062499871990021133 -0.072313392420180658 0.077203144221754672 0.07137392285451305 0.12106274244851281 -0.062912583563915367 0.11132831034946267 0.09165187652618445 0.091327061461892206 -0.071086794851163024 0.043604001682116651 -0.078830669936618719 -0.082287604465152944 0.065902588829337236 0.073271171782035502 0.019374423782635753 0.056550252641422306 0.088386463419666855 0.077809439582766274 0.092437892314792824 -0.036026241961543387 0.061048995664488903 0.10391244413350319 0.090033439900280066 0.11077318786259654 0.071199980973426932 0.10791663112668765 0.080351864363786579 0.044960198341128105 0.081004628865220446
leaf_weight=2654.5572144421749 109.39406822854653 43.930284677073359 592.78681153059006 1460.1676167845726 14298.668460553512 608.06095197796822 36.491077829152346 535.34924136428162 794.44882967788726 147.9217645637691 1026.3009557193145 1444.799558930099 207.27281844196841 3786.0525159146637 1484.2107459809631 78.088046099990606 177.87024040566757 460.06515530124307 47.488301508128643 243.7609350271523 19966.981471213046 174.86412823200226 31.447597827762365 4513.0581024885178 189.38859298825264 34.695030025672168 81.294292882084846 83.926974046975374 29697.467046974227 16.711467742919922 16.33527067489922 669.04334559291601 20.048577547073364 27.935953658074141 1319.9732977719977 48.126075714826584 69.296753250062466 36.502471031621099 225.20978309214115 292.44756843149662 444.8065666668117 33.457672867923975 1284.2250149659812 33.352472666651011 22.659123484045267 61.475621802732348 967.01465776562691 35.155466763302684 253.43805589899421 34.726424351334572 34.0323835760355 213.82787618041039 62.521715514361858 87.989358946681023 420.49888424016535 549.69635016657412 183.35108077898622 211.4127643443644 128.62736910022795 413.32092851400375 152.08065603673458 362.32383684720844
leaf_count=18304 875 761 728 924 36138 378 505 8118 3951 1000 3730 2574 1917 11667 7280 818 844 2114 346 390 78409 407 175 6162 305 331 7 375 53797 1 8 1011 120 157 511 36 104 503 101 79 188 166 1992 160 109 56 951 109 252 9 15 23 204 109 128 263 67 234 119 153 154 86
internal_value=0.0522986 0.0466337 0.0454326 0.0556503 0.053804 0.0541301 0.0535747 0.05281 0.0221967 0.0443382 0.0521061 0.0750182 0.0414592 0.043337 0.027151 0.053842 0.00396652 -0.0130323 0.0428986 0.0905653 0.0422807 0.00644019 -0.00471493 0.0637063 0.0768076 0.057168 0.0285507 0.00933468 0.0537347 -0.0553468 0.0845845 0.0854798 0.0368548 0.0394265 0.0761287 0.00952811 0.0629102 -0.0072441 0.075545 0.0591226 0.0570046 0.0551311 0.0406364 0.0846855 0.0809234 0.0254356 0.0586074 0.0873932 0.0870224 0.0307973 0.000187493 0.0670127 0.0595774 0.0207197 0.0893763 0.0789136 0.0868989 0.0932002 0.0800063 0.0714105 0.078255 0.0704659
internal_weight=93742.4 34853.3 33786.3 58889.2 47915.9 47650.6 46859.2 45325.9 1329.8 32604 8811.28 2436.63 23792.7 6374.65 2510.51 3864.14 879.903 667.338 22912.8 291.249 22621.5 322.786 265.342 10973.3 2839.71 212.565 399.257 317.963 43996.1 100.638 1066.96 2113.84 155.948 217.325 1533.22 84.6172 124.501 52.8377 1182.34 8133.55 7326.7 6797.76 1317.68 2440.45 528.941 84.1347 5480.07 104.452 2338.34 102.111 67.3849 957.126 743.298 150.511 1014.13 593.627 791.412 1671.58 1448.6 666.759 806.852 514.404
internal_count=251508 133970 132307 117538 105003 103620 103175 102004 12069 131142 28487 4992 102655 23495 11010 12485 5206 4031 97449 736 96713 1407 1383 12535 2592 1175 845 838 89935 376 1663 3585 508 462 1171 541 333 511 1165 9943 9624 9271 2158 1747 353 165 7113 213 1563 184 175 1064 1041 313 1152 1024 445 1158 630 405 319 240
is_linear=0
shrinkage=0.05


Tree=16
num_leaves=63
num_cat=0
split_feature=2 1 5 1 0 26 1 1 1 29 23 29 1 30 1 29 30 0 24 12 12 26 29 5 26 18 26 5 21 25 23 0 24 26 1 29 1 29 23 25 25 0 18 23 29 4 1 26 8 1 0 8 0 26 8 20 13 21 5 12 29 1
split_gain=682.832 716.633 949.946 627.489 615.584 451.02 545.422 530.514 419.616 454.16 416.718 401.331 491.715 443.423 388.374 372.708 359.25 353.791 352.665 341.877 326.855 302.004 263.846 263.746 429.86 252.926 246.553 312.341 255.072 219.702 219.006 211.751 201.893 219.708 200.547 194.38 586.573 401.819 313.748 186.492 183.029 181.498 177.706 165.042 142.894 135.227 138.628 133.712 128.169 124.892 113.572 110.521 108.406 105.438 104.34 100.646 128.773 102.282 207.264 100.169 83.0411 82.1028
threshold=7.5000000000000009 18.875000000000004 23.500000000000004 2.995000004768372 4.7049999237060556 82.500000000000014 39.004999160766609 237.70500183105472 52.004999160766609 1.1999999284744265 7064451060596737 0.69999992847442638 81.319999694824233 622.09735107421886 16.003999710083011 1.1000000238418581 688.56866455078136 3.995000004768372 -16.890714645385739 1.4240275025367739 1.0121968984603884 17.500000000000004 1.7199999094009402 2.5000000000000004 32.500000000000007 29.885694503784183 74.500000000000014 3.5000000000000004 37624754.000000007 14.500000000000002 0.82422167062759411 3.2050000429153447 -2.5000001192092891 38.500000000000007 28.942000389099125 1.800000071525574 75.005001068115249 1.1050000190734866 1769866005838.0479 6.5000000000000009 14.500000000000002 4.805000066757203 0.10867638885974885 7064451060596737 1.9049999713897707 10.500000000000002 13.000500202178957 118.50000000000001 3.7150000333786015 3.0004999637603764 3.7949999570846562 3.0949999094009404 5.6250000000000009 7.5000000000000009 4.1949999332427987 0.44671197235584265 -0.024395609274506565 155289136.00000003 13.500000000000002 1.6296296715736391 0.39499986171722418 8.6758303642272967
decision_type=2 2 2 2 2 2 2 2 2 2 2 2 2 2 2 2 2 2 2 2 2 2 2 2 2 2 2 2 2 2 2 2 2 2 2 2 2 2 2 2 2 2 2 2 2 2 2 2 2 2 2 2 2 2 2 2 2 2 2 2 2 2
left_child=1 2 4 22 10 6 23 11 9 15 18 13 -13 -8 32 41 17 -9 48 -20 -16 -2 39 24 31 -17 28 -28 -25 -26 50 -3 33 -5 45 36 37 -10 -38 -4 -32 -7 49 -34 51 46 -23 -46 -1 -12 -11 -37 61 -44 -22 56 -47 -57 -59 -36 -54 -6
right_child=21 5 3 14 52 8 7 16 35 30 42 12 -14 -15 20 25 -18 -19 19 -21 54 34 -24 26 29 -27 27 -29 -30 -31 40 -33 43 -35 59 44 38 -39 -40 -41 -42 -43 53 -45 47 55 -48 -49 -50 -51 -52 -53 60 -55 -56 57 -58 58 -60 -61 -62 -63
leaf_value=0.12503495693536834 -0.069925436605561164 0.06381700747024055 0.18392255827399148 0.25975323614286694 0.0061367587040378696 -0.059690408031311121 0.055995129377387889 0.088342586461703301 0.15595082554791129 -0.063687734993940134 0.080481162553344643 0.048149748362604355 0.032581336940774301 0.020162196825339745 0.37564125528827391 -0.050807185552696567 -0.063730278598036302 0.055544005747904572 0.039711736243887595 -0.026494717742647035 -0.056828755504641497 0.079169890910667187 -0.063058287994892492 0.067304511284790799 0.021004832347409186 0.187535776295222 0.11725686519540866 -0.068735901870866409 0.026534253187932361 -0.077809055061184865 0.15262651022401208 0.048171607229446141 -0.052846967747122033 0.0023540770224029731 -0.065506834907360756 0.025677135025264954 -0.059742392024946661 -0.010509920075252352 0.19506975808734103 0.063233568816865648 0.0090877682073392009 0.13662963675972387 0.052831632050878735 0.058923648719786281 0.061896934264453585 0.072901896191563009 0.16597170574255107 0.081113874524080962 0.033094916344652024 -0.08159023645265974 0.012002587499170827 0.098090089128121172 0.065376084932426415 0.083028973851920901 0.066810758469842954 0.076056770598747242 -0.062449143010076626 0.082784763578562084 -0.071701238116270632 0.077558574546920028 0.097125196381743176 0.059400754626484455
leaf_weight=163.45096226129681 36.162944797426462 3636.4416834935546 39.555914577096701 9.64260336011648 74.749059002846479 42.466282422654331 8345.4442467652261 963.74533020704985 102.58765111863613 154.73146727168933 17.56532683968544 9408.1780746299773 11039.97607052885 965.13089797273278 6.8282549995928994 12.443540323525665 58.119588624686003 5748.9257688559592 25436.344424176496 195.76011006906629 21.28680608747527 113.40716649778187 33.1819311613217 7322.8565999902785 536.58478131890297 79.643706298433244 31.490113772451878 72.953739268705249 407.12147847935557 61.827063471078873 28.115384619683027 5421.2475961633027 613.66503181355074 37.77642463799566 37.768938331864774 58.533812923356891 143.27821464370936 55.503998619504273 12.204420667141674 164.91848753020167 94.598856179509312 15.144994676113127 463.17211674898863 34.057491282001138 3113.1488109156489 38.587327003944665 81.494353553280234 1303.522004082799 50.626516338437796 32.137212678790092 72.134787241462618 641.19612017180771 529.26209744811058 812.62645588815212 73.128216619603336 2638.1259274184704 30.60650989972055 53.178516916930676 35.256731803528965 16.89906157553196 354.41603568941355 2777.4493640214205
leaf_count=88 252 9552 32 6 213 722 16103 1225 251 2908 8 20221 27872 4880 18 285 386 7867 96258 1028 472 134 609 10654 1219 257 22 556 868 309 37 12304 12547 396 566 206 2066 777 16 377 750 3 746 38 2530 52 53 583 129 147 798 510 434 458 179 2981 748 24 331 7 131 5309
internal_value=0.0490233 0.0482455 0.0421912 -0.00494162 0.0437683 0.0514705 0.0500307 0.0465494 0.0645772 0.0206467 0.041148 0.0436709 0.0397466 0.0522838 -0.0262296 0.093212 0.0591918 0.0602661 0.0397422 0.0392049 0.0648125 0.0721902 0.0661843 0.0572981 0.0517482 0.155076 0.0641305 -0.0120309 0.0651616 0.0106744 -0.0105905 0.0544598 -0.0395706 0.0590828 0.0739018 0.068611 0.0302376 0.0977784 -0.0385905 0.0873869 0.0429826 -0.00654542 0.0685058 -0.0468805 0.0709555 0.0756372 0.116152 0.0675868 0.103571 -0.0237565 -0.0396521 0.092085 0.0628086 0.0721199 0.0385792 0.0727704 0.0129241 0.0742821 0.0210264 -0.0205936 0.0782107 0.0580092
internal_weight=94972.4 91890.9 31941.6 1034.04 30907.6 59949.3 54020 36529.5 5929.25 499.279 27171.7 29758.7 20448.2 9310.58 796.385 149.699 6770.79 6712.67 25846.2 25632.1 101.243 3081.49 237.656 17490.5 9656.1 92.0872 7834.42 104.444 7729.98 598.412 349.58 9057.69 695.142 47.419 3045.32 5429.98 313.574 158.092 155.483 204.474 122.714 57.6113 1325.5 647.723 5116.4 2990.66 194.902 4416.67 214.077 49.7025 226.866 699.73 3735.88 1275.8 94.415 2795.76 69.1938 2726.56 88.4352 54.668 883.678 2852.2
internal_count=251508 246360 119623 14674 104949 126737 114038 78554 12699 5760 98862 69076 48093 20983 13656 1267 9478 9092 97503 97286 669 5148 1018 35484 23384 542 12100 578 11522 1528 4493 21856 12987 402 4896 6939 3110 1028 2082 409 787 725 1359 12585 3829 4323 187 3113 217 155 3706 716 6087 1204 651 4136 800 3336 355 573 565 5522
is_linear=0
shrinkage=0.05


Tree=17
num_leaves=63
num_cat=0
split_feature=28 0 15 29 9 28 29 29 29 25 1 10 28 1 1 9 13 24 18 25 1 16 10 28 0 24 25 1 29 29 23 10 29 0 29 30 0 25 19 23 1 25 29 30 19 29 30 29 30 28 18 1 1 1 10 0 1 1 25 1 23 1
split_gain=757.984 591.97 465.551 451.352 668.289 503.737 541.801 475.223 447.182 574.199 740.497 403.142 402.273 349.788 329.445 529.813 456.156 388.954 317.886 283.334 806.949 267.75 373.92 402.503 285.007 267.295 259.407 350.591 426.792 392.133 258.865 246.394 226.819 216.204 205.858 229.564 202.384 184.516 178.224 158.73 176.242 158.479 150.658 146.996 139.236 133.62 479.701 308.739 130.209 86.8923 75.3604 74.4461 94.2274 70.4667 62.5077 32.9963 38.2918 193.654 167.128 69.5096 38.9093 28.3909
threshold=3.5000000000000004 5.4100000858306894 9.5000000000000018 1.6900001764297488 0.99999988079071056 14.500000000000002 2.2899998426437382 1.6999999284744265 1.2999998331069949 5.5000000000000009 55.003499984741218 2.8324999809265141 21.500000000000004 124.40500259399415 10.34500026702881 2.1000000238418584 -0.10000003874301909 -9.9925003051757795 859.49902343750011 6.5000000000000009 91.529998779296889 0.49683544039726263 2.7525000572204594 2.5000000000000004 3.7050000429153447 4.0045454502105722 64.500000000000014 171.38999938964847 2.1000000238418584 2.2899998426437382 38.170709609985359 4.2650001049041757 1.3999999761581423 5.3150000572204599 1.9999998807907107 46.778610229492195 4.1949999332427987 3.5000000000000004 307.91250610351568 1.6501607298851015 32.004999160766609 75.500000000000014 0.4999998807907105 0.09891944378614427 859.49984741210949 1.1949999332427981 109.86323547363283 1.1000000238418581 293.85449218750006 4.5000000000000009 565.11749267578136 180.32499694824222 165.69499969482425 31.945000648498539 3.1999999284744267 6.7500000000000009 24.005000114440922 127.98600006103517 1.5000000000000002 208.01499938964847 0.7048550844192506 43.004999160766609
decision_type=2 2 2 2 2 2 2 2 2 2 2 2 2 2 2 2 2 2 2 2 2 2 2 2 2 2 2 2 2 2 2 2 2 2 2 2 2 2 2 2 2 2 2 2 2 2 2 2 2 2 2 2 2 2 2 2 2 2 2 2 2 2
left_child=1 2 14 4 8 7 34 13 12 30 31 39 19 44 15 16 36 -18 -12 43 -21 25 24 -24 -23 33 27 29 -29 -9 32 -11 -10 -16 -7 38 -1 -6 -36 40 -4 -27 55 -2 49 47 -47 -14 -15 -5 -46 52 -8 -44 -28 56 60 58 -58 -59 -3 -55
right_child=3 42 11 5 37 6 51 26 9 10 18 -13 45 48 21 -17 17 -19 -20 20 -22 22 23 -25 -26 41 54 28 -30 -31 -32 -33 -34 -35 35 -37 -38 -39 -40 -41 -42 -43 53 -45 50 46 -48 -49 -50 -51 -52 -53 -54 61 -56 -57 57 59 -60 -61 -62 -63
leaf_value=-0.066814231848626823 -0.0040949680466390902 0.064468064580813098 -0.060908508648379725 0.037131752703901226 0.094326758079702325 -0.072505362858855255 -0.075521010845239794 0.043958086758681382 0.016167990294004661 0.029196447452727665 -0.042345952215489549 -0.061116262903337118 0.068370563472407317 -0.07802881556697204 0.041761162316350631 0.080652172487403584 0.11252627988848232 0.033581205904199919 0.071813475829664894 0.046302534191219033 -0.024254726907798514 0.077045211204170017 0.03700603101542943 0.067294801013335084 -0.02782115567714874 -0.069006392099344005 0.074663221907426899 0.074338742315117542 -0.010364165021153062 0.064760648193926865 -0.071285655818141599 0.11514467209475401 0.068863407854505274 -0.077370115376111492 -0.025007806222802825 -0.086540222192095964 0.050751284412223222 -0.064270864718157683 0.0681529581963876 0.078945131148392911 0.07508435570659247 0.095158287107534018 0.1002411411546841 0.052129062242440072 0.11244164682270873 -0.058526961846011694 0.35146854626906338 0.13346585911928632 0.07506541193120328 0.082187765281340391 0.057379905695462745 0.09263039291421292 0.089749033551771759 0.081345813460707225 0.12373036565635241 0.075791622155663763 -0.085471715507335344 0.095196259344478354 0.091661564191621719 0.024264280044461333 0.020126453509766204 0.036282226395119625
leaf_weight=160.29487001569942 117.04164648801088 645.38003708422184 43.85331248305738 126.04141573514789 19.660174086689949 132.10845723003149 15.796464970801024 7735.0275173038244 246.46151961386204 1776.5250322925858 552.1960217198357 56.262031349353492 1390.0818644836545 43.815300896763802 29440.556691688951 614.941272277385 156.7563736923039 16550.467440136708 67.591974601149559 2326.5152937849052 489.89727267995477 1608.7519625378773 3817.4995462438092 1543.3560237865895 66.961140930652618 82.26297580357641 1256.7180199935101 2722.0909589529037 156.95699740760028 3216.3674728535116 37.684006795287132 86.705378444865346 1218.6298065297306 37.227104887366295 89.671949627809227 54.482481564860791 46.499977081082761 167.91780460579321 117.64967058133334 1320.2276349561289 49.818579558283091 16.919550027698278 471.50114622339606 12433.369654867798 590.88758307462558 49.711393958423287 7.3022725321352473 210.69224796257913 19.182948064059019 833.10337494453415 73.567167388275266 166.27927613630891 16.725309301167727 74.065582193434238 70.565402815118432 267.58052976429462 46.279071822762489 89.373156726360321 17.594525501132011 57.679710671305656 55.164023965597153 71.883908212184906
leaf_count=1441 286 700 1659 276 31 1934 448 12725 635 9801 3181 1382 1650 197 84039 280 129 71010 111 7667 2165 2774 11312 2163 246 534 1006 1700 444 4195 191 96 1760 162 272 319 75 2573 98 436 57 3 177 15795 409 833 15 608 13 654 135 33 2 36 17 62 200 41 5 108 102 100
internal_value=0.0460379 0.042391 0.0414767 0.0514555 0.0465458 0.0574209 0.0120829 0.0590151 0.0473853 0.032291 0.0175125 0.0692538 0.0509168 0.0842233 0.0407211 0.0350766 0.0334146 0.0343289 -0.0297924 0.0483847 0.0340235 0.0434223 0.0522016 0.0457378 0.0728377 0.0413318 0.0562045 0.0541678 0.0697173 0.0500735 0.0566782 0.0332583 0.0600193 0.0416079 -0.021875 0.0038331 -0.0402373 -0.0472096 0.0279079 0.0744846 0.0113944 -0.0402813 0.0706522 0.051604 0.0887091 0.0743421 -0.000775613 0.0770194 -0.030889 0.076317 0.106448 0.0791662 0.00946678 0.0907505 0.0773668 0.0600549 0.0553515 0.0363116 -0.035941 0.0677596 0.0610172 0.0595828
internal_weight=96044.2 57409.2 55612.7 38635 21198 17437 592.714 16844.3 21010.4 3985.79 2483.02 1470.16 17024.6 1686.6 54142.5 17529 16914 16707.2 619.788 15366.8 2816.41 36613.5 7036.57 5360.86 1675.71 29577 15157.7 13830.4 2879.05 10951.4 1502.78 1863.23 1465.09 29477.8 393.913 261.804 206.795 187.578 207.322 1413.9 93.6719 99.1825 1796.5 12550.4 1623.6 1657.79 57.0137 1600.77 62.9982 959.145 664.455 198.801 32.5218 617.451 1327.28 1179.05 911.471 210.926 63.8736 147.053 700.544 145.949
internal_count=251508 179233 177702 72275 47398 24877 3106 21771 44794 15775 13189 3534 29019 1684 174168 72935 72655 71139 3292 25913 9832 101233 16495 13475 3020 84738 20087 19064 2144 16920 2586 9897 2395 84201 2623 689 1516 2604 370 2152 1716 537 1531 16081 1474 3106 848 2258 210 930 544 483 450 313 1023 1218 1156 354 205 149 802 136
is_linear=0
shrinkage=0.05


Tree=18
num_leaves=63
num_cat=0
split_feature=2 1 5 0 1 26 1 30 26 29 30 26 27 0 4 1 1 1 18 20 21 0 26 27 18 19 16 27 3 27 29 20 26 25 7 18 0 5 30 27 1 25 1 27 25 1 30 29 27 3 1 12 21 29 30 16 26 19 18 26 0 7
split_gain=707.212 635.948 944.949 725.526 567.456 553.669 566.57 513.636 459.606 471.332 590.958 456.35 436.458 420.342 380.916 386.846 350.097 317.874 317.171 297.245 282.547 280.76 275.678 273.508 262.603 351.471 255.71 249.082 221.669 219.896 1016.89 444.65 341.166 269.277 213.688 251.859 179.994 153.701 151.108 142.657 139.015 127.332 125.239 114.383 154.586 107.781 98.2355 92.8423 86.7042 81.5076 131.061 170.215 63.1463 173.574 57.626 49.3317 48.4109 44.5529 42.2505 40.4198 29.4607 12.1593
threshold=7.5000000000000009 24.005000114440922 23.500000000000004 4.805000066757203 2.995000004768372 82.500000000000014 39.004999160766609 338.01585388183599 3.5000000000000004 0.5950000286102296 595.73199462890636 44.500000000000007 2.8950001001358037 2.7949999570846562 4.5000000000000009 174.22000122070315 20.625000000000004 237.70500183105472 85.968395233154311 0.35005053877830511 56918976.000000007 3.0449999570846562 17.500000000000004 4.2349998950958261 346.49272155761724 421.75970458984381 0.65111273527145397 2.685000061988831 27.500000000000004 4.6649999618530282 2.2750002145767216 0.89415824413299572 86.500000000000014 38.500000000000007 3.4850000143051152 47.041381835937507 3.0949999094009404 32.500000000000007 199.12832641601565 4.6949999332427987 27.901999473571781 6.5000000000000009 15.000500202178957 4.8300001621246347 81.500000000000014 11.802000045776369 171.57080078125003 1.800000071525574 3.2649999856948857 8.5000000000000018 20.625000000000004 1.5847063064575198 337245872.00000006 2.1749999523162846 678.97061157226574 0.58352187275886547 32.500000000000007 536.64035034179699 59.283687591552741 2.5000000000000004 5.2049999237060556 3.0649999380111699
decision_type=2 2 2 2 2 2 2 2 2 2 2 2 2 2 2 2 2 2 2 2 2 2 2 2 2 2 2 2 2 2 2 2 2 2 2 2 2 2 2 2 2 2 2 2 2 2 2 2 2 2 2 2 2 2 2 2 2 2 2 2 2 2
left_child=1 2 3 8 23 6 20 14 13 12 -11 21 -10 27 17 -16 -15 -8 -13 34 24 -9 -2 41 37 -26 40 -1 48 31 32 33 58 47 -6 -36 -22 -3 -34 -38 -24 -4 45 57 -45 59 -47 -7 -21 -28 52 -52 56 -54 60 -43 -51 -32 -31 -5 -44 -42
right_child=22 5 4 42 19 29 7 11 9 10 -12 18 -14 16 15 -17 -18 -19 -20 28 36 -23 26 -25 25 -27 49 -29 -30 30 43 -33 38 -35 35 -37 39 -39 -40 -41 61 55 54 44 -46 46 -48 -49 -50 50 51 -53 53 -55 -56 -57 -58 -59 -60 -61 -62 -63
leaf_value=0.022531976101449854 -0.069559506375737462 0.057772568258579904 0.15828387102102298 0.052744025587488821 -0.062006795140111926 0.048539488944532173 0.042283328797671264 0.044777281330351748 -0.059305731875752089 0.042023353661202294 0.023237833896957136 0.01706787717140176 0.065191492036013363 0.030325932563678666 -0.034870401594180311 0.045683028037651549 -0.036591671186882405 0.055143381379251545 -0.068302402194154996 0.048504273019948307 -0.085103461916415199 0.026006608196509313 -0.058677159880788969 -0.061945830068807023 -0.082980866860079758 0.046812210391824795 0.11498378540373547 -0.055451837324585612 0.051592884436846675 -0.0010207430353870763 0.055509000442067927 -0.090720975497864745 -0.084967675631246853 -0.059818139588030353 0.019730981792737388 0.18266176042990767 -0.015787503923272998 0.082590142899134078 0.049163294931086746 0.045841143758533154 0.092965632907066054 0.0055938721654330524 0.052388104969593466 -0.065398042723695843 0.081992055927620683 -0.037939970454565201 0.050651880157845636 0.071744036524663754 -0.060158571294673814 0.044280320493522235 -0.066035517495756479 0.066653141957276188 -0.078827593586434874 0.070542443331603352 0.10410883581820814 0.075486119988909806 0.075272804848846409 0.077498177172384441 0.068732953823906776 0.065668277761437688 0.078015892924424401 0.034804921390340866
leaf_weight=174.02123541384935 35.573036015033722 7352.8337018992752 43.505583882331848 1759.5983757972717 64.204987755976617 498.89194615511224 21578.591372121125 3216.4095233716071 71.913157109171152 17389.55055633001 5521.6260707294568 258.39975633658469 2225.4772742986679 6573.6516780629754 302.50158911757171 291.84314796328545 200.56749946624041 6205.6144555583596 186.4626092389226 18.262809932231903 40.759040657430887 5258.062429683283 58.696912451647222 37.942449551075697 51.781631715595722 5232.6479325145483 106.45582939125597 246.04404473677278 51.271810684818774 33.824191901832819 374.48827179986984 43.838651436846703 194.54301712615415 40.175719836261123 173.8026165724732 26.552610191516578 145.16713824123144 688.83661774359643 22.822004292160273 262.27925683557987 16.718420028686523 32.007070165127516 170.96701410412788 37.109535910189152 32.361281014978886 57.420866332948208 66.379151359200478 3756.3127733860165 522.26898069819435 139.09417131543159 39.583155468571931 58.774105675518513 25.175622530281544 75.180333163589239 173.23905791342258 124.58718371018767 2410.8861728515476 678.50610370468348 58.774799522012472 975.43288635835052 404.6577131524682 23.227829837240279
leaf_count=2613 252 11707 28 3346 757 4374 41951 9117 825 42712 24751 1015 4971 29751 1415 407 1077 7955 1064 23 203 15630 2545 749 228 12631 80 3317 178 82 313 429 1553 1157 1531 141 465 375 43 355 1 216 277 457 4 190 76 2121 12197 237 556 15 175 145 59 25 1009 354 46 874 225 133
internal_value=0.0433224 0.0425595 0.0374638 0.0388548 -0.00829585 0.0458849 0.0442235 0.0410195 0.036484 0.0396663 0.0374974 0.0305443 0.0612682 0.0253286 0.0443104 0.00468592 0.0283388 0.0451577 -0.0187765 -0.0272863 0.0528954 0.0331359 0.067275 0.0598301 0.0542089 0.045524 0.0689476 -0.0231567 -0.0469598 0.0605752 0.0435186 0.0661933 -0.0365499 0.0678167 0.0167144 0.0421486 0.0137967 0.059909 -0.0707012 0.0238866 -0.0100598 0.083139 0.0601311 0.0656465 0.00337829 0.055312 0.00954643 0.0690367 -0.0563952 0.0716816 0.0699615 0.0130761 0.072065 0.0326136 0.078423 0.0613584 0.0736022 0.0697427 0.0434615 0.0573775 0.0705169 0.0609446
internal_weight=96938.2 93948.8 37105 36010.5 1094.41 56843.8 51072.2 37297.9 32402.9 25208.6 22911.2 8919.33 2297.39 7194.28 28378.6 594.345 6774.22 27784.2 444.862 856.364 13774.3 8474.47 2989.37 238.042 13326.1 5284.43 2953.79 420.065 591.804 5771.65 1432.43 4339.22 309.964 4295.38 264.56 200.355 448.205 8041.67 217.365 407.446 98.6432 200.1 3607.7 1122.47 69.4708 2858.83 123.8 4255.2 540.532 2855.15 2748.69 98.3573 2650.34 100.356 748.864 156.594 2549.98 1052.99 92.599 2735.03 575.625 39.9462
internal_count=251508 246360 130909 115064 15845 115451 104518 78554 110017 73259 67463 26826 5796 36758 51728 1822 30828 49906 2079 14827 25964 24747 5148 1018 24941 12859 4896 5930 12398 10933 2852 8081 1724 7652 2429 1672 1023 12082 1596 820 2679 269 5047 1128 461 4486 266 6495 12220 2217 2137 571 1566 320 561 241 1246 667 128 4220 502 134
is_linear=0
shrinkage=0.05


Tree=19
num_leaves=58
num_cat=0
split_feature=28 5 8 0 13 14 1 5 1 28 5 16 23 10 23 8 12 4 17 10 15 1 16 16 30 22 22 12 0 5 1 28 30 0 1 1 23 22 22 8 8 1 4 23 1 14 13 30 22 5 5 0 3 16 3 3 17
split_gain=761.993 713.094 381.655 366.309 328.609 318.109 367.05 924.631 426.647 350.255 352.777 314.555 706.201 495.088 614.561 321.319 309.218 306.074 291.939 259.708 246.39 242.958 225.17 222.586 184.881 170.317 142.006 147.509 113.643 103.717 101.524 93.0773 88.9459 76.2576 83.0945 117.443 70.9619 51.578 57.7097 51.4097 103.017 145.865 50.8181 40.6465 39.7209 39.0422 25.1867 57.5061 20.3895 16.9341 9.7508 5.29276 4.11002 2.9053 2.41701 10.8736 13.863
threshold=1.5000000000000002 31.500000000000004 3.2150000333786015 5.4100000858306894 0.099999915808439269 1.5000000000000002 18.875000000000004 29.500000000000004 1.0000000180025095e-35 21.500000000000004 18.500000000000004 0.28381329774856573 0.12107087299227716 2.6999999284744267 0.35556584596633917 3.0860512256622319 1.0379746556282046 12.500000000000002 7.8166668415069589 3.4524999856948857 1.5000000000000002 4.6679999828338632 0.23070719838142398 0.90098038315773021 678.97061157226574 13.69015407562256 16.221150398254398 1.6296296715736391 3.5949999094009404 67.500000000000014 0.99900001287460338 37.500000000000007 859.49645996093761 7.2500000000000009 24.005000114440922 194.004997253418 0.27133078873157507 15.344690322875978 15.334607124328615 3.6149998903274541 3.2350000143051152 32.004999160766609 60.500000000000007 0.38534514605998998 1.9959999918937685 1.0000000180025095e-35 -0.0071428488008677951 2.183719396591187 14.872396469116213 1.5000000000000002 14.500000000000002 5.9500000476837167 49.500000000000007 0.96638417243957531 36.500000000000007 29.500000000000004 2.4594155550003056
decision_type=2 2 2 2 2 2 2 2 2 2 2 2 2 2 2 2 2 2 2 2 2 2 2 2 2 2 2 2 2 2 2 2 2 2 2 2 2 2 2 2 2 2 2 2 2 2 2 2 2 2 2 2 2 2 2 2 2
left_child=1 3 -3 4 11 6 7 9 -9 10 21 12 16 14 -13 -15 -1 18 19 24 -21 -2 -14 -12 -8 -6 27 -7 31 39 -31 -11 33 34 49 -36 -30 38 -19 40 -4 -42 53 48 -44 -45 47 -28 -41 -5 -49 -34 -52 -10 55 56 -48
right_child=5 2 29 32 25 26 17 8 42 28 23 13 22 15 -16 -17 -18 37 -20 20 -22 -23 -24 -25 -26 -27 46 -29 36 30 -32 -33 51 -35 35 -37 -38 -39 -40 43 41 -43 44 45 -46 -47 54 50 -50 -51 52 -53 -54 -55 -56 -57 -58
leaf_value=0.032268681178901852 0.056269056387719354 -0.058729284724203849 0.088841508289835447 0.052025986744613187 0.097156130183813499 -0.070977992472597631 0.048152026756656245 0.13313314587227904 -0.059239354836391957 -0.065202053642937949 -0.02713447841993695 -0.0056602128558680938 -0.038085116713409646 0.013158110212467206 0.070663857978571221 0.039931346980875686 -0.06320146790170697 -0.064351793723832373 0.16218440284051894 0.041197435122971519 0.0095655864516308118 0.036184260351405699 0.011410781367602953 0.050999397121714633 0.11492187270668888 -0.063123602615682436 0.13200291803073214 0.063924387675931199 0.046574978657213835 0.097569347395210407 -0.051898246147157226 0.074520358096021547 0.078304958997195556 0.081214092676787156 -0.038712580209874232 0.049957260740329128 0.077441837167551375 -0.069262880051811263 0.072694596245296103 0.084501916532522148 -0.030029156768496296 0.069088902972530702 0.065623791780944074 0.054719143026754527 -0.050653681148238906 0.082684210060532851 0.010991614785488019 0.08926114067796509 0.11863560895949928 0.081933196873371097 0.039623610993674008 0.097449665007065339 0.068677457605803446 -0.088987855639009475 0.070250344626657107 0.070242743061687693 0.063151466917657773
leaf_weight=24348.855670789257 1713.1078343139961 54.999592413660139 141.95986438822001 555.54080732166767 18.140323795378208 35.96770822070539 32712.087544903159 31.918845881707966 312.18747304473072 28.484590750187635 334.85927567631006 302.20738601032645 447.32266322337091 1425.6859382716939 2057.2035214118659 5269.7379747913219 84.188169333152473 13.082999890204519 53.551816197112203 9076.6038173232228 661.61254470050335 12703.712225136347 470.43270392669365 124.09525240771472 103.64136145822704 125.65091292187572 56.197654848918319 43.84046349208802 252.64484192896634 16.739383993670344 30.591161515098065 19.005886495113373 115.82796135544777 205.41919402778149 62.572906635701656 89.543805986642838 790.28770281840116 63.426024084445089 15.900904874317348 103.09461808949709 61.148461452219635 91.518810926470906 14.23245071899146 165.20517508406192 13.182406135834752 675.36713367560878 23.203088480047882 35.039476007223129 109.56718786014244 55.515783429145813 35.064097316004336 121.42979966104031 28.207207527011633 12.604926785454152 1006.7087671011686 114.31595846172422 29.475952392444015
leaf_count=94451 3311 1056 35 703 17 515 48897 39 8708 379 3266 1318 2765 5750 3500 16519 708 302 19 16741 2870 27464 1978 117 91 1062 17 36 880 3 2074 59 72 23 205 109 904 1316 5 38 670 184 9 378 858 229 157 10 68 26 122 29 3 118 276 25 24
internal_value=0.0408421 0.0352087 0.0695821 0.0338125 0.0328648 0.0443081 0.0437462 0.0373669 -0.0392076 0.0392119 0.0372012 0.0331805 0.0303195 0.0411856 0.0608874 0.034234 0.0319369 0.0461878 0.0463853 0.0462356 0.0390501 0.038575 -0.0127237 -0.00593229 0.0483666 -0.0423372 0.0678217 0.00293913 0.0665788 0.0746822 0.0017855 -0.00879781 0.060911 0.0540655 0.0466548 0.0134358 0.0700211 -0.0443207 0.0105836 0.0772351 0.0582711 0.0294191 -0.0551729 0.0824749 0.00972097 0.0772655 0.0717114 0.091423 0.102585 0.0548807 0.0670802 0.0884922 0.053521 -0.0606788 0.0690367 0.0613158 0.040903
internal_weight=97663.7 37205.5 1450.19 35755.3 34549.4 60458.3 59050.2 16350.3 384.126 15966.2 14875.8 34405.6 25350.8 9054.83 2359.41 6695.42 24433 42699.9 42607.5 42553.9 9738.22 14416.8 917.755 458.955 32815.7 143.791 1408.02 79.8082 1090.42 1395.19 47.3305 47.4905 1205.85 968.592 763.173 152.117 1042.93 92.4099 28.9839 1347.86 294.627 152.667 352.207 1053.23 27.4149 840.572 1328.21 154.508 212.662 611.057 98.3108 237.258 63.2713 324.792 1173.7 166.995 52.679
internal_count=251508 133970 4735 129235 128068 117538 116353 46112 9732 36380 34158 126989 99902 27087 4818 22269 95159 70241 68618 68599 19611 30775 4743 3383 48988 1079 1185 551 2222 3679 2077 438 1167 1066 1043 314 1784 1623 307 1602 889 854 9693 713 867 607 634 152 106 729 135 101 125 8826 482 206 181
is_linear=0
shrinkage=0.05


Tree=20
num_leaves=55
num_cat=0
split_feature=28 15 2 26 10 26 27 27 2 24 12 27 30 18 26 27 28 30 2 23 26 27 28 26 26 16 25 25 23 24 11 8 16 8 25 23 26 27 19 10 23 25 24 24 14 12 8 21 13 21 13 11 8 8
split_gain=855.992 440.588 416.761 480.977 333.876 316.946 396.308 626.184 472.615 371.446 311.21 299.811 382.247 337.706 297.697 294.585 271.142 255.67 254.533 247.752 246.951 243.358 368.498 500.28 293.523 262.113 245.714 238.105 222.56 219.487 211.793 209.445 204.622 203.809 192.733 160.358 160.344 146.827 126.249 119.573 103.024 98.4841 77.62 76.5714 63.5436 325.229 62.4957 71.8825 45.336 31.9647 18.6475 18.1735 13.3504 73.4816
threshold=3.5000000000000004 9.5000000000000018 3.5000000000000004 149.50000000000003 2.8274999856948857 49.500000000000007 3.8067375421524052 3.8249999284744267 1.5000000000000002 6.0041072368621835 1.0145137906074526 4.2950000762939462 187.56076812744143 35.556377410888679 57.500000000000007 3.5649999380111699 11.500000000000002 0.43481111526489263 1.5000000000000002 0.039012409746646888 34.500000000000007 4.3250000476837167 13.500000000000002 93.500000000000014 118.50000000000001 0.099773757159709944 12.500000000000002 26.500000000000004 30146604157632516 -6.4957144260406485 1.0000000180025095e-35 3.0049999952316289 0.33274440467357641 2.6049998998641972 6.5000000000000009 1.6501607298851015 20.500000000000004 3.4650000333786015 369.56970214843756 2.8200000524520878 0.056424496695399291 3.5000000000000004 -0.69999995827674855 -1.8999997973442075 1.5000000000000002 1.3489966392517092 4.5950000286102304 171280128.00000003 -0.092857141047716127 0.23377639055252078 -0.0057870449963957063 5.5000000000000009 3.5049999952316289 4.5450000762939462
decision_type=2 2 2 2 2 2 2 2 2 2 2 2 2 2 2 2 2 2 2 2 2 2 2 2 2 2 2 2 2 2 2 2 2 2 2 2 2 2 2 2 2 2 2 2 2 2 2 2 2 2 2 2 2 2
left_child=1 5 3 11 35 9 15 -8 14 10 18 12 13 17 -9 30 -15 -2 36 29 41 22 26 -24 27 -26 -13 -23 32 -12 37 -21 43 -20 -10 39 -1 -7 -22 48 -11 -14 46 -4 45 -44 47 -34 -3 -48 -46 52 -37 -54
right_child=2 4 28 -5 -6 6 7 8 34 40 19 21 20 16 -16 -17 -18 -19 33 31 38 24 23 -25 25 -27 -28 -29 -30 -31 -32 -33 42 -35 -36 51 -38 -39 -40 -41 -42 -43 44 -45 50 -47 49 -49 -50 -51 -52 -53 53 -55
leaf_value=0.032682887835023273 0.074149269569598608 0.046661527426374985 0.060266142997139338 -0.054649142519302578 -0.060068460064523835 0.0040499305843487241 0.089966151168169903 -0.010611967969188384 0.11104434550343632 0.042585826019685663 0.085006628728189995 0.054310191127508747 0.025798109920282621 0.031500969451127389 0.035725386275579279 -0.0598166184244176 -0.047312307000628009 -0.057290011854179493 0.060483812385927122 0.063299552022797356 0.10561522094071046 0.042802265745317342 0.088384705167006181 -0.056274255769998477 -0.072657280600651575 0.067971391075832208 0.013976105283141013 0.013499524830265395 -0.080033476266787473 -0.027970527683032362 -0.061557278565708355 0.042197290741172504 0.07472518440958284 -0.077244541836013786 -0.056166317607947873 0.069644837779594501 0.040373072758880975 0.097042475521955357 0.046607212266586956 0.10780432932013131 -0.07255854792863646 -0.077552708225857858 0.062551849516231259 -0.060267710938367372 0.088073104707141664 -0.05527739179609658 0.085306275197999729 0.12357741535270848 -0.063525452188496673 0.020997166744553732 0.068706310406896176 0.079295705511034487 -0.0061736531329169356 0.072857770162346402
leaf_weight=38553.593051647767 42.734044970944524 10.939310362562535 17.898433996830136 124.41490321513265 52.63098131492734 93.194013897329569 336.32814703416079 445.97999017313123 17.550865149125457 23.225345090031624 53.757909655570984 1707.3479132987559 86.242775127291679 1049.1359814954922 1546.3492455254309 254.22552784020081 120.84640138223767 241.68049809196964 37.26706513389945 1497.3472174033523 224.86985586304218 28888.907199919224 1082.5236584655941 62.559428252279758 33.088897729292512 1464.5747096436098 486.282864167355 711.9794862549752 25.529229328036308 198.99898546375334 60.590198209974915 5592.669890020974 163.41055241972208 89.69010978937149 253.21723723271862 637.00186432246119 8260.5234726928174 77.275072960183024 156.47708915732801 16.76213386002928 101.15977482870221 30.325199887156487 687.460310340859 42.771036635618657 160.04417588934302 63.199924833141267 33.156951565295458 154.01099687628448 44.059978784061968 47.227431347593665 1055.7416928363964 498.7873294474557 39.740879483520985 109.37116606067866
leaf_count=122813 71 31 29 6268 1405 396 134 1615 25 34 23 2588 165 2591 6753 3106 720 1877 39 2853 156 42086 1101 1020 440 2806 2281 2279 174 866 624 14077 190 469 3420 93 17205 154 540 20 541 134 1407 2140 98 429 4 50 1634 112 318 53 240 61
internal_value=0.0387499 0.0349446 0.0445013 0.0431586 0.0625737 0.0342661 0.018662 0.0264057 0.0169219 0.0351504 0.0353485 0.0434947 0.024408 0.0114403 0.0253502 -0.0227759 0.0233227 -0.0373328 0.0338488 0.044929 0.0621773 0.0445758 0.0574259 0.080435 0.0431943 0.0648146 0.0453817 0.0420981 0.0644801 -0.00368184 0.0180392 0.0466629 0.0660359 -0.0366199 -0.0449408 0.067376 0.0340408 0.0465535 0.0816009 -0.00522961 -0.0508506 -0.00147706 0.0683636 -0.0242266 0.0641995 0.0525645 0.0887221 0.0987573 -0.0410782 0.0483071 0.0713301 0.0714358 0.066348 0.0518604
internal_weight=97866.7 58902.2 38964.4 36514 1409.29 57492.9 3084.71 2599.43 2263.1 54408.2 54283.8 36389.6 1952.31 1454.4 1992.33 485.285 1169.98 284.415 46941.1 7342.77 497.915 34437.3 3338.71 1145.08 31098.6 1497.66 2193.63 29600.9 2450.45 252.757 231.059 7090.02 2424.92 126.957 270.768 1356.66 46814.1 170.469 381.347 71.7614 124.385 116.568 2364.25 60.6695 1966.45 750.66 397.806 317.422 54.9993 80.3844 1215.79 1284.9 786.114 149.112
internal_count=250758 178684 72074 67123 3537 175147 16227 11947 11813 158920 158345 60855 6254 5259 8368 4280 3311 1948 140526 17819 995 54601 6990 2121 47611 3246 4869 44365 4951 889 1174 16930 4777 508 3445 2132 140018 550 696 1685 575 299 2608 2169 2252 1836 356 240 1665 116 416 447 394 301
is_linear=0
shrinkage=0.05


Tree=21
num_leaves=54
num_cat=0
split_feature=2 28 0 26 29 29 26 28 26 10 26 10 5 5 1 1 5 17 15 5 1 26 1 26 1 5 29 13 26 26 1 29 26 1 28 28 1 1 26 10 28 12 29 5 28 0 1 7 19 4 1 19 28
split_gain=847.339 722.732 483.727 466.929 308.72 549.733 1282.24 390.837 601.416 372.832 283.917 269.554 252.963 705.897 457.257 414.847 371.527 301.795 275.01 272.634 359.861 334.472 411.91 322.863 241.64 515.192 273.478 214.725 196.298 193.805 718.521 331.297 185.868 178.585 132.637 116.674 75.1176 253.816 77.9762 73.7036 235.627 240.194 71.3386 68.2612 46.0549 37.7975 58.024 13.8874 10.1542 9.15298 5.00967 1.94262 1.77172
threshold=4.5000000000000009 3.5000000000000004 5.4100000858306894 149.50000000000003 1.6000000238418581 1.2999998331069949 52.500000000000007 9.5000000000000018 17.500000000000004 3.5500000715255742 9.5000000000000018 4.3500001430511483 12.500000000000002 31.500000000000004 31.003000259399418 2.5304999351501469 15.500000000000002 0.95727270841598522 9.5000000000000018 10.500000000000002 113.00600051879884 49.500000000000007 75.005001068115249 12.500000000000002 16.605000495910648 20.500000000000004 1.8949999809265139 -1.0000000180025095e-35 119.50000000000001 50.500000000000007 84.009998321533217 2.3899999856948857 164.50000000000003 37.01250076293946 59.500000000000007 19.500000000000004 46.004999160766609 127.98600006103517 2.5000000000000004 2.6999999284744267 2.5000000000000004 1.6014780402183535 1.3200000524520876 10.500000000000002 1.0000000180025095e-35 7.2500000000000009 22.001000404357914 2.9250000715255742 246.05667114257815 45.500000000000007 373.24501037597662 859.49984741210949 1.0000000180025095e-35
decision_type=2 2 2 2 2 2 2 2 2 2 2 2 2 2 2 2 2 2 2 2 2 2 2 2 2 2 2 2 2 2 2 2 2 2 2 2 2 2 2 2 2 2 2 2 2 2 2 2 2 2 2 2 2
left_child=1 2 12 4 5 7 9 8 -3 -7 -2 -8 19 16 15 -15 17 -14 -18 21 27 23 -23 -1 25 26 -6 -21 -9 30 -26 -31 33 39 -27 -35 38 -38 45 47 41 -41 -16 -42 50 46 -4 -12 -40 -49 -39 -46 -50
right_child=10 3 36 -5 24 6 11 28 -10 -11 32 -13 13 14 42 -17 18 -19 -20 20 -22 22 -24 -25 29 34 -28 -29 -30 31 -32 -33 -34 35 -36 -37 37 44 48 40 43 -43 -44 -45 51 -47 -48 49 52 -51 -52 -53 -54
leaf_value=0.029182433014467598 -0.073352303227174745 0.039982099673655423 0.052944257247326813 -0.054469149094701942 0.057171371687214416 0.045597849988428689 -0.039165048831780944 0.049248551499749625 0.0054528132663921244 0.002797016830524197 0.087745605972741836 0.10058491263908867 -0.0027471135635886213 0.095268013780375582 0.085977098297088175 -0.042287611464218576 -0.039053291039363225 0.069133804266304943 0.048922389832425653 -0.06743962605534036 0.21391580939821445 -0.0087964641910867596 0.045404978813726897 0.037452117409060487 0.054123619540194318 -0.070489522921041714 0.023061087366421217 0.057916906705953543 0.11560573240076016 0.055856428663123826 0.015682125880489891 -0.016039012781499898 -0.049307238336446471 -0.066635202289944809 0.076704185090012533 0.084495195719565916 -0.085100726300044366 0.027853459794583025 0.063977982228362359 0.007211775071634491 0.084043166971451685 0.07149197445571856 0.052530139661878708 0.061316623836978369 0.058548617336652703 0.076637718976571387 0.0013313408374664285 0.067677803544244602 0.088546170763145388 0.080157065212986489 -0.0019054576981506874 0.073777454776345647 0.077383576868646858
leaf_weight=31965.01801086776 39.378390252590179 8560.0993053913116 766.58032082021236 126.57749154791236 1058.7178923264146 2258.7376359626651 828.44414419680834 6816.4684980902821 1479.7281981292181 657.15735499747097 160.01996450405568 35.046175304800272 418.59560130164027 74.188273571897298 376.72756187105551 201.22951596975327 727.66102240746841 223.0921265380457 100.25077762641013 34.787762829102576 35.269547365605831 1070.1607140954584 520.01962397247553 18760.47154359892 3922.8696355260909 141.33609263133258 1326.002369152382 826.63625746034086 113.01542029064149 7697.9085690556094 1763.2830490339547 163.12626039981842 37.667129141744226 43.621106959413737 16.290515050292015 16.918180206790566 37.968335494399071 27.085683077573776 129.8392723724246 395.90040501439944 422.82534918561578 229.03927707206458 290.80411474918947 1719.8140801559202 89.667522922158241 154.34032130241394 58.882884114980698 792.78797945100814 158.67623870074749 237.62900924682617 27.657192453742027 79.019137114286423 239.80351138114929
leaf_count=109661 254 11690 798 6913 1463 3713 7676 9622 5135 1913 36 21 1897 151 135 4010 5821 393 127 245 63 5598 1126 40214 4322 1139 2541 1687 951 6791 3805 723 3747 512 2 12 163 47 71 2005 327 125 629 1687 56 16 121 325 43 16 53 55 112
internal_value=0.0365866 0.0356194 0.0321056 0.0410739 0.0414038 0.0373664 0.0201105 0.0412079 0.0348945 0.0359578 0.0588569 -0.0333775 0.0312856 0.0154367 0.0491771 -0.00500607 -0.00622774 0.0223042 -0.0283482 0.0320037 0.0593513 0.0315338 0.00894271 0.0322417 0.0466074 0.0324319 0.0382244 0.0527764 0.050348 0.0492647 0.0422086 0.054362 0.0601594 0.0611987 -0.0548581 -0.0236326 0.0578479 0.0328643 0.0621503 0.0625031 0.0579566 0.0308549 0.0715141 0.0658409 0.0532227 0.0536638 0.0492747 0.0730114 0.0777486 0.0706355 0.0129645 0.0661046 0.0820516
internal_weight=98454.8 94359.2 57394.4 36964.8 36838.2 20748.7 3779.39 16969.3 10039.8 2915.89 4095.6 863.49 55624.9 2412.55 942.949 275.418 1469.6 641.688 827.912 53212.4 896.694 52315.7 1590.18 50725.5 16089.5 2542.35 2384.72 861.424 6929.48 13547.2 5686.15 7861.03 4056.22 4018.56 157.627 60.5393 1769.52 261.398 1508.12 3958.02 2767.58 624.94 667.532 2142.64 223.43 979.804 825.463 1190.44 528.319 1030.42 54.7429 168.687 398.48
internal_count=250758 241712 173292 68420 61507 40721 13323 27398 16825 5626 9046 7697 171757 13163 4925 4161 8238 2290 5948 158594 1995 156599 6724 149875 20786 5145 4004 1932 10573 15641 8127 7514 8792 5045 1141 524 1535 374 1161 4521 4144 2130 764 2014 211 935 919 377 226 341 100 111 155
is_linear=0
shrinkage=0.05


Tree=22
num_leaves=61
num_cat=0
split_feature=2 0 1 5 26 29 22 16 1 1 29 29 24 12 25 16 26 26 1 29 5 27 27 25 29 1 27 1 16 1 25 26 22 23 10 16 29 27 26 1 26 1 1 0 1 19 12 26 27 0 4 16 26 4 0 22 13 29 27 25
split_gain=832.37 505.356 486.107 850.643 652.22 428.191 393.464 375.083 324.524 536.777 527.148 354.67 322.875 479.503 266.068 265.617 267.457 262.295 258.119 476.223 235.29 221.817 176.9 176.542 162.472 517.062 170.013 152.361 106.942 91.9273 89.907 104.897 87.0934 137.797 129.751 120.274 75.5837 72.5402 198.304 46.8716 54.9348 45.395 188.181 105.241 33.8821 23.9358 21.3293 20.2913 18.6849 17.8011 27.6051 59.6631 19.4171 24.2921 13.3488 8.91903 4.01913 1.63543 0.686748 0.621079
threshold=4.5000000000000009 5.4100000858306894 19.855000495910648 18.500000000000004 79.500000000000014 0.90499997138977062 16.150003433227543 0.07175032421946527 532.47000122070324 81.319999694824233 0.69999992847442638 1.0900000333786013 -3.5937504768371578 1.3333333134651186 13.500000000000002 0.33274440467357641 9.5000000000000018 41.500000000000007 52.004999160766609 1.1999999284744265 19.500000000000004 4.1849999427795419 4.8949999809265146 73.500000000000014 1.800000071525574 75.005001068115249 4.6649999618530282 37.01250076293946 0.33393286168575292 16.003999710083011 16.500000000000004 16.500000000000004 16.729670524597172 3.7936908006668095 4.1549999713897714 0.61141636967659008 0.19499993324279788 4.6949999332427987 12.500000000000002 143.01999664306643 14.500000000000002 25.704999923706058 183.97000122070315 7.7000000476837167 21.804999351501468 426.59014892578131 1.0448018908500674 25.500000000000004 4.2950000762939462 5.7349998950958261 2.5000000000000004 0.18037506192922595 6.5000000000000009 2.5000000000000004 7.2500000000000009 15.093982219696047 0.0053571320604532966 0.4999998807907105 4.2950000762939462 43.500000000000007
decision_type=2 2 2 2 2 2 2 2 2 2 2 2 2 2 2 2 2 2 2 2 2 2 2 2 2 2 2 2 2 2 2 2 2 2 2 2 2 2 2 2 2 2 2 2 2 2 2 2 2 2 2 2 2 2 2 2 2 2 2 2
left_child=1 2 3 6 8 14 12 21 9 11 -11 -4 17 -14 58 -2 -17 -1 19 20 -6 -7 -9 -21 25 -20 -26 32 -29 -16 31 -8 34 56 35 -18 41 38 -10 49 57 44 43 -43 45 -3 -32 -39 -44 50 51 -38 55 -54 -47 -51 -34 -41 -5 -35
right_child=15 36 4 5 18 7 30 22 37 10 -12 -13 13 -15 29 16 27 -19 24 23 -22 -23 -24 -25 26 -27 -28 28 -30 -31 46 -33 33 59 -36 -37 39 47 -40 40 -42 42 48 -45 -46 54 -48 -49 -50 52 -52 -53 53 -55 -56 -57 -58 -59 -60 -61
leaf_value=0.084410946185122904 -0.055704198553000329 0.01528105832020428 0.030109306437846286 -0.060377605344975396 0.09613553699185455 0.10855598142268606 0.051406130079414629 -0.046648190283742355 0.050011951066566897 0.03690215111265345 0.020459682024036877 0.041355209897504269 0.0281129364560894 -0.056775526355534671 0.034937960796040814 -0.071805978810922363 0.026571273854577495 0.013617899363454172 0.078047033677492772 -0.030590204569574925 -0.056253351631598163 -0.01859413660142515 0.021018764794631335 0.058189388390951995 0.062500202999144772 -0.041027799642950342 0.041763146278582609 0.081740311326972306 -0.06536912662942336 0.096330282597391986 0.096454095959441988 0.0042164301666393596 0.037040291637184683 -0.082559676456259085 0.1218429870688605 0.062802661706104976 0.061277520864375185 0.054275772603074646 -0.0019793902966201292 0.0077261128471036652 0.069050342804160239 -0.084622640998062812 0.035066537268219462 0.065191871270587967 0.082405405541539078 0.048088173110981146 0.064139582369211384 0.068600247421034585 0.071005749117018679 0.082037071599866132 0.079108039727973714 0.0039549866555089776 0.033754512527702805 0.071487655257468072 0.07151669278421123 0.066604504535959383 0.072850462427612048 -0.0090723486389621948 -0.091045690418087966 -0.044735929987748078
leaf_weight=447.42253670468926 50.938869454432279 52.342835158109665 11000.84588280879 38.181067799217999 199.4725598609075 73.894995509646833 1538.0548666007817 779.05363060720265 1100.2245654165745 7959.7325368523598 12597.421133566648 19432.592777822167 28529.872285027057 166.39812456071377 141.47305674804375 38.264905355870724 247.94688228191808 185.62035256996751 193.74692621966824 307.28173248516396 28.283850850537419 62.710762965958565 109.54312266781926 67.437973101157695 3756.2838911302388 170.48093587486073 1356.6091472622938 16.695206175558269 40.048312380444258 109.25371252931654 119.66955564916134 127.97439675778151 16.726446908898652 22.817720580846075 88.177340310066938 3471.7006367696449 235.47238620370626 1292.4732597917318 219.74318759143353 25.488978177309036 53.200909838080406 46.274909690022469 70.168815240263939 14.728535130620001 83.810623645782471 556.79195407032967 111.18114514369518 333.83585856854916 84.91734354197979 395.50998614728451 124.12148354854435 56.59015417098999 70.412489145994186 123.75928152352571 74.437602490186691 175.21868613362312 28.928785812109709 30.774735078215599 7.9482108727097502 6.2311029890552154
leaf_count=480 3234 91 28638 301 673 211 1767 13994 1502 16199 29234 33267 96039 1015 383 254 1431 756 1062 3991 598 550 790 210 2336 2187 1669 5 560 52 12 293 295 142 43 2916 167 1012 396 42 24 205 95 2 24 636 115 80 35 104 50 103 88 51 8 76 4 63 36 162
internal_value=0.0346091 0.0336627 0.0330898 0.0281664 0.0357593 -0.0111075 0.0298296 -0.0264216 0.0340077 0.0330737 0.0268279 0.0372914 0.0284 0.0276186 0.0416749 0.0568741 0.0583307 0.0637152 0.0512902 0.0201701 0.0770261 0.0504387 -0.0382866 -0.014487 0.0547082 0.0223393 0.0570082 0.059614 -0.0213337 0.0619858 0.0519053 0.047789 0.0608036 0.00716006 0.0618525 0.0603967 0.056957 0.0501536 0.0413579 0.0649646 0.0331235 0.0463886 0.0259161 -0.0479031 0.0521058 0.0482686 0.0812563 0.0572596 0.0551059 0.067881 0.0590299 0.0502391 0.072607 0.0580732 0.0509676 0.0774327 0.0609132 -0.00137285 -0.0675876 -0.0763715
internal_weight=98867.2 94838.7 92564.7 32548.3 60016.5 1322.06 31226.2 1025.2 53936.9 50990.6 20557.2 30433.4 29329.3 28696.3 296.856 4028.48 3977.54 633.043 6079.6 602.476 227.756 136.606 888.597 374.72 5477.12 364.228 5112.89 3939.27 56.7435 250.727 1896.88 1666.03 3882.53 74.7041 3807.82 3719.65 2274.02 2946.28 1319.97 1290.55 109.465 983.473 216.09 61.0034 767.383 683.572 230.851 1626.31 155.086 1181.08 416.184 292.063 764.9 194.172 631.23 570.729 45.6552 56.2637 46.1293 29.0488
internal_count=250758 241712 239848 116794 123054 16317 100477 15545 110328 107338 45433 61905 98290 97054 772 9046 5812 1236 12726 5472 1271 761 14784 4201 7254 3249 4005 5558 565 435 2187 2060 4993 603 4390 4347 1864 2990 1898 768 129 1096 337 207 759 735 127 1092 130 639 320 270 319 139 644 180 299 105 337 304
is_linear=0
shrinkage=0.05


Tree=23
num_leaves=56
num_cat=0
split_feature=2 27 7 23 27 1 20 1 20 24 11 1 16 8 19 23 1 24 7 16 20 27 8 1 23 1 30 14 27 23 1 2 1 30 1 24 23 27 16 1 27 23 10 16 12 27 19 9 18 16 8 8 9 27 15
split_gain=814.04 440.658 363.83 454.377 288.986 249.974 284.541 716.286 288.103 274.736 253.91 246.219 244.251 243.337 297.712 282.315 269.171 234.115 227.249 210.461 199.479 189.971 188.823 185.574 176.833 175.168 277.636 199.037 152.213 151.323 140.537 131.167 192.993 132.988 164.816 121.068 120.439 118.085 99.8283 93.6431 91.65 419.834 206.482 58.4009 256.067 54.327 111.087 113.796 51.7591 31.1963 43.9646 20.5979 5.04722 0.660282 0.143135
threshold=4.5000000000000009 4.2950000762939462 3.8249999284744267 1.9905375838279726 4.2049999237060556 160.0299987792969 0.33152255415916448 29.989999771118168 0.45922374725341802 -3.5937504768371578 3.5000000000000004 139.00250244140628 0.33274440467357641 3.3950001001358037 92.030502319335952 39763608338432.008 55.003499984741218 -1.6999996304512022 3.9750000238418584 0.34796367585659033 0.42026099562644964 4.4049999713897714 3.304999947547913 16.003999710083011 31.043638229370121 97.009998321533217 263.18772888183599 1.0000000180025095e-35 4.6949999332427987 22637611902304260 37.01250076293946 1.5000000000000002 249.28499603271487 587.37344360351574 373.24501037597662 2.6571429967880253 2.3092492818832402 4.1150000095367441 0.33393286168575292 3.8984999656677251 4.6949999332427987 2288355354083328.5 4.1549999713897714 0.88548949360847484 1.1666666865348818 4.6949999332427987 99.47513580322267 0.4999998807907105 7.0479683876037607 0.29442724585533148 3.5949999094009404 4.4849998950958261 0.8999999761581422 4.4949998855590829 6.5000000000000009
decision_type=2 2 2 2 2 2 2 2 2 2 2 2 2 2 2 2 2 2 2 2 2 2 2 2 2 2 2 2 2 2 2 2 2 2 2 2 2 2 2 2 2 2 2 2 2 2 2 2 2 2 2 2 2 2 2
left_child=1 2 4 -4 13 6 9 17 -9 10 21 -10 -2 15 -15 22 -16 19 -5 -8 31 -3 -1 24 -20 27 -27 -11 -19 30 40 33 -33 36 -35 -17 -7 -25 -32 -12 41 42 -14 44 -42 49 -47 -48 54 52 -51 -45 -22 -43 -31
right_child=12 5 3 18 -6 20 7 8 11 25 39 -13 29 14 16 35 -18 28 23 -21 45 -23 -24 37 -26 26 -28 -29 -30 48 38 32 -34 34 -36 -37 -38 -39 -40 -41 43 53 -44 51 -46 46 47 -49 -50 50 -52 -53 -54 -55 -56
leaf_value=0.027131267906469716 -0.055379396952241949 0.069802556757264572 -0.073114578063799743 -0.066277233214053696 -0.073083781979683821 0.04142014022119711 -0.064767427222772789 -0.067775168510605041 0.048767419245153737 0.034487719593297737 0.17352186561675287 -0.026503524185703838 0.051069812976259822 -0.073022802523594763 0.045452896783700354 -0.051531844838396561 0.0085733205005589352 -0.064207313702587809 0.041787278134490874 0.076584178261273506 0.059841062633673316 0.032885791842360609 -0.063437501493602194 0.080355920616251644 -0.045138170912815079 0.030241110281088692 0.0051285790096287443 -0.043646626099785535 -0.012063176768236872 -0.0782131165732525 0.078702254137640329 -0.092207076758275983 0.043776030592229426 -0.074735545849268503 0.048925023677637486 0.07238759372989334 0.019772181418567528 0.016326770335274177 -0.064496833235885495 0.084478768951081681 0.079299248948427534 -0.065637919672405134 0.1481423783060489 0.080793532187255879 -0.040099194900067407 0.059312577274709025 0.060154684759225821 -0.09624071041753296 0.039027516037571409 0.068316060216096569 0.013818979890372339 0.065851229938068287 0.07080834903539289 -0.09074654458777881 -0.047392246244713547
leaf_weight=28208.04944413295 48.737309186719358 593.17394545860589 191.3418332086876 74.17600928619504 69.554671025834978 9361.3871406503022 36.475962763186544 62.550972756464034 1115.5931339454837 38125.110254900064 51.623290989547968 119.63726847618818 1583.1238737492822 57.458069445565343 3802.6559945824556 156.11407489329576 569.74267797591165 307.97416571667418 104.29005588870496 88.061785807833076 190.72905281186104 853.82322478480637 56.722675168421119 167.96207416709512 130.66175979189575 7033.2688662242144 1305.8914784472436 80.817888454999775 257.35972508555278 21.762767769396309 16.515730798244476 46.136367950588465 57.475470550358295 55.819357022643089 50.270725950598717 21.617472426965833 693.74558881297708 126.97042955737561 39.004564155824482 77.571138979867101 133.13510164804757 23.282400214113295 56.143008526414633 301.12081457301974 66.686865091323853 114.79545664042234 18.922033634036779 27.109982687979937 15.122602514922617 79.5708849132061 70.111103869974613 1615.1948080696166 678.44179836288095 34.214336112141609 7.8897846564650527
leaf_count=103206 3234 985 1612 489 406 11751 592 973 1470 72502 7 561 3260 408 12568 952 1961 5639 332 84 99 1562 538 289 730 12427 3457 383 2885 100 5 210 50 261 84 40 1217 315 563 133 97 236 17 83 653 89 12 122 16 20 111 451 180 174 157
internal_value=0.0327487 0.0318246 0.0272288 -0.00617425 0.0280357 0.0343429 0.0328177 0.0142646 0.0361407 0.0335836 0.054128 0.0414575 0.0549602 0.028252 0.0391598 0.0265516 0.0406515 -0.0268741 0.0151073 0.0349576 0.0410174 0.0480605 0.0269471 0.0266127 -0.00651907 0.0328866 0.0263102 0.0343212 -0.0405415 0.0563495 0.0574093 0.0387702 -0.0170295 0.0393413 -0.0161827 -0.0361109 0.0399292 0.0529562 -0.0211719 0.121156 0.05856 0.0498136 0.0544858 0.0655439 0.0394261 0.0605173 0.0331291 -0.031934 -0.0343511 0.0647989 0.0430839 0.0682427 0.068479 -0.0819606 -0.0719892
internal_weight=99252.7 95290.8 33737.3 795.402 32941.9 61553.4 50108.9 1987.65 1297.78 48121.3 1576.19 1235.23 3961.93 32872.4 4429.86 28442.5 4372.4 689.872 604.06 124.538 11444.5 1447 28264.8 529.884 234.952 46545.1 8339.16 38205.9 565.334 3913.2 3868.42 10264.8 103.612 10161.2 106.09 177.732 10055.1 294.933 55.5203 129.194 3812.9 1696.76 1639.27 2116.14 199.822 1179.68 160.827 46.032 44.7752 1018.85 149.682 1916.32 869.171 57.4967 29.6526
internal_count=250758 241712 123846 3767 120079 117866 103660 12204 3004 91456 2687 2031 9046 119673 14937 104736 14529 9200 2155 676 14206 2547 103744 1666 1062 88769 15884 72885 8524 5812 5539 13573 260 13313 345 992 12968 604 568 140 4971 3687 3277 1284 750 633 223 134 273 410 131 534 279 410 257
is_linear=0
shrinkage=0.05


Tree=24
num_leaves=63
num_cat=0
split_feature=28 1 9 1 25 26 18 26 27 9 21 27 25 25 28 6 13 9 22 26 27 26 27 9 27 25 1 22 3 28 26 27 27 26 27 27 7 16 23 9 13 9 13 12 1 28 23 10 10 27 26 19 16 26 10 17 21 8 23 30 13 12
split_gain=827.054 450.247 373.219 381.399 363.354 398.856 360.638 385.458 353.442 316.459 307.984 320.097 273.367 265.169 260.097 235.765 234.091 234.516 398.719 393.917 206.745 314.824 240.344 199.306 191.74 211.903 188.866 177.266 142.244 140.695 157.223 133.903 248.675 127.328 125.71 262.252 117.967 111.767 93.08 159.158 86.5952 86.324 151.783 86.1074 78.2108 77.5885 177.936 70.2219 169.507 143.261 68.241 61.8985 61.5205 55.9792 54.2616 50.5056 46.2028 49.5332 121.046 26.4633 22.9852 19.679
threshold=3.5000000000000004 3.0004999637603764 2.0100002288818364 7.9995000362396249 64.500000000000014 149.50000000000003 55.239953994750984 7.5000000000000009 3.995000004768372 1.1649999618530276 2479065.6250000005 3.2350000143051152 6.5000000000000009 1.5000000000000002 24.500000000000004 7.5000000000000009 -0.30000005662441248 0.91499996185302745 15.081892013549806 38.500000000000007 4.8949999809265146 79.500000000000014 4.2950000762939462 0.69999992847442638 4.2249999046325692 6.5000000000000009 1.0013224482536318 13.888586044311525 61.500000000000007 1.5000000000000002 8.5000000000000018 3.9050000905990605 3.8149999380111699 13.500000000000002 4.055000066757203 3.5949999094009404 2.5049999952316289 0.14299345761537555 0.27133078873157507 0.29499995708465582 -0.045714266598224633 2.2000001668930058 -0.24999998509883878 1.7794269323349001 592.86999511718761 1.5000000000000002 5976972857442305 2.8975000381469731 2.7324999570846562 3.1149998903274541 22.500000000000004 0.91477918624877941 0.49683544039726263 84.500000000000014 3.9499999284744267 4.954545497894288 3.6013157367706303 4.5750000476837167 7064451060596737 0.23242208361625674 -1.0000000180025095e-35 1.6296296715736391
decision_type=2 2 2 2 2 2 2 2 2 2 2 2 2 2 2 2 2 2 2 2 2 2 2 2 2 2 2 2 2 2 2 2 2 2 2 2 2 2 2 2 2 2 2 2 2 2 2 2 2 2 2 2 2 2 2 2 2 2 2 2 2 2
left_child=1 6 3 8 5 14 24 26 10 13 11 -3 29 -10 15 20 37 19 -19 -18 22 -22 -2 38 40 45 -8 -12 -11 30 -9 32 -14 -31 35 -28 -27 -5 39 -16 55 56 -43 -38 -25 46 -26 48 -42 -49 -33 -47 53 -6 -40 -1 57 -4 -59 -54 61 -58
right_child=4 2 41 16 52 -7 7 12 9 28 27 -13 31 -15 23 -17 17 18 -20 -21 21 -23 -24 44 25 36 34 -29 -30 33 -32 50 -34 -35 -36 -37 43 -39 54 -41 47 42 -44 -45 -46 51 -48 49 -50 -51 -52 -53 59 -55 -56 -57 60 58 -60 -61 -62 -63
leaf_value=-0.058515317528667524 0.020033550588898299 0.014619667534858428 0.077069628874371909 0.065451608116637486 0.069604095171948752 -0.054766251857401249 -0.0624272580334891 0.11579766206112468 -0.011968998352680987 -0.054257760577098794 0.15953898443895742 -0.031312619488496812 -0.068437067914789637 0.037944110757486549 0.05498133872546665 -0.084005377328905492 0.027597244575333326 0.063932993488592688 0.021844503508314475 0.010166470682907644 0.02645137332114781 -0.073227419769595986 0.037847987475632096 -0.063670075686373326 -0.073121559309920911 0.082902553944119425 -0.01498485642746075 0.030112922987568499 0.067173107342223745 -0.0025356246244022259 0.027831437757728096 0.007539766559778005 0.13237354105135965 0.086771678717611433 -0.067947776730840584 0.094597965463877873 -0.075304205495166809 -0.076733601983808145 0.082076292925780253 -0.018617846252254329 0.066516580486202279 0.060578894694789789 -0.078472820588038603 0.056620167399390547 0.065244631225690117 0.11863104199411725 0.072883155233782179 0.20232991444924889 -0.017218141096890755 0.078443161649578458 -0.080076864347136095 0.049628948553734752 0.096841388374809073 -0.05579276314530536 0.056617168137151223 0.06052790014235742 0.043425906693140448 -0.073954010391821479 0.055683622932986045 0.064731882839420968 0.07950380938965726 0.070884332695994173
leaf_weight=21.129043993540108 2025.2628368693404 622.17201247252524 46.088933944702148 15.949153703637419 14.792090415954588 120.10489988513291 135.81957096233964 55.59890254586935 313.86693363636732 164.82353702140972 28.990824535489082 968.38927567657083 27.547376592643559 1727.0951803275384 526.30271887220442 40.427480040118098 46644.174551106989 1125.5147640961222 1128.4237663066015 3485.9393969732337 3669.1728600058705 79.99807933345437 30170.920407414902 46.224098907783628 34.177235350012779 17.711228246800601 154.78246612846851 234.46832330524921 27.311452175956219 45.166288189589977 516.0983189381659 32.030069585889578 32.66379863768816 331.60132825374603 43.575292117893696 83.119859270751476 77.806429601740092 77.123913934454322 470.64506934396923 84.730981666594744 1082.6278759846464 54.015554111450911 29.508960030041635 13.869150236248968 14.742212757468222 50.478567555546761 50.311703369021416 24.466571975499392 63.521961241029203 381.50555433612317 69.704822276718915 97.364585984498262 73.291181400418282 19.390231415163726 404.39782163873315 13.916551180183886 122.30796248372644 26.214497469365597 52.229488283395767 1002.1413222709671 339.52969900518656 164.70689067430794
leaf_count=183 6295 5752 3 13 1 6878 1210 194 1235 1531 48 7694 149 5579 933 260 125652 1919 4820 13433 6022 744 45785 709 192 12 1369 1066 6 137 1347 72 41 282 259 261 561 480 873 769 616 36 298 5 2 32 18 46 389 700 379 157 37 1707 420 6 125 161 34 639 125 57
internal_value=0.030994 0.0273565 0.0262999 0.0258091 0.0367036 0.0358704 0.0448868 0.0267067 0.0110916 0.024485 -0.0050421 -0.0133445 0.0420939 0.0302637 0.036162 0.0352966 0.0269551 0.0270962 0.0428828 0.0263855 0.0354332 0.0243042 0.0367282 0.0562545 0.0592619 0.025166 -0.0142288 0.0449232 -0.0367124 0.0523389 0.0365824 -0.0178297 0.0408013 0.0760741 0.00914904 0.0235167 -0.0319907 -0.0518786 0.059892 0.0447536 0.0665792 0.0594881 0.011046 -0.0548965 -0.0318668 0.0521198 0.0135988 0.0683339 0.0618605 0.0864005 -0.0526382 0.0738609 0.0649156 -0.000950284 0.0703942 -0.010737 0.0648467 0.0364886 0.0119127 0.0670127 0.0704081 0.059392
internal_weight=99618 60855.4 57398.8 56564.2 38762.5 37652.9 3456.59 1527.71 4087.12 2233.1 1854.02 1590.56 1110.41 2040.96 37532.8 35985.8 52477.1 52384.1 2253.94 50130.1 35945.4 3749.17 32196.2 1547.04 1928.89 341.719 417.297 263.459 192.135 948.465 571.697 161.946 60.2112 376.768 281.478 237.902 109.387 93.0731 1486.08 611.034 1587.17 834.602 83.5245 91.6756 60.9663 232.332 84.4889 1552.12 1146.15 405.972 101.735 147.843 1109.61 34.1823 875.043 35.0456 751.077 124.533 78.444 1075.43 626.545 287.015
internal_count=250758 178684 170067 169228 72074 69690 8617 5700 22911 8351 14560 13446 2601 6814 62812 59106 146317 145824 6739 139085 58846 6766 52080 3706 2917 977 3099 1114 1537 1960 1541 641 190 419 1889 1630 578 493 2995 1702 1940 839 334 566 711 399 210 1751 1005 746 451 189 2384 1708 1293 189 505 198 195 676 307 182
is_linear=0
shrinkage=0.05


Tree=25
num_leaves=63
num_cat=0
split_feature=28 15 29 5 29 29 19 24 10 9 13 5 29 5 28 28 29 29 29 1 28 29 1 1 27 2 5 28 23 10 10 18 28 27 24 29 13 16 19 27 15 21 19 28 23 1 5 10 27 28 19 5 18 7 2 27 18 13 29 17 11 20
split_gain=952.165 487.759 430.586 386.802 348.051 371.127 619.854 408.131 337.641 322.801 384.661 368.174 808.091 495.965 348.705 322.507 459.986 309.072 308.346 279.631 275.309 260.895 260.908 249.701 540.253 298.097 393.601 237.208 236.288 235.007 222.625 206.118 202.496 182.039 173.701 173.037 145.123 139.598 136.838 134.369 132.008 130.079 146.373 110.643 85.1076 115.834 75.7221 72.8775 63.0424 69.9089 62.9274 102.898 68.1346 47.3786 28.2911 34.7231 33.4183 48.1755 21.5997 21.012 14.1597 11.9496
threshold=3.5000000000000004 11.500000000000002 1.6900001764297488 31.500000000000004 1.300000071525574 1.3999999761581423 234.00994110107425 -0.79999998211860646 4.5899999141693124 2.0100002288818364 -0.30000005662441248 15.500000000000002 1.5549999475479128 31.500000000000004 1.5000000000000002 14.500000000000002 1.9999998807907107 1.1999999284744265 2.1050000190734868 7.9995000362396249 22.500000000000004 1.6999999284744265 124.40500259399415 171.38999938964847 4.6949999332427987 4.5000000000000009 25.500000000000004 11.500000000000002 17.22058200836182 3.5425000190734868 2.8324999809265141 219.62466430664065 18.500000000000004 4.6949999332427987 -9.9925003051757795 1.2000001668930056 -0.56000000238418568 0.86754387617111217 0.28072749078273779 4.5950000286102304 1.0000000180025095e-35 3.6013157367706303 87.883087158203139 13.500000000000002 2.0842106342315678 37.01250076293946 1.5000000000000002 3.3974999189376835 4.8949999809265146 35.500000000000007 859.49984741210949 3.5000000000000004 311.51629638671881 3.2949999570846562 5.5000000000000009 4.7049999237060556 0.31327985227108007 -0.24999998509883878 2.2899998426437382 3.9615384340286259 5.5000000000000009 1.646015524864197
decision_type=2 2 2 2 2 2 2 2 2 2 2 2 2 2 2 2 2 2 2 2 2 2 2 2 2 2 2 2 2 2 2 2 2 2 2 2 2 2 2 2 2 2 2 2 2 2 2 2 2 2 2 2 2 2 2 2 2 2 2 2 2 2
left_child=1 9 3 4 19 7 8 40 -7 10 -1 14 13 -13 17 21 -17 -12 -16 29 28 22 50 25 53 26 -23 -26 -21 31 44 -2 33 47 -14 -22 -35 -27 -31 -8 -6 42 -11 -9 45 -3 -24 -18 58 -50 51 -4 -52 -25 55 -43 -56 -58 -34 -57 61 -46
right_child=2 30 15 -5 5 6 39 43 -10 41 11 12 34 -15 18 16 32 -19 -20 20 35 23 46 24 27 37 -28 -29 -30 38 -32 -33 48 36 -36 -37 -38 -39 -40 -41 -42 54 -44 -45 60 -47 -48 -49 49 -51 52 -53 -54 -55 56 59 57 -59 -60 -61 -62 -63
leaf_value=-0.072092656544504932 0.04832803511981703 -0.059498949535556525 0.003889987993889336 -0.056128853579139472 -0.06284771208813511 -0.029036644497041648 0.045809201857885146 -0.043043093339415424 0.08010052977569776 -0.081333679025526906 0.025054840476497749 -0.0092693800072571886 0.096821717841912472 0.056920026573590035 0.031575315900153243 -0.077485472861458543 -0.015424578203945839 0.015220269285098648 0.0071937281879781824 0.034873054588303143 0.059435811205466677 0.036086884248223455 0.027151387699298785 0.053144274172604582 0.014225870815688151 0.0034912376217811425 -0.01306436972306268 -0.093317248657803109 0.011991960275826778 0.053908455108826983 -0.059507458233207813 -0.046187150887956878 0.042158824014920437 0.068653774930535871 -0.054592683544941734 -0.060773990118703408 -0.091910361542594562 0.062876343170738411 -0.076456485560210896 0.022055932672822486 0.066057116117153106 0.080029396783354412 0.046572343881743951 0.00018721648382793329 0.045697067987121358 0.10007068121775392 -0.083845646125472489 0.057247579138232335 -0.072427525400541856 0.068049424796642013 0.08563518548665966 0.06201585757082289 0.046021640340546684 0.06735530276076411 0.061794551296699744 0.027471886028758965 0.068009746283085232 -0.0097956086198685843 0.07773119793395171 0.068091251621422585 0.073464223435016157 0.065347990622083796
leaf_weight=103.06619877228513 199.63172157201916 30.337483241222799 84.404257528483868 127.72258716495708 21.512837959453464 611.38972001988441 1599.6285701775923 466.30083339754492 79.153679981827736 33.674482810776681 24565.922210534103 545.37223009997979 18.742420726455748 586.53746482916176 19542.60878539551 130.55804010760039 56.006032750476152 11853.639835678972 1390.2096649613231 14356.002143017482 1309.8443425204605 10149.582569141872 25.227564573287964 1031.0410344824195 282.86459735408425 107.26393520878628 423.70932365674525 61.575313527137041 1226.7525932453573 23.098436877131462 37.190449039451778 80.012841632589698 65.075223240535706 16.573181644082069 522.60859173024073 29.827839128673077 72.840673359110951 1325.4769535437226 127.01169492024928 954.81764870136976 177.46538019087166 319.00193859264255 62.015347048640251 216.26907974667847 119.1347513794899 16.850621303543448 36.624209813773632 87.033594870939851 17.591313622891903 15.90935703832656 519.71212466340512 808.25889895297587 143.03894652239978 1480.5459441579878 174.20424674171954 64.534745241515338 32.822078749537468 47.582379932515323 159.54962347773835 67.76434538885951 482.14882238581777 332.36596696078777
leaf_count=784 601 1463 150 5468 235 3139 3502 2454 67 211 89062 3560 25 2036 35930 1894 194 35121 3166 21796 2030 13817 39 798 539 1120 2565 271 2316 40 1157 298 120 4 5755 422 478 517 801 2173 599 128 105 1466 215 8 158 45 97 7 351 777 204 553 78 129 10 131 219 27 51 41
internal_value=0.028877 0.024981 0.0350109 0.030315 0.0308318 0.0177707 0.025585 -0.0109845 -0.0164218 0.024397 0.0239688 0.0241378 0.00101502 0.0250445 0.0248123 0.0409418 0.00555479 0.0218546 0.0299567 0.0339364 0.0349479 0.0422749 0.0613693 0.0401928 0.0534965 0.0370234 0.0341157 -0.00519956 0.0330729 -0.0058707 0.0592947 0.021199 0.0277772 -0.00606049 -0.0491724 0.0567123 -0.0616638 0.0584394 -0.0561393 0.0369446 0.0518508 0.0559093 0.0011332 -0.0293582 0.0638604 -0.00151953 -0.0387819 0.0288491 0.0581746 -0.0055318 0.0653774 0.056536 0.0771753 0.0615469 0.0633153 0.0709752 0.0494936 0.0223494 0.0676803 0.0486696 0.0671682 0.0602863
internal_weight=99655.2 60948.3 38706.9 21606.4 21478.7 4126.54 3244.99 881.548 690.543 59930.3 59128.7 59025.6 1673.26 1131.91 57352.4 17100.5 621.137 36419.6 20932.8 17352.2 16922.4 16479.3 1617.27 14862.1 2856.03 12006 10573.3 344.44 15582.8 429.755 1018.03 279.645 490.579 232.453 541.351 1339.67 89.4139 1432.74 150.11 2554.45 198.978 801.6 95.6898 682.57 980.838 47.1881 61.8518 143.04 258.126 33.5007 1555.41 892.663 662.751 2511.59 705.91 451.301 254.609 80.4045 224.625 132.299 933.65 451.501
internal_count=251517 179193 72324 47407 41939 13635 8881 4754 3206 176258 175439 174655 11376 5596 163279 24917 3058 124183 39096 28304 26564 21859 1679 20180 2161 18019 16382 810 24112 1740 2935 899 1164 721 5780 2452 482 1637 841 5675 834 819 316 3920 1778 1471 197 239 443 104 1482 927 555 1351 503 284 219 141 339 156 307 256
is_linear=0
shrinkage=0.05


Tree=26
num_leaves=63
num_cat=0
split_feature=28 0 20 23 29 25 1 1 27 25 10 5 9 28 1 1 13 5 5 18 25 23 10 29 29 27 29 1 25 12 27 29 5 1 10 18 28 28 18 0 1 27 0 27 1 27 21 19 29 18 4 0 4 28 9 0 27 21 0 1 18 19
split_gain=903.834 571.732 467.404 573.092 408.225 472.016 834.577 929.893 825.813 544.891 476.092 404.868 397.785 367.498 366.773 343.655 334.03 306.507 507.055 387.288 273.063 213.006 214.612 264.691 196.229 191.787 188.14 328.021 357.005 488.05 328.562 989.44 282.312 260.753 213.017 221.1 206.807 170.343 168.25 164.203 155.572 202.652 219.676 261.187 163.593 141.132 131.255 136.725 116.422 204.109 109.025 145.981 106.581 101.691 99.865 96.873 110.992 89.2072 88.0701 85.1602 69.9258 67.7875
threshold=3.5000000000000004 4.805000066757203 1.4501926898956301 1.4125367999076845 1.6000000238418581 6.5000000000000009 82.764999389648452 242.97000122070315 4.4049999713897714 29.500000000000004 4.1000001430511483 1.5000000000000002 2.0100002288818364 14.500000000000002 101.01499938964845 5.9005000591278085 -0.30000005662441248 14.500000000000002 31.500000000000004 464.25708007812506 64.500000000000014 112069026250752.02 4.3999998569488534 0.50000011920928966 0.70000016689300548 4.1949999332427987 1.6999999284744265 21.005000114440922 10.500000000000002 1.6131892800331118 4.6549999713897714 2.2899998426437382 23.500000000000004 165.69499969482425 3.8600000143051152 682.14459228515636 4.5000000000000009 6.5000000000000009 464.25708007812506 2.8940377235412602 22.904999732971195 4.1949999332427987 5.0950000286102304 3.4050000905990605 20.625000000000004 4.8949999809265146 3.6013157367706303 87.883087158203139 0.39499986171722418 440.15527343750006 1.0000000180025095e-35 7.5499999523162851 8.5000000000000018 8.5000000000000018 1.3149999380111697 4.930000066757203 4.5950000286102304 2.0627590417861943 6.0499999523162851 27.901999473571781 373.50541687011724 337.55943298339849
decision_type=2 2 2 2 2 2 2 2 2 2 2 2 2 2 2 2 2 2 2 2 2 2 2 2 2 2 2 2 2 2 2 2 2 2 2 2 2 2 2 2 2 2 2 2 2 2 2 2 2 2 2 2 2 2 2 2 2 2 2 2 2 2
left_child=1 2 12 54 5 15 8 13 9 11 24 -7 16 38 -15 53 -1 19 -19 -18 26 25 23 -23 -10 39 32 28 36 -30 33 -32 34 -29 35 -6 -28 -36 -8 -17 44 42 -42 -44 55 -27 47 -14 50 60 61 -52 -12 -2 -4 56 -3 -24 -57 -51 -50 -43
right_child=4 40 3 -5 20 6 7 -9 10 -11 52 -13 46 14 -16 21 17 18 -20 -21 -22 22 57 -25 -26 45 27 30 29 -31 31 -33 -34 -35 37 -37 -38 -39 -40 -41 41 48 43 -45 -46 -47 -48 -49 49 59 51 -53 -54 -55 -56 58 -58 -59 -60 -61 -62 -63
leaf_value=-0.070870765385630502 -0.081701406097507687 0.070340750147258144 -0.061457357671813262 0.064194592730887706 0.061495975310302944 -0.019437305458751108 -0.077477897242116511 0.051989588380841223 0.064115441454350414 -0.054207925449599098 0.045287027901228766 0.046487371636473596 -0.078972798067383818 0.056785121101615703 -0.043953074683877609 0.085973288830746231 0.02607759138627826 -0.024989067189052298 0.030080298028962262 0.017485853795395662 0.064542150531514519 0.018020341501566926 0.0062182284905668399 -0.072535454068792068 -0.035562489588385503 0.038383269374066525 0.005414396389542709 0.038322738733709595 -0.026614159683939726 0.055303265891331749 0.0011798842815952098 0.048639021959565001 -0.069634275641848806 0.058110984060031179 0.033606982167406825 -0.033007984469409606 0.043166759971429311 -0.08456599703470645 0.00029856855977566379 -0.080957213333384348 -0.051376539369123023 0.091435145996904721 0.039423580026545224 -0.083823180522214963 0.087296236525069862 0.02276863447455044 0.062273899480627809 0.044299298666203343 0.025082185821568438 0.05020479785471809 -0.089633413772232579 0.067107415704581327 -0.035666104363468072 0.027154579886923175 0.067064624410972704 0.033451644209549401 0.020000188943379807 0.041930999915105654 0.058855717586363966 -0.058884400506945926 0.080452521578300365 0.048516953519928442
leaf_weight=97.851828131359071 82.273965425789356 538.83348378166556 116.95510681951419 1113.3741160077043 1873.3019073791802 249.24038175493479 521.62891170755029 349.36232821643353 51.651159539818764 152.40978242270648 359.72428538929671 3424.1998637998477 34.024691714905202 148.44227232830599 227.50461835693568 18.451932117342949 26424.92065118812 915.28259727312252 767.64589723804966 26078.19877440203 991.66441120486706 187.06433713436127 291.00857001543045 140.42753004282713 807.61860566167161 11781.534922085702 500.36614103335887 4403.5212043873034 692.09611492650583 245.47945949621499 1904.8871238469146 2593.2422801712528 46.233009341638535 2692.2732269465923 88.135513782501221 63.342890404164791 1324.1272103791125 45.349628988653421 80.049095578491688 60.492416813969612 141.76107931137085 108.42716358602047 304.0014254450798 49.06374092400074 230.71204626560211 1657.7601111382246 759.6121119344607 61.869599485769868 238.77853623405099 21.120047256350517 30.672335311770439 26.991211891174316 45.007057468406856 28.259306937456131 16.461850367020816 1782.7118508350104 138.97524454863742 439.99965746700764 425.25212135910988 95.1523652151227 74.858894273638725 661.81891016662121
leaf_count=762 364 910 2038 415 1798 808 2523 208 23 5591 433 8934 241 487 1687 9 67454 6502 6048 87469 1674 300 539 560 5966 14299 1068 5320 3831 274 4477 2708 943 1550 107 207 1726 226 209 267 607 76 489 208 112 2453 573 114 355 19 130 2 225 53 60 3034 238 477 186 323 39 789
internal_value=0.0273865 0.0236101 0.0221897 0.0524596 0.0333834 0.0286997 0.0173809 -0.017922 0.0265875 0.0381615 -0.00844308 0.042009 0.0215042 -0.0429382 -0.00411831 0.033643 0.0209701 0.0211373 0.000130083 0.0218106 0.039041 0.0343103 0.0126879 -0.0208971 -0.0294974 0.036002 0.0375017 0.0354432 0.0199438 -0.00512484 0.0391333 0.0285467 0.051439 0.0458386 0.0541778 0.058387 0.0328246 -0.00683367 -0.0671387 -0.0412901 0.0400506 0.0280969 0.000974486 0.0220941 0.0467604 0.0364594 0.055324 0.000145326 0.0387536 0.0175695 0.0497135 -0.0162875 0.0362068 -0.0538322 -0.0451813 0.0434888 0.0600712 0.0277488 0.0383711 -0.0387674 0.0385275 0.0546757
internal_weight=99823.5 61255.3 56386.2 1246.79 38568.1 21104.1 6416.84 1326.99 5089.85 3825.85 1264 3673.44 55139.4 977.625 375.947 14687.3 54283.9 54186 1682.93 52503.1 17464 14576.7 1058.5 327.492 859.27 13518.2 16472.4 14356 2762.07 937.576 11593.9 4498.13 2116.36 7095.79 2070.13 1936.64 1824.49 133.485 601.678 78.9443 4869.13 1752.65 494.826 353.065 3116.48 13439.3 855.506 95.8943 1257.82 429.91 827.91 57.6635 404.731 110.533 133.417 2885.77 677.809 731.008 2207.96 116.272 313.637 770.246
internal_count=251517 179193 171676 2513 72324 46415 27094 5114 21980 15333 6647 9742 169163 4906 2174 19321 168235 167473 12550 154923 25909 18904 1876 860 5989 17028 24235 20954 6899 4105 14055 7185 3281 6870 2338 2005 2794 333 2732 276 7517 3037 1304 697 4480 16752 928 355 1733 736 997 132 658 417 2098 4368 1148 1016 3220 342 394 865
is_linear=0
shrinkage=0.05


Tree=27
num_leaves=63
num_cat=0
split_feature=28 0 26 27 27 27 27 29 29 29 26 1 1 27 25 5 5 1 16 1 28 27 29 1 1 23 25 26 10 29 0 28 25 1 25 29 1 1 29 23 5 27 27 1 29 1 20 25 26 0 9 1 27 25 26 27 23 23 10 5 0 27
split_gain=859.453 533.304 508.328 680.083 427.912 452.827 704.311 390.4 624.855 382.953 527.571 543.502 1384.15 946.692 486.729 441.118 374.816 369.396 346.196 313.812 498.638 298.986 410.805 299.407 318.327 282.466 272.484 225.91 224.713 244.594 222.4 212.712 207.981 206.21 202.494 191.01 185.483 173.416 312.021 351.143 357.054 204.296 194.629 682.53 1308.94 246.593 341.754 202.337 173.147 170.448 161.502 302.236 223.477 198.225 151.638 147.446 143.87 215.64 142.335 151.013 140.625 133.122
threshold=3.5000000000000004 4.6099998950958261 12.500000000000002 3.1950000524520878 4.0050001144409189 3.8249999284744267 3.8067375421524052 1.0000001192092898 1.1999999284744265 1.6000000238418581 19.500000000000004 82.764999389648452 201.01999664306643 4.4049999713897714 29.500000000000004 1.5000000000000002 4.5000000000000009 6.0004999637603769 0.66457751393318187 101.01499938964845 14.500000000000002 4.4949998855590829 1.6999999284744265 25.005000114440922 35.001499176025398 112069026250752.02 64.500000000000014 128.50000000000003 4.3999998569488534 0.50000011920928966 3.4050000905990605 4.5000000000000009 2.5000000000000004 21.804999351501468 2.5000000000000004 1.4899998903274538 10.34500026702881 13.99900007247925 1.8300000429153445 2288355354083328.5 7.5000000000000009 4.5950000286102304 4.6549999713897714 84.009998321533217 2.2899998426437382 165.69499969482425 0.88890710473060619 8.5000000000000018 23.500000000000004 6.3500001430511483 1.2999998331069949 5.9005000591278085 4.5150001049041757 3.5000000000000004 8.5000000000000018 4.8949999809265146 24.218359947204593 7064451060596737 4.6000001430511483 1.5000000000000002 4.0050001144409189 4.3250000476837167
decision_type=2 2 2 2 2 2 2 2 2 2 2 2 2 2 2 2 2 2 2 2 2 2 2 2 2 2 2 2 2 2 2 2 2 2 2 2 2 2 2 2 2 2 2 2 2 2 2 2 2 2 2 2 2 2 2 2 2 2 2 2 2 2
left_child=1 2 21 -4 5 6 -5 30 -9 10 17 13 19 14 15 -12 -7 -2 27 20 -13 22 23 33 -25 34 37 -15 29 -27 -6 -21 54 -1 55 48 -34 38 41 40 -40 61 45 47 -45 46 -39 -44 -14 58 51 53 -53 -23 -24 -19 -52 -58 -3 -60 -36 -11
right_child=9 49 3 4 7 16 -8 8 -10 26 11 12 35 18 -16 -17 -18 25 -20 31 -22 50 32 24 -26 28 -28 -29 -30 -31 -32 -33 36 -35 60 -37 -38 42 39 -41 -42 -43 43 44 -46 -47 -48 -49 -50 -51 56 52 -54 -55 -56 -57 57 -59 59 -61 -62 -63
leaf_value=0.0096743554052625431 -0.081964191247282991 0.034061854832854864 0.069943514364696938 0.016636105729929615 0.037595224907819261 -0.02071839403184423 0.074317381014600711 0.060695544752863831 0.026631183572821585 0.019976094605023254 -0.013968563105138729 -0.062229863338070984 0.0028451397740700338 -0.02994444168178417 -0.054008085522534881 0.043593456541370736 0.019709637893912908 0.033886207416441098 0.042378742475345968 0.026128953437098763 0.056639715224718147 -0.076511606853501155 -0.074914160268297655 0.037796457007515355 0.015718604314848821 0.013609497454136874 0.063254322559302939 0.077857097179155413 0.024583436621309032 -0.07140715699000641 -0.078686695828793576 -0.070315886818749868 -0.049258798031698602 -0.025419519184569979 0.058708824819044658 -0.037168774896525071 0.023419017641186243 0.038002312245046029 0.013240931112058979 0.053369259503902172 -0.048959683584589277 0.053141967342790079 0.054058590071163197 -0.032753758592667298 0.042221527521640705 0.055592972354895048 -0.10289884106473393 0.030331277768791399 0.060499528519391603 0.063019454372090042 0.10514039706582284 0.035743287583602394 0.017784709512812052 0.035220005831733396 -0.017289235047596517 0.013338157631654843 -0.04443365536149349 0.057343250413468189 0.012239793571648821 -0.099792285066115788 0.039038011052932226 -0.087172717587076981
leaf_weight=9273.634493842721 68.174982216209173 6706.1988023337908 840.56994064152241 5403.7699549505487 59.125122854486108 1354.2767783142626 585.92854604171589 1481.8530189255252 14731.291691809893 94.315872923471034 363.11577679030597 181.07366008684039 164.90463770180941 1020.7973985522985 145.50321320793591 3918.5146045098081 992.61337470356375 6584.1485035568476 232.30646338220686 61.905502535402775 170.15109558450058 124.37759535759687 209.91206211969256 2092.2041388303041 7446.6147358119488 192.21904538571835 962.03690165793523 50.060598615091294 811.16881497204304 149.6380265802145 130.09889093227684 670.68337110802531 118.468126649037 437.36022467911243 1265.1153425648808 70.188046544790268 330.00573349371552 4992.7924470370635 801.94069590885192 338.69654697738588 322.73283187253401 907.69846320012584 2268.6475750356913 1009.7777172322385 1371.7329039610922 2682.737383633852 42.45981111144647 1498.1784194521606 623.35933378338814 503.8436706662178 103.02716400846839 2614.1498134024441 5152.59630670771 57.306831255555153 251.24280057102442 1009.5062753260136 63.980495903640985 262.91736021265388 149.00223329663277 36.624421358108521 3296.3737142011523 40.662323950324208
leaf_count=47707 319 12238 764 18226 146 5019 328 2204 34031 419 1087 756 272 4661 5591 9588 5159 8095 544 136 499 618 1106 5942 23599 323 1674 1711 1176 614 627 3933 561 2054 1561 238 699 6050 1612 193 2454 1511 2032 3092 1583 1604 302 3124 303 178 45 5135 11080 118 748 1684 238 191 283 149 3324 259
internal_value=0.0259982 0.0223336 0.0206116 0.0257307 0.0242255 0.0149975 0.0222909 0.0289142 0.0297485 0.0318702 0.0273339 0.0168773 -0.00597619 0.0246239 0.0356486 0.0387085 -0.00361618 0.0333297 -0.0128239 -0.0435262 -0.0046319 0.0160222 0.0127212 0.0142732 0.020565 0.0339268 0.0373763 -0.0248323 0.0102588 -0.0236892 -0.0423202 -0.0621347 -0.0200954 0.00809084 0.0361705 0.0414212 0.00414256 0.0358516 0.0237245 0.00881688 -0.00463116 0.0446137 0.0380411 0.0313892 0.010429 0.0433348 0.036793 0.0446334 0.0484635 0.0349294 0.0239617 0.0223406 0.0238337 -0.041242 -0.0436356 0.0311573 0.0538006 0.0373335 0.0328662 -0.0102538 0.0445064 -0.0126695
internal_weight=99896.3 61513 54117.3 25579.5 24739 8336.59 5989.7 16402.4 16213.1 38383.3 21048.9 7672.56 1942.27 5730.3 4427.13 4281.63 2346.89 13376.3 1303.16 1083.81 351.225 28537.8 20159.4 19249.8 9538.82 13308.2 17334.4 1070.86 1153.03 341.857 189.224 732.589 909.629 9710.99 12155.1 858.452 448.474 16372.4 2506.05 1463.37 1124.67 1042.68 13866.3 6148.34 2381.51 7717.99 5035.25 3766.83 788.264 7395.67 8378.36 7948.43 7766.75 181.684 461.155 7593.65 429.925 326.898 6891.83 185.627 4561.49 134.978
internal_count=251517 179193 166345 66504 65740 28732 18554 37008 36235 72324 46415 29319 6137 23182 16266 10675 10178 17096 6916 5324 1255 99841 82416 79302 29541 16777 25909 6372 2113 937 773 4069 3114 49761 14664 813 1260 24235 6448 4259 4066 2189 17787 9831 4675 7956 6352 5156 575 12848 17425 16951 16215 736 1854 9779 474 429 12670 432 4885 678
is_linear=0
shrinkage=0.05


Tree=28
num_leaves=63
num_cat=0
split_feature=28 0 15 25 26 26 24 9 26 24 26 21 20 0 9 0 26 28 30 30 26 28 0 10 0 26 26 19 30 0 28 10 26 10 0 22 26 24 10 19 10 7 0 22 9 23 26 4 18 24 26 22 23 28 15 22 26 18 30 0 26 26
split_gain=814.484 482.105 502.523 353.871 341.996 338.36 230.65 282.115 233.382 217.247 273.662 210.181 206.812 206.73 236.989 191.56 234.097 471.678 243.737 269.535 226.643 203.974 201.124 173.641 168.788 154.191 323.689 230.091 205.918 198.39 166.38 144.431 139.894 139.379 138.211 296.28 133.182 122.602 119.211 105.471 117.763 222.368 103.385 96.3659 122.567 94.1275 93.0147 90.0865 87.0524 85.7942 81.1842 112.296 78.1064 73.5665 73.541 63.809 59.5231 52.2766 87.9708 49.8955 36.3043 41.8851
threshold=3.5000000000000004 4.6099998950958261 11.500000000000002 64.500000000000014 12.500000000000002 48.500000000000007 0.22495827823877337 0.89499998092651378 8.5000000000000018 -2.5000001192092891 40.500000000000007 5584693.2500000009 0.97961175441741954 2.7849999666213994 1.0050001144409182 3.5049999952316289 17.500000000000004 20.500000000000004 348.17691040039068 248.34123229980472 144.50000000000003 5.5000000000000009 4.0965147018432626 3.3974999189376835 5.9500000476837167 21.500000000000004 29.500000000000004 132.2023620605469 113.63182067871095 2.6950000524520878 11.500000000000002 4.6000001430511483 135.50000000000003 2.8975000381469731 4.0965147018432626 14.800053119659426 128.50000000000003 -2.214142799377441 4.0050001144409189 700.60440063476574 2.7474999427795415 4.4849998950958261 3.8950001001358037 14.350024700164797 1.3149999380111697 2.0842106342315678 2.5000000000000004 13.500000000000002 859.49902343750011 -16.890714645385739 5.5000000000000009 14.632644176483156 18092826759790596 2.5000000000000004 31.500000000000004 13.69015407562256 1.5000000000000002 0.31327985227108007 11.999159812927248 7.2500000000000009 162.50000000000003 164.50000000000003
decision_type=2 2 2 2 2 2 2 2 2 2 2 2 2 2 2 2 2 2 2 2 2 2 2 2 2 2 2 2 2 2 2 2 2 2 2 2 2 2 2 2 2 2 2 2 2 2 2 2 2 2 2 2 2 2 2 2 2 2 2 2 2 2
left_child=1 2 4 15 6 9 7 8 -1 10 -6 -11 -4 23 -15 20 21 18 19 -18 25 34 42 -7 31 28 27 -27 38 -30 -28 39 36 -9 35 -17 -19 -24 -2 40 53 -42 -23 55 -45 47 57 -14 -22 -34 51 -8 -36 -3 60 -41 59 -33 -59 -26 -5 -62
right_child=3 24 12 54 5 13 50 33 -10 11 -12 -13 45 14 -16 16 17 32 -20 -21 48 22 37 -25 56 26 30 -29 29 -31 -32 46 49 -35 52 -37 -38 -39 -40 43 41 -43 -44 44 -46 -47 -48 -49 -50 -51 -52 -53 -54 -55 -56 -57 -58 58 -60 -61 61 -63
leaf_value=0.016928078224177492 0.058293469704144542 0.063006511598686768 -0.063408163903824297 0.065150260362876425 0.058783723166655533 0.018718943065039371 0.088173212231452761 -0.065894842236622328 0.0053760142552278572 0.025745901571993419 -0.075521397273450946 0.0037138191029688242 0.078963800506916079 -0.010595326796090408 0.031485347948667579 0.014879913531244121 0.01273665074146918 0.041013740009796823 -0.086716630761240643 0.051352255445169998 -0.05831758022595758 0.027158646155959504 -0.046012843720996788 0.089791576554988026 0.026952125448948795 0.042586741848949707 0.03720649070403137 -0.0080817607473180949 -0.08941766882600298 0.030260593981540209 0.020040595773925515 0.041737813174505416 0.067688678481073142 0.050954625104851818 0.025038212563267465 -0.083320303117355901 0.093427446121159607 0.033259621300285244 0.011134312101935986 0.027631092096455246 -0.0085706352897009213 0.051443529415311343 0.063250564972825718 -0.086886637997648758 0.071921252132183353 0.064089726525196941 -0.099293942251738168 -0.057642532198436083 0.062773902592158579 -0.056460296726612708 -0.072536032694012167 -0.075115318297487063 0.061621505455720808 0.032168232421263682 -0.017934798462055753 0.061220348332096268 0.066785272033223153 -0.091337873896476407 0.012322820062811114 0.064704907502443898 0.058534007290127234 -0.047280645645845158
leaf_weight=22380.652876589447 1727.7628072518855 668.68329680850729 34.306827082298696 879.30685606040061 720.11923725530505 1229.8081058403477 21.265406526625156 25.645426496863365 5436.664770167321 19465.18273596745 39.167930632829666 1147.1796531649306 18.279541262425482 1588.5684799822047 422.7689333697781 577.30605334043503 6598.346208808478 1794.8812431646511 57.94407201744616 484.40616456372663 89.088261115597561 257.94965405017138 48.248072184622288 91.572322485968471 261.42331717908382 311.35816464200616 9499.5451337606646 791.50629861652851 35.093375019729137 869.02646359428763 1664.1679036589339 50.039546966552734 17.56862270180136 682.03200537525117 4164.6346931643784 87.572320569306612 129.98877452034503 6769.9237795956433 146.13232219219208 4625.9055623337626 267.28216263931245 363.09166036359966 900.82998166978359 37.829296073876321 16.768490970134735 859.66198554355651 26.54864327609539 31.258853983599693 16.876433559693396 54.955136268865317 99.994546372443438 18.976945132017136 150.96530178934336 278.1485795751214 28.356957186711952 145.89337807521224 446.19983001798391 29.23202770203352 62.574548423290253 133.46787622570992 20.861183591187 15.356137622613458
leaf_count=82620 1776 875 800 241 891 6176 81 202 14980 42025 198 3282 14 9020 1886 1234 16906 3843 296 653 4708 493 136 102 275 417 14351 1842 146 1359 4347 71 44 1213 5773 411 405 7497 303 9363 688 380 807 163 4 332 107 1778 38 2023 628 117 94 343 675 139 179 120 122 19 6 1500
internal_value=0.0246931 0.0211412 0.0195078 0.0304331 0.0188674 0.0231797 0.0151501 0.0154653 0.0146708 0.0254905 0.0517588 0.0245202 0.0556679 0.00835618 -0.00173653 0.0296651 0.0266914 0.0205568 0.014544 0.0153852 0.0339997 0.0310154 0.0359756 0.0237123 0.0331039 0.0345137 0.0320972 0.00624395 0.0451667 0.0255161 0.0346501 0.0303941 0.042032 0.0466261 0.0230644 0.00183257 0.0446026 0.0326913 0.0546264 0.0315966 0.0428397 0.026016 0.055251 0.0279133 -0.0376061 0.0602312 -0.0152192 -0.00657117 -0.0385787 -0.0258061 -0.0485929 0.0110963 0.0263331 0.053996 0.0606711 0.0286717 0.0542102 0.00106666 -0.0212583 0.0398559 0.0631282 0.0134694
internal_weight=99916.2 61726.2 54313.1 38190 53369.6 24704.4 28665.2 28525 27817.3 21371.6 759.287 20612.4 943.507 3332.72 2011.34 37246.1 22095.5 9138.09 7140.7 7082.75 15150.6 12957.4 7976.95 1321.38 7413.09 15044.6 12266.6 1102.86 2778.01 904.12 11163.7 6572 1997.39 707.677 4980.48 664.878 1924.87 6818.17 1873.9 6403.6 1577.21 630.374 1158.78 4826.4 54.5978 909.2 168.395 49.5384 105.965 72.5238 140.237 40.2424 4315.6 946.832 943.881 4771.8 841.091 141.846 91.8066 394.891 915.524 36.2173
internal_count=251517 179193 166345 72324 163421 63580 99841 99015 97600 46396 1089 45307 2924 17184 10906 69902 40615 24170 17855 17559 29287 16445 8933 6278 12848 24541 20957 2259 3584 1505 18698 12375 6315 1415 7512 1645 4248 7633 2079 11955 2286 1068 1300 9669 167 2124 420 1792 4746 2067 826 198 5867 1218 2422 9502 473 313 242 294 1747 1506
is_linear=0
shrinkage=0.05


Tree=29
num_leaves=63
num_cat=0
split_feature=28 15 29 26 28 26 29 26 26 9 12 13 28 29 30 26 30 28 29 23 21 22 24 29 20 19 13 4 25 29 29 19 19 25 29 22 28 30 21 29 2 26 26 30 21 30 23 19 29 29 28 23 19 28 4 25 19 22 23 14 12 2
split_gain=764.25 454.199 361.53 443.751 645.061 550.432 323.065 715.694 542.4 279.867 336.484 280.285 271.774 401.714 338.873 265.811 379.449 265.783 344.544 254.87 234.962 265.537 224.002 206.062 194.157 172.682 167.376 331.847 153.942 153.13 493.627 150.295 177.899 148.667 325.213 145.422 142.38 193.21 160.946 137.33 192.248 128.188 232.182 120.635 114.76 122.813 105.285 124.927 100.171 280.722 97.2645 89.0289 88.6526 85.9412 83.4997 82.1964 39.4646 33.4088 188.17 72.5687 30.1457 24.7546
threshold=3.5000000000000004 11.500000000000002 1.6900001764297488 19.500000000000004 20.500000000000004 86.500000000000014 1.4400001764297488 23.500000000000004 24.500000000000004 2.0100002288818364 1.5357752442359927 -0.30000005662441248 14.500000000000002 1.9999998807907107 48.795558929443366 46.500000000000007 319.27667236328131 1.5000000000000002 2.1050000190734868 158178150973440.03 11312874.500000002 15.783494472503664 -9.9925003051757795 1.1999999284744265 0.97961175441741954 50.780971527099616 0.094404783099889769 4.5000000000000009 2.5000000000000004 1.1949999332427981 1.6000000238418581 608.60079956054699 15.102556705474855 64.500000000000014 2.3899999856948857 16.129349708557132 6.5000000000000009 12.529722213745119 126426740.00000001 0.30000007152557379 3.5000000000000004 84.500000000000014 112.50000000000001 0.43481111526489263 3.6013157367706303 87.994762420654311 0.10219021141529085 0.52695000171661388 1.3999999761581423 1.300000071525574 4.5000000000000009 2.0842106342315678 509.63635253906256 23.500000000000004 13.500000000000002 11.500000000000002 190.69049835205081 16.282579421997074 14093709159170050 3.5000000000000004 1.643346428871155 5.5000000000000009
decision_type=2 2 2 2 2 2 2 2 2 2 2 2 2 2 2 2 2 2 2 2 2 2 2 2 2 2 2 2 2 2 2 2 2 2 2 2 2 2 2 2 2 2 2 2 2 2 2 2 2 2 2 2 2 2 2 2 2 2 2 2 2 2
left_child=1 9 3 19 5 6 8 -8 -5 10 11 -1 15 -14 41 20 33 23 -19 28 21 25 -23 -13 -3 -4 29 -28 48 53 -31 32 -22 34 -17 36 38 -38 -21 -37 -41 -15 -43 -7 45 -11 56 -48 49 -2 55 54 -50 -6 -26 -18 -30 61 59 -59 -35 -46
right_child=2 24 12 4 26 43 7 -9 -10 44 -12 17 13 14 -16 16 50 18 -20 35 31 22 -24 -25 51 -27 27 -29 46 30 -32 -33 -34 60 -36 39 37 -39 -40 40 -42 42 -44 -45 57 -47 47 -49 52 -51 -52 -53 -54 -55 -56 -57 -58 58 -60 -61 -62 -63
leaf_value=-0.069967684796636717 0.027409591911272693 -0.062678749323312632 0.060256471493461763 -0.04547221080244198 0.022266476691385706 0.059274540118295929 0.051074205960974756 -0.041113072735323677 0.021486818851746921 -0.07837857354908237 -0.075413787617749278 0.01947427850432451 -0.07673244366094796 0.063339438457384337 -0.092158452938110175 0.042058834541502749 0.031086979923755455 0.025531158382239849 0.00039310641315710797 -0.062288421522551735 0.046926012016073146 0.068121693068214098 -0.045021702901992137 0.011710230397822931 0.075187860119034694 0.024397195330430731 0.21313881231558862 -0.058769631730940387 0.062367578015929917 -0.037537599042572312 0.061500159442244941 0.083805337951491296 -0.030922542947984317 0.064823926720611755 -0.021056272146750026 0.063488636681246102 -0.10173441424051828 0.031975150095710093 0.014312234628367441 0.021230469688962431 -0.088334225246299081 -0.064807366559731919 0.04971461096245966 -0.057661840708492555 0.072608997441293996 0.039982350381557473 0.066052036571870282 0.025153230060385362 0.0073001470113020737 -0.089355994645166525 -0.096327362381350728 0.062860689725474928 0.061040772555064217 0.052024574372220467 -0.057175543420405289 -0.082057722849920328 0.043506581813380386 -0.088738880151909227 0.06362060818033087 0.056720067805620639 0.031579908433824314 0.047177144112834885
leaf_weight=86.927898091264069 7084.5342054069042 33.147372383624315 359.00555358827114 324.22163671255112 310.7415129262954 22.656839722301811 296.02396119385958 722.11793548706919 4322.0178224723786 33.162045332603157 93.04069645376876 25681.210800851695 127.88472478510812 229.17136426270008 55.517659486271441 7912.8502087173983 47.087350325658917 20094.411374975462 1462.734603672754 187.02185654640198 763.07525252178311 53.26022307574749 225.38403349369764 12823.887886381708 18.287450277246535 5150.0429467651993 34.900512190535665 15.757201406173406 319.87044689059258 242.34880072041415 259.52284786710516 248.60575890541077 80.417865699157119 816.47747629368678 208.8274533925578 165.47760136425495 29.61243749409914 229.47754603624344 107.29333639889956 389.30883172154427 43.613131232559681 68.969661239534616 119.4288567728363 360.85720847570337 308.31360955536366 60.129598397761583 211.94951688498259 1563.2890169136226 96.637987926602364 50.883199140429497 52.625838554929942 848.09758564922959 381.57538752257824 1154.3376224124804 30.16172245470807 23.090880949050188 2507.8737933784723 32.604037979617715 168.98456498980522 10.696310043334959 78.222006309777498 153.53771590813994
leaf_count=702 9174 802 229 1060 644 166 356 2735 9954 214 727 91269 1894 96 406 8792 85 39002 3945 683 717 24 790 39794 14 7914 61 351 172 3788 316 107 223 640 1259 88 127 294 181 575 206 240 422 9009 127 102 107 2194 194 210 387 334 364 1740 1785 267 2658 213 57 1 425 105
internal_value=0.0234408 0.0200136 0.0290184 0.0247235 0.015457 0.00728594 0.0112146 -0.014281 0.0168045 0.0194843 0.0191012 0.0192488 0.0345553 0.00153367 0.0228183 0.0357937 0.041386 0.0193791 0.0238258 0.0303122 0.0283592 0.0243359 -0.0232113 0.016889 0.0546883 0.0267454 0.0399319 0.128964 0.0324321 0.037572 0.0136863 0.0496347 0.0394703 0.0425765 0.040433 0.00781447 -0.0106447 0.0163413 -0.0343926 0.0248833 0.0100031 0.0383005 0.00764274 -0.0506044 0.0494804 -0.00242299 0.0396596 0.0300735 0.0280573 0.0265638 -0.0456171 0.0590982 0.0502291 0.0457358 -0.00660287 -0.00670082 0.0456632 0.0566635 0.0398338 -0.0522246 0.0619615 0.0642854
internal_weight=99993.2 61939.3 38053.9 21433.9 8065.5 6047.9 5664.38 1018.14 4646.24 61009.6 60242.2 60149.2 16619.9 600.972 473.088 16019 9139.18 60062.2 21557.1 13368.4 6879.79 5787.69 278.644 38505.1 929.694 5509.05 2017.61 50.6577 12216.6 1966.95 501.872 1092.1 843.493 9016.38 8121.68 1151.8 553.405 259.09 294.315 598.4 432.922 417.57 188.399 383.514 767.428 93.2916 4602.98 1775.24 7613.63 7135.42 122.804 896.547 478.213 1465.08 48.4492 70.1782 2827.74 674.136 212.285 43.3003 894.699 461.851
internal_count=251517 179193 72324 47407 30180 23280 14105 3091 11014 176258 175439 174712 24917 3058 1164 21859 11855 174010 42947 17227 10004 8957 814 131063 2935 8143 6900 412 15073 6488 4104 1047 940 11116 10051 2154 1285 421 864 869 781 758 662 9175 819 316 5131 2301 9942 9384 739 2133 558 2384 1799 352 2830 503 271 214 1065 232
is_linear=0
shrinkage=0.05


Tree=30
num_leaves=63
num_cat=0
split_feature=28 0 15 1 22 12 25 10 0 18 0 22 27 1 24 1 21 1 25 10 23 12 3 15 23 27 25 28 1 27 1 25 25 27 1 1 1 23 1 19 6 11 18 16 0 23 23 1 0 0 27 1 0 19 12 1 12 10 3 27 1 27
split_gain=833.186 484.811 420.426 335.02 509.925 605.82 327.151 307.29 266.383 212.576 217.411 272.692 255.493 175.476 253.382 198.738 298.124 258.12 344.625 239.853 182.202 325.654 176.859 173.247 149.645 149.33 364.67 286.427 147.692 154.992 152.932 137.355 134.341 181.01 118.186 106.496 216.053 97.9971 160.676 93.6788 196.522 93.384 80.8556 79.4803 69.24 56.4946 54.6796 48.9922 110.849 118.577 38.0785 99.3906 90.807 40.5707 45.773 33.0925 21.7139 12.6997 33.0472 11.1928 8.72319 3.27923
threshold=4.5000000000000009 5.4100000858306894 9.5000000000000018 19.005000114440922 16.150003433227543 1.4001795649528506 66.500000000000014 2.8324999809265141 4.4949998855590829 472.45182800292974 3.1049998998641972 15.414483070373537 3.995000004768372 21.005000114440922 1.285857141017914 92.604999542236342 281311280.00000006 113.00600051879884 5.5000000000000009 3.5425000190734868 2288355354083328.5 1.1698443293571474 4.5000000000000009 4.5000000000000009 15.343374729156496 4.3350000381469735 7.5000000000000009 13.500000000000002 578.12500000000011 2.7949999570846562 80.014999389648452 2.5000000000000004 14.500000000000002 4.5950000286102304 16.605000495910648 48.003000259399421 127.98600006103517 2.0842106342315678 35.001499176025398 29.32762432098389 2.5000000000000004 4.5000000000000009 9.0017333030700701 0.79502627253532421 7.2500000000000009 155.63289642333987 0.34234087169170385 204.47499847412112 6.7500000000000009 5.5050001144409189 2.7949999570846562 12.998000144958498 5.6250000000000009 614.18655395507824 1.0646056532859804 7.9995000362396249 1.4814814925193789 2.6999999284744267 12.500000000000002 4.8949999809265146 12.998000144958498 4.4049999713897714
decision_type=2 2 2 2 2 2 2 2 2 2 2 2 2 2 2 2 2 2 2 2 2 2 2 2 2 2 2 2 2 2 2 2 2 2 2 2 2 2 2 2 2 2 2 2 2 2 2 2 2 2 2 2 2 2 2 2 2 2 2 2 2 2
left_child=1 2 3 4 5 8 13 37 -1 10 11 -5 -12 14 20 23 17 18 -17 -19 21 22 -2 25 34 27 -27 -15 30 -30 -11 -23 33 46 -6 44 -37 38 -4 40 -22 -34 -26 45 50 -8 -16 -38 49 -49 51 55 -53 54 -52 -3 -45 -39 -59 -41 -55 -7
right_child=6 35 7 9 24 61 43 -9 -10 28 12 -13 -14 15 32 16 -18 19 -20 -21 39 31 -24 -25 42 26 -28 -29 29 -31 -32 -33 41 -35 -36 36 47 57 -40 59 -42 -43 -44 56 -46 -47 -48 48 -50 -51 53 52 -54 60 -56 -57 -58 58 -60 -61 -62 -63
leaf_value=0.010792363678201659 0.02077150744635298 0.077965404866797719 -0.061446160606609117 0.032073196998990021 -0.094227655686153378 -0.062990054536258153 -0.057262490920235068 -0.060569822262495757 0.023671824737196822 0.020825112391828094 0.0011937455697636603 -0.01815452844416663 0.023269661133414568 0.036323445427316609 0.062689266959739962 0.038475418384537288 -0.11279048423228602 0.034726065967188614 -0.0037717827831650614 0.018567165152314193 -0.052429410504318222 0.09904054654152078 0.05415349543115075 -0.071066986242296779 0.049604138657890359 0.041897791168534877 0.017498087107080475 0.078930502211501455 0.08812605101649143 -0.0011284241507781192 0.011479939833759256 -0.04579644712269669 -0.070878212431667309 -0.089500943256761056 0.057409260594332649 -0.090226170239384743 0.058171756149646009 0.064666054412669677 0.072385099865470579 0.057021931307321076 0.043045387788224587 0.047901183443436191 0.020114492901063208 0.079584148937551225 0.076375956142388304 0.065972408564955329 -0.0076321101674089731 0.039079405541816659 0.058063094087349457 -0.11382112760043582 0.024499214294220834 0.02483602476056845 -0.1121198215473449 0.050046128489351339 0.064018387914612743 0.036098476542208123 0.058748623487673082 0.061412524834028294 0.024753905880998767 0.076405765293239836 0.06455395807418278 -0.079021213791324652
leaf_weight=20846.052263864316 5451.2341832700185 54.654333591461182 44.128613168839365 9114.5050487872213 34.612899420782924 115.93478805013001 23.617618042510003 59.150070388102904 4974.0712454402819 10983.874062763527 1520.8435113835149 277.74567052116618 9508.2395330830477 1238.5216884417459 79.803469590842724 750.63089568912983 36.993768431246281 8580.7545851189643 1348.2778497985564 3143.3211880708113 60.895976915955544 16.678749084472656 427.71985377394594 36.190809385385364 1285.5616754023358 4640.6413433104753 2289.8337998876814 581.11862749047577 145.13452284783125 72.702838562428951 7292.4231834411621 228.0907818833366 131.62404794897884 34.521604804322124 19.228623097296804 40.093762427568436 109.36511459946632 639.30302121303976 43.578143232502043 232.21567063592374 420.39154649339616 18.145681503228843 286.81385994423181 169.94461870845407 214.3294330984354 13.947678565979002 41.535050703212619 22.707052364945412 55.852108046412468 26.550469562411308 224.39926715195179 27.626197069883347 20.095538511872292 181.54818417131901 110.09788250178099 371.65381674468517 656.41869301721454 236.37974649481475 86.337779112160206 138.30588392168283 380.96870514750481 99.41523636225611
leaf_count=81176 14408 29 1971 17893 216 1367 1745 1536 11883 27486 5049 868 17657 2471 95 915 162 9732 3402 5479 193 1 2122 893 1182 5063 5994 888 229 170 19273 3404 1742 164 15 171 71 91 27 155 440 54 510 71 23 1 118 26 16 113 274 47 88 149 34 432 178 95 206 59 174 676
internal_value=0.0227148 0.0196815 0.0189925 0.0184832 0.0142747 0.0125767 0.0295628 0.0495203 0.0132745 0.0214741 0.0249923 0.0305856 0.0202264 0.0286849 0.0219237 0.0308575 0.0271219 0.0275049 0.0113458 0.0303961 0.0238769 0.0208552 0.0232098 0.0367459 0.0414318 0.0372004 0.0338405 0.049969 0.0175878 0.0584456 0.0170974 -0.035544 -0.0225725 0.009892 -0.0399225 0.0450041 0.0148846 0.0557801 0.00505952 0.0455447 0.0308712 -0.0562318 0.0442444 0.059899 0.0498249 -0.0108525 0.0387113 0.0348847 0.0102879 -0.0438615 0.045618 0.0339812 -0.0338507 0.0517173 0.0376737 0.0416476 0.0631306 0.0603891 0.0517273 0.064457 0.0599777 -0.0707449
internal_weight=100317 69526 67686 66577.2 27661.7 26035.5 30791.4 1108.88 25820.1 38915.5 20421.3 9392.25 11029.1 29927.4 7281.16 22646.3 13860 13823 2098.91 11724.1 6975.53 6123.72 5878.95 8786.31 1626.22 8750.12 6930.48 1819.64 18494.1 217.837 18276.3 244.77 305.63 155.86 53.8415 1839.94 254.569 1049.73 87.7068 851.809 481.288 149.77 1572.38 863.929 1585.37 37.5653 121.339 214.475 105.11 49.2575 1371.04 474.03 47.7217 897.014 334.497 426.308 826.363 962.021 322.718 370.522 562.517 215.35
internal_count=251172 191223 189576 185650 97025 95102 59949 3926 93059 88625 41467 18761 22706 57954 22955 34999 19690 19528 4317 15211 20782 19935 16530 15309 1923 14416 11057 3359 47158 399 46759 3405 2173 377 231 1647 397 2390 1998 847 633 1796 1692 1995 1250 1746 213 226 155 139 1227 596 135 631 308 461 249 392 301 214 323 2043
is_linear=0
shrinkage=0.05


Tree=31
num_leaves=59
num_cat=0
split_feature=28 0 20 16 14 1 26 10 22 20 28 5 28 5 0 5 25 1 26 28 25 26 26 1 26 26 5 10 1 28 1 1 10 1 0 0 1 1 1 0 26 1 0 25 23 12 16 16 1 28 5 16 1 26 16 1 28 15
split_gain=777.445 447.57 449.9 451.917 405.579 277.907 381.614 521.649 330.893 396.544 322.606 285.208 326.052 318.686 278.723 265.521 248.61 190.211 290.163 634.624 712.03 380.373 284.6 447.695 509.975 250.507 216.81 214.796 175.442 141.826 423.219 196.992 131.667 123.723 89.9796 88.6387 80.2152 197.955 69.4594 66.5143 54.6819 46.9714 214.635 42.5568 35.5511 28.9814 35.4388 91.1642 20.3587 16.4886 23.3011 14.9933 10.7682 23.6414 4.8379 1.55496 1.10625 0.00963196
threshold=3.5000000000000004 5.4100000858306894 1.6236325502395632 0.55365264415740978 1.5000000000000002 19.005000114440922 52.500000000000007 2.682500004768372 16.150003433227543 0.63991001248359691 1.5000000000000002 33.500000000000007 1.5000000000000002 12.500000000000002 4.3949999809265146 45.500000000000007 6.5000000000000009 20.625000000000004 60.500000000000007 18.500000000000004 64.500000000000014 37.500000000000007 81.500000000000014 92.604999542236342 18.500000000000004 8.5000000000000018 23.500000000000004 4.6799998283386239 521.12600708007824 14.500000000000002 75.005001068115249 113.00600051879884 3.93750011920929 187.20500183105472 7.2500000000000009 4.6099998950958261 43.004999160766609 127.98600006103517 208.01499938964847 6.7500000000000009 1.5000000000000002 12.998000144958498 5.6250000000000009 129.50000000000003 0.22274795919656756 1.4001795649528506 0.95488464832305919 0.9506097435951234 7.9995000362396249 1.0000000180025095e-35 2.5000000000000004 0.95266106724739086 3.4415000677108769 35.500000000000007 0.95266106724739086 90.130001068115249 6.5000000000000009 19.500000000000004
decision_type=2 2 2 2 2 2 2 2 2 2 2 2 2 2 2 2 2 2 2 2 2 2 2 2 2 2 2 2 2 2 2 2 2 2 2 2 2 2 2 2 2 2 2 2 2 2 2 2 2 2 2 2 2 2 2 2 2 2
left_child=1 2 5 -4 15 6 8 10 9 -1 -8 13 44 28 -15 17 -9 18 21 20 -20 25 23 27 -25 -2 -23 -19 -7 31 -31 -24 -21 43 36 -10 40 -38 -39 -40 41 48 -43 54 -13 -6 47 -47 -3 -42 -51 -45 -5 -54 55 -17 57 -48
right_child=4 34 3 52 45 11 7 16 35 -11 -12 12 -14 14 -16 33 -18 22 19 32 -22 26 29 24 -26 -27 -28 -29 -30 30 -32 -33 -34 -35 -36 -37 37 38 39 -41 49 42 -44 51 -46 46 56 -49 -50 50 -52 -53 53 -55 -56 -57 -58 -59
leaf_value=0.013612130988011931 0.030897593232802674 0.067430498963493665 -0.061984418431939373 0.066089528097756922 0.093287922699521533 0.01934802319572939 0.041806616188851689 0.062176421345814026 0.044440252945060259 -0.047723255773410599 -0.050323032292731752 0.031616296800144335 -0.066624650758749057 -0.032339993349621447 0.069202310967380651 -0.056751934082917316 -0.059015468051894143 0.03405681208343244 -0.043312533767590741 0.044422873329249463 0.063228065733291136 0.043997761135401596 0.024271426173888045 0.027832384444650721 0.0060782595963399019 0.0084475781545196738 -0.070169709217710693 -0.045218660342274085 0.046655539481703999 0.053156991017765234 -0.022690499252564132 0.049297161787140914 -0.02143226150494049 0.052711371814326946 0.072084945756528643 0.00099384365698706447 -0.086682372823239651 0.059421683567773942 -0.03918004855724657 0.055220205236951585 0.068061339397490081 0.051690752770975748 -0.10798422155512954 -0.041679069673878404 0.068263041130457558 -0.065164932946420159 0.063594669642841023 0.058923847448758906 0.035476360199559069 0.037792691185243393 0.061119556365374618 0.055392623936607426 0.026858117283552443 0.063982065933842827 -0.10894481338980627 -0.076688636470079036 0.054381442054809964 0.058389062974550966
leaf_weight=22966.950687360018 2055.5577986128628 56.688166722655296 78.596814020304009 643.5706760622561 59.321559224277735 32423.509784596972 399.47586060548201 45.207589089870453 1078.9808428399265 265.58624287042767 123.6183118626941 79.603541107382625 51.657986339647323 482.38789177080616 77.582990780472755 91.07458868692629 520.70668891561218 11118.016818689182 833.16448556818068 672.41882027406245 192.17214791011065 2225.5026712268591 1049.0258905612864 6906.9612189903855 4418.6463435031474 3144.47883406654 41.482475999742746 85.233953058719635 598.87072293460369 411.72394583839923 330.85435736831278 3189.1960592176765 84.832993940450251 31.437892450019717 234.79489216208458 132.03111560642719 41.197670385241508 106.09848989546299 47.444415047764778 29.344205662608147 167.55952449142933 65.018926426768303 29.893997877836227 5.2589038694277379 510.87296347063966 20.342075086664408 292.29077122360468 47.457681059837341 497.39342039823532 236.09496299922466 212.53117510676384 10.097617149353027 67.126071151345968 133.25590516719967 7.1858936175703993 25.969638345297426 218.41051447018981 350.0373398065567
leaf_count=79539 2645 38 1256 86 64 76622 1617 94 1143 2100 908 269 657 2617 64 5189 8532 14384 8100 3159 157 2659 2812 8603 9091 6163 306 230 1028 2459 2048 2139 521 18 32 274 178 62 131 10 53 69 129 524 415 512 36 6 569 211 86 1 85 54 72 155 116 75
internal_value=0.0215793 0.0181475 0.017433 0.0520712 0.0272266 0.0168973 0.012948 -0.0159993 0.0142384 0.0129087 0.0199704 0.019843 0.0528382 0.0192103 -0.0181643 0.0263792 -0.0492327 0.0266687 0.0204591 0.00232942 -0.0232973 0.0247856 0.0287556 0.0263611 0.0193468 0.0173272 0.0418764 0.0334493 0.0198448 0.0395776 0.0193715 0.0431113 0.0370202 -0.0356157 0.0432666 0.0397123 0.0386744 0.0110125 0.0333984 -0.00279528 0.0435573 0.033312 0.000745506 -0.0557779 0.0633929 0.0588427 0.0565387 0.0212146 0.0388702 0.0542686 0.048966 0.0213285 0.0627598 0.0517658 -0.0654434 -0.06183 0.0592875 0.0608608
internal_weight=100322 62403.7 60679.6 922.549 37918.2 59757 25532.6 1089.01 24443.5 23232.5 523.094 34224.5 642.134 33582.4 559.971 36930.3 565.914 36759.3 9249.61 1782.59 1025.34 7467.02 27509.7 22528.9 11325.6 5200.04 2266.99 11203.3 33022.4 4980.8 742.578 4238.22 757.252 171.025 1724.06 1211.01 1489.26 224.085 182.887 76.7886 1265.18 648.995 94.9129 139.587 590.477 987.86 928.538 67.7998 554.082 616.186 448.626 15.3565 843.953 200.382 124.23 117.044 860.739 642.328
internal_count=251172 178928 177360 1481 72244 175879 94207 11151 83056 81639 2525 81672 1341 80331 2681 71435 8626 65476 23710 11937 8257 11773 41766 32308 17694 8808 2965 14614 77650 9458 4507 4951 3680 5959 1568 1417 1536 381 203 141 1155 805 198 5941 684 809 745 518 607 350 297 525 225 139 5416 5344 227 111
is_linear=0
shrinkage=0.05


Tree=32
num_leaves=63
num_cat=0
split_feature=28 2 0 1 26 25 29 29 1 20 26 29 26 27 24 25 0 25 21 20 20 20 29 29 1 22 17 1 21 27 25 26 27 26 1 26 14 28 28 13 1 1 22 28 1 26 29 13 23 11 26 23 1 12 1 0 25 12 20 6 24 1
split_gain=736.655 428.554 449.451 346.417 546.425 324.355 308.909 801.204 502.318 295.477 267.963 261.98 404.796 346.332 257.793 303.077 252.106 248.992 242.514 228.577 322.681 208.04 386.022 203.793 185.059 181.296 172.282 182.689 166.294 155.051 128.93 127.747 125.33 298.093 309.907 202.904 454.276 124.073 118.63 101.862 90.7819 183.207 87.6967 144.251 336.496 105.204 81.6285 76.9252 68.4488 67.2465 46.9933 43.8681 41.9881 41.286 40.8814 93.9731 37.7124 38.6101 45.6298 29.7216 29.0251 26.4773
threshold=4.5000000000000009 4.5000000000000009 5.4100000858306894 19.005000114440922 75.500000000000014 66.500000000000014 2.2899998426437382 2.1000000238418584 58.004499435424812 0.89415824413299572 57.500000000000007 1.6900001764297488 21.500000000000004 4.7900002002716073 -0.8473076820373534 11.500000000000002 4.4949998855590829 59.500000000000007 3149829.1250000005 0.81832626461982738 0.30957859754562383 1.4009496569633486 1.8999999761581423 1.3999999761581423 55.003499984741218 14.60707998275757 7.8166668415069589 3.0004999637603764 3.6013157367706303 3.8349999189376835 14.500000000000002 80.500000000000014 4.8300001621246347 47.500000000000007 28.942000389099125 29.500000000000004 1.5000000000000002 7.5000000000000009 2.5000000000000004 -0.070000022649765001 48.003000259399421 127.98600006103517 15.550044536590578 9.5000000000000018 114.00650024414064 33.500000000000007 0.4999998807907105 0.0036308316048234705 0.13032521307468417 3.5000000000000004 164.50000000000003 15082771944833026 32.815000534057624 1.1830021739006045 204.47499847412112 6.7500000000000009 19.500000000000004 1.1052631735801699 2.2827614545822148 10.500000000000002 -2.1195238828659053 9.004399776458742
decision_type=2 2 2 2 2 2 2 2 2 2 2 2 2 2 2 2 2 2 2 2 2 2 2 2 2 2 2 2 2 2 2 2 2 2 2 2 2 2 2 2 2 2 2 2 2 2 2 2 2 2 2 2 2 2 2 2 2 2 2 2 2 2
left_child=1 2 3 4 14 6 7 9 10 11 24 12 -2 -13 15 -1 -16 -6 -10 20 23 22 26 -5 -9 28 27 53 -21 -22 -12 47 42 35 37 36 -34 -35 -28 -20 46 -42 43 45 -45 -8 61 49 -37 -24 -7 -33 -27 -3 -43 -56 57 -23 -59 -52 -49 -4
right_child=5 21 40 19 17 50 32 8 18 -11 30 13 -14 -15 16 -17 -18 -19 39 25 29 56 31 -25 -26 52 38 -29 -30 -31 -32 51 33 34 -36 48 -38 -39 -40 -41 41 54 -44 44 -46 -47 -48 60 -50 -51 59 -53 -54 -55 55 -57 -58 58 -60 -61 -62 -63
leaf_value=0.048902031832426938 0.028965671349164165 0.05459359278327628 0.055152356705826855 0.015964727118242098 -0.064255312768606951 0.060543876727553847 -0.002851507733551945 -0.049347061187392988 -0.096187723775059408 -0.10000526105641945 0.07128971541522737 0.037705544324243168 0.013503194500767002 0.0090694054213898891 0.0092959522439472093 -0.037121586680709674 0.021506746857321832 0.051342110531494511 0.069334024128004476 -0.069282325401721218 0.046719852993254742 0.057010078378451894 0.041477207979694293 0.023360021998132953 0.073749937387585757 0.025441351518459367 -0.056859755863248422 -0.064407244762824833 0.041220008266557341 -0.072131422716913224 -0.0025060718791409808 -0.064210221196297171 -0.099456134502803439 0.060291097273246656 -0.087908071508680255 0.073097962978872319 0.070508870725619011 -0.082126935656334207 0.088739982775297807 -0.042971341374610929 -0.084698088910218072 0.053579269536150269 0.06331990729971991 -0.13394588937280835 0.035624344621809377 0.052859160140915795 0.061014717281580005 0.095572600686523207 0.024145635093786422 -0.012588375053523754 -0.047461459952954227 0.053634336961580591 0.066036883711054761 -0.020785965075519525 -0.039709840227570695 0.055232958932208469 0.0620640660159157 -0.072823626123475219 0.048303605100837435 0.05572991540342357 0.057494149260201667 0.033251370809091234
leaf_weight=833.90985974855721 10643.700319407508 48.440498262643814 171.19346523284912 21829.275395042729 323.56787452707067 778.95637904340401 92.76429645717144 197.34137215279043 248.62877950817347 45.426533015677705 157.77211580239236 7225.3650553964544 7034.4486353169195 1237.9646970303729 20211.058439279906 115.89279983565211 5346.5814055828378 53.572557102655992 33.233104199171066 55.865743288770318 33.292574885301292 34.240466982126236 376.15711433812976 16280.441159475595 35.144513145089149 75.903129020705819 18.267125140875578 185.98251654952765 83.833204675931484 139.81070495327003 94.056285133119673 34.738398968474939 69.361206814646721 84.136058763135225 101.67253210023046 320.6343685016036 88.088722430169582 17.704537387704477 51.349973317235708 48.21146734803915 38.955470383167267 106.99369309842587 702.49844908108935 36.642166099511087 130.31527530401945 947.06044715503231 581.01435571163893 61.412745852023363 93.892619904130697 67.229460283182561 16.395854093134403 9.265932083129881 478.96666099037975 27.916101383976638 49.53127409517765 52.820270732045174 785.28598258807324 16.655046793632209 12.934894665610047 10.645470701158048 360.91244863998145 797.740807518363
leaf_count=1499 13124 39 105 55717 6524 283 181 614 1049 500 83 8373 27118 3152 74053 547 12394 480 12 418 69 10 377 29932 13 307 191 3215 172 1033 394 795 295 77 715 133 17 460 21 138 171 71 322 204 105 713 252 5 162 201 1710 1 370 185 139 16 637 120 12 2 253 892
internal_value=0.020518 0.0176833 0.0169937 0.0163197 0.0119522 0.0270014 0.0261496 0.0245391 -0.0242752 0.0260582 0.00814666 0.0262813 0.0228143 0.033519 0.0128032 0.0383724 0.0118514 -0.0477292 -0.0717436 0.0193317 0.0188147 0.0399776 0.0268922 0.0191247 -0.0304811 0.0477509 -0.0192065 -0.0377648 -0.00311278 -0.0491072 0.0438068 0.0437218 0.0423303 0.025315 -0.0265457 0.0437902 -0.00448917 0.0349259 0.0502005 0.00307887 0.0416539 0.0134903 0.049222 0.0409654 -0.0021374 0.0478864 0.0461508 0.047954 0.0621068 0.0332583 0.0582963 -0.0386444 0.0605484 0.0270576 0.032101 0.00929898 0.0590526 0.0215402 -0.0198627 -0.00612066 0.0632559 0.0371789
internal_weight=100243 69751 67660.2 65862 26884.6 30492.1 29686.1 27001.3 814.388 26186.9 484.314 26141.5 17678.1 8463.33 26507.4 949.803 25557.6 377.14 330.073 38977.4 38282.8 2090.79 1241.67 38109.7 232.486 694.569 331.956 262.339 139.699 173.103 251.828 909.716 2684.77 775.49 203.513 571.977 157.45 101.841 69.6171 81.4446 1798.25 248.301 1909.28 1206.78 166.957 1039.82 1549.95 865.712 414.527 443.387 805.998 44.0043 554.87 76.3566 209.345 102.352 849.116 63.8304 29.5899 27.0413 422.325 968.934
internal_count=251172 191223 185161 183515 95497 59949 57954 54570 2303 52267 1104 51767 40242 11525 88493 2046 86447 7004 1199 88018 86751 6062 5283 85649 627 1267 3651 3439 590 1102 477 1632 3384 1859 1252 607 312 537 212 150 1646 397 1525 1203 309 894 1249 836 295 578 1995 796 677 224 226 155 779 142 132 1712 258 997
is_linear=0
shrinkage=0.05


Tree=33
num_leaves=63
num_cat=0
split_feature=5 14 27 1 0 30 27 27 1 26 16 25 26 1 26 1 1 29 30 29 26 29 1 30 27 30 26 30 29 30 26 26 29 21 26 0 0 16 0 0 29 29 0 0 1 29 1 1 0 20 1 30 30 29 7 4 25 8 22 11 0 20
split_gain=699.855 465.255 441.745 404.164 354.941 350.429 335.784 577.798 368.473 489.618 417.275 342.003 252.795 370.119 216.487 205.599 192.354 183.797 231.492 172.063 259.796 229.707 170.703 147.916 150.583 191.94 141.15 135.358 195.029 193.269 190.841 151.513 413.687 178.1 136.992 106.511 215.935 102.548 101.047 101.004 98.1099 97.2757 83.3493 90.5123 219.126 106.879 123.193 82.989 81.6462 72.9089 60.5257 137.57 59.7407 41.9547 36.7097 35.323 65.2527 16.4571 10.5838 13.0441 3.15007 21.4855
threshold=1.5000000000000002 1.5000000000000002 4.4949998855590829 373.24501037597662 4.2850000858306894 5.2118630409240732 3.0049999952316289 3.0949999094009404 20.005000114440922 60.500000000000007 0.78606101870536815 18.500000000000004 79.500000000000014 89.005001068115249 4.5000000000000009 49.004999160766609 5.9005000591278085 1.3017376661300661 36.056528091430671 1.6999999284744265 7.5000000000000009 1.6900001764297488 113.00600051879884 622.09735107421886 4.6949999332427987 649.88159179687511 2.5000000000000004 523.95153808593761 2.1999999284744267 482.14103698730474 12.500000000000002 3.5000000000000004 0.5950000286102296 1912074.2500000002 1.5000000000000002 4.2850000858306894 4.5099999904632577 0.91458967328071605 4.805000066757203 4.805000066757203 0.070000052452087416 2.00000011920929 3.5949999094009404 4.0965147018432626 401.48500061035162 0.19499993324279788 401.48500061035162 5.9005000591278085 4.3949999809265146 1.1465298533439638 38.004999160766609 709.56390380859386 659.43295288085949 0.5950000286102296 1.0000000180025095e-35 1.0000000180025095e-35 1.5000000000000002 4.3250000476837167 16.389700889587406 5.5000000000000009 3.8449999094009404 1.6236325502395632
decision_type=2 2 2 2 2 2 2 2 2 2 2 2 2 2 2 2 2 2 2 2 2 2 2 2 2 2 2 2 2 2 2 2 2 2 2 2 2 2 2 2 2 2 2 2 2 2 2 2 2 2 2 2 2 2 2 2 2 2 2 2 2 2
left_child=2 6 3 4 5 14 38 54 9 11 -11 -9 13 -10 15 -1 -6 39 -19 21 -21 -7 -14 27 26 -26 40 29 35 31 34 32 -4 -33 -31 41 -37 49 55 -18 52 -29 -5 44 -44 46 -45 -32 -47 -3 53 -52 -25 -27 -8 56 -2 -39 59 -59 61 -51
right_child=1 37 23 42 16 19 7 8 12 10 -12 -13 22 -15 -16 -17 17 18 -20 20 -22 -23 -24 24 25 50 -28 28 -30 30 47 33 -34 -35 -36 36 -38 57 -40 -41 -42 -43 43 45 -46 48 -48 -49 -50 60 51 -53 -54 -55 -56 -57 -58 58 -60 -61 -62 -63
leaf_value=-0.019853820839323816 -0.061885475533306311 -0.063544033303154501 0.01984887250052576 0.11651361934467744 -0.072578035474207589 0.0085899882534688013 0.096000860309846142 0.018038788236353721 0.028513154183151784 -0.01219719901068622 0.042554669978685129 0.04653887299414964 0.023488794928309516 0.016634572440647352 -0.08344266415088189 0.018384581992627415 0.016351537183401429 0.053898444252480887 -0.0581930161484615 -0.071016697606841803 -0.00073973581165556572 0.035556152179043329 0.042253949968155499 0.0088055846218000316 -0.081984461734571398 0.073290375423561788 -0.08515880667886068 0.069878956123642214 -0.084641816645475057 -0.00067520566444703863 0.093308902175725628 0.025615758121565652 -0.02205315947702835 -0.010245171723593027 -0.088394456818747497 -0.032420947512810563 0.049006487973139841 0.074832417080088712 0.068277342841548128 0.028112821893990239 0.052378117002586017 0.011567345902649351 0.07320873476789376 -0.023681422094953983 -0.076817714058220812 0.026142938132921869 0.053528153393281076 0.00076478128449883201 -0.047270502708112089 -0.050553545183330412 -0.078997305059998676 0.093099307232556577 -0.076498265660372711 0.019867111103337515 0.066422930053793058 -0.067115240958358746 0.031250342141457485 0.027286603183742972 0.057938770697116886 0.058135579842506883 0.06302792164609955 0.061659777329310966
leaf_weight=1366.5214652270079 43.781044915318489 29.607045114506036 4409.6661493107677 33.306207895278931 57.169565439224243 14066.426577554084 177.19573887437582 14193.977691497654 16355.642489327118 2163.7201893967576 413.63333700038493 1136.819447921589 1876.1859902271535 10961.164832977578 105.28170321695507 472.15681774169207 6284.0495016332716 63.677536115050316 159.42277695983648 142.63140270113945 1559.9608357232064 836.01068989932537 3455.8143657995388 37.849268563091755 37.857842668890953 100.33996871113777 88.677276331931353 416.69906333275139 29.215450553223491 77.934843420982361 36.472150087356567 11681.658599829301 678.8719904050231 356.09618927165866 103.18346278741956 114.86789811402559 273.47467344999313 139.51127974595875 18.875973969697952 2580.1326299458742 48.18385461717844 87.090348172932863 43.307257264852524 54.440856233239174 53.002682521939278 160.11250978708267 831.75570486485958 68.885115338489413 48.508002653717995 5.2685694515239456 28.258005946874619 18.254877395927906 43.124566704034805 59.642436414957047 305.12932382524014 119.93881775438786 31.523010052740574 75.594353290274739 824.73244677297771 69.018979072570801 13.201701679499822 12.715738681610674
leaf_count=9507 386 709 7938 46 318 51607 96 34180 26329 25746 642 1446 9288 19548 500 1864 17859 59 521 776 3904 1486 3553 104 167 96 387 638 129 200 18 17781 2000 791 446 347 349 81 10 4544 75 172 63 175 259 202 1318 152 135 224 125 11 197 117 99 959 100 98 277 8 6 4
internal_value=0.0195147 0.0235029 0.0151324 0.0112526 0.0100086 0.00603315 0.0227903 0.0230527 0.0225319 0.0167657 -0.00339517 0.0201554 0.0256939 0.0237477 -0.0140466 -0.0100272 0.0180704 0.0186491 -0.0260797 0.00838491 -0.00666822 0.0101054 0.0356576 0.0211001 -0.00681453 0.0200837 -0.036964 0.0218044 0.0404884 0.0208133 -0.0198542 0.0214949 0.0142544 0.0245538 -0.0508875 0.0446819 0.0248868 0.0546802 -0.0395581 0.0197783 -0.00343587 0.0598514 0.0393551 0.0370975 -0.00924555 0.0411836 0.048758 0.0334244 0.00890507 -0.00835014 0.0391254 -0.0108115 -0.036943 0.053652 0.0774757 -0.0503039 -0.0229338 0.0581447 0.0556632 0.0423422 0.0442402 0.0275918
internal_weight=100137 52423.1 47714.2 28917.9 27693.4 18549 51253.4 51039.3 50557 17908.2 2577.35 15330.8 32648.8 27316.8 1943.96 1838.68 9144.45 9087.28 223.1 16605 1702.59 14902.4 5332 18796.3 462.188 244.353 217.835 18334.1 921.347 17412.8 286.476 17126.3 5088.54 12037.8 181.118 892.132 388.343 1169.65 214.119 8864.18 129.158 503.789 1224.43 1191.13 96.3099 1094.82 886.197 105.357 208.621 60.7931 206.495 46.5129 80.9738 159.982 482.325 195.243 75.3041 1108.86 969.346 144.613 31.186 17.9843
internal_count=251172 123789 127383 95143 92945 69644 122382 120927 120732 62014 26388 35626 58718 45877 11871 11371 23301 22983 580 57773 4680 53093 12841 32240 1279 516 763 30961 1635 29326 816 28510 9938 18572 646 1506 696 1407 1455 22403 376 810 2198 2152 322 1830 1493 170 337 943 349 136 301 213 195 1445 486 464 383 106 234 228
is_linear=0
shrinkage=0.05


Tree=34
num_leaves=56
num_cat=0
split_feature=2 28 20 9 26 7 18 26 26 29 29 29 26 4 28 16 11 29 26 25 30 23 16 8 25 19 26 29 8 16 11 28 26 28 23 30 9 7 26 16 7 28 25 26 9 25 26 28 30 13 23 28 26 30 26
split_gain=678.308 658.097 266.999 256.874 296.238 533.403 332.724 295.054 256.196 574.54 251.881 268.001 220.201 191.93 198.34 179.727 177.481 171.852 404.792 164.022 134.494 135.906 254.958 242.527 131.366 125.205 119.894 200.029 219.013 120.168 149.485 110.622 105.446 136.23 103.361 133.998 103.251 90.2613 396.551 82.2193 81.0047 160.649 75.6616 89.033 60.0206 54.5114 52.6625 27.6155 18.9288 15.8614 8.69185 8.62016 2.95887 1.63264 0.963573
threshold=4.5000000000000009 1.5000000000000002 0.97245931625366222 0.8150000572204591 38.500000000000007 2.9050000905990605 0.09047527983784677 6.5000000000000009 19.500000000000004 1.1999999284744265 2.2750002145767216 1.800000071525574 9.5000000000000018 14.500000000000002 20.500000000000004 0.33274440467357641 2.5000000000000004 0.39999973773956304 3.5000000000000004 7.5000000000000009 0.73547556996345531 0.68433502316474926 0.82936730980873119 3.5049999952316289 3.5000000000000004 474.93388366699224 39.500000000000007 1.8999999761581423 2.995000004768372 0.61141636967659008 3.5000000000000004 3.5000000000000004 90.500000000000014 5.5000000000000009 3.7936908006668095 22.333660125732425 1.1000000238418581 4.0950000286102304 23.500000000000004 0.40750804543495184 4.6549999713897714 1.5000000000000002 5.5000000000000009 80.500000000000014 2.0400000810623173 88.500000000000014 129.50000000000003 3.5000000000000004 2.8079948425292973 0.027619060128927234 1.9905375838279726 5.5000000000000009 149.50000000000003 709.56390380859386 126.50000000000001
decision_type=2 2 2 2 2 2 2 2 2 2 2 2 2 2 2 2 2 2 2 2 2 2 2 2 2 2 2 2 2 2 2 2 2 2 2 2 2 2 2 2 2 2 2 2 2 2 2 2 2 2 2 2 2 2 2
left_child=1 3 13 4 6 10 19 -5 16 -10 11 -6 -2 14 17 -14 -8 24 -19 53 36 23 -23 -22 -3 51 27 28 -17 30 39 -30 -27 46 35 -16 -9 49 -39 -28 47 -42 -7 -44 -38 54 -34 -31 -36 -29 -21 -4 -53 -1 -15
right_child=12 2 25 7 5 42 8 20 9 -11 -12 -13 15 45 34 26 -18 18 -20 50 21 22 -24 -25 -26 32 29 37 31 40 -32 -33 33 -35 48 -37 44 38 -40 -41 41 -43 43 -45 -46 -47 -48 -49 -50 -51 -52 52 -54 -55 -56
leaf_value=-0.07841355679826445 -0.075503345731817328 0.026776206979114228 -0.063027758255263897 -0.070951001253169318 0.0075515553284683339 0.027878355024807861 0.011871397305229407 0.1277701124727981 0.039274258024579831 0.0074028882163054907 0.063573889236370848 -0.055544338318675238 -0.056845493976840078 -0.07384372566492102 0.016619374583059787 0.057200580410847912 -0.048653844553535747 -0.002372147459475853 0.020885440237426559 0.047828898128101038 -0.049383560098761541 -0.0052910656533130852 0.046907967944588638 0.06143630067513095 0.057114228806593337 -0.065337770116499813 0.058068351030957081 0.053878450919592369 -0.067845355783513181 0.049306961212595229 -0.063035374741639144 0.005564969330988951 0.061888095288444592 -0.10510499996733694 0.089875119175684526 0.04408424029569346 -0.0062670877935372587 0.049696812120814442 -0.098268567674941437 -0.023651663538617473 0.058176303695351095 -0.080792716134784531 -0.067973615162375267 0.0003760621793911915 0.072008017438901215 0.035580451456287847 -0.052324129622815123 0.061891941914634596 0.057669104348866886 0.078930236401544396 0.0082732739728910744 -0.10953524178087684 -0.037662540498599621 -0.063334681566784692 -0.049429381351923707
leaf_weight=85.47778132930398 39.019314838573337 6317.5608201958239 77.282718806760386 66.422142060473561 1515.1781469734851 25.854728886857629 29378.547274354845 63.522115975618362 2810.2760951966047 2847.1324335634708 173.79612371698022 188.30830910196528 43.885817147325724 57.444180377759039 759.11397614097223 96.695906966924667 120.6277284398675 1948.9274752140045 46363.975729675498 24.950578019022942 53.990718580083922 497.43511805986054 440.04626437788829 498.45943583222106 378.51615872979164 44.590661962516606 119.60580515675247 149.38100329786539 109.23569007590413 799.44638093002141 47.225693995133042 95.533388793468475 82.746847426053137 16.091741591924801 73.373516637831926 1078.0076116877608 35.314356866292655 308.98111057467759 52.059260878711939 40.599467540625483 55.66319765150547 31.851160258986056 369.69790356326848 54.49255736451596 77.002595685422421 14.136021332349626 10.6584252405446 1078.6760501083918 158.72894504107535 134.0179630741477 31.792708400636911 19.947697155177597 3.2604491605889043 85.723510850220919 15.96356480126269
leaf_count=415 253 9351 1042 478 6410 61 99691 20 5119 7144 91 830 3235 569 4054 25 664 4292 85430 46 720 2437 831 742 224 377 120 79 809 1312 1243 255 141 274 28 2885 147 270 276 275 11 359 2521 1278 20 134 488 566 111 30 64 111 481 624 1709
internal_value=0.0185527 0.0178038 0.0212199 0.0128304 0.0119648 -0.00531118 0.0131013 0.0316556 0.0134924 0.0232398 0.00641382 0.000545325 0.0411946 0.0214476 0.0215615 0.0426593 0.0116221 0.0209888 0.0199471 -0.0469814 0.0357901 0.0308637 0.0192293 0.0505272 0.0285002 -0.0297805 0.0440788 0.0291548 -0.00444188 0.0505562 0.0142472 -0.0337115 -0.00133669 0.0250368 0.0367644 0.0327535 0.077094 0.0448614 0.028135 0.0373095 0.0543762 0.0072002 -0.0541368 -0.0592013 0.0475148 -0.0521289 0.0483862 0.0565667 0.0682136 0.0659788 0.0262799 -0.0729027 -0.101617 -0.071304 -0.0693373
internal_weight=100066 96864.4 57420.3 39444 37711.9 2327.33 35384.5 1732.19 35156.6 5657.41 1877.28 1703.49 3201.88 57165.7 57078.2 3162.86 29499.2 55009 48312.9 227.945 1665.77 1489.93 937.481 552.45 6696.08 254.579 3118.97 945.904 301.465 2173.07 207.431 204.769 154.088 109.497 2069.22 1837.12 175.839 644.439 361.04 160.205 1965.64 87.5144 450.045 424.19 112.317 87.5438 93.4053 1878.12 232.102 283.399 56.7433 100.491 23.2081 171.201 73.4077
internal_count=251172 242054 111701 130353 124958 11191 113767 5395 112618 12263 7331 7240 9118 108787 106375 8865 100355 99297 89722 1149 4917 4730 3268 1462 9575 2914 5630 1744 1089 3886 1638 1064 1280 903 7078 6939 187 655 546 395 2248 370 3860 3799 167 2412 629 1878 139 109 110 1634 592 1039 2278
is_linear=0
shrinkage=0.05


Tree=35
num_leaves=63
num_cat=0
split_feature=5 15 19 1 0 30 5 25 29 27 0 29 1 0 27 18 27 27 29 22 27 1 27 0 29 1 16 1 18 19 18 25 0 29 0 7 25 27 0 27 30 18 1 0 30 0 18 16 29 0 16 18 1 25 25 20 5 1 0 19 20 24
split_gain=676.088 431.866 316.711 299.813 312.431 297.971 289.533 413.607 286.194 337.283 313.751 363.82 421.864 268.514 255.701 352.019 311.457 466.744 255.306 225.245 221.331 216.241 214.404 289.52 273.148 210.144 208.324 192.232 189.151 212.515 188.721 483.892 205.377 180.199 233.474 180.092 173.213 168.829 357.444 160.88 157.883 155.632 154.066 148.318 146.43 145.933 117.276 111.309 108.905 90.1677 83.2581 80.251 94.4465 93.6944 54.1252 162.719 52.2723 247.211 46.0705 29.6547 37.6065 26.5291
threshold=1.5000000000000002 11.500000000000002 0.099831249564886107 177.30500030517581 5.4100000858306894 0.5682947337627412 17.500000000000004 25.500000000000004 0.5950000286102296 3.6950000524520878 4.3949999809265146 1.0000000180025095e-35 35.895000457763679 3.5049999952316289 4.6949999332427987 3.4084166288375859 3.7050000429153447 4.1949999332427987 0.5950000286102296 13.750325679779055 4.2950000762939462 28.942000389099125 3.9050000905990605 3.995000004768372 0.40499997138977056 141.0100021362305 0.12414187937974931 109.00600051879884 119.78334045410158 52.338111877441413 610.29138183593761 1.5000000000000002 4.4949998855590829 2.1999999284744267 3.5749999284744267 4.6649999618530282 5.5000000000000009 4.6949999332427987 3.995000004768372 3.1950000524520878 698.72381591796886 208.00825500488284 611.83502197265636 3.3950001001358037 227.24150848388675 4.0965147018432626 0.4478562474250794 0.3158369660377503 0.4999998807907105 4.7049999237060556 0.37199692428112036 0.15266805142164233 14.996500015258791 14.500000000000002 29.500000000000004 1.8547518849372866 2.5000000000000004 433.02000427246099 4.1949999332427987 0.2256666645407677 0.60650065541267406 0.090577032417058959
decision_type=2 2 2 2 2 2 2 2 2 2 2 2 2 2 2 2 2 2 2 2 2 2 2 2 2 2 2 2 2 2 2 2 2 2 2 2 2 2 2 2 2 2 2 2 2 2 2 2 2 2 2 2 2 2 2 2 2 2 2 2 2 2
left_child=2 3 -1 4 5 26 13 -8 9 10 11 21 -13 -7 15 51 19 -18 28 -17 39 -4 23 24 -11 27 -2 -12 29 50 31 41 -33 34 -32 47 -28 44 -39 -20 46 -16 -31 -35 -22 -25 -24 -3 -42 -27 -5 52 -10 -53 55 -49 57 -30 -58 -56 -61 -6
right_child=1 35 8 18 61 6 7 -9 14 22 25 12 -14 -15 30 16 17 -19 20 -21 37 -23 40 45 -26 49 36 -29 56 42 33 32 -34 43 -36 -37 -38 38 -40 -41 48 -43 -44 -45 -46 -47 -48 54 -50 -51 -52 53 -54 -55 59 -57 58 -59 -60 60 -62 -63
leaf_value=-0.085985859941647425 -0.093879088099026869 -0.053280431542057707 -0.020027043497700427 0.027543515861764289 0.048557838277400948 0.022356988191218806 -0.0086866736137315905 0.024544458390598458 -0.068678024732253151 0.095519053726512593 0.016625744361664387 0.036708271545497405 -0.028508399623273391 0.013640284933040994 -0.0016635155493453407 0.021086108174038519 -0.011082036507099316 0.0094809856578973312 0.089442461545500146 -0.068970961149794702 0.038728357809750313 0.0070691716486712798 0.057073620257172192 -0.076625480851348238 -0.061644137979539028 0.060942011740914181 0.017227553446971328 -0.072063085157036494 -0.11504811293370923 -0.1287967510510063 0.048379624076457649 0.0096262538655688124 0.049405700403974406 -0.017614335808667277 0.020099567733008999 -0.07512325606739001 0.050233020202058158 -0.016775929063670352 0.034941868833054744 -0.080282900676158286 -0.074517026786867585 -0.06145379086759091 0.041098936309865303 0.038387710725165482 0.06812560674870588 0.028487165379022423 0.020725462129882549 -0.077617855267521518 0.061442451816901056 0.0133087327186843 -0.042075338868215989 -0.078529088982438863 0.034623667782252808 0.033744213351642988 0.088825897644299712 0.056116386082173057 0.061726828110045318 0.024636938555185183 0.02126291510923194 -0.0042115219466749764 0.056076584086329262 0.077022667300617215
leaf_weight=79.380447801202536 28.521977209020406 23.997873717686161 1833.4987399615347 110.43956255912781 580.06538214674219 24085.94140800368 2303.3862811336294 1576.16665191832 37.307011749595404 315.68252423033118 3947.5893923267722 1072.4387413486838 321.55651345103979 13970.027523288503 176.65528951585293 4114.3554876558483 3749.7369029587135 10441.154167235829 16.676498413085938 69.647260211408138 2680.6830794764683 1228.9564250186086 225.43254158645868 35.685329601168633 29.576242335140705 392.04093389213085 575.37194645404816 61.069021627306938 36.212420731782913 66.78183064609766 1121.4449658263475 1425.6133964117616 419.56028858572245 391.89932150766253 2097.7455165907741 27.717198731377721 1299.3167140269652 408.61984368227422 1815.2977948319167 66.725456815212965 68.644002936780453 283.475840408355 16.052405700087547 168.11558990646154 505.85499224066734 330.85810415446758 12555.229272134602 30.095697455108166 17.822265632450581 134.23374499380589 68.867359027266502 172.86083399876952 51.378954861313105 20.180462584830821 70.009558480465785 83.863978430628777 103.80560813844204 211.776302292943 221.73919536173344 26.185531538911164 1113.7727664171252 99.869238913059235
leaf_count=375 182 2897 14063 112 384 54025 12316 12951 233 1148 11598 5941 1755 28734 374 13178 12752 23390 1 405 2352 5227 271 159 210 740 1038 295 156 290 1655 2591 337 1009 3198 537 1763 1016 1703 300 334 937 10 241 323 711 22869 261 11 289 174 892 108 31 24 20 54 258 260 652 1175 40
internal_value=0.0175067 0.0214309 0.0131818 0.020682 0.0192332 0.0187104 0.0178312 0.00481587 0.0133501 0.017422 0.009908 0.00048429 0.0216513 0.0191577 0.00963464 0.00673074 0.00758251 0.00404676 0.0308672 0.0195697 0.0347832 -0.009153 0.022396 0.0491048 0.0819022 0.0191654 0.0380613 0.0152558 0.00510574 -0.030001 0.0185353 0.00725332 0.018696 0.0254123 0.0299648 0.0490724 0.0401204 0.0360319 0.0254338 -0.0456289 0.0209144 -0.0385631 -0.0957156 -0.000755239 0.0434166 0.0180595 0.0213714 0.0516837 -0.0460541 0.0488502 0.000691846 -0.048636 -0.00905714 -0.0666529 0.0536288 0.020387 0.0211847 0.00383928 0.0343304 0.0567361 0.0546849 0.0528531
internal_weight=99614.7 52223.8 47390.8 50848.2 44518.7 43838.7 41935.5 3879.55 47311.4 22570.3 8991.38 4456.45 1394 38056 24741.1 18656.6 18374.9 14190.9 6329.53 4184 5493.86 3062.46 13578.9 711.802 345.259 4534.93 1903.21 4008.66 835.675 262.141 6084.51 2305.3 1845.17 3779.21 3219.19 1375.64 1874.69 5410.46 2223.92 83.402 12867.1 460.131 82.8342 560.015 3186.54 366.543 12780.7 1347.93 86.4663 526.275 179.307 281.727 88.686 193.041 1323.93 113.96 573.534 247.989 325.545 1209.97 1139.96 679.935
internal_count=251335 124008 127327 118442 111433 111009 108026 25267 126952 65621 39908 26986 7696 82759 61331 50989 49725 36142 7009 13583 5695 19290 25713 2228 1358 12922 2983 11893 1314 586 10342 4239 2928 6103 4853 5566 2801 5394 2719 301 23485 1311 300 1250 2675 870 23140 5029 345 1029 286 1264 341 923 2132 281 728 414 314 1851 1827 424
is_linear=0
shrinkage=0.05


Tree=36
num_leaves=63
num_cat=0
split_feature=2 28 0 5 0 0 28 10 27 5 0 21 28 27 30 27 5 5 1 25 24 25 27 8 12 1 24 16 1 5 27 25 25 10 27 16 3 27 1 8 22 0 28 19 28 19 27 22 16 16 22 30 12 7 0 1 0 1 0 30 7 1
split_gain=687.816 535.01 349.21 239.167 234.876 294.542 394.012 407.833 280.671 357.632 290.931 196.673 190.353 190.127 253.276 180.313 180.206 684.603 338.989 248.119 227.605 266.121 206.229 177.359 173.278 162.916 161.928 161.334 155.963 190.344 262.93 148.332 320.077 141.07 319.072 352.531 180.696 158.677 149.433 134.734 126.375 124.322 149.853 118.615 102.004 98.5559 91.2085 89.5635 103.445 68.4866 143.78 60.8925 145.226 49.4634 48.2846 75.1942 105.109 69.7299 57.7553 43.8144 42.7322 26.1775
threshold=4.5000000000000009 2.5000000000000004 5.6250000000000009 1.5000000000000002 3.5049999952316289 3.995000004768372 19.500000000000004 3.5025000572204594 4.4049999713897714 14.500000000000002 3.2949999570846562 79546656.000000015 14.500000000000002 4.4949998855590829 3.9357291460037236 4.3949999809265146 31.500000000000004 15.500000000000002 31.945000648498539 7.5000000000000009 0.21428569406270984 10.500000000000002 3.2350000143051152 3.6350001096725468 1.6131892800331118 197.48500061035159 5.6649985313415536 0.33274440467357641 55.003499984741218 1.0000000180025095e-35 4.8949999809265146 5.5000000000000009 11.500000000000002 2.6999999284744267 4.6949999332427987 0.91734972596168529 11.500000000000002 3.2949999570846562 9.004399776458742 3.6950000524520878 13.671097755432131 5.4100000858306894 4.5000000000000009 712.82186889648449 5.5000000000000009 10.937981605529787 4.7900002002716073 16.729670524597172 0.53353783488273632 0.88548949360847484 16.221150398254398 562.72290039062511 1.6296296715736391 3.0949999094009404 7.2500000000000009 24.005000114440922 6.0499999523162851 565.36499023437511 5.8500001430511483 373.62516784667974 4.4849998950958261 9.004399776458742
decision_type=2 2 2 2 2 2 2 2 2 2 2 2 2 2 2 2 2 2 2 2 2 2 2 2 2 2 2 2 2 2 2 2 2 2 2 2 2 2 2 2 2 2 2 2 2 2 2 2 2 2 2 2 2 2 2 2 2 2 2 2 2 2
left_child=1 2 16 13 8 6 7 -6 9 11 -11 -5 24 14 -3 -8 17 20 19 39 21 -1 -19 43 -10 -14 -22 -2 31 44 -31 46 -33 -29 35 36 38 -37 -35 -18 -24 42 -7 -16 -30 -25 -15 49 -49 50 -36 52 -20 -38 55 59 58 -58 -57 61 -50 -4
right_child=27 3 54 4 5 41 15 -9 12 10 -12 -13 25 28 23 -17 18 22 51 -21 26 -23 40 45 -26 -27 -28 33 29 30 -32 32 -34 34 47 37 53 -39 -40 -41 -42 -43 -44 -45 -46 -47 -48 48 60 -51 -52 -53 -54 -55 -56 56 57 -59 -60 -61 -62 -63
leaf_value=0.012443624051141328 -0.056212803753995289 -0.093655858676892828 0.053661432703576942 0.042858097511182885 0.013364988719649432 0.0095690212104313933 0.059935307923271841 -0.020222046136259737 0.024006671766723147 -0.057954371731514069 0.023552374725624325 -0.085164585644334406 -0.048976386812840056 0.0082379221062178105 0.026205409473217089 0.016105239000975193 -0.054893883518662173 0.033185307006826384 -0.067709547191866865 -0.058274695020277267 0.040407810514411176 -0.004776177558989919 -0.0015919596138575032 0.044318032153642828 -0.086015639532569022 0.01719912444560967 -0.0097871938403321281 0.057890639328312933 0.023624262003958466 0.018295565717269063 -0.036170384549441832 -0.038026105066858717 0.026201384277156445 -0.022753749216122457 0.042364062449569036 0.048691662576919204 0.044025889802683064 -0.076362358727673232 0.050706090675604304 0.096213415120728063 -0.063206211604754911 0.047208019394631554 0.024342638175077865 0.0024973432936899074 0.041903796946948235 -0.068470082007521416 0.023406713918032358 0.067357394098587695 0.049911446345450056 0.054763778831342869 -0.072317108032964525 0.064879989020622864 0.071820840360483224 -0.061234682819095235 0.065193177251498216 -0.02163162787332313 -0.11166933792025609 0.018688263841433728 0.050248841582478054 0.059759813908723508 -0.075970314078802836 0.026843724660036566
leaf_weight=46028.189615552314 42.374608331592754 64.697921991348267 124.68001766502857 4117.9080607388169 2398.6043855561875 2132.6967167868279 443.52481882832944 1448.9194392939098 9465.1879386105575 161.19517114874907 335.84041013172828 29.302307399921119 168.87484356062487 2280.1687495186925 695.22347246296704 500.03334181173705 19.415698981843889 81.861398048698902 30.12712869932875 132.96254765149206 1087.0414752783254 2357.7326043350622 102.81240103207529 22.486701503396034 34.949245620053262 204.57472014799714 187.92388297896832 887.24475804949179 1788.4045274816453 2278.313012721017 244.4557520840317 427.41427531093359 353.47155428864062 83.006535584107041 150.17368049127981 29.966216783970594 12.620411199517546 144.15295753441751 398.99970580963418 53.636156449094415 440.72335131512955 490.60979565046728 8858.1296365146991 2181.6220835521817 1341.6659675091505 114.67798508517444 1756.2162326462567 27.814663651399314 7.4338808059692374 1213.9518415955827 32.391188167501241 447.7922084229067 45.549026254564524 65.058699975255877 169.51697900891304 39.491960227489471 25.665897771716118 16.166329964995384 90.235700309276581 254.15883794426918 36.582498188130558 357.54467657208443
leaf_count=135200 3262 291 68 6776 5957 3703 830 5309 14941 2379 2809 163 2041 4062 913 3318 214 96 294 3362 2367 8573 613 27 358 298 682 320 2719 3262 650 1143 555 497 362 22 12 1116 694 55 4351 325 13243 4946 1317 453 2488 13 1 564 443 227 14 1516 24 104 111 17 70 99 303 393
internal_value=0.0166396 0.0158903 0.0124537 0.0199274 0.022364 0.0182359 0.00781859 0.000713351 0.0269892 0.0371296 -0.00293458 0.041932 0.0222156 0.0143885 0.00346234 0.0367547 0.011858 0.0114994 0.0365205 -0.0177311 0.0121545 0.0116044 -0.0404458 0.00557908 0.0235924 -0.0127631 0.0330035 0.0396992 0.0176002 0.0232345 0.0130036 0.0109841 -0.00895051 0.0410341 0.0342172 0.00727282 0.0266112 -0.0546566 0.0380243 0.0557857 -0.0515851 0.0225814 0.0214775 0.00823553 0.031472 -0.0497565 0.0148432 0.0476651 -0.00663627 0.0504645 0.0217066 0.0578743 0.0160491 -0.0437274 0.0406137 0.0359524 0.0060653 -0.0619149 0.0283305 0.042891 -0.0539627 0.0338845
internal_weight=99564.2 96432.4 52093.2 44339.2 30790.4 16272.5 4791.08 3847.52 14517.8 4644.25 497.036 4147.21 9873.59 13548.8 3078.71 943.558 51015.8 50286.3 729.483 206.014 49660.9 48385.9 625.397 3014.01 9500.14 373.45 1274.97 3131.77 10470.1 5652.84 2522.77 4817.27 780.886 3089.4 2202.15 733.805 559.685 174.119 482.006 73.0519 543.536 11481.4 10990.8 2876.85 3130.07 137.165 4036.38 1468.35 71.831 1396.52 182.565 523.468 75.6762 77.6791 1077.46 907.943 171.56 41.8322 129.728 736.384 44.0164 482.225
internal_count=251335 242210 156934 85276 62450 32685 15414 11266 29765 12127 5188 6939 17638 22826 6630 4148 156048 151882 4166 3631 146822 143773 5060 6339 15299 2339 3049 9125 16196 7948 3912 8248 1698 5863 5543 3857 2719 1138 1191 269 4964 17271 16946 5859 4036 480 6550 1686 317 1369 805 535 308 1528 886 862 302 128 174 560 304 461
is_linear=0
shrinkage=0.05


Tree=37
num_leaves=61
num_cat=0
split_feature=5 3 19 1 0 30 0 1 1 23 6 19 1 7 18 18 0 30 19 23 24 0 5 18 0 19 20 30 0 0 1 0 19 0 23 13 13 19 0 30 30 23 30 13 12 10 0 22 10 19 24 18 30 0 18 10 3 12 0 10
split_gain=584.945 442.365 288.302 276.195 275.358 260.873 236.966 228.893 510.76 212.838 197.904 187.773 166.722 165.372 159.709 360.31 265.41 207.963 155.415 146.335 166.436 133.147 140.138 132.267 169.152 123.098 122.356 138.339 127.008 122.105 107.421 106.309 110.918 98.6649 94.457 63.7557 53.2789 49.7113 63.8396 91.1247 84.8207 47.8955 35.6606 28.8354 24.983 93.5691 24.4378 23.7037 70.3801 20.0137 40.8033 19.7383 33.8266 37.9086 7.92429 7.43825 3.15229 2.64288 0.472997 0.161285
threshold=1.5000000000000002 25.500000000000004 0.099831249564886107 177.30500030517581 5.4100000858306894 0.5682947337627412 4.5099999904632577 3.0004999637603764 11.406000137329103 0.18208836764097217 1.5000000000000002 0.52695000171661388 553.36999511718761 4.6649999618530282 115.02339553833009 89.977676391601577 4.1050000190734872 77.502361297607436 1.7116528153419497 0.82422167062759411 -5.5296661853790274 4.3949999809265146 2.5000000000000004 10.555763721466066 5.3150000572204599 224.63208007812503 0.45715212821960455 237.40728759765628 4.3949999809265146 4.4949998855590829 25.005000114440922 5.7349998950958261 14.189397335052492 2.7949999570846562 5976972857442305 -0.020000004209578034 -0.0081681041046977026 81.748611450195327 4.2850000858306894 5.2118630409240732 3.9357291460037236 11328260784783362 509.60174560546881 -0.0071428488008677951 1.5737704634666445 2.682500004768372 5.8500001430511483 16.43197059631348 3.0500000715255742 99.47513580322267 -1.5999999642372129 0.4478562474250794 1.3630555868148806 5.2049999237060556 0.23848652839660647 3.6750000715255742 36.500000000000007 1.2858411073684695 6.0499999523162851 2.6612756252288823
decision_type=2 2 2 2 2 2 2 2 2 2 2 2 2 2 2 2 2 2 2 2 2 2 2 2 2 2 2 2 2 2 2 2 2 2 2 2 2 2 2 2 2 2 2 2 2 2 2 2 2 2 2 2 2 2 2 2 2 2 2 2
left_child=2 3 -1 4 5 9 12 10 -9 33 -7 -11 14 36 15 16 -4 -17 51 26 -21 34 -23 24 -20 29 27 35 -29 -16 -27 32 -25 -2 -22 -5 41 -14 40 -40 -39 -3 -33 -38 45 -45 47 48 -6 57 -51 54 53 -53 -8 58 -15 -28 -48 -46
right_child=1 13 6 19 46 7 18 8 -10 11 -12 -13 37 56 25 17 -18 -19 23 20 21 22 -24 31 -26 30 49 28 -30 -31 -32 42 -34 -35 -36 -37 43 38 39 -41 -42 -43 -44 44 59 -47 55 -49 -50 50 -52 52 -54 -55 -56 -57 -58 -59 -60 -61
leaf_value=-0.08358372774261566 0.045826323533067627 -0.068306759859951424 0.012306641200978699 -0.028860361261567397 0.046875251535689694 0.033155563953497065 0.051418315942195147 0.0050964520068401643 0.018406676524792238 0.02725225099021289 -0.077611425901049205 0.061900748967161134 0.068627423373928353 -0.10016414190072782 0.017986863736485195 0.010846106246581087 -0.025496523322181747 -0.083668658088756079 -0.096156437946054968 -0.11135255768142321 0.018293917764244608 -0.11807674027129177 -0.0034083483988350755 0.076808282336302797 0.045209969602181398 0.0068613242616176783 0.064447404829006585 0.05769483916335183 -0.015420498230824265 0.061860688575328018 0.012619112155332006 0.031003498256633399 0.016323747385922623 -0.095787000444664872 0.090137219980947578 0.025697141029742882 0.10427560477227003 -0.074854610782810249 0.071824781194602755 0.023575866315753247 0.018462198912091509 0.052963628685996071 0.058378559095994736 0.059357221701229174 0.062360314770817271 -0.0049757620467479717 0.067651373744742796 0.059359416209205686 -0.019646086135587489 0.054903224946383181 0.026195266987040434 -0.015627124526184422 0.073892543974072342 0.055561306202649798 0.073877415061408228 0.046731572958449291 -0.053519093454664435 0.053159329687952388 0.058168651154548827 0.056690867068904242
leaf_weight=78.055958401411772 16.265200690366328 16.290589964482933 2172.2173449536785 53.449320968240499 136.93884928524494 2324.4180560659152 88.728832796216011 9472.3155395376962 30171.806676242268 1231.0704394935165 40.092603310011327 575.13610448804684 87.171760842204094 9.6396687068045157 572.51045801490545 82.512219084426761 589.42391415685415 194.1288085822016 54.714522294700146 26.304142024368048 681.22516465187073 32.308812916278839 133.99464191496372 75.643898114562035 33.29868945479393 13686.767488706857 167.46341177821159 570.84005171433091 65.747774720191956 219.40202052891254 19881.935199638829 592.89797833561897 8050.2211268916726 43.396732113789767 48.210633412003517 3767.4071325305849 29.164445928065106 26.233965530991554 148.74400007724762 288.72813858091831 228.93379205465317 14.391306877136232 151.34362070262432 185.01916261808947 171.59781749546528 80.780780744040385 123.81521362066269 88.560652017593384 55.084750782698393 298.71557855978608 217.94359403289855 40.835761323571205 39.069529786705971 32.883448749780655 105.01937764883041 125.39492567628622 15.293997048400341 165.48671353235841 131.0169992223382 620.83924140175804
leaf_count=375 13 250 6471 134 94 5543 69 37179 67371 2265 421 559 40 112 1063 153 1553 956 228 120 979 138 226 45 28 51248 35 494 141 139 47077 566 16099 275 17 4317 44 124 144 357 321 2 75 42 20 1931 40 29 122 121 219 100 27 20 49 75 331 71 65 213
internal_value=0.0158304 0.0195001 0.0118215 0.0188065 0.0174261 0.0169426 0.0119803 0.0161291 0.0152268 0.0352374 0.0312433 0.038316 0.0102388 0.0502548 0.00976091 -0.00122533 0.0042301 -0.0555227 0.0191545 0.0286704 0.0102626 0.0139597 -0.0262882 0.0179513 -0.042709 0.0107325 0.0318651 0.0285355 0.0501232 0.0302112 0.0102719 0.0185585 0.0168968 -0.0569786 0.023166 0.0249253 0.0531149 0.033111 0.0285413 0.0401187 0.00859396 -0.0113909 0.0366479 0.0549484 0.0534871 0.0398413 0.0494478 0.0379295 0.0277638 0.0492741 0.0428769 0.0541262 0.0368198 0.0163791 0.0639346 0.0578128 -0.0749124 0.0590278 0.063042 0.0580019
internal_weight=99428.8 51907.4 47521.4 50764.4 44535.3 43874.5 47443.4 42008.6 39644.1 1865.87 2364.51 1806.21 38178.7 1143.02 37398.9 3038.28 2761.64 276.641 9264.66 6229.1 922.043 895.739 166.303 8958.12 88.0132 34360.6 5307.05 4457.44 636.588 791.912 33568.7 8870.11 8125.87 59.6619 729.436 3820.86 1118.08 779.812 692.64 437.472 255.168 30.6819 744.242 1087.4 1058.24 265.8 660.811 280.584 192.024 849.609 516.659 306.537 112.789 73.7192 193.748 380.227 24.9337 332.95 254.832 792.437
internal_count=251335 124008 127327 121063 114051 113626 126952 110514 104550 3112 5964 2824 109646 2945 108660 9133 8024 1109 17306 7012 1480 1360 364 17041 256 99527 5532 5086 635 1202 98325 16785 16144 288 996 4451 2502 986 946 501 445 252 641 2250 2206 1973 425 245 216 446 340 265 147 120 118 180 443 106 105 233
is_linear=0
shrinkage=0.05


Tree=38
num_leaves=59
num_cat=0
split_feature=2 27 5 29 29 20 23 0 30 30 0 18 18 18 24 7 5 18 29 29 0 30 16 23 16 27 20 23 3 7 16 29 13 13 23 0 18 30 0 6 20 15 22 7 3 24 12 29 0 30 0 29 18 7 16 24 29 15
split_gain=643.296 410.042 299.875 311.255 262.948 236.743 226.049 215.364 188.062 181.258 175.211 187.902 364.793 206.307 161.64 161.586 153.056 246.27 203.574 200.564 290.073 175.241 148.843 121.748 116.786 116.523 350.583 555.682 207.788 109.078 64.8078 142.584 132.757 63.6213 63.344 37.7152 34.1577 30.4265 42.6633 79.5578 30.3146 74.5106 22.9481 21.1039 103.085 17.9458 38.0582 17.9115 67.8379 17.4183 17.191 9.79927 7.49297 5.73555 4.71047 2.61825 0.78749 0.0469469
threshold=4.5000000000000009 4.1949999332427987 31.500000000000004 1.300000071525574 1.289999842643738 0.97245931625366222 28138154229760.004 5.4100000858306894 0.43481111526489263 488.60861206054693 5.6250000000000009 15.057824134826662 25.147827148437504 13.465138435363771 0.034285612404346473 3.4050000905990605 1.5000000000000002 0.10867638885974885 0.50000011920928966 0.10000026226043703 5.1099998950958261 523.95153808593761 0.33274440467357641 22637611902304260 0.24755658954381946 4.6949999332427987 1.3732632994651797 68.681610107421889 11.500000000000002 2.8950001001358037 0.88548949360847484 1.7000001668930056 0.021428569220006469 0.14999996125698092 0.056424496695399291 7.2500000000000009 7.0479683876037607 187.56076812744143 6.2500000000000009 2.5000000000000004 1.2172350883483889 11.500000000000002 15.718456268310549 4.6649999618530282 11.500000000000002 0.050952913239598281 1.3703704476356509 0.070000052452087416 5.5050001144409189 859.49645996093761 2.6149998903274541 1.8949999809265139 545.63656616210949 2.8950001001358037 0.96638417243957531 -0.51422306895256031 1.9999998807907107 6.5000000000000009
decision_type=2 2 2 2 2 2 2 2 2 2 2 2 2 2 2 2 2 2 2 2 2 2 2 2 2 2 2 2 2 2 2 2 2 2 2 2 2 2 2 2 2 2 2 2 2 2 2 2 2 2 2 2 2 2 2 2 2 2
left_child=1 2 3 10 -4 7 8 16 -5 -6 11 13 -13 -1 55 -10 17 29 -19 20 -18 -21 -2 25 -16 26 27 28 -24 -3 31 42 -33 34 -26 49 57 38 39 -9 50 -42 -27 54 -45 53 -47 48 -39 -12 -11 -29 -49 -28 -32 56 -7 -25
right_child=22 5 4 6 9 14 -8 37 15 40 35 12 -14 -15 24 -17 19 18 -20 21 -22 -23 23 36 33 30 45 51 -30 -31 43 32 -34 -35 -36 -37 -38 47 -40 -41 41 -43 -44 44 -46 46 -48 52 -50 -51 -52 -53 -54 -55 -56 -57 -58 -59
leaf_value=0.019296509439867503 -0.055916933086476821 0.045150856197807593 -0.057767409929121896 0.085534402211685651 -0.058518517800291318 -0.058483653320538023 -0.070862032929680949 0.0090398482173216638 -0.0010063724176710578 0.084930075390662885 0.026769095215163061 -0.03961032521219908 0.0096017647048649152 0.074078326325159635 -0.06851084738724468 -0.047399725805802526 -0.10087797331491191 0.019012437408568918 0.010319168710777073 0.019280735433915546 0.067094619362503299 -0.00050651617444675797 0.040934629070564305 -0.076953179011985257 0.041697819892609678 0.085808453701554155 0.067308974075925593 -0.064006601683279429 -0.059527036400657096 -0.083327082699283642 0.065603717150537852 -0.077338409466238156 0.038594476576228928 0.068091457247502402 -0.038009761094552723 0.064523715158044101 0.027551256336542082 0.068404386621629579 0.050770019806107215 0.057713000726432019 -0.060658935621720159 0.068184740413374856 0.039549599279753829 0.054792294079247739 -0.021488913464073223 -0.0032295247119160696 0.056752119553903052 0.056675891815718096 -0.0080817561673275553 0.050520447199786878 0.06100350803138236 -0.091818048651378117 0.039812255354839815 0.054638955137763671 0.055667607825893028 -0.063621529067700633 -0.092117753035643901 -0.048638631959242298
leaf_weight=2111.1074028993025 40.839143430348486 19.397852066904306 55.69931273185648 59.403685934841633 31.877855230588466 11.090950183570383 121.93780476227403 317.04872474819422 3682.7590812901035 110.36407193774357 408.42086897790432 382.17923631612211 21806.044348227791 186.40242786426097 44.167754428461194 196.78527061035857 78.746900618076324 11359.772487010807 16562.457081688568 35865.982848834246 37.058495193719864 1154.4093272113241 453.43205318367109 21.974994204938415 46.139972283504903 52.939828508533537 153.12424400448799 92.690868752077222 57.117842688690871 91.245973907411098 197.06898991204798 49.272604177240282 47.593996798619628 50.704986569471657 51.890617230674252 105.21117064356804 11.543562635779379 55.757921770215034 185.70092781633139 113.61116055771708 16.118753020185977 31.743875620653853 61.049208026379347 275.43107491359115 52.077630685642362 40.446639800444245 74.025085292756557 296.66284338757396 58.661203801631927 97.653899103403091 342.03321505244821 69.28820825740695 103.51457297801971 435.29030038742349 800.1735857129097 81.96432346617803 29.528304039034992 9.1189859136939031
leaf_count=7383 3262 19 1223 80 792 138 710 462 12040 68 480 2061 80824 333 888 1074 327 20062 34149 71957 22 2978 1064 102 61 13 14 866 1493 423 76 645 86 43 422 15 14 31 81 38 397 128 109 146 191 120 18 131 119 55 231 344 83 212 181 1635 247 169
internal_value=0.0150516 0.014342 0.00946006 0.0087461 0.0447905 0.0165217 -0.00409471 0.0167274 -0.00200906 0.0556229 0.0108241 0.0101627 0.00875214 0.0237736 -0.0266241 -0.00337252 0.0163514 0.0135606 0.0138566 0.0184575 -0.0469686 0.0186636 0.0378729 0.0391899 0.00194149 0.0404229 0.0298044 0.00397439 0.0295913 -0.0605551 0.0499049 0.0239549 -0.0205131 0.0232139 -0.000401145 0.0372489 -0.0438746 0.0383584 0.0307413 0.0219957 0.0630085 0.0243382 0.0616364 0.0540103 0.042619 0.054471 0.0356709 0.0473948 0.0294173 0.0314527 0.067026 -0.0764243 0.0524363 0.0580532 0.0576999 -0.0712687 -0.0846801 -0.0705794
internal_weight=99355.8 96361.3 29745.7 29157.9 587.837 66615.5 4060.89 66300 3938.95 532.138 25097 24485.7 22188.2 2297.51 315.487 3879.54 65169.1 28032.9 27922.2 37136.2 115.805 37020.4 2994.5 2953.66 192.903 2911.02 1375.42 672.529 510.55 110.644 1535.61 210.856 96.8666 148.736 98.0306 611.286 42.6375 1130.96 616.361 430.66 500.26 47.8626 113.989 1324.75 327.509 702.886 114.472 514.597 114.419 506.075 452.397 161.979 400.177 588.415 997.243 122.584 40.6193 31.094
internal_count=251335 242210 107894 105055 2839 134316 13904 130882 13194 1616 91151 90601 82885 7716 3434 13114 129937 54653 54211 75284 349 74935 9125 5863 1414 5578 4131 3767 2557 442 1447 853 731 526 483 550 285 945 581 500 824 525 122 594 337 364 138 364 150 535 299 1210 214 226 257 2020 385 271
is_linear=0
shrinkage=0.05


Tree=39
num_leaves=62
num_cat=0
split_feature=2 27 27 5 26 27 22 18 27 18 16 27 16 1 5 25 25 1 27 26 1 26 5 1 27 1 26 27 22 1 26 1 1 19 27 26 26 1 24 22 14 26 25 26 25 22 17 19 21 5 12 13 25 21 12 24 12 13 1 1 27
split_gain=620.327 392.592 293.77 268.984 250.487 519.914 366.052 236.958 344.317 268.106 234.991 207.038 180.146 175.922 509.255 267.399 244.142 223.691 219.153 368 206.069 179.53 342.095 328.258 220.992 212.374 170.267 187.501 148.42 145.288 162.162 276.344 207.356 142.547 123.184 354.21 114.486 99.4249 97.5052 81.1762 80.6965 74.5818 219.005 68.3245 67.7763 65.1541 37.4493 34.0223 31.8178 56.9929 30.6434 29.9418 27.8522 27.1978 32.1547 21.1032 81.0144 18.2204 14.1315 3.77558 0.123296
threshold=7.5000000000000009 4.1949999332427987 4.1150000095367441 31.500000000000004 48.500000000000007 4.055000066757203 14.60707998275757 472.45182800292974 3.7050000429153447 401.78318786621099 0.692928045988083 3.8067375421524052 0.65111273527145397 160.0299987792969 25.500000000000004 12.500000000000002 10.500000000000002 16.003999710083011 4.6949999332427987 86.500000000000014 16.605000495910648 117.50000000000001 18.500000000000004 12.998000144958498 4.3949999809265146 93.645000457763686 39.500000000000007 4.6949999332427987 15.057095527648928 532.47000122070324 11.500000000000002 168.54000091552737 242.97000122070315 357.31340026855474 4.6949999332427987 12.500000000000002 43.500000000000007 171.38999938964847 -0.69999995827674855 15.141469001770021 1.0000000180025095e-35 91.500000000000014 20.500000000000004 70.500000000000014 19.500000000000004 16.049509048461918 5.8499999046325692 391.08496093750006 294599328.00000006 12.500000000000002 1.6296296715736391 -0.050000060349702828 24.500000000000004 1516997312.0000002 1.7196491956710818 0.050952913239598281 1.4064964056015017 -0.0085714240558445436 33.004999160766609 18.875000000000004 4.3949999809265146
decision_type=2 2 2 2 2 2 2 2 2 2 2 2 2 2 2 2 2 2 2 2 2 2 2 2 2 2 2 2 2 2 2 2 2 2 2 2 2 2 2 2 2 2 2 2 2 2 2 2 2 2 2 2 2 2 2 2 2 2 2 2 2
left_child=1 2 3 4 7 10 -7 9 -9 -1 -6 46 50 14 21 59 29 45 41 33 -19 22 25 39 -25 -3 27 38 43 30 31 -15 -32 -20 35 -31 -24 -21 -14 -23 44 42 -18 -13 -29 -17 -5 -36 51 -50 -2 -28 -43 54 -42 57 -57 -53 -52 -16 -40
right_child=12 13 -4 11 5 6 -8 8 -10 -11 -12 28 26 16 15 17 18 20 19 37 -22 23 36 24 -26 -27 48 40 -30 34 32 -33 -34 -35 47 -37 -38 -39 60 -41 53 52 -44 -45 -46 -47 -48 -49 49 -51 58 55 -54 -55 -56 56 -58 -59 -60 -61 -62
leaf_value=0.012803764118965201 -0.059894668185497213 0.016950295845954377 -0.069659861816388349 -0.058029906356758157 -0.050891818873812257 0.050584671908837399 -0.048198459981755495 0.0098071678468725273 -0.0073049273739075847 0.041096483276321705 0.021827711733573452 0.063949975688042546 0.049083231393577564 0.045188959513457999 -0.060222430742671765 -0.054052969481590246 0.040474789348181585 0.10713632296062703 0.0441117783330114 0.041630201586759813 0.0023001661716674422 -0.06533796701105464 -0.058008961966965068 -0.053975727360991738 0.047733248134648701 0.0087068451779598582 0.090221362168749666 -0.084379045852550238 -0.0599002389181999 0.026924494853265309 0.011679644831564258 0.0018333597497356185 0.04075237081911795 -0.038921615623117398 0.041437762664849706 -0.055712720107352377 -0.0083462310731756174 -0.098401627339546396 -0.066494934624033331 0.0071781575546530267 0.0064264569338376614 0.056345110024358616 -0.037991194106914816 -0.01233825827404887 0.027798406476388895 -0.0021435999076496984 0.051260295360828878 0.021982400777210535 0.050582916592210585 -0.060107256511070732 -0.045713402028396952 0.028975725967545603 0.036406004457717328 0.073696879112794905 0.062026327348207677 0.049096285891933128 -0.046722985046694886 0.056553037047094037 0.054576967815120003 -0.077529422651597096 -0.08606628328533826
leaf_weight=11159.711546938866 47.419755519367754 43466.007150857709 117.19412748515606 54.011367365252227 648.02192589594051 383.41616159165278 123.12129277084023 12078.422512434423 3883.955046441406 904.79218764230609 133.33817379269749 467.68457717821002 19.309612484648824 414.04049052298069 85.426375405862927 232.45551135763526 873.12047182768583 50.968043969944119 277.56530598923564 14.141698267310856 479.86676618107595 88.838370230980217 137.71240284573287 55.271314527373761 1103.2724417601712 9532.8649349845946 56.375834817066789 21.465289721265435 26.782358093187213 884.5219329893589 1547.611786082387 3214.7374366931617 1017.0005493015051 62.581578116863966 1134.3430593460798 150.9337922334671 715.8187919408083 88.471566487103701 41.950402842834592 67.138598179444671 52.628742845728993 806.13516046106815 98.144873224198818 30.87927506910637 32.671007236465812 81.959420802537352 8.2985156811773759 286.52262155711651 33.067692764103413 16.662738136015832 4.2832754808478031 67.507426974363625 236.00161957368255 80.13345068693161 51.345366008579731 167.93869136320427 24.513059411197901 1130.6435817864258 9.7166013717651367 120.27982711559162 28.386019928380847
leaf_count=33501 2385 79357 859 1076 5369 1254 974 48442 12909 2098 508 304 26 495 875 7627 806 30 241 10 3814 1724 710 1041 2693 18893 24 109 888 1026 2643 6192 935 194 799 396 2711 373 348 711 104 251 249 899 44 1093 2 331 14 206 267 202 166 18 10 280 126 793 1 745 164
internal_value=0.0143184 0.0137678 0.00901167 0.00932248 0.00864995 -0.0129021 0.0265165 0.00964092 0.00564295 0.0149293 -0.0384639 0.042791 0.0427152 0.0158883 0.0147514 -0.0197115 0.0216409 -0.00722961 0.0355549 0.00368334 0.0125579 0.0154084 0.014962 0.0336654 0.0428343 0.0154678 0.0455555 0.0128549 0.0530162 0.0176856 0.0135992 0.00679266 0.0232218 0.028751 0.0279773 0.0148319 -0.0164234 -0.0788393 -0.048411 -0.0342454 0.0360348 0.0425559 0.0325099 0.0591997 -0.0173134 -0.0405872 -0.0428157 0.0375363 0.0527027 0.0129426 -0.0409602 0.0540558 0.0518737 0.0517576 0.0342602 0.0525223 0.0366873 0.0550289 0.0225577 -0.0706924 -0.0755593
internal_weight=99229.4 97343.4 30019.6 29902.4 29314.8 1287.9 506.537 28026.9 15962.4 12064.5 781.36 587.656 1886.02 67323.8 56217.9 1050.96 11105.9 845.25 2456.16 442.76 530.835 55166.9 53852.4 1314.52 1158.54 52998.9 1824.6 327.89 525.346 8649.71 6193.39 3628.78 2564.61 340.147 2456.32 1035.46 853.531 102.613 89.646 155.977 238.244 2013.4 971.265 498.564 54.1363 314.415 62.3099 1420.87 1496.71 49.7304 61.4196 1446.98 1042.14 184.108 103.974 1390.6 192.452 1198.15 13.9999 205.706 70.3364
internal_count=251335 246214 109083 108224 105055 8105 2228 96950 61351 35599 5877 3169 5121 137131 122024 14184 15107 12564 2290 818 3844 107840 101671 6169 3734 98250 2468 823 2091 12817 10265 6687 3578 435 2552 1422 3421 383 538 2435 285 1472 1055 1203 153 8720 1078 1130 1645 220 2653 1425 417 132 114 1401 406 995 268 1620 512
is_linear=0
shrinkage=0.05


Tree=40
num_leaves=61
num_cat=0
split_feature=2 28 5 26 26 26 18 5 5 16 0 0 23 28 22 12 26 22 5 20 23 5 0 0 20 26 16 18 0 26 25 26 21 20 26 17 26 25 28 16 3 30 20 4 0 30 23 19 16 22 23 16 26 30 16 20 26 4 16 20
split_gain=652.712 572.697 269.934 319.209 419.61 379.264 261.684 345.262 259.41 270.602 241.286 230.915 229.23 228.885 207.79 197.274 196.111 180.152 176.507 236.319 169.168 164.911 163.123 278.841 225.526 160.085 135.303 131.244 107.61 101.674 95.8393 197.577 113.051 145.288 76.7318 73.8154 70.8885 66.5798 129.197 72.5427 57.3337 50.6429 51.3141 49.2514 79.0667 115.029 105.947 52.8233 45.1807 34.9249 103.502 17.5674 17.2612 54.7343 16.5123 75.1171 12.8621 9.40913 5.92556 2.30752
threshold=4.5000000000000009 1.5000000000000002 31.500000000000004 36.500000000000007 66.500000000000014 20.500000000000004 119.78334045410158 5.5000000000000009 4.5000000000000009 0.49683544039726263 5.1099998950958261 4.7049999237060556 0.019596382975578312 20.500000000000004 13.900125980377199 1.5925926566123965 9.5000000000000018 13.382707595825197 21.500000000000004 0.32735770940780645 0.12107087299227716 12.500000000000002 3.4050000905990605 3.8950001001358037 1.0645561218261721 118.50000000000001 0.33274440467357641 55.239953994750984 6.7500000000000009 9.5000000000000018 49.500000000000007 75.500000000000014 2.5565330982208256 1.2463198304176333 74.500000000000014 1.7888888716697695 253.50000000000003 14.500000000000002 25.500000000000004 0.15631429851055148 34.500000000000007 56.476274490356452 2.068069696426392 3.5000000000000004 5.7349998950958261 368.11715698242193 0.14040043205022815 450.39926147460943 0.53353783488273632 14.76335668563843 0.15790703892707827 0.14299345761537555 5.5000000000000009 297.83819580078131 0.90098038315773021 1.569739878177643 2.5000000000000004 43.500000000000007 0.26672556996345526 0.88890710473060619
decision_type=2 2 2 2 2 2 2 2 2 2 2 2 2 2 2 2 2 2 2 2 2 2 2 2 2 2 2 2 2 2 2 2 2 2 2 2 2 2 2 2 2 2 2 2 2 2 2 2 2 2 2 2 2 2 2 2 2 2 2 2
left_child=1 2 3 5 8 11 12 -8 17 -10 13 21 -7 15 27 22 -2 -5 37 48 -4 -1 24 -24 -3 -21 -18 -6 -13 -17 31 32 33 -28 49 -34 -16 38 -15 -39 -36 54 -43 44 45 46 -12 -47 -20 50 -22 -51 56 -54 55 -32 -46 -56 -45 -31
right_child=16 10 20 4 14 6 7 -9 9 -11 43 28 -14 18 36 29 26 -19 19 25 34 -23 23 -25 -26 -27 30 -29 -30 59 41 -33 35 -35 40 -37 -38 39 -40 -41 -42 42 -44 58 52 47 -48 -49 -50 51 -52 -53 53 -55 57 -57 -58 -59 -60 -61
leaf_value=0.005655422027736918 -0.074309246456672085 0.018936190163007752 -0.05759733189424629 0.0061854929688736964 -0.026632597525351156 -0.079475709575251657 0.014552634996914324 -0.06299862860853632 -0.057821830635362038 0.006299920143491628 0.037121475106474885 0.016685415314966669 0.033913286507808164 0.00096709950410537389 -0.030697908500372652 0.063238454402414268 -0.055250767505606563 -0.042408534083668369 -0.069522174315571658 0.054697780926585837 0.059854159502258523 -0.066286750524822982 0.0045949964870529237 0.015577956078456282 -0.055159037196564523 -0.056440283965188999 -0.077736483284023702 0.052416820498872807 0.055144406716077815 -0.090578021842006001 -0.053797252831602894 -0.064023992684971151 0.02354534810817531 0.038092973452657164 -0.054735354602414132 0.046553264745722252 0.075280339434929899 0.015994179850842866 0.043531740965988053 0.050419424354087833 0.063982836378620261 -0.0572282232153297 0.06453099992023402 0.068097467924279773 0.035924001487927848 0.0099432387674753941 -0.0062542751475916456 -0.1031765384980341 0.033966568939291418 0.087552279369250863 -0.0605588830735782 0.054453046423079167 0.0012444099131328626 0.062570539403047312 0.064784489225926431 0.05884327424099 0.05684121569756434 0.052675921323631796 0.049496229777781377 -0.05889184777430715
leaf_weight=27375.838931392878 37.937502754852176 21309.673772814684 39.93024681461975 864.91944707930088 59.239683022722602 44.367760397493839 2483.0188127160072 151.32019082456827 632.47889614384621 221.83477725088596 560.33044235408306 3572.0256448164582 2735.4735904010013 309.84764435142279 161.42482007970102 13.159864425659178 36.87305332464166 243.58645324036479 105.18115123081952 149.03340894915164 55.375912697985768 78.884377332404256 7625.1729161490221 23900.949631385272 102.22321116761304 40.410445211920887 47.897331701591611 421.97290687263012 191.04105278849602 54.739237729925662 18.737488290760666 50.121390755753964 520.05378167238086 59.674464762210846 29.648226037155837 1086.1408992186189 16.500227969139814 183.95276254415512 419.76711578667164 960.30207763239741 14.23372268816456 20.210275564808398 13.612494383007286 92.664411837235093 108.05767384171486 16.796784967184067 187.30728939175606 24.816631570458412 11.045819526538251 47.765467245131731 25.149865436367691 418.25105798617005 75.337805733084679 69.751229703426361 257.08386825677007 59.015422895550728 309.72154052555561 661.51381953060627 126.70724999299273 16.851124704349786
leaf_count=96747 256 41589 867 2358 641 220 5320 608 3479 661 534 6984 5239 539 2075 1 3253 964 1631 290 60 496 20560 37964 1825 1676 355 1588 58 381 820 793 1082 68 1313 1294 28 989 276 2391 14 779 2 29 75 24 352 102 34 21 260 384 110 15 56 8 126 313 78 314
internal_value=0.0137643 0.0130664 0.00847395 0.0079519 -0.00889782 0.00915828 0.0213742 0.0100739 -0.0204889 -0.041178 0.0162923 0.00703886 0.0320738 0.0157416 0.0255899 0.0150881 0.0372653 -0.0045168 0.031623 -0.00358206 0.0409111 0.00544613 0.0152107 0.0129219 0.0185797 0.0307927 0.038788 0.04264 0.0186533 -0.0606947 0.0400502 0.0329287 0.0358028 -0.0136761 0.0476678 0.0391262 -0.0204761 0.0373673 0.0254886 0.0449083 -0.0155484 0.0521951 -0.00763488 0.0356115 0.0319924 0.0217247 0.0262539 -0.0582378 -0.0594384 0.0527717 0.0219038 0.0580365 0.0463167 0.0309875 0.0542367 0.0312964 0.0515417 0.0561369 0.0576496 -0.0841026
internal_weight=99527 96658.1 39884.3 39253.9 2621.96 36632 5414.18 2634.34 1962.82 854.314 56773.8 31217.8 2779.84 55202.3 659.138 53022.8 2868.87 1108.51 2179.54 305.671 630.354 27454.7 52938 31526.1 21411.9 189.444 2830.93 481.213 3763.07 84.7502 2794.06 1763.89 1713.77 107.572 590.424 1606.19 177.925 1873.87 729.615 1144.25 43.8819 1030.17 33.8228 1571.49 1352.12 789.251 747.638 41.6134 116.227 546.542 80.5258 466.017 562.868 145.089 996.351 77.7529 417.779 918.598 219.372 71.5904
internal_count=251369 242290 130385 127466 11794 115672 11387 5928 7462 4140 111905 104285 5459 110460 4332 102634 9079 3322 7826 3631 2919 97243 101938 58524 43414 1966 8823 2229 7042 696 5570 3592 2799 423 2052 2376 2103 4195 815 3380 1327 1978 781 1445 1338 1012 886 126 1665 725 320 405 326 125 1197 828 201 369 107 695
is_linear=0
shrinkage=0.05


Tree=41
num_leaves=63
num_cat=0
split_feature=2 28 0 27 26 27 27 26 5 5 27 5 9 29 27 0 29 12 26 29 1 28 26 4 6 26 29 27 30 27 29 26 5 5 1 1 1 29 29 5 0 14 20 27 12 8 29 28 0 30 28 0 29 20 1 1 1 0 12 27 30 0
split_gain=619.147 524.27 307.389 211.203 233.542 525.231 512.922 447.488 268.147 226.086 203.25 380.305 296.018 276.181 196.345 376.208 389.041 309.075 221.451 216.888 197.511 185.655 182.028 180.437 178.441 175.908 697.615 960.387 328.952 240.998 213.411 190.321 144.039 142.25 124.244 122.961 118.846 96.9499 363.886 115.087 93.1041 88.5599 132.245 253.835 132.287 110.548 74.3377 65.8522 43.5983 46.0803 65.4769 20.4831 17.1295 165.318 16.9914 16.3082 16.1044 28.2704 12.9955 11.792 9.39944 7.45031
threshold=4.5000000000000009 3.5000000000000004 5.7349998950958261 4.0050001144409189 31.500000000000004 3.2749999761581425 3.8067375421524052 20.500000000000004 16.500000000000004 9.5000000000000018 4.0650000572204599 15.500000000000002 2.0100002288818364 1.4200001955032351 4.2950000762939462 3.6250000000000004 0.4999998807907105 1.0857642889022829 37.500000000000007 0.89499998092651378 40.004999160766609 20.500000000000004 9.5000000000000018 7.5000000000000009 1.0000000180025095e-35 21.500000000000004 1.6900001764297488 4.4049999713897714 424.23875427246099 4.8949999809265146 2.1000000238418584 7.5000000000000009 2.5000000000000004 28.500000000000004 38.004999160766609 212.004997253418 21.804999351501468 1.2000001668930056 1.6000000238418581 23.500000000000004 2.7250000238418584 1.5000000000000002 1.5039536356925967 4.1949999332427987 1.3703704476356509 2.8950001001358037 0.29499995708465582 19.500000000000004 7.2500000000000009 43.58618354797364 1.5000000000000002 4.0965147018432626 2.1749999523162846 1.4207336306571963 29.005000114440922 9.7150001525878924 4.6679999828338632 2.9450000524520878 1.4843596816062929 4.7900002002716073 461.43663024902349 4.0965147018432626
decision_type=2 2 2 2 2 2 2 2 2 2 2 2 2 2 2 2 2 2 2 2 2 2 2 2 2 2 2 2 2 2 2 2 2 2 2 2 2 2 2 2 2 2 2 2 2 2 2 2 2 2 2 2 2 2 2 2 2 2 2 2 2 2
left_child=1 2 3 4 7 40 -7 9 -9 -1 13 23 -13 -5 15 17 51 18 32 61 -21 25 -2 -12 -20 29 27 -27 -28 31 -31 -16 -3 37 41 -35 -15 39 -39 -23 -6 42 43 45 -45 -24 48 -36 49 55 -51 -17 53 -43 60 -4 -44 -58 -54 -60 -48 -18
right_child=22 14 46 10 5 6 -8 8 -10 -11 11 12 -14 36 21 16 19 -19 24 20 -22 33 34 -25 -26 26 28 -29 -30 30 -32 -33 -34 35 47 -37 -38 38 -40 -41 -42 52 56 44 -46 -47 54 -49 -50 50 -52 -53 58 -55 -56 -57 57 -59 59 -61 -62 -63
leaf_value=0.0050368459192500535 -0.072742304448463843 0.0047901999809553866 0.046814806954022778 -0.075963943607920803 0.076336608309564763 -0.039757827662870379 0.0082879110222565874 0.02776651349594017 -0.066419610467966447 -0.050877856781866897 0.012170288694368392 -0.041070191141879903 0.045084162295344017 0.088102058440429495 0.015616340258318673 0.075786657132402291 -0.086086692523232131 -0.072629251703366343 0.042457342218528739 -0.055909513351858509 0.0026992544351986773 0.044316517114480369 0.053536359821609807 -0.078337185661427222 -0.078131441752313679 0.013380819716551402 0.020646265488125155 -0.036856150088162551 -0.091097607415882229 0.0090438690605157464 -0.067584126807821068 0.028043022255614863 -0.090719771760044032 -0.058966465242895283 -0.066460278955267113 0.065773813198411066 0.021438559961787899 -0.037366458168443223 0.04555718850101783 -0.041018506796501097 0.0079884988568826431 -0.071301196982902909 0.058567456882387819 0.044199655955189279 0.0080534686066305733 -0.059870699372053783 0.048425082313299145 0.057776731155714557 0.054433475643119116 -0.055795199424356345 0.027592203377146685 0.036004601829690557 0.079255488267873764 0.060471054506296619 0.035611257536021033 0.019999092998915679 0.010975019427680595 0.05683433218920092 0.055428803420243769 0.031265793472066795 0.066519823220700255 -0.11973028888708226
leaf_weight=19324.086439492181 36.865760877728462 162.29101108759642 73.666237726807594 37.754276100546122 190.27287715673447 1157.9666953727137 1066.0122948908247 2901.6852310039103 76.634090799838305 181.48374739661813 34378.630502486601 558.45160778984427 120.40403689676896 201.65521055273712 4849.070265635848 57.091890871524811 102.64639721624553 82.14984249160625 865.66520265489817 268.66500274091959 307.3409009128809 1441.6250980179757 25.48653906583786 54.159088514745235 30.882913516368717 2765.1095579846296 11078.852961627301 1449.0488909159321 65.270570840220898 2149.3628971353173 93.866225238889456 8485.6179657392204 51.089492082595825 73.203032456105575 41.923906874842942 25.972723007202148 101.29668924957514 197.15010111732408 397.26530951168388 39.817749350331724 67.948229050263762 28.164159048581496 406.92106682853773 743.1936208687257 384.9487606973853 115.39321648678742 158.87670157849789 13.298320199362932 97.744332164525986 45.558175921440125 46.647771015763283 83.490029707551003 57.276432053185999 130.12846197164617 122.79324591159821 258.88908377289772 57.800194579176605 82.327830707887188 617.55337442271411 60.895953157683834 175.18139691650867 32.300861505791545
leaf_count=75647 256 344 43 179 119 7171 4349 5709 509 985 71034 6018 228 273 6789 48 457 1435 2145 1467 803 1950 10 326 200 9394 17318 6076 409 3388 326 10065 217 2416 593 2 161 2072 782 331 147 431 97 2396 1831 2392 81 55 21 134 43 85 42 18 99 320 308 87 140 423 33 142
internal_value=0.0130997 0.0124269 0.00963855 0.00918761 0.00566411 -0.00888683 -0.0167326 0.00727107 0.0253199 0.00451377 0.0116685 0.0112945 -0.0257384 0.0500533 0.0172963 0.00225136 -0.023113 0.0203782 0.0273257 -0.0381475 -0.0246783 0.0182246 0.0362665 0.0120255 0.0382155 0.0172305 0.0134306 -0.00389675 0.0199832 0.0209753 0.00580651 0.023526 -0.0183708 0.0323484 0.0377473 -0.0259184 0.0659724 0.0351456 0.0180289 0.0419934 0.058471 0.0392638 0.0328787 0.0239805 0.0318882 -0.0390863 0.037415 -0.0359577 0.024441 0.0174159 -0.0137117 0.052617 0.0521773 0.0366937 0.0521567 0.0260767 0.0534297 0.0381655 0.0554475 0.0533166 0.0580992 -0.0949979
internal_weight=99354.8 96552.6 61397.8 60418.4 24966.1 2482.2 2223.98 22483.9 2978.32 19505.6 35452.4 35111.6 678.856 340.706 35154.8 2043.61 851.535 1192.08 1109.93 710.953 576.006 33111.2 2802.18 34432.8 896.548 30936.2 15358.3 4214.16 11144.1 15577.9 2243.23 13334.7 213.381 2175.03 2765.31 99.1758 302.952 2075.86 594.415 1481.44 258.221 2710.09 1816.07 1269.02 1128.14 140.88 979.357 55.2222 522.506 424.761 92.2059 140.582 894.018 158.293 456.851 332.555 547.049 140.128 735.726 678.449 334.058 134.947
internal_count=251369 242290 173629 172855 94636 11786 11520 82850 6218 76632 78219 77606 6246 613 68661 7343 3002 4341 2906 2869 2270 61318 9079 71360 2345 53765 33197 15470 17727 20568 3714 16854 561 7553 8823 2418 434 5135 2854 2281 266 8175 7121 6629 4227 2402 774 648 561 540 177 133 1054 449 213 363 492 395 605 563 114 599
is_linear=0
shrinkage=0.05


Tree=42
num_leaves=63
num_cat=0
split_feature=2 25 24 29 26 26 29 29 29 29 29 7 9 26 29 19 26 26 29 26 26 26 19 19 19 29 16 2 10 29 3 26 29 8 19 9 19 19 26 26 5 23 23 29 5 10 14 12 26 5 26 26 19 26 19 5 26 19 9 8 26 26
split_gain=588.305 341.154 232.194 203.805 299.572 294.154 224.476 218.271 184.632 252.435 405.564 253.792 235.429 171.906 361.618 252.051 171.604 201.466 169.67 312.777 205.756 169.185 132.574 178.681 272.198 127.891 123.413 115.958 114.091 203.012 297.43 181.442 108.554 106.768 102.576 119.985 101.374 244.264 182.505 143.6 176.452 98.8079 87.4439 82.1404 72.5437 63.456 63.1031 85.6224 52.5643 49.9881 115.51 99.22 79.9263 59.7443 48.9658 48.5957 43.0669 43.0478 42.3275 110.998 31.4566 26.1592
threshold=4.5000000000000009 1.0000000180025095e-35 -14.90000009536743 0.50000011920928966 1.5000000000000002 5.5000000000000009 0.60000026226043712 1.5000001192092898 0.69999992847442638 1.0900000333786013 0.97000014781951915 3.304999947547913 0.69999992847442638 3.5000000000000004 0.40499997138977056 460.08822631835943 40.500000000000007 24.500000000000004 1.1000000238418581 48.500000000000007 81.500000000000014 9.5000000000000018 246.05667114257815 585.29776000976574 341.05664062500006 1.3999999761581423 0.33274440467357641 1.5000000000000002 2.6999999284744267 2.0400000810623173 11.500000000000002 15.500000000000002 2.0950000286102299 3.0949999094009404 101.3831253051758 0.39999997615814215 644.67333984375011 243.06333160400393 7.5000000000000009 9.5000000000000018 1.0000000180025095e-35 0.41520842909812933 1.5794360637664797 1.3017376661300661 2.5000000000000004 3.3000000715255742 1.5000000000000002 1.3139740228652956 2.5000000000000004 1.0000000180025095e-35 2.5000000000000004 7.5000000000000009 230.70261383056643 5.5000000000000009 620.06182861328136 2.5000000000000004 4.5000000000000009 212.95133972167972 0.29999983310699468 4.4849998950958261 35.500000000000007 16.500000000000004
decision_type=2 2 2 2 2 2 2 2 2 2 2 2 2 2 2 2 2 2 2 2 2 2 2 2 2 2 2 2 2 2 2 2 2 2 2 2 2 2 2 2 2 2 2 2 2 2 2 2 2 2 2 2 2 2 2 2 2 2 2 2 2 2
left_child=1 3 34 4 22 6 48 25 13 10 12 -12 -10 14 27 -16 17 -15 19 -11 -20 -2 57 24 -24 -8 -23 -4 -28 30 31 -30 -9 -32 42 41 37 44 -39 43 -41 60 58 -38 -7 -44 47 -31 -5 51 52 53 -51 -6 -25 -52 -50 -1 -3 -60 -36 -37
right_child=21 2 8 5 49 36 7 32 9 18 11 -13 -14 16 15 -17 -18 -19 20 -21 -22 26 23 54 -26 -27 28 -29 29 46 33 -33 -34 -35 35 61 39 38 -40 40 -42 -43 45 -45 -46 -47 -48 -49 56 50 55 -53 -54 -55 -56 -57 -58 -59 59 -61 -62 -63
leaf_value=0.019073527278404875 -0.071279252978736607 0.060833002027382871 0.016928209065310101 -0.030977105928280735 0.013660137397473042 0.059536237498764737 -0.010413374259186434 -0.0813379994631135 0.011592081695524817 0.030838657122624791 -0.0050269405098859596 -0.046356252558250682 -0.044746585791565201 0.020950123449720214 0.0084128646273954402 -0.051682948363162541 -0.085776222478850861 0.054308904640635751 0.011345613981270271 -0.017253366178678207 0.021431612881230484 -0.054884936111694475 0.016765122263171586 0.048633625171311257 -0.081174063247233363 0.035522904793418596 0.054972272479310219 -0.029064944415869182 -0.07863599822564217 0.051815799133321273 0.047817753487415036 0.035058829624779624 0.025466317416914776 -0.065671524825678521 0.067996693257154781 0.083521658515926189 0.036651425381006665 -0.11258239623513047 -0.017468549501640701 -0.043062699388577479 0.014938787212308138 -0.079516880418520619 0.022182402546374446 0.0068074754421515006 -0.01149953159440897 -0.10211174144182225 0.054295435930016248 0.010753463117959555 -0.094115743744336414 -0.020010617958297058 0.010018013229193566 0.061567201176584312 0.044520530000142937 -0.040296509667978604 0.0039486855857935243 0.033798911858320922 -0.035485614221807481 0.074067860416315565 -0.087567696208869228 0.048607722854012769 0.003559329874868684 0.055671738576428313
leaf_weight=63.310688629746437 35.789216613397002 54.388260398060083 5435.4256786294281 94.383774764835835 2488.9937691055238 107.03322413563728 1370.6766766533256 146.52413685247302 8458.1065326356329 2669.7672999091446 2258.1606676040683 443.7587446172256 188.58981948299333 8712.5475244782865 339.57225093245506 357.0861882828176 35.63486173003912 477.14766489714384 40968.816447425168 386.29544079792686 5771.1594760399312 35.344719564775005 131.27580179274082 60.718294724822044 152.45550420880318 169.32067578285933 724.87406017584726 139.63200215063989 36.551873123273253 249.05237663490698 23.57323944568634 543.49473301554099 27.797810450196266 137.49781204783358 33.286169156432152 127.36734108626842 662.8607484176755 67.222677439451218 196.03491816855967 198.10022746026516 383.00930765271187 25.562510423362255 16.142789974808693 354.75634001195431 53.272457554936409 25.583918746560812 687.67689129337668 259.9849774367176 119.15129561722279 50.747902736067772 941.85587153956294 106.77686362713575 718.35726729780436 51.394191052764654 9931.2565730437636 278.38084565475583 45.112364128232002 83.920481249690056 21.990239816717803 41.860984444618225 42.967918960377574 304.87750960607082
leaf_count=132 256 25 12831 341 6080 70 4452 713 19894 5024 6997 2297 862 15738 591 1703 164 376 85334 2535 26782 3253 287 84 657 401 300 437 239 281 11 1276 80 2328 11 29 1636 281 432 640 822 131 21 917 102 122 464 671 632 145 1853 82 1479 208 36510 439 165 86 151 21 140 348
internal_value=0.0124746 0.0118255 0.0133021 0.00583201 0.00849545 -0.00420577 -0.0179378 -0.0113649 0.0130409 0.0118048 0.00507384 -0.0118313 0.0103577 0.0179168 0.0115253 -0.0224132 0.0222597 0.0226884 0.0133385 0.0247544 0.0125915 0.0353447 0.00379065 0.00311257 -0.0359426 -0.00533972 0.0367868 0.0157704 0.0380257 0.0316589 0.0110644 0.0277627 -0.0642301 -0.0488386 0.0420792 0.0525844 0.00919111 -0.0125301 -0.0421089 0.0149532 -0.00486534 0.00365383 0.00686694 0.0262692 0.0359738 -0.0545154 0.0443889 0.0309157 -0.0612722 0.0190678 0.025063 0.0145527 0.0402356 0.0125512 0.00422556 0.0154706 -0.0783563 0.0507418 0.0288462 0.00100495 0.0322681 0.0640635
internal_weight=99124.3 96390.4 77335.7 19054.7 15059.4 3995.26 1972.97 1714.32 76641.7 61144.7 11348.6 2701.92 8646.7 15497 6271.72 696.658 9225.33 9189.7 49796 3056.06 46740 2733.84 10422.9 10275.7 283.731 1540 2698.05 5575.06 2662.71 1937.83 741.118 580.047 174.322 161.071 694.028 534.061 2022.29 423.563 263.258 1598.73 581.11 101.817 159.966 1017.62 160.306 41.7267 1196.71 509.037 258.647 4636.51 1989.34 2647.16 769.105 2540.39 9991.97 1220.24 164.264 147.231 118.239 63.8512 76.2541 432.245
internal_count=251369 242290 182564 59726 48042 11684 6784 5646 181565 149725 30050 9294 20756 31840 15562 2294 16278 16114 119675 7559 112116 9079 37756 37538 944 4853 8823 13268 5570 5270 3854 1515 793 2339 999 659 4900 885 713 4015 1462 282 340 2553 172 143 1416 952 1138 10286 3916 6370 1624 6288 36594 2292 797 218 197 172 151 377
is_linear=0
shrinkage=0.05


Tree=43
num_leaves=61
num_cat=0
split_feature=2 27 27 27 5 0 29 1 0 29 1 5 1 25 1 1 27 27 30 10 27 9 27 20 30 30 1 30 0 27 29 13 0 13 30 20 7 19 27 5 1 9 30 0 4 0 25 1 8 25 19 30 18 30 5 5 12 7 4 12
split_gain=559.558 473.526 265.022 286.88 272.088 217.545 210.939 206.584 205.045 170.566 168.051 545.737 223.574 194.468 372.135 314.317 181.06 159.354 148.918 134.509 269.626 213.985 149.505 183.507 131.516 131.463 131.24 125.229 164.008 107.657 90.2618 81.747 81.1881 58.2481 120.683 60.4169 54.5197 56.0272 52.4458 92.747 49.0823 49.0103 47.7508 45.659 44.9768 48.8184 31.9372 30.2465 47.1579 30.0203 26.7237 55.7095 78.5766 28.5821 18.2205 16.9416 5.60911 4.17967 11.2776 10.4705
threshold=4.5000000000000009 4.1949999332427987 4.1150000095367441 4.1050000190734872 31.500000000000004 5.6250000000000009 1.289999842643738 532.47000122070324 5.1099998950958261 1.3017376661300661 17.005000114440922 20.500000000000004 16.003999710083011 18.500000000000004 24.005000114440922 79.407501220703139 4.4949998855590829 4.6949999332427987 62.714609146118171 2.6999999284744267 4.5450000762939462 1.4000002145767214 4.1949999332427987 1.6703642010688784 488.60861206054693 562.72290039062511 9.004399776458742 2.4742429256439213 4.0965147018432626 4.4049999713897714 1.6900001764297488 0.029000019654631618 5.8500001430511483 -0.067207790911197648 5.2118630409240732 0.95835801959037792 3.6950000524520878 81.748611450195327 4.5950000286102304 1.5000000000000002 28.005000114440922 2.2000001668930058 147.0554122924805 3.495000004768372 3.5000000000000004 5.8500001430511483 15.500000000000002 2.995000004768372 4.6649999618530282 28.500000000000004 391.08496093750006 6.6756944656372079 656.20819091796886 140.40325164794925 11.500000000000002 10.500000000000002 1.0476190447807314 3.0049999952316289 18.500000000000004 1.7794269323349001
decision_type=2 2 2 2 2 2 2 2 2 2 2 2 2 2 2 2 2 2 2 2 2 2 2 2 2 2 2 2 2 2 2 2 2 2 2 2 2 2 2 2 2 2 2 2 2 2 2 2 2 2 2 2 2 2 2 2 2 2 2 2
left_child=1 2 3 4 5 9 -6 8 10 -1 11 16 -13 15 -15 -12 -3 18 27 46 21 22 23 -21 -8 44 -24 -9 -29 -28 31 49 -27 34 43 -36 37 -35 42 -40 -7 -38 -20 -32 45 -10 47 -2 -49 -22 53 -52 -53 54 -19 -51 -46 -48 59 -59
right_child=19 7 -4 -5 6 40 24 17 25 -11 13 12 -14 14 -16 -17 -18 50 38 20 30 -23 26 -25 -26 32 29 28 -30 -31 33 -33 -34 36 35 -37 41 -39 39 -41 -42 -43 -44 -45 56 -47 57 48 -50 55 51 52 -54 -55 -56 -57 -58 58 -60 -61
leaf_value=0.0062989991608259389 0.04992761015244826 0.0034945653601237167 -0.069352018868519369 0.10922839338246942 -0.056311893185256881 0.041200653164045642 -0.05803102262117267 0.047284224280688264 0.022999447207889039 -0.0050689686228657712 0.017029721656259423 -0.051205985574205665 0.045922016641817408 -0.050685282696161953 0.025866001208368596 0.0079437383311025036 0.013910893213912518 0.035091460311188427 0.047017803297784141 -0.059595601702040146 -0.077146651384146239 -0.068608100148108295 -0.06593250443124353 0.045731128170217378 0.058208055697802845 -0.1014210356096505 0.060245308820312031 0.04913027685782248 -0.042943709819634968 -0.07467623930618443 0.0033648010247268657 0.04046886889203416 0.025094405260254027 0.058392277716871221 -0.097723423056554057 0.039149790750817308 0.050563973103829318 -0.075367973487012477 -0.061356047543655749 0.02840141496264369 0.0025170073215123462 -0.0037246662100029839 0.014810406998022614 0.056276846184449072 0.064117904888430305 0.042070268385592864 0.063398798970247958 -0.070490898567955471 0.056672011573693927 0.051703789441498588 0.061592724435727032 -0.044046654616726279 0.026942729238960891 0.059986199370888442 0.054499390669315119 -0.052473895552930021 0.045478720186511452 0.011373126428299888 0.05650275965439705 0.052955694284910176
leaf_weight=24636.403910038061 33.382432084530592 6614.4496691823006 115.24705167254433 66.538631327450275 48.807818662608042 509.93359760940075 24.905111564090475 71.004268169403076 1114.1494608521461 3808.6378153022379 21544.949151651934 499.75638266489841 66.359470910625532 163.08997800806537 4935.746650735382 17061.789161383174 11307.307003553025 916.38541424274445 301.29952222108841 115.25170464278199 34.765808842144907 99.631044492125511 26.251161746564321 63.245126307010651 449.08181170094758 29.602387845516205 203.06048893020488 58.570511132478714 257.47117084264755 15.070484614698215 66.823954430874437 43.463080430170521 21.00247023999691 12.605554388836028 28.357732502976432 10.422118364367632 1060.9969178067986 17.489621986402199 41.956646636128426 86.198960512876511 98.168066963553429 42.950792060000822 188.74126808345318 104.97179132513702 88.445995897054672 485.33158895373344 198.24897159961984 16.970987903187051 11.298039563000204 8.319551467895506 74.812204524874687 48.270663231611252 185.76013574004173 172.70303735136986 144.68858925998211 5.7099037070292971 113.61991714453325 31.516165351960808 384.70749943866394 30.178536462131888
leaf_count=90719 23 18716 823 58 1215 385 632 53 1409 12873 35320 10032 351 1824 10433 31797 21635 720 203 2615 194 1483 550 41 784 123 640 46 607 211 132 75 25 15 166 19 1097 469 121 83 166 520 279 42 21 311 58 123 2 1 22 115 195 69 36 165 89 99 331 8
internal_value=0.0118641 0.0112386 0.00599441 0.00628985 0.00605441 0.00541009 0.0417727 0.0135818 0.0130258 0.00477659 0.012537 0.00853937 -0.039751 0.0142277 0.023407 0.0130147 0.0100672 0.0275454 0.0120311 0.0344593 0.0276853 -0.00306074 0.012496 -0.0222014 0.0519806 0.0294197 0.0378465 -0.0122623 -0.0257632 0.0506026 0.0388637 -0.00884726 -0.0493478 0.0421451 0.0178433 -0.0607535 0.0466335 -0.0191048 0.0272442 -0.00119295 0.0349784 0.0484458 0.0346786 0.035863 0.0316612 0.0288119 0.0531786 0.0183044 -0.0192981 -0.0528052 0.0376376 0.0243062 0.0121542 0.0409484 0.0377915 0.00830112 0.0539374 0.0564726 0.0532506 0.0323136
internal_weight=99016.9 96351.2 29757.7 29642.5 29575.9 29053.1 522.795 66593.5 64045.6 28445 62193.4 18487.9 566.116 43705.6 5098.84 38606.7 17921.8 2547.86 1005.24 2665.69 1959.39 522.51 422.879 178.497 473.987 1852.15 244.382 387.046 316.042 218.131 1436.88 92.2583 50.6049 1344.62 210.576 38.7799 1134.04 30.0952 618.196 128.156 608.102 1103.95 490.041 171.796 1801.55 1599.48 706.303 61.6515 28.269 48.7953 1542.62 308.843 234.031 1233.78 1061.07 14.0295 202.066 644.651 446.402 61.6947
internal_count=251369 242290 107655 106832 106774 104143 2631 134635 132086 103592 130108 50734 10383 79374 12257 67117 40351 2549 1392 9079 8435 5540 4057 2656 1416 1978 1401 706 653 851 2895 435 148 2460 359 185 2101 484 686 204 551 1617 482 174 1830 1720 644 148 125 360 1157 332 310 825 756 166 110 496 438 107
is_linear=0
shrinkage=0.05


Tree=44
num_leaves=57
num_cat=0
split_feature=2 27 27 27 5 29 16 29 29 24 10 27 9 27 20 29 29 9 25 25 27 27 7 5 7 15 14 17 4 17 22 7 5 27 21 10 25 9 18 10 25 24 22 21 21 5 27 9 24 22 22 16 7 16 25 25
split_gain=535.244 431.49 246.248 254.345 253.576 195.637 178.378 160.062 152.94 144.728 129.538 250.881 200.171 137.313 172.58 115.634 847.969 264.655 296.454 185.209 156.337 149.283 145.186 134.586 115.05 109.39 99.3554 102.885 125.445 112.388 82.5313 79.0409 71.6146 62.6479 59.0503 47.378 43.5989 42.8197 39.2615 86.5673 30.3956 29.01 25.912 25.8581 40.4069 19.2738 40.0111 14.1206 66.5641 6.13151 8.92659 5.95122 23.6455 23.2019 4.93813 1.05425
threshold=4.5000000000000009 4.1949999332427987 4.1150000095367441 4.1050000190734872 31.500000000000004 1.289999842643738 0.28381329774856573 1.5400000810623171 1.3017376661300661 -14.90000009536743 2.6999999284744267 4.5450000762939462 1.4000002145767214 4.1949999332427987 1.6703642010688784 2.2750002145767216 2.1000000238418584 2.1000000238418584 9.5000000000000018 38.500000000000007 4.7900002002716073 4.4949998855590829 4.2049999237060556 38.500000000000007 4.1949999332427987 4.5000000000000009 1.5000000000000002 4.954545497894288 6.5000000000000009 2.4187500476837163 14.432491779327394 4.0950000286102304 14.500000000000002 4.7900002002716073 70651708.000000015 3.242499947547913 20.500000000000004 0.39999997615814215 25.147827148437504 2.5900000333786015 15.500000000000002 -1.6999996304512022 16.221150398254398 9.4790191650390643 10.508416175842287 4.5000000000000009 4.4949998855590829 2.2000001668930058 0.65921437740325939 13.127500534057619 13.582830905914308 0.74264070391654979 2.9250000715255742 0.73363915085792553 131.50000000000003 47.500000000000007
decision_type=2 2 2 2 2 2 2 2 2 2 2 2 2 2 2 2 2 2 2 2 2 2 2 2 2 2 2 2 2 2 2 2 2 2 2 2 2 2 2 2 2 2 2 2 2 2 2 2 2 2 2 2 2 2 2 2
left_child=1 2 3 4 6 -6 8 -8 -1 31 40 12 13 14 -12 16 19 18 -18 21 49 -11 -21 24 -22 34 27 28 -13 -30 -7 37 33 -33 -15 36 -29 38 -3 -40 43 -19 -37 -2 -45 -39 -47 54 -49 -17 -51 52 -42 -54 55 -28
right_child=10 9 -4 -5 5 30 7 -9 -10 15 11 26 -14 25 -16 20 17 41 -20 22 23 -23 -24 -25 -26 -27 47 35 29 -31 -32 32 -34 -35 -36 42 -38 45 39 -41 51 -43 -44 44 -46 46 -48 48 -50 50 -52 -53 53 -55 -56 -57
leaf_value=0.0045062265714598008 0.046495265285980164 0.042369015127799531 -0.068115558961286099 0.10209473301456523 -0.05592096819605611 -0.056032260572218877 0.014086648713114828 -0.024540320842153279 -0.008438787138977626 0.010199521543993794 -0.059088252159263437 -0.089667500971462186 -0.067626664721087401 0.061108195412019672 0.044722171769551733 0.072018185070844315 -0.0099419164164594922 0.067804806376126334 -0.051112395272913974 -0.065935073996139543 0.015738636528716422 0.015374345929705761 0.037857228643217916 -0.065557097790445884 0.037956996988994171 -0.063626536575508111 0.045423980294822031 -0.016404132923383951 0.023286326411703837 -0.08866919402835971 0.054597630661782873 -0.099513046048593706 0.048378979296795827 0.0051485055886514343 -0.0022235413639157512 0.072351180100716131 0.044254141558834607 0.07609862105365961 0.066919894513546643 -0.088828547164415919 0.059231470752748164 0.022791641037088192 0.036766209144141186 0.055644486378824777 -0.06656881518260914 0.065992897015358251 0.028158401914164313 -0.056330045514685803 0.060702743456731767 0.064152947211988692 0.02459644255770909 0.057426202465122034 -0.058085578278434691 0.050912074010913549 0.066342050101728486 0.053992531507414669
leaf_weight=20009.663533736486 33.560692777391523 52.420546455308795 111.58324345783331 67.666981857270002 46.75061972765252 16.697412085253745 6229.6876193573698 279.27786957891658 2574.1771110431291 22493.440761207137 110.5566842451226 29.172864754684269 96.12656798097305 170.92020671116188 61.505524724256247 122.4011474698782 1280.5122110452503 72.732730507850647 663.80434996192344 126.10423900536261 3485.65615808242 36712.890059184283 45.033022435382009 46.091297206934541 700.21429743850604 23.699761928524822 100.05519844032824 48.66332724224776 354.93647984880954 22.932404243154451 447.07640059455298 23.197602391242981 39.872407466173172 34.517166495323181 46.553090708330274 140.076141043799 72.743607128970325 83.519972335547209 14.189146041870115 20.712571289390326 41.444810916902497 73.404360397718847 87.410437787184492 10.213353157043459 16.108436815673485 148.12400881573558 137.52107290457934 15.998562340624629 42.038382530212402 44.059744156897068 24.299553160089999 562.06380561739206 9.7707278518937546 7.9275493621826163 96.176880831131712 388.95091420342214
leaf_count=74577 25 78 823 58 1215 314 19822 1124 8620 53240 2615 147 1483 385 41 22 2988 12 2443 5005 5864 61622 390 1186 729 845 78 131 1424 249 1102 125 32 53 171 53 120 36 1 132 20 150 130 1 122 157 196 342 4 11 163 111 364 1 31 186
internal_value=0.0112955 0.0106915 0.00568993 0.00596994 0.00574661 0.0406472 0.00513263 0.012425 0.00303018 0.0129332 0.0337246 0.0270135 -0.00301985 0.0121239 -0.0219072 0.0127186 0.0121562 -0.0191351 -0.0240194 0.0132582 0.02053 0.0134086 -0.0385329 0.0185223 0.0194647 0.0364138 0.037945 0.0255863 0.00845713 0.0162626 0.0504918 0.0383676 -0.00241159 -0.0378119 0.0475802 0.0454747 0.0199644 0.0470825 0.0152978 -0.0252701 0.0524558 0.0455373 0.0589205 0.0179359 -0.0186638 0.0545257 0.0479571 0.0523993 0.0279489 0.0647168 0.0507213 0.0557412 0.0389565 -0.00888338 0.0547639 0.0523458
internal_weight=98816.9 96227.3 29782.6 29671 29603.3 510.524 29092.8 6508.97 22583.8 66444.7 2589.61 1908.52 509.362 413.235 172.062 65890.6 61467.9 2090.45 1944.32 59377.5 4422.72 59206.3 171.137 4231.96 4185.87 241.173 1399.16 755.935 407.042 377.869 463.774 554.074 97.5872 57.7148 217.473 348.894 121.407 456.487 87.3223 34.9017 681.089 146.137 227.487 59.8825 26.3218 369.165 285.645 643.22 58.0369 190.76 68.3593 621.207 59.1431 17.6983 585.183 489.006
internal_count=251369 242290 107655 106832 106774 2631 104143 20946 83197 134635 9079 8435 5540 4057 2656 133825 125850 5593 5431 120257 7975 114862 5395 7779 6593 1401 2895 2254 1820 1673 1416 810 210 178 556 434 251 600 211 133 644 162 183 148 123 389 353 641 346 196 174 496 385 365 295 264
is_linear=0
shrinkage=0.05


Tree=45
num_leaves=60
num_cat=0
split_feature=2 28 20 28 5 0 26 27 27 18 25 26 27 26 0 27 5 27 27 15 16 16 25 10 27 28 23 25 5 0 11 26 23 26 23 7 12 20 0 21 7 28 27 23 18 17 27 7 20 20 20 13 29 28 10 5 7 27 16
split_gain=466.486 390.453 294.899 226.496 204.352 186.734 189.241 681.783 290.367 230.412 179.78 179.483 154.648 287.169 150.749 150.821 148.907 145.41 140.904 137.32 133.594 133.35 130.208 121.043 117.236 323.281 114.492 106.234 124.082 92.761 82.5957 75.4278 66.3201 60.6976 59.8326 53.1474 53.1111 51.6661 50.565 42.3409 39.0456 122.388 35.1412 32.7478 31.5954 28.1307 23.6424 167.156 46.843 18.94 35.3802 20.3597 17.5373 14.3815 11.7086 5.52552 2.91548 1.49071 1.18299
threshold=7.5000000000000009 1.5000000000000002 0.97245931625366222 24.500000000000004 31.500000000000004 4.805000066757203 10.500000000000002 3.1950000524520878 3.2250000238418584 0.10867638885974885 3.5000000000000004 39.500000000000007 4.0250000953674325 7.5000000000000009 5.6250000000000009 4.8300001621246347 31.500000000000004 3.0049999952316289 3.8067375421524052 1.0000000180025095e-35 0.40750804543495184 0.65111273527145397 25.500000000000004 3.9850000143051152 4.8949999809265146 33.500000000000007 0.10820021852850915 2.5000000000000004 7.5000000000000009 7.2500000000000009 2.5000000000000004 5.5000000000000009 14093709159170050 75.500000000000014 7064451060596737 2.9250000715255742 1.6014780402183535 2.4768798351287846 4.930000066757203 1516997312.0000002 4.6549999713897714 1.5000000000000002 3.8249999284744267 0.10820021852850915 0.074627641588449492 5.8499999046325692 4.6949999332427987 4.2249999046325692 1.4009496569633486 1.0000000180025095e-35 2.068069696426392 0.010714305099099876 0.39499986171722418 5.5000000000000009 2.9974999427795415 46.500000000000007 4.7900002002716073 4.5850000381469735 0.9506097435951234
decision_type=2 2 2 2 2 2 2 2 2 2 2 2 2 2 2 2 2 2 2 2 2 2 2 2 2 2 2 2 2 2 2 2 2 2 2 2 2 2 2 2 2 2 2 2 2 2 2 2 2 2 2 2 2 2 2 2 2 2 2
left_child=1 4 3 12 5 6 9 17 -9 32 -11 19 13 31 15 -14 24 -8 45 39 53 35 37 -15 25 -5 -20 29 -29 38 -22 -3 -1 42 -32 -13 -35 57 -7 44 46 -42 -28 -26 -2 -6 47 48 -23 -24 51 -51 -16 -4 -48 -55 58 -21 -43
right_child=11 2 20 16 18 27 7 8 -10 10 -12 21 14 23 52 -17 -18 -19 26 22 30 40 49 -25 43 -27 33 28 -30 -31 34 -33 -34 36 -36 -37 -38 -39 -40 -41 41 56 -44 -45 -46 -47 54 -49 -50 50 -52 -53 -54 55 -56 -57 -58 -59 -60
leaf_value=-0.0686231945020431 0.046013064481556301 0.016393696758155427 -0.062593837427328256 0.034619981670700538 -0.056428823758921748 0.028617005480558816 0.0075359796684439859 -0.049817507965108469 0.0075822394799352592 0.0035649183032770643 -0.020382954208754897 0.058535689282398856 0.013697217278781443 -0.062593706501478968 0.021009894128285096 0.0046810699166958316 -0.056150063527102501 0.058021220394584218 -0.057043359835730313 -0.067634781927523133 0.065302154897116757 0.01629930711637324 0.061016876354827221 0.057551123728195867 0.024128845186378461 -0.070078660316642602 0.065282608048562105 -0.098357769964733804 0.028063137671377449 0.058962203590635823 -0.069826969914402015 0.10661526296870082 0.048798920392525695 -0.055730909806227871 0.052137428648167485 -0.058728459734109589 0.062115153792549366 0.050372917192331029 0.013634025637245717 0.06536412577795353 0.058384756600849644 -0.06275765302146917 0.038354761473422282 0.059238010436421601 -0.025744221787181928 0.047040217626512032 0.054222796123513661 -0.07008815808410547 0.057030614307967686 -0.084191856273417784 0.052520365761807221 0.014030434943258834 0.042091408018242134 -0.11022622745388787 0.071689209475227403 -0.04431592414896527 -0.052017682808746538 -0.090251413484287793 -0.12459690719037403
leaf_weight=140.42996387928724 27.914696775376797 63.142222069203854 103.08994392096065 732.85972664225847 45.850703896954656 764.39966958016157 172.94040052592754 222.59093459695578 15058.323720191605 19625.861918088049 815.25589855201542 11.678179714828728 49005.057765281643 213.06657586921938 129.10788181424141 5126.6279591699131 44.190752649214119 828.02974489331245 26.6258880936075 41.622952481731772 33.914542266633362 85.946706206304953 22.598657615482807 22.416610784828663 80.294911182485521 81.001884799450636 256.08509410917759 40.802399009466171 35.489638268947601 141.21003660559654 34.346061384305358 36.166216522455215 12.389939472079275 24.761173896491528 13.170922279357908 40.510538124479353 14.207808331120757 7.6610426902770987 2160.8184229582548 70.310032483190298 47.911529496312141 6.283571397885682 244.70482718572021 465.42171577364206 31.661686174571514 6.8104692287743083 471.6246720449999 29.62679687468335 432.24659277684987 10.946245694532992 18.316450595855713 8.8693214785307628 486.38741708546877 31.442949719494209 140.67627498600632 5.9301727099809787 11.520558710675685 40.977055152878165 5.383352686651051
leaf_count=953 16 142 2133 2108 1097 1477 419 876 41389 75459 3230 2 93390 1096 130 9994 1882 646 675 366 24 763 5 30 103 1284 39 168 41 24 365 38 4 1218 2 2651 24 1 3879 21 6 70 436 207 85 4 149 290 79 87 3 26 303 241 62 820 190 255 41
internal_value=0.0109512 0.0105156 0.0131963 0.0134227 0.00677433 0.00633267 0.00533507 0.00936332 0.00674259 0.00214973 0.00260861 0.0380324 0.0129166 -0.0209134 0.013124 0.0128435 0.0332536 0.04932 0.0352617 0.00180163 -0.0442041 0.0459502 -0.030514 -0.0509405 0.0362023 0.0241202 0.0425464 0.0180312 -0.0398822 0.0194863 0.00668096 0.0500358 -0.0588153 0.0475648 -0.0355396 -0.0317873 -0.0121609 -0.0683205 0.0175594 0.0393526 0.0492725 0.0129953 0.0522373 0.0541349 0.00799989 -0.0423271 0.0514784 0.0436918 0.050329 0.0257914 0.00376166 -0.041426 0.0377187 -0.073578 0.0583542 -0.101326 -0.0791209 -0.0798598 -0.09927
internal_weight=98909.5 97345.2 56707.6 56485.7 40637.6 40018.5 36875.8 16281.9 15280.9 20593.9 20441.1 1564.29 55082 334.792 54747.2 54131.7 1403.77 1000.97 619.046 280.878 221.895 1283.41 150.992 235.483 1359.58 813.862 566.385 3142.72 76.292 3066.43 81.4315 99.3084 152.82 539.759 47.517 52.1887 38.969 90.2611 2925.22 129.886 1231.22 71.099 500.79 545.717 59.5764 52.6612 1160.12 547.82 518.193 60.7307 38.132 19.8156 615.495 140.463 612.301 37.3731 23.1875 82.6 11.6669
internal_count=251518 246350 114292 110707 132058 128565 122976 43330 42265 79646 78689 5168 105123 1306 103817 103384 5584 1065 3493 865 3585 4303 743 1126 3702 3392 2392 5589 209 5380 391 180 957 1717 367 2653 1242 622 5356 122 1650 307 475 310 101 1101 1343 1132 842 121 116 113 433 3194 211 1061 301 621 111
is_linear=0
shrinkage=0.05


Tree=46
num_leaves=61
num_cat=0
split_feature=2 28 1 28 4 24 5 1 21 5 15 4 26 25 26 30 24 5 15 0 16 25 25 1 24 16 24 28 25 23 5 1 7 22 21 7 28 8 25 12 23 13 24 1 1 28 26 0 1 24 15 4 15 0 26 8 2 0 7 16
split_gain=448.754 355.557 226.022 216.138 199.683 221.485 196.227 193.027 191.916 184.705 254.071 226.165 170.662 180.565 170.42 166.865 156.843 137.81 127.212 126.738 125.137 121.326 108.037 97.1641 91.0566 96.7717 89.6198 84.5904 114.463 74.5182 101.111 63.0426 50.1896 42.017 40.039 37.2068 114.88 35.8258 64.891 30.6573 23.3238 26.9239 19.3308 17.3167 13.6688 70.6206 13.4153 21.2018 19.6132 12.5281 23.3688 9.06584 11.6797 6.60136 5.61389 4.01101 3.91875 2.59755 2.11031 0.361789
threshold=7.5000000000000009 1.5000000000000002 578.12500000000011 24.500000000000004 9.5000000000000018 -1.1425595283508299 31.500000000000004 31.003000259399418 0.14210238307714465 15.500000000000002 9.5000000000000018 1.0000000180025095e-35 162.50000000000003 26.500000000000004 39.500000000000007 44.726469039916999 -14.90000009536743 31.500000000000004 1.0000000180025095e-35 5.6250000000000009 0.65111273527145397 25.500000000000004 34.500000000000007 8.302500247955324 -2.5000001192092891 0.61141636967659008 2.50000011920929 11.500000000000002 18.500000000000004 0.27133078873157507 17.500000000000004 61.004999160766609 2.9250000715255742 14.274848937988283 1516997312.0000002 4.6549999713897714 1.5000000000000002 3.5049999952316289 10.500000000000002 1.0740020871162417 0.38534514605998998 0.70250004529953014 -0.29936161637306208 26.994999885559086 25.005000114440922 2.5000000000000004 1.0000000180025095e-35 4.6099998950958261 592.86999511718761 -0.15612233430147168 2.5000000000000004 10.500000000000002 8.5000000000000018 4.3949999809265146 191.50000000000003 3.8067375421524052 4.5000000000000009 2.804999947547913 4.7900002002716073 0.9506097435951234
decision_type=2 2 2 2 2 2 2 2 2 2 2 2 2 2 2 2 2 2 2 2 2 2 2 2 2 2 2 2 2 2 2 2 2 2 2 2 2 2 2 2 2 2 2 2 2 2 2 2 2 2 2 2 2 2 2 2 2 2 2 2
left_child=1 2 6 4 16 40 9 24 15 12 11 -11 13 -1 18 -7 27 23 34 22 32 33 -18 -5 -8 -26 -10 39 -29 30 -25 -31 -16 -20 57 44 -37 38 -9 -3 -6 -42 -23 -21 51 -46 47 53 -48 -44 -51 -22 -53 -4 -14 -39 -12 -2 59 -38
right_child=14 3 46 17 5 8 7 37 26 10 56 -13 54 -15 20 -17 19 -19 21 43 35 42 -24 29 25 -27 -28 28 -30 31 -32 -33 -34 -35 -36 36 58 55 -40 -41 41 -43 49 -45 45 -47 48 -49 -50 50 -52 52 -54 -55 -56 -57 -58 -59 -60 -61
leaf_value=0.0060655198538262676 0.018396609143819402 0.026625749686371838 0.053734366431681918 -0.067585683373096256 0.054014282084101486 0.027072828705326832 0.085527745588447585 0.051323233283186831 -0.073124690743644902 0.065453382267526644 0.03165749761363703 -0.053448486932760608 0.043402997504105305 -0.068631279305556805 0.057580261454478601 -0.071916470345448277 0.012032089473056826 -0.05581284334497081 0.032478126530864813 0.043107807907485002 0.071388870562542395 0.055654371676061215 -0.019679619749720448 0.031080232031480345 -0.056411023645103676 0.041433150792502649 0.025292409098680708 -0.095687329091187184 0.028033929275249472 0.052658829304339329 -0.030437780795000591 0.016244981275741876 -0.058247571296389238 -0.078473994222232113 0.063973432509170897 0.057703092771408865 -0.061655666610738846 0.047955482629821147 -0.067568651360377902 0.057172338954959469 -0.02433740795459793 0.062449241258335779 0.035948523047213937 0.025418370414009708 -0.055705852921096671 0.058196493787664894 0.061979127697052383 0.028329145364177778 0.015214540313383491 0.027615243843117102 -0.077234068261064159 0.041457995296217111 0.054352328503124797 0.080033387395103656 0.070835505397226356 0.059736035696393124 0.052927061788581621 -0.0022189541631004455 -0.051610030655926932 -0.11636998456088804
leaf_weight=39035.509434323758 28.23163265734911 115.80317748710513 51.294815734028816 21.819928874727339 93.067012303508818 162.38970209448598 18.431606319732964 31.393392894417048 221.32986160658766 43.79914727434516 45.564149611629546 379.77191991196014 32.938591216225177 80.067582965828478 11.304445452988146 56.571588707622141 53220.58978702873 42.298083764733747 8.9394916668534261 323.86674515157938 65.072742914780974 26.966411620378494 268.96538524143398 430.50767506845295 94.33384684973862 33.506648691836745 25.245486481115222 23.699273599311709 75.879680166020989 662.73297855630517 78.118234635563567 146.69070767890662 38.852985795820132 78.775898674502969 68.319076560437679 46.11110320687294 6.0986682586371916 161.44791909889318 16.772826105356216 314.3659121952951 23.984205765184015 12.906075477600096 12.622060813009737 255.93440687656403 17.583691755775362 50.381386108696461 39.990906700491905 41.742778763175011 52.291024670004845 9.6644577234983462 9.7362583205103856 265.03646665299311 719.08637769939378 81.315911009907722 92.602571116760373 246.91227188892663 62.97346013225615 30.82934333756566 11.050782182719557 5.5420915959402919
leaf_count=122952 36 172 100 292 97 781 33 31 5700 94 83 3850 177 915 2 945 96344 1884 13 176 29 8 3561 964 2915 86 36 118 181 1272 742 433 2651 609 21 6 70 158 190 200 141 1 9 252 365 48 30 61 85 21 83 385 516 77 103 80 38 65 190 41
internal_value=0.0104237 0.0100032 0.00643513 0.0125662 0.0120765 -0.0166969 0.00613126 0.0344237 -0.0328075 0.00570148 -0.0235307 -0.0410165 0.00609858 0.00591074 0.0374634 0.0012642 0.0123908 0.0320929 0.00176542 0.0121248 0.0453668 -0.0298642 0.0118722 0.0349113 -0.0154559 -0.030605 -0.0629667 0.0394481 -0.00201999 0.0366619 0.0215809 0.046094 -0.0314294 -0.0668713 0.0381813 0.0486427 0.0126433 0.050415 0.00928784 0.0490415 0.0407868 0.0067398 0.0252786 0.0353652 0.050842 0.0282751 0.0522363 0.0605572 0.035981 -0.00106019 -0.0259649 0.0522708 0.0509304 0.0703765 0.0640773 0.0552193 0.0444143 0.00769443 -0.0772815 -0.0952456
internal_weight=98729.6 97219.4 40642.7 56576.8 55194.6 595.494 40376 602.799 465.537 39773.2 532.109 423.571 39241.1 39115.6 1510.21 218.961 54599.1 1382.17 274.085 54069.4 1236.12 146.705 53489.6 1339.87 146.272 127.84 246.575 529.748 99.579 1318.05 508.626 809.424 50.1574 87.7154 127.38 1185.96 68.8026 456.526 48.1662 430.169 129.957 36.8903 58.9892 579.801 1117.16 67.9651 266.635 174.354 92.2819 32.0228 19.4007 1049.2 984.123 132.611 125.541 408.36 108.538 59.061 22.6915 11.6408
internal_count=251518 246350 132058 114292 108705 7701 131705 3493 7462 128212 4065 3944 124147 123867 5168 1726 101004 5587 865 100333 4303 743 99905 3703 3034 3001 5736 671 299 3411 1706 1705 2653 622 122 1650 307 459 221 372 239 142 121 428 1343 413 353 238 115 113 104 930 901 177 280 238 121 101 301 111
is_linear=0
shrinkage=0.05


Tree=47
num_leaves=48
num_cat=0
split_feature=25 5 18 0 29 29 29 25 20 30 0 10 29 25 23 19 18 0 29 29 0 29 18 29 25 0 7 29 11 30 30 0 18 23 0 0 19 16 18 5 30 23 18 29 5 30 7
split_gain=432.011 266.002 307.38 267.118 453.142 295.049 353.631 210.796 202.582 180.602 312.404 237.496 199.768 188.63 169.878 163.267 230.584 273.266 158.276 150.404 140.182 131.036 121.011 120.623 116.83 90.3769 84.023 65.8886 40.2547 26.6058 107.801 36.5388 14.6166 42.221 14.5615 279.908 10.0139 8.45767 29.4073 6.9284 30.9758 5.65744 2.81915 1.8913 1.63704 1.41349 0.421336
threshold=55.500000000000007 1.5000000000000002 0.10867638885974885 3.8249999284744267 1.0000000180025095e-35 0.29499995708465582 0.39999997615814215 1.5000000000000002 1.910397529602051 546.18206787109386 3.3449999094009404 3.5500000715255742 0.39999997615814215 9.5000000000000018 1.4125367999076845 0.42447222769260412 10.555763721466066 5.2049999237060556 0.2750000953674317 1.7150000333786013 5.6250000000000009 0.070000052452087416 645.13391113281261 0.50000011920928966 6.5000000000000009 3.5949999094009404 4.6649999618530282 2.0950000286102299 4.5000000000000009 52.045431137084968 412.70111083984381 5.0050001144409189 6.6898856163024911 0.15091563761234286 4.5099999904632577 3.995000004768372 0.2256666645407677 0.49683544039726263 196.19973754882815 4.5000000000000009 678.97061157226574 7.710820436477662 0.23848652839660647 2.1749999523162846 11.500000000000002 475.31626892089849 4.7900002002716073
decision_type=2 2 2 2 2 2 2 2 2 2 2 2 2 2 2 2 2 2 2 2 2 2 2 2 2 2 2 2 2 2 2 2 2 2 2 2 2 2 2 2 2 2 2 2 2 2 2
left_child=1 2 27 4 7 18 -7 25 9 20 11 12 -11 24 -10 34 17 -17 -6 -2 21 -3 -23 -18 -12 -4 29 45 -15 36 31 44 -22 -34 35 -5 -21 38 -38 -32 -41 -16 -36 -39 -31 -1 -28
right_child=19 8 3 15 5 6 -8 -9 14 10 13 -13 -14 28 41 16 23 -19 -20 26 32 22 -24 -25 -26 -27 46 -29 -30 30 39 -33 33 -35 42 -37 37 43 -40 40 -42 -43 -44 -45 -46 -47 -48
leaf_value=-0.081956427965743511 -0.054619090436139363 -0.091918701150794674 -0.032665719201511553 0.15425876994543614 0.037314758330028022 -0.050949145473236937 0.004906041621996907 0.16216359745115083 -0.063042198606486563 -0.060007341881362343 -0.013015340492440186 -0.070266488848163625 0.01253931646704008 -0.068328683402235427 0.058473248043494512 -0.046595198508136426 0.012774304857581823 0.049750673364250445 0.21915000381856517 0.083138255364325286 0.055176255928082743 0.013161174485996189 -0.056749990703588632 0.0050155424123876444 0.021250062650160658 -0.0071133732508951641 -0.085709326713716324 0.015381321343622452 0.013811155513246957 -0.095714822108843411 0.073227109707781221 0.049075492111582034 0.046349546615859015 0.0054859454216314284 0.049177469944570701 -0.035692798438173655 -0.054035963658449065 0.048059764342624982 0.051704519330674617 -0.056842556983001037 0.071379342446642208 0.045059363167826758 0.064238848975176358 0.055486624909676777 -0.056573133831039402 -0.063218617083090414 -0.046753140086187209
leaf_weight=90.757447868585587 36.17462868266739 28.755716025829315 1066.8424743525684 28.803042605519295 528.07194026187062 286.64321199804544 19067.949941463768 14.299950383603571 32.690349597949535 95.271469540894032 1483.1850469848141 88.986309505067766 6638.9604807307478 163.35586577979848 272.58119849860668 341.7784581258893 19108.429536014795 92.791286781430244 11.311979252845047 29.849647825118154 133.44578669592738 39629.188740150537 61.002390896901488 6794.8921998403966 297.82514727720991 513.76365704834461 6.200496330857276 22.314034931361675 15.960070817847734 9.1571768000721949 45.737252250313759 7.0262227058410636 226.07662543654442 88.404737263917923 97.965512365102768 54.673813849687576 7.7875197564717373 208.4398520514369 25.704129036515951 5.735433620167897 15.246168490266427 150.85408718511462 91.023675009608269 491.09038730058819 17.211430611088872 41.082648303359747 8.0882893980015051
leaf_count=442 3305 119 10247 5 2764 2085 52382 52 579 909 4525 501 21944 1282 69 1064 42878 62 55 19 53 86575 194 12281 681 2365 40 36 105 87 17 1 118 119 67 163 924 196 23 217 4 74 52 175 1029 310 324
internal_value=0.00991929 0.00959882 0.00695784 0.00718444 0.00303751 0.00509391 0.00407597 -0.0225969 0.0121779 0.011868 0.00537164 0.0104262 0.0115035 -0.0122153 0.0453173 0.0105328 0.0101331 -0.0259445 0.041536 0.0441292 0.0132883 0.0129737 0.0130522 0.0107395 -0.00727388 -0.024373 0.0482643 -0.0633043 -0.060954 0.0502802 0.0255716 -0.0467681 0.0410837 0.0349319 0.0489772 0.0308395 0.0534785 0.0521523 0.0261188 0.0620095 0.0351103 0.0538236 0.0567578 0.0533525 -0.0733494 -0.076675 -0.0684852
internal_weight=98573.4 97659.9 48253.4 48099.2 21488.9 19894 19354.6 1594.91 49406.5 48950.4 8783.54 6823.22 6734.23 1960.33 456.126 26610.4 26337.9 434.57 539.384 913.449 40166.9 39718.9 39690.2 25903.3 1781.01 1580.61 877.274 154.154 179.316 862.985 100.114 33.3948 447.927 314.481 272.466 83.4769 762.872 733.022 33.4916 66.7189 20.9816 423.435 188.989 699.53 26.3686 131.84 14.2888
internal_count=251518 245157 127310 126522 69950 57286 54467 12664 117847 117125 29947 23354 22853 6593 722 56572 56285 1126 2819 6361 87178 86888 86769 55159 5206 12612 3056 788 1387 2692 1355 1117 290 237 287 168 1337 1318 947 238 221 143 119 371 1116 752 364
is_linear=0
shrinkage=0.05


Tree=48
num_leaves=57
num_cat=0
split_feature=25 28 20 1 28 9 0 1 17 24 26 0 1 27 28 1 26 1 13 28 16 28 10 27 7 28 19 16 13 1 19 8 26 25 18 12 1 27 26 24 1 3 7 26 0 1 7 11 26 0 1 16 8 16 2 7
split_gain=413.464 303.654 253.598 202.712 202.148 174.407 161.11 242.709 149.21 151.196 148.185 136.785 176.921 129.81 318.547 148.869 114.988 113.953 104.483 93.0575 91.155 88.3337 82.8087 79.2612 80.6138 77.6433 109.096 76.8833 74.3652 68.7549 51.9645 51.0512 49.9401 49.2424 46.7998 29.726 28.8743 53.7069 23.8984 47.9714 20.2797 29.355 13.3559 11.1681 17.8977 17.8736 8.99418 39.4596 7.80443 6.00044 4.99878 4.61005 3.32079 1.55985 0.811716 0.0533046
threshold=55.500000000000007 1.5000000000000002 1.910397529602051 578.12500000000011 24.500000000000004 2.0100002288818364 4.805000066757203 10.34500026702881 3.7697368860244755 -14.90000009536743 11.500000000000002 4.5099999904632577 18.875000000000004 4.8949999809265146 33.500000000000007 14.996500015258791 85.500000000000014 24.865000724792484 -0.099999938160181032 6.5000000000000009 0.58352187275886547 31.500000000000004 2.9974999427795415 4.2149999141693124 4.6649999618530282 11.500000000000002 103.2935256958008 0.39943820238113409 -0.080000001937150941 8.0005002021789569 25.691010475158695 4.7049999237060556 12.500000000000002 5.5000000000000009 98.871944427490249 1.0740020871162417 28.942000389099125 4.7750000953674325 213.50000000000003 26.050000190734867 82.764999389648452 21.500000000000004 4.560000181198121 1.0000000180025095e-35 4.6099998950958261 592.86999511718761 3.6550000905990605 1.0000000180025095e-35 96.500000000000014 4.3949999809265146 27.901999473571781 0.81844761967659008 4.3949999809265146 0.28381329774856573 4.5000000000000009 4.7900002002716073
decision_type=2 2 2 2 2 2 2 2 2 2 2 2 2 2 2 2 2 2 2 2 2 2 2 2 2 2 2 2 2 2 2 2 2 2 2 2 2 2 2 2 2 2 2 2 2 2 2 2 2 2 2 2 2 2 2 2
left_child=1 2 3 5 8 6 7 -1 9 25 29 12 -11 14 15 28 -17 -8 -13 22 34 27 -12 -2 36 35 -27 30 -6 -10 -15 42 -21 -33 -4 -3 38 -38 46 -40 41 -39 -7 44 49 -45 47 -25 -16 -5 53 -22 -48 -23 -31 -26
right_child=23 4 20 43 13 31 17 -9 10 11 19 18 -14 21 48 16 -18 -19 -20 32 51 50 -24 24 55 26 -28 -29 -30 54 -32 33 -34 -35 -36 -37 37 40 39 -41 -42 -43 -44 45 -46 -47 52 -49 -50 -51 -52 -53 -54 -55 -56 -57
leaf_value=-0.0015942158398304593 -0.050049010779992659 0.024773043160178282 -0.062518585698873558 0.049491478265052818 0.047289421235457305 0.060931448366355417 0.021721856114110843 0.0069124314019590174 0.037096328873269434 0.0045565130145134962 -0.0056850383050688338 0.054884243511476173 0.011425222588247083 0.021662623767026264 -0.09142151452452682 0.050256281027346097 0.0059446335204399216 0.00012892706909040132 0.016147339627492006 0.048780715001033967 0.058483300217468108 0.055551649513812119 0.057970805898687285 0.055764090738920094 -0.080930390391626528 -0.094265826046528667 0.027133881035769272 0.041141566613022512 -0.075437414268244213 -0.10957546370743104 -0.10398999443802254 0.036419109954148654 -0.074829209737181268 -0.039533086617950713 0.052254792437958546 0.054959894489459551 -0.067960438361007389 -0.07913701558757015 -0.050438065494733911 0.069919113455710211 0.065744986083642515 0.049187299705001297 0.037503068976423519 0.058542025686079059 0.026427057788608543 0.013777160425168314 0.058898591856603733 -0.015247977230000587 -0.056292511228400025 0.074176201094682231 0.048284071220664616 0.045628354036646362 0.050402160525571171 0.065754591645691085 -0.070614162479802109 -0.046647236092295236
leaf_weight=12896.49239907728 21.242223536828533 115.25779822282493 27.07842446048744 52.346073821187019 15.836565362522377 149.8157596392557 2241.1688283747062 23963.037575242459 14.07647483050823 12870.752924070926 57.858453892637044 178.15515519678593 34562.204622576362 12.846677475608884 26.811305737122893 459.17544941790402 215.54617554158904 840.53107742965221 6549.4824799029157 11.431463107466696 205.93778216093779 132.54158959537745 416.59650313202292 73.65517855156213 6.6066258132923386 23.454963769763708 75.055614709854126 49.846426256000996 46.654074280988425 15.502400398254396 20.263894280884415 53.49467509239912 23.282666028942913 34.065668153576553 12.061229426879434 307.88376906886697 14.154207159066571 6.5426388212945321 16.319552288390696 14.855439186096193 28.169237748719752 9.8844333635643125 117.75960137322545 39.853766463696957 41.579163312911987 51.768229246139526 306.23748814547434 25.877220230409876 69.503619426977821 82.684350445866585 121.10995288658887 158.05667044222355 348.78503016382456 198.80233401339501 13.294725073501466 8.2272833639290166
leaf_count=56371 2235 172 470 100 44 41 3694 69240 18 36964 214 119 59823 25 173 322 1558 1851 9022 4 48 76 319 43 69 140 156 34 609 72 140 48 204 140 9 198 264 158 2410 1 14 36 107 30 61 85 288 308 2094 77 73 77 193 63 72 342
internal_value=0.00943497 0.00912681 0.00584766 0.00545472 0.0114999 0.00516554 0.00485466 0.00393601 0.011029 0.0107672 0.0368774 0.0105086 0.00956167 0.0304772 0.0180928 0.0292874 0.0361377 0.015836 0.0171819 0.044413 0.0452622 0.0496783 0.050202 0.0435266 0.0459011 0.0375387 -0.00237747 0.0021514 -0.0440019 -0.0514748 -0.0558852 0.0400035 -0.033758 0.00670044 -0.0266049 0.046827 0.0479554 0.0137458 0.0504863 0.00714945 0.0407095 -0.00324358 0.0508173 0.0486996 0.0562065 0.0337248 0.0522583 0.037284 -0.0669617 0.0650778 0.0583573 0.0530553 0.0544658 0.0618678 -0.0947295 -0.0663787
internal_weight=98451.5 97571 40967.7 40564.6 56603.2 40296.4 39941.2 36859.5 55234.3 54682.2 552.043 54160.6 47433 1368.94 833.527 737.212 674.722 3081.7 6727.64 509.169 403.134 535.411 474.455 880.557 859.314 521.652 98.5106 82.957 62.4906 42.8736 33.1106 355.136 34.7141 87.5603 39.1397 423.142 844.48 58.7505 785.73 31.175 44.5963 16.4271 267.575 268.232 176.61 91.622 754.555 99.5324 96.3149 135.03 452.454 363.994 655.023 331.344 28.7971 14.8339
internal_count=251518 245157 132449 131845 112708 131492 131156 125611 107497 106594 903 105928 96787 5211 4800 2533 1880 5545 9141 741 604 411 533 6361 4126 666 296 199 653 162 165 336 208 188 479 370 3715 472 3243 2411 208 194 148 353 238 115 832 351 2267 177 212 125 481 139 144 411
is_linear=0
shrinkage=0.05


Tree=49
num_leaves=42
num_cat=0
split_feature=3 28 20 30 0 20 26 27 27 28 27 26 30 23 30 0 27 28 7 15 20 7 28 26 19 23 0 7 10 13 27 8 23 28 23 14 8 13 5 8 3
split_gain=352.754 291.968 305.019 260.565 244.591 230.238 164.605 554.095 271.406 153.76 156.551 229.39 199.083 139.625 137.231 123.525 122.696 302.103 122.188 115.86 195.937 106.406 82.5651 69.7071 76.973 66.8002 126.479 91.8018 55.8751 44.1369 31.3574 53.1883 16.1461 5.63146 5.60201 5.12827 50.0714 22.1189 4.7325 1.92861 0.711012
threshold=25.500000000000004 3.5000000000000004 0.97245931625366222 482.14103698730474 4.805000066757203 1.910397529602051 12.500000000000002 3.1950000524520878 3.2250000238418584 24.500000000000004 4.8300001621246347 21.500000000000004 273.75306701660162 1.4125367999076845 709.56390380859386 6.7500000000000009 4.8949999809265146 33.500000000000007 4.6649999618530282 1.5000000000000002 0.6214069426059724 4.8949999809265146 31.500000000000004 19.500000000000004 378.93545532226568 5000545597128705 5.3150000572204599 4.5950000286102304 2.6024999618530278 -0.0081681041046977026 4.2149999141693124 3.2350000143051152 11328260784783362 5.5000000000000009 6.9591054916381845 1.5000000000000002 4.2750000953674325 -0.0063196453265845767 46.500000000000007 4.3250000476837167 39.500000000000007
decision_type=2 2 2 2 2 2 2 2 2 2 2 2 2 2 2 2 2 2 2 2 2 2 2 2 2 2 2 2 2 2 2 2 2 2 2 2 2 2 2 2 2
left_child=1 4 3 9 5 6 19 28 -9 10 11 -3 -12 -7 -5 23 17 -11 29 21 -21 -1 -18 25 -25 27 -27 -6 -8 32 31 -31 -2 -4 -15 36 -32 -38 -35 -37 -20
right_child=18 2 33 14 15 13 7 8 -10 16 12 -13 -14 34 -16 -17 22 -19 40 20 -22 -23 -24 24 -26 26 -28 -29 -30 30 35 -33 -34 38 -36 39 37 -39 -40 -41 -42
leaf_value=0.0031556623396486357 -0.060304251881935139 0.018224828326271484 -0.066629554448046482 -0.090430093837534545 0.016153259174662402 -0.060980445605160888 0.035791255771782798 -0.057447270892492325 0.0077485576036338934 0.028322666519679913 -0.0016145929708259053 0.0093973255073715092 0.037645880057370004 0.056985829282108297 0.070049453949229984 0.051231514804803702 0.0020417729982971367 -0.066215996854648893 -0.084997489363980688 -0.05494946445768531 0.11812782055730556 0.032529756481159834 0.056923619334289459 0.017876730196484808 -0.10332631655862051 -0.063544993718232204 0.027709837613253241 0.05539565495598673 0.06398262473559789 0.055036036841233954 0.05491247693107168 -0.053657294966018523 0.043017847795925129 -0.10688213004171597 0.042881172747132629 0.062173639426184348 0.037998850648030547 -0.068400095255192639 -0.043920416388139635 0.05256263873595788 -0.049479815842846435
leaf_weight=32369.649099236354 12.092788823996672 13396.823500677943 38.06045367650222 87.568796422099695 4011.8710989281535 28.698760489234701 321.19231002032757 159.69835950993001 23949.418194544269 725.89274730230682 3227.3157426333055 16347.283003299031 357.76691063004546 233.30345845408738 14.881217956542967 259.29320386052132 81.439821320585907 94.638176018139347 11.288812584243717 157.61724065244198 17.273628445342183 310.32279060781002 440.40749885514379 26.042525107972324 24.744551029056311 72.138311788439751 78.019910991191864 154.12125065922737 405.60911776125431 25.179450511932373 118.85721802804619 18.739562337752432 4.4349584579467765 35.664026906946674 136.17341839522123 118.58519366360269 6.7994524100795415 12.454827324487267 5.7102506876690304 376.48619202896953 10.066573916003106
leaf_count=103425 235 17641 659 417 6821 558 475 679 63078 2579 6608 38612 434 62 1 84 201 2591 133 939 35 357 270 40 110 229 76 109 221 4 417 1343 1 273 77 91 41 234 898 160 300
internal_value=0.00898007 0.0087233 0.0123925 0.0126172 0.00668393 0.0058024 0.00554035 0.00861226 0.00731413 0.0128534 0.0121842 0.0133739 0.00231135 0.0436477 -0.0666197 0.0177481 0.0294441 0.0173454 0.043951 0.00321787 -0.0372521 0.00343573 0.0483886 0.0157476 -0.0419344 0.016437 -0.0162277 0.0176192 0.0515973 0.0476086 0.0495885 0.00838491 -0.0314216 -0.0848642 0.0519307 0.0524209 0.0428269 -0.0305585 -0.0995521 0.0549955 -0.071441
internal_weight=98283.6 97568.6 34853.5 34774 62715.2 58089 57690.8 24835.9 24109.1 34671.6 33329.2 29744.1 3585.08 398.176 102.45 4626.23 1342.38 820.531 714.985 32854.9 174.891 32680 521.847 4366.94 50.7871 4316.15 150.158 4165.99 726.801 693.63 677.102 43.919 16.5277 79.4347 369.477 633.183 138.111 19.2543 41.3743 495.071 21.3554
internal_count=251518 248559 71184 69354 177375 169906 169209 64453 63757 68936 63295 56253 7042 697 418 7469 5641 5170 2959 104756 974 103782 471 7385 150 7235 305 6930 696 2526 2290 1347 236 1830 139 943 692 275 1171 251 433
is_linear=0
shrinkage=0.05


Tree=50
num_leaves=61
num_cat=0
split_feature=26 27 1 1 15 27 18 19 23 1 26 1 26 28 0 1 30 26 27 1 30 1 7 0 1 7 30 26 28 1 10 26 0 0 19 1 1 1 28 26 1 17 1 27 30 30 28 0 30 18 0 0 26 10 28 28 26 0 9 27
split_gain=437.373 359.904 319.668 317.665 299.026 254.351 251.989 346.627 267.547 223.92 489.173 319.062 778.955 316.155 216.908 255.606 266.455 205.752 200.677 198.605 234.842 179.062 169.232 148.933 130.333 115.375 114.523 144.252 145.446 105.63 104.647 103.266 129.017 100.698 98.9316 91.7 177.537 83.2321 80.9648 63.9003 63.8486 83.3973 52.2573 47.411 74.6865 39.2006 58.3212 118.085 19.1396 15.0376 14.1235 13.7153 19.061 35.4812 13.5756 4.02896 3.08553 3.36771 0.874283 0.809311
threshold=10.500000000000002 3.0949999094009404 592.86999511718761 201.01999664306643 11.500000000000002 3.0049999952316289 0.10867638885974885 0.42447222769260412 3.5114949941635136 10.704999923706056 78.500000000000014 81.319999694824233 77.500000000000014 5.5000000000000009 4.805000066757203 49.004999160766609 48.795558929443366 85.500000000000014 4.2950000762939462 306.70500183105474 342.89244079589849 54.000499725341804 3.6950000524520878 2.685000061988831 284.25999450683599 4.6649999618530282 223.87168121337893 95.500000000000014 20.500000000000004 22.904999732971195 4.3500001430511483 18.500000000000004 3.495000004768372 5.9500000476837167 0.025833055377006534 9.004399776458742 8.9990000724792498 34.895000457763679 14.500000000000002 30.500000000000004 10.99900007247925 1.7888888716697695 38.004999160766609 4.5950000286102304 373.62516784667974 164.02229309082034 5.5000000000000009 4.1949999332427987 302.01588439941412 84.215389251708999 4.1949999332427987 4.4949998855590829 1.5000000000000002 4.2650001049041757 1.5000000000000002 1.5000000000000002 6.5000000000000009 4.7049999237060556 2.2750002145767216 4.1949999332427987
decision_type=2 2 2 2 2 2 2 2 2 2 2 2 2 2 2 2 2 2 2 2 2 2 2 2 2 2 2 2 2 2 2 2 2 2 2 2 2 2 2 2 2 2 2 2 2 2 2 2 2 2 2 2 2 2 2 2 2 2 2 2
left_child=2 5 6 4 9 23 8 29 34 10 13 17 -13 -3 15 16 -9 -11 24 33 -21 -17 -12 -2 -5 39 27 28 -20 40 -31 32 -25 -16 -1 36 59 55 -29 -6 41 -8 -41 48 -45 50 47 -47 -28 -7 -4 52 -52 -54 -37 -36 57 -53 -27 -10
right_child=1 3 45 18 25 49 7 14 35 11 22 12 -14 -15 19 21 -18 -19 26 20 -22 -23 -24 31 -26 58 43 38 -30 30 -32 -33 -34 -35 37 54 -38 -39 -40 42 -42 -43 -44 44 -46 46 -48 -49 -50 -51 51 56 53 -55 -56 -57 -58 -59 -60 -61
leaf_value=0.065359150524888568 -0.08266795610994114 0.001153790818241529 0.023700242549525109 -0.082845343814207231 -0.083160564776222967 0.05968231557183027 0.046831421099185137 -0.009469859444711853 -0.056482786697639731 0.015130281448932144 -0.062375369402937968 -0.0037217366085435821 0.02554429733539465 0.021927104930615907 0.012561061237352187 0.0289128225705199 0.0027301011575248217 -0.0053960708550401118 0.01351381876276541 -0.11678344130672116 0.034276738939130177 0.0062078077198583935 -0.0081836751471674758 -0.08037515507795015 0.050658247023611616 -0.085487578526583577 0.067003628776406393 0.050293920663842397 0.041347855443736897 0.028459140569642067 -0.10853435944662726 0.072158665146983811 0.072570948061812954 0.034844875107337372 -0.061228096693488436 -0.07083173668246838 0.12319262803362739 0.051168462219452288 0.0029701508180958042 0.046276813323595498 0.074027218248521168 -0.011259118953119075 -0.062933602120834348 -0.032223801505601925 0.050855492231446191 0.051708972624099937 0.049005235871796622 -0.10814614131550644 0.042332217915360015 0.079280604016696274 0.074731342323957964 0.040469591734345778 0.023791625323650242 0.067957816236444604 -0.10169025992081165 -0.11172835693610056 0.047986594159874656 0.020633448998199338 -0.048670889330747223 -0.083174777712879455
leaf_weight=64.109696596860886 43.532337188720703 8540.216260524001 60.893032625317574 69.937815487384796 8.9787373831495625 245.00808994472027 356.52680610865355 6415.6318554105237 26.253775279968977 25442.720778509043 359.80326888232958 8408.0066574122757 3115.1768928891979 2330.9049189630896 4206.5744324922562 927.59089791029692 14793.19156325981 1281.5300721097738 2911.5692943148315 60.886632174253464 43.341325640678406 13449.677440945059 240.77434486395214 35.29038143903017 23.818649396300316 11.825663445051761 212.75772996246815 586.31373155862093 559.42802192270756 35.902617827057838 21.446693904697895 56.825357999652624 21.267874479293823 576.42788553237915 16.234419245272878 88.760155960917473 15.998425167053936 17.902749195694923 107.24162113666534 764.42466885980684 159.93435519188643 74.119493965059519 10.246707557933403 42.229416847229004 71.490948155522346 21.874607793986797 47.95589305460453 22.432555347681046 139.96001487970352 204.42759534716606 99.459073305130005 48.933291956782341 90.514171183109283 94.874506771564484 86.770779833197594 10.770764470100401 48.85037849843502 47.508226066827774 9.577892888337372 15.122116421349345
leaf_count=19 200 24541 83 304 73 66 369 24774 265 45948 7838 18921 5228 3731 7298 1879 49386 13688 3946 263 49 30018 3359 160 33 138 86 218 312 44 93 37 25 414 119 535 7 12 171 4671 79 167 251 116 49 26 25 94 145 57 84 68 94 22 381 46 27 53 375 87
internal_value=0.00848075 0.0113804 0.00462855 0.0109592 0.00979927 0.049665 0.00411078 0.00446673 -0.0385718 0.00930915 0.00318128 0.0111468 0.00419114 0.00560992 0.00388523 0.00252837 -0.000960402 0.0141456 0.0233573 0.0137615 -0.0541915 0.00767494 -0.0407077 -0.00509537 -0.0486996 0.0400129 0.0248274 0.0221837 0.0180119 0.0407212 -0.0236682 0.0251064 -0.0225136 0.0152544 0.0258811 -0.0687438 -0.013469 -0.0305641 0.0429985 0.0431706 0.0470117 0.0368188 0.0447466 0.0483235 0.0199489 0.0413551 0.0112346 -0.0297153 0.0573754 0.068764 0.0469701 0.0501901 0.056709 0.0466643 -0.0866041 -0.0848185 0.0370753 0.0310614 -0.0721435 -0.0680888
internal_weight=97901.8 55855.3 42046.5 55248.9 50524.2 606.352 41463.2 41121.3 341.923 49719.1 11471.7 38247.4 11523.2 10871.1 40473.3 35586.1 21208.8 26724.3 4724.75 4887.23 104.228 14377.3 600.578 156.916 93.7565 805.054 4630.99 4164.55 3471 647.93 57.3493 113.384 56.5583 4783 109.018 232.905 57.3743 44.9079 693.555 783.65 590.581 430.646 774.671 466.438 113.72 583.296 92.2631 44.3072 352.718 449.436 491.033 430.14 284.848 185.389 175.531 27.0052 145.292 96.4415 21.4036 41.3759
internal_count=251567 134687 116880 134142 128762 545 116304 114833 1471 123254 39469 83785 24149 28272 114081 106057 74160 59636 5380 8024 312 31897 11197 422 337 5508 5043 4647 4258 752 137 222 185 7712 196 1275 359 177 389 4995 615 536 4922 396 165 576 145 120 231 123 431 348 200 116 916 165 148 121 513 352
is_linear=0
shrinkage=0.05


Tree=51
num_leaves=61
num_cat=0
split_feature=26 25 18 19 5 5 13 0 0 16 0 6 17 25 5 26 24 19 25 19 16 18 18 12 19 4 12 24 19 19 11 0 30 30 7 6 26 30 25 7 30 0 7 0 7 0 25 13 0 12 9 26 0 0 12 6 30 30 30 5
split_gain=397.636 306.609 239.958 304.197 222.772 183.424 181.334 180.968 174.97 163.869 162.847 152.466 148.247 119.384 265.317 198.232 147.129 162.578 281.901 147.59 142.408 309.787 234.316 127.796 112.876 85.312 116.399 84.75 74.2036 171.681 73.7971 149.287 69.8452 89.9099 75.0149 68.5888 60.7306 56.6855 225.577 55.897 41.1318 40.9487 104.875 94.2075 37.9691 46.6047 31.7631 32.8851 29.3439 25.6396 15.4876 38.5819 12.918 5.68696 5.20163 4.53685 1.17994 0.63249 0.621131 0.554176
threshold=10.500000000000002 55.500000000000007 0.10867638885974885 0.42447222769260412 6.5000000000000009 2.5000000000000004 0.099999915808439269 4.5099999904632577 8.0999999046325701 0.70026737451553356 4.3949999809265146 1.5000000000000002 3.3166666030883794 4.5000000000000009 14.500000000000002 47.500000000000007 -1.3987025618553159 573.22241210937511 7.5000000000000009 227.60542297363284 0.22081906348466876 7.0479683876037607 35.556377410888679 1.0323103070259096 34.706527709960945 2.5000000000000004 1.0285714268684389 -24.897501945495602 0.42447222769260412 0.52695000171661388 2.5000000000000004 3.495000004768372 52.045431137084968 578.71893310546886 4.6649999618530282 5.5000000000000009 165.50000000000003 3.1786957979202275 22.500000000000004 3.0949999094009404 688.56866455078136 3.3950001001358037 4.8949999809265146 3.995000004768372 4.4849998950958261 4.5099999904632577 7.5000000000000009 -0.0071428488008677951 5.0050001144409189 1.0217549204826357 1.1549999713897707 82.500000000000014 4.0965147018432626 4.0965147018432626 1.3489966392517092 1.5000000000000002 384.46917724609381 516.97836303710949 859.49645996093761 9.5000000000000018
decision_type=2 2 2 2 2 2 2 2 2 2 2 2 2 2 2 2 2 2 2 2 2 2 2 2 2 2 2 2 2 2 2 2 2 2 2 2 2 2 2 2 2 2 2 2 2 2 2 2 2 2 2 2 2 2 2 2 2 2 2 2
left_child=2 12 9 41 5 7 27 24 35 10 58 -9 13 14 15 23 17 19 -19 -15 21 -18 -22 -2 -5 56 -27 -7 55 -30 31 57 34 48 36 52 50 46 -39 -40 -35 42 -4 -43 45 -45 -32 -48 59 -46 51 -3 -6 -8 -52 -11 -16 -14 -1 -34
right_child=1 32 3 4 8 6 53 11 -10 28 -12 -13 30 16 25 -17 20 18 -20 -21 22 -23 -24 -25 -26 26 -28 -29 29 -31 37 -33 33 40 -36 -37 -38 38 39 -41 -42 43 -44 44 49 -47 47 -49 -50 -51 54 -53 -54 -55 -56 -57 -58 -59 -60 -61
leaf_value=-0.085664511367541663 0.013214015078530289 0.052543195078788421 -0.081225054068649466 -0.017431519489961782 -0.07400045482172668 0.082284859545040043 -0.065270359679698228 0.0099135913312097951 0.066515130370125172 -0.077990910691749585 0.044426513730370307 -0.055666988471868517 -0.094746403077024366 0.015522533229848843 -0.085326057808314246 -0.090272093867963032 -0.03478651452291779 0.040536825127489816 -0.016074859715383999 0.039788510187449319 0.0047237299913776391 0.0052909106660555833 0.016616951660092156 0.029925258799494064 0.0018754552514176207 0.04299107468185983 -0.06854903041740254 0.015317209624822926 0.11231168716535296 -0.064462997094964045 0.075956701918914404 0.036891892514890411 -0.082740668656301183 0.067281672294781755 -0.063996732769637799 0.0085294947985647181 -0.047802041539482809 -0.071597667411252106 0.057891966987008707 -0.010305625192694378 -0.04738789171049989 0.088692068947604119 0.061943263069765747 -0.031918460542881326 0.02872034763940632 0.040589129423173234 0.050519179542724502 0.015905133227292461 0.046731692664888809 0.054038467116843326 0.064469040404490419 -0.029714106924969692 -0.11402420927186659 -0.11181348511469283 0.051591014475162282 -0.10351624096096418 -0.066117456153652901 -0.05855029289395175 -0.058294493149150722 -0.055888677325178174
leaf_weight=22.592745073139668 16005.107521019876 46.332702308893204 22.950769113376737 778.04518590867519 100.92328779026866 46.962834112346172 21.73804534226656 9507.601937495172 26.334297180175781 82.554548912681639 88.832582116127014 88.458679974079132 27.176670826971531 1752.0896481222007 49.162735278252512 44.347549166530371 496.3319424034562 313.92095000855625 727.76355305407196 977.59723275341094 8312.3870563632809 15803.421008118661 8257.4207490507979 1232.5575131028891 26750.666071973741 48.626034882850945 43.240671178326011 3637.7687274236232 16.615102760493755 61.619204947724938 85.181062806397676 66.789221093989909 12.023816013708709 41.406516734743491 13.997427619295193 22.914225112646818 14.863752777571788 53.43525401270017 147.54904949804768 37.172727959346958 8.7803005515597743 92.372197687625885 26.447666436433792 44.292587503790855 232.38178165256977 42.378060013055801 268.54726263741031 94.295297401724383 5.9310269355773917 183.72787950187922 124.6033494095318 19.54900469025597 32.319993320852518 18.645998761057854 477.26181685039774 47.163721617311239 51.542359344195575 9.3008222195785475 17.81849716976285 25.978729698108509
leaf_count=110 29194 27 133 1972 596 14 161 18083 2 433 67 252 155 3998 245 210 4138 412 2767 1451 26359 38662 16533 2032 85793 56 295 7510 6 507 17 87 138 57 390 43 2240 386 30 296 882 74 6 126 260 48 242 316 1 108 31 186 142 80 262 209 329 69 145 2194
internal_value=0.00807365 0.010844 0.00440084 0.00474123 0.00420519 0.00445211 0.0150281 0.0033904 -0.0507627 -0.037545 0.00662506 0.0093028 0.0103982 0.0100838 0.0134852 0.0141368 0.0084612 0.0178152 0.0010033 0.0242263 0.00738729 0.00406818 0.0106516 0.0144109 0.00132899 -0.0447293 -0.00962862 0.0161942 -0.0649212 -0.0259135 0.0319011 -0.00740295 0.0417417 0.00124271 0.0471968 -0.0708695 0.0495745 0.0378255 0.0179755 0.0441596 0.0465884 0.0387985 -0.00476611 0.0424247 0.0337552 0.00353605 0.0483026 0.0416059 -0.05033 0.040014 0.0518177 0.027981 -0.0845231 -0.0890635 0.0543679 -0.0880307 -0.0762907 -0.0874593 -0.0754161 -0.0664163
internal_weight=97709.8 55695.7 42014.1 41676.9 41032.4 40849.9 3725.12 37124.8 182.492 337.196 129.244 9596.06 54905 54115.5 17474.6 17282 36640.9 3771.37 1041.68 2729.69 32869.6 16299.8 16569.8 17237.7 27528.7 192.572 91.8667 3684.73 207.953 78.2343 789.447 103.267 790.728 94.1204 696.608 156.158 682.611 686.181 238.157 184.722 50.1868 644.551 49.3984 595.153 502.78 86.6706 448.024 362.843 43.9336 416.11 667.747 65.8817 133.243 40.384 601.865 129.718 100.705 36.4775 40.4112 38.0025
internal_count=251567 134687 116880 115403 114648 113865 7765 106100 783 1477 322 18335 128279 126681 32361 31436 94320 8628 3179 5449 85692 42800 42892 31226 87765 925 351 7524 1155 513 1598 311 6408 3272 3136 781 2746 1287 712 326 939 755 139 616 542 174 575 558 2333 368 506 213 738 241 293 642 574 224 255 2332
is_linear=0
shrinkage=0.05


Tree=52
num_leaves=63
num_cat=0
split_feature=9 1 20 0 16 10 27 29 27 1 27 1 13 29 1 23 27 29 1 24 27 27 27 0 27 27 0 1 29 29 10 23 13 18 1 19 27 1 21 9 20 0 29 27 0 15 15 13 0 1 1 21 18 18 1 23 20 29 4 21 3 1
split_gain=301.343 276.645 280.728 305.685 234.029 277.236 210.604 289.854 252.583 369.37 323.43 196.97 190.693 200.577 179.926 173.391 173.06 607.726 344.269 169.195 161.394 164.23 157.532 153.661 256.038 290.186 135.944 132.673 232.136 438.883 269.518 189.094 159.769 110.491 294.614 171.018 117.015 119.191 110.314 85.2753 100.798 84.175 109.683 80.2837 76.391 59.7502 57.8854 55.3437 87.4996 97.0124 51.6377 32.7073 127.892 27.4825 65.6141 69.7091 38.1665 21.7252 12.9169 36.9482 31.5692 9.5422
threshold=2.0100002288818364 10.34500026702881 1.6236325502395632 3.1750000715255742 0.12414187937974931 3.5025000572204594 4.4949998855590829 1.6999999284744265 4.3849999904632577 162.95400238037112 4.3750000000000009 578.12500000000011 -0.0085714240558445436 0.39999997615814215 12.998000144958498 1.8907188773155215 4.6099998950958261 2.2750002145767216 60.003999710083015 -9.9925003051757795 3.054999947547913 3.6049998998641972 3.0949999094009404 4.805000066757203 3.5949999094009404 3.3249999284744267 3.9050000905990605 56.010000228881843 0.90499997138977062 1.7999998331069949 3.8999999761581425 0.061507884413003928 0.14999999105930331 175.86678314208987 25.704999923706058 374.37718200683599 4.805000066757203 130.26049804687503 1694784.6875000002 2.2000001668930058 0.45082464814186102 4.930000066757203 0.70000016689300548 4.805000066757203 3.2050000429153447 1.5000000000000002 8.5000000000000018 -0.092857141047716127 3.6450001001358037 6.0004999637603769 9.7150001525878924 1119502272.0000002 28.048137664794925 4.1498541831970224 32.815000534057624 11328260784783362 1.1465298533439638 0.070000052452087416 5.5000000000000009 67.837203979492202 10.500000000000002 1.9959999918937685
decision_type=2 2 2 2 2 2 2 2 2 2 2 2 2 2 2 2 2 2 2 2 2 2 2 2 2 2 2 2 2 2 2 2 2 2 2 2 2 2 2 2 2 2 2 2 2 2 2 2 2 2 2 2 2 2 2 2 2 2 2 2 2 2
left_child=1 2 3 12 6 16 7 11 10 -10 -9 14 19 50 -3 -4 20 18 -18 -1 38 -22 -15 24 25 -5 -26 31 30 -30 -29 -7 -33 34 -8 -36 44 -38 -6 47 51 42 -25 -19 -35 -43 -21 48 49 -2 -14 52 -41 58 55 56 -55 -13 -49 -60 -61 -17
right_child=39 4 15 23 5 27 33 8 9 -11 -12 57 13 22 -16 61 17 43 -20 46 21 -23 -24 41 26 -27 -28 28 29 -31 -32 32 -34 36 35 -37 37 -39 -40 40 -42 45 -44 -45 -46 -47 -48 53 -50 -51 -52 -53 -54 54 -56 -57 -58 -59 59 60 -62 -63
leaf_value=0.052674230749480293 0.021691117527367628 0.024027339681957263 -0.059729968362036159 -0.0034107430851114105 -0.070215141510348883 -0.11243529138635909 -0.092713898511739348 -0.0042123001940008453 -0.048912291375813668 0.034301059603632007 0.12929929345006816 0.048690745996187071 -0.022853064770824799 0.030282591953409876 0.003439345720927427 0.055477747028497337 0.0019904543329795367 0.031631389789653692 -0.046994752903296355 -0.066083176488375223 0.032595073853500418 0.017062936335602168 -0.0037854178394437586 0.036092235024182594 0.012626462483315018 -0.052283239443940421 0.0019520153128694527 -0.062841766244927322 -0.028036665299967546 0.015759915636452779 0.01296292946514168 0.013020135460747338 -0.08564312043528792 0.018915774757781403 0.018165860843769976 -0.029434700962411738 -0.0067307904107275348 0.017522397036956693 0.063248763415121853 -0.0935193693116768 -0.070400758440602784 0.0092021433268015176 -0.043697753899924197 0.0091900503101464623 0.010946391489760083 0.050598441480888469 0.01976556141528964 0.06209981854243414 0.048790062089423727 -0.10162939916857992 -0.055704543448707594 0.042310902946437592 0.043643806668073243 -0.087337873874988162 0.047418651934659356 0.046371609442661076 0.032840560727312222 0.018790926590456454 0.050718644922182747 0.036217327146279836 -0.019018165755747191 0.039384943024492094
leaf_weight=37.932131204288453 34.720119537785649 1119.6142443751451 38.57659053010866 2780.6185952182859 79.646590381860733 29.549699521623552 87.695381800993346 992.03576758527197 750.46000030031428 161.30505006015301 46.531329642981291 275.11083736270666 401.9249462056905 356.49338649213314 20077.424308189657 279.18644341826439 893.55447290325537 1336.7239807834849 597.91507478337735 241.64841086720116 1982.0743626020849 12118.313845025492 6670.1898805280216 710.30469019711018 6011.8801797034685 340.04675348172896 5922.0772938048467 121.18790862895548 1461.9870295349974 938.27326393011026 2903.9118973687291 5604.3510725435335 40.337416195776314 4175.6059655221179 589.72223843866959 276.23791431216523 1569.3785230778158 746.767703037709 18.294395864009857 25.008089065086097 37.429438587743789 1688.487860288471 44.965086104348302 570.16867635655217 10798.323721621186 91.066945718834177 20.831240374594927 132.36742907948792 62.953579247929156 27.983114829286933 171.75859974697232 78.833075920119882 48.025709852576256 27.992568452376872 113.5085603389889 24.991040512919426 7.905526597518473 80.937768116593361 441.89812236907892 81.425270805135369 36.81723794573918 163.19309078832157
leaf_count=20 47 3485 834 12598 496 141 698 2299 2367 188 11 330 4989 1236 54939 70 2166 1863 1808 2725 4272 27087 27706 1035 19592 1761 12801 495 5552 1446 3966 13615 310 6323 919 764 3208 1112 17 153 807 2887 130 1336 17190 62 461 56 30 149 1938 57 38 211 67 10 12 103 249 95 108 127
internal_value=0.00767918 0.00737129 0.00295988 0.0022448 0.00899756 0.0124738 0.00660766 0.00347829 -0.0149747 -0.0341637 0.00188329 0.00514894 -0.00592419 -0.00437605 0.00452811 0.040765 0.0163772 0.0062373 -0.0176622 -0.0449311 0.0188032 0.0192488 -0.00205223 0.00591453 0.00399584 -0.00875283 0.00733043 0.0062844 0.000692592 -0.0109149 0.00990472 0.011629 0.0122991 0.0106385 -0.00592123 0.00295926 0.0115525 0.00109091 -0.0448476 0.0327647 0.00196933 0.0173018 0.0312838 0.0249323 0.0131702 0.0113506 -0.0592018 0.0386249 0.0074972 -0.0339971 -0.0327772 0.0201824 -0.0038846 0.0431172 0.0250881 -0.0165528 -0.0605637 0.0419795 0.0476077 0.0440695 0.0189614 0.0496546
internal_weight=97596.5 96414.6 25971.2 25490.2 70443.4 28696.3 41747.2 23503.4 1950.33 911.765 1038.57 21553.1 7900.78 7600.37 21197 480.956 17596.7 3398.36 1491.47 300.412 14198.3 14100.4 7026.68 17589.4 15054.6 3120.67 11934 11099.6 5425.36 2400.26 3025.1 5674.24 5644.69 18243.7 953.656 865.96 17290.1 2316.15 97.941 1181.86 189.296 2534.82 755.27 1906.89 14973.9 1779.55 262.48 992.563 125.657 62.7032 573.684 151.867 73.0338 866.906 174.398 60.8891 35.8981 356.049 692.508 560.141 118.243 442.38
internal_count=251567 249478 90972 89941 158506 64570 93936 63722 4865 2555 2310 58857 39075 35869 58424 1031 39045 7173 3974 3206 31872 31359 28942 50866 46752 14359 32393 25525 11459 6998 4461 14066 13925 30214 2381 1683 27833 4320 513 2089 1055 4114 1165 3199 23513 2949 3186 1034 226 196 6927 248 191 808 300 233 223 433 508 452 203 197
is_linear=0
shrinkage=0.05


Tree=53
num_leaves=63
num_cat=0
split_feature=26 27 25 1 1 27 27 29 0 26 25 30 25 25 22 0 30 0 25 1 26 17 1 26 28 26 27 0 1 29 1 29 29 29 29 29 0 26 29 1 29 28 26 29 29 0 26 0 7 30 28 30 28 0 26 27 26 27 1 0 7 0
split_gain=346.377 327.014 295.397 315.155 277.774 236.862 204.263 375.249 281.211 211.064 235.24 259.723 220.539 204.772 202.837 252.501 195.99 255.398 227.238 193.66 682.306 309.452 290.634 684.736 199.351 194.538 182.8 179.381 236.427 165.604 139.218 332.803 339.154 165.755 261.344 165.389 135.868 134.758 122.642 119.592 116.514 230.264 167.247 104.426 119.408 96.0913 91.6088 117.625 64.0598 39.1062 107.638 35.6 55.1016 105.454 21.3318 16.6333 55.4952 40.8457 12.3913 9.35559 8.06809 0.327308
threshold=10.500000000000002 3.0949999094009404 55.500000000000007 201.01999664306643 592.86999511718761 3.0049999952316289 3.5949999094009404 0.39999973773956304 3.495000004768372 2.5000000000000004 3.5000000000000004 348.17691040039068 2.5000000000000004 1.5000000000000002 13.73277521133423 3.2050000429153447 538.62792968750011 3.8950001001358037 1.5000000000000002 10.704999923706056 77.500000000000014 1.6733332872390749 81.319999694824233 77.500000000000014 31.500000000000004 85.500000000000014 4.2950000762939462 3.0049999952316289 15.000500202178957 1.3999999761581423 31.003000259399418 0.78000009059906017 1.0000000180025095e-35 0.60000002384185802 0.20500004291534427 0.60500013828277599 2.685000061988831 7.5000000000000009 1.7150000333786013 284.25999450683599 2.1749999523162846 19.500000000000004 91.500000000000014 0.51499998569488536 0.54000008106231701 2.5049999952316289 18.500000000000004 3.495000004768372 4.6649999618530282 52.045431137084968 1.5000000000000002 164.02229309082034 5.5000000000000009 4.1949999332427987 8.5000000000000018 4.6949999332427987 1.5000000000000002 4.4949998855590829 25.704999923706058 4.5099999904632577 1.0000000180025095e-35 4.3949999809265146
decision_type=2 2 2 2 2 2 2 2 2 2 2 2 2 2 2 2 2 2 2 2 2 2 2 2 2 2 2 2 2 2 2 2 2 2 2 2 2 2 2 2 2 2 2 2 2 2 2 2 2 2 2 2 2 2 2 2 2 2 2 2 2 2
left_child=4 5 3 19 6 36 13 8 -8 27 12 -12 -11 30 43 37 17 -10 -18 20 21 -3 25 -24 -22 -21 39 28 -9 -29 31 32 -1 34 -32 -35 -2 -16 -4 -5 42 -42 -28 54 -45 -33 47 -38 49 58 -51 55 53 -53 -15 56 59 -58 -40 61 -7 -6
right_child=1 2 38 26 51 60 7 9 16 10 11 -13 -14 14 15 -17 18 -19 -20 22 24 -23 23 -25 -26 -27 40 29 -30 -31 33 45 -34 35 -36 -37 46 -39 48 -41 41 -43 -44 44 -46 -47 -48 -49 -50 50 -52 52 -54 -55 -56 -57 57 -59 -60 -61 -62 -63
leaf_value=-0.0076807075471760694 -0.080701834561670877 0.0019867430754587751 -0.053293158705724791 -0.080772373401372208 0.050170271507825208 0.073926249692386509 -0.060248661891482674 0.079278137684541505 -0.051776244950594991 0.0016437363660672588 -0.0070816578759835755 -0.062546328014813218 0.017053821805728502 -0.062975067799846129 0.068447879767540076 -0.070595711989912366 0.022664641747938748 0.011244140550285431 0.09001875662862624 0.013419211814220643 -0.064782696142846652 0.029575569332358748 -0.0043986290668597368 0.023339235322234596 0.035730216926706318 -0.0070234441457274607 0.020233939477090786 -0.030666431152406332 -0.06465407865940935 0.034583698009415402 0.0086149212480250408 0.011531928093171249 0.021433990414484239 0.15040942995881618 -0.053441598632629032 0.030041110109140453 -0.078333780610040177 -0.01710468448748587 0.053045703068026875 0.046948490573608635 -0.048786981447284716 0.055902775178565844 0.046048978971202498 0.098407453593032948 -0.024556467620960795 -0.068114038058280646 0.06743950589988057 0.067435960826744135 -0.064154662394625098 0.056382488868220261 -0.068221338546923527 0.047072855777402271 0.046928776551916428 -0.10379798079089693 -0.030843576209038739 0.05407466752943188 0.031983168534201432 -0.045048027329547713 0.023854388476396045 0.03192652755572211 0.05866898858944454 0.061754334416604877
leaf_weight=4875.0773690901697 42.810115590691566 9793.6687973369844 32.297315599396825 68.871458232402802 70.547587245702744 202.14972567558289 130.68038767948747 94.033149316906929 162.5420328527689 12848.404236022383 1448.5972325559705 246.20407964102924 2833.1788580827415 242.24234771355987 148.68355972319841 63.456334855407476 2023.744408942759 9473.4624359160662 132.72867281734943 25405.719495004974 459.23125892214011 1133.207773482427 8398.5789978140965 3025.6012788810767 54.548084815149195 1218.7266211056849 3544.8920430615544 1058.0625511184335 39.864941574633121 106.17513719946146 2571.9479195252061 44.182619988918304 1257.3776517212391 30.441033102571964 180.62905065715313 325.61978378891945 34.645436033606529 65.853839377872646 585.25034148164559 24.044609308242798 147.60402049869299 80.24192313849926 763.20432160049677 19.370911985635757 656.00739265605807 249.42623195052147 56.414022680372 21.654228940606117 12.316083388170226 47.972653884557076 25.830068621202372 21.884690210223198 46.735802948474884 22.557159602642059 70.417613603174686 218.84776182472706 35.568900540471077 31.491075366735458 41.949073124676943 66.905811160802841 230.16498195379972 61.904961660504341
leaf_count=23104 200 26490 3371 304 100 62 1143 397 749 29947 3413 1224 5574 2000 646 375 4476 16774 164 46052 10352 1986 18947 5172 336 13019 4195 3193 239 215 8608 220 6827 78 1077 853 160 332 1121 33 481 21 346 41 2928 1458 37 25 359 244 1111 26 25 94 249 97 32 78 202 70 61 54
internal_value=0.00730829 0.00990217 0.00950408 0.00907284 0.00388132 0.0469691 0.00340073 0.00548741 0.0124167 0.00106252 0.00251605 -0.0151741 0.00442909 -0.00251019 -0.0213952 0.0162787 0.0132275 0.0101753 0.0268523 0.00790544 0.00220065 0.00485084 0.00962055 0.00294848 -0.0540528 0.012483 0.0215486 -0.018377 0.0362271 -0.0246869 -9.68216e-08 -0.00420272 -0.00170779 0.00868437 0.00452292 0.0407383 -0.0058976 0.0422062 0.0407433 -0.0475198 0.0229747 -0.0118127 0.024818 -0.0320059 -0.020882 -0.0561134 0.0229299 -0.0219815 0.0450767 0.0470916 0.0123768 0.0383216 0.00946265 -0.029993 -0.0558757 0.0437031 0.0349944 -0.00424728 0.0511423 0.0481747 0.0659689 0.056044
internal_weight=97426.5 55451.6 54863.8 54118.1 41974.9 587.839 41398.4 30597.7 11923.2 18674.5 17376.4 1694.8 15681.6 10800.7 1266.03 277.994 11792.5 9636 2156.47 49489.3 11440.7 10926.9 38048.6 11424.2 513.779 26624.4 4628.86 1298.14 133.898 1164.24 9534.7 6426.06 6132.46 3108.64 2752.58 356.061 155.524 214.537 745.616 92.9161 4535.94 227.846 4308.1 988.038 675.378 293.609 112.714 56.2997 713.318 701.002 73.8027 576.444 91.1777 44.4418 312.66 485.266 266.418 67.06 627.199 199.358 432.315 132.453
internal_count=251567 134687 134142 127734 116880 545 116304 67508 23306 44202 40158 4637 35521 48796 6571 1353 22163 17523 4640 122354 39164 28476 83190 24119 10688 59071 5380 4044 636 3408 42225 31609 29931 10616 9685 931 422 978 6408 337 5043 502 4541 5218 2969 1678 222 185 3037 2678 1355 576 145 120 2249 431 334 110 1323 224 123 154
is_linear=0
shrinkage=0.05


Tree=54
num_leaves=60
num_cat=0
split_feature=25 26 1 29 1 18 19 23 5 25 30 1 26 29 5 26 29 1 5 25 1 29 30 29 26 29 29 5 5 1 10 26 19 5 16 23 1 1 1 30 7 1 30 30 30 26 23 5 3 29 29 1 1 29 19 6 9 18 30
split_gain=320.078 270.958 272.57 311.954 254.112 213.302 284.541 226.301 205.99 330.11 375.287 207.902 541.628 254.915 196.755 181.15 168.841 188.037 160.268 155.625 217.835 368.374 270.798 156.611 345.33 124.475 115.296 104.688 94.8894 91.9307 95.786 88.6351 86.5582 84.0467 82.7672 187.244 80.3637 146.065 72.853 66.3064 60.2854 57.6914 37.1716 92.2903 32.4889 47.1215 29.307 28.8921 25.2615 12.8605 37.2476 12.5982 19.0121 27.452 5.04802 4.5193 3.95889 3.60383 0.719519
threshold=55.500000000000007 10.500000000000002 177.30500030517581 0.5950000286102296 592.86999511718761 0.10867638885974885 0.42447222769260412 3.5114949941635136 18.500000000000004 25.500000000000004 488.60861206054693 81.319999694824233 80.500000000000014 0.66499996185302745 6.5000000000000009 141.50000000000003 0.50000011920928966 7.9995000362396249 2.5000000000000004 10.500000000000002 237.70500183105472 0.69999992847442638 244.70910644531253 2.1749999523162846 86.500000000000014 0.80000007152557384 1.7150000333786013 2.5000000000000004 9.5000000000000018 22.904999732971195 4.3500001430511483 8.5000000000000018 0.025833055377006534 15.500000000000002 0.25647738575935369 0.29344467818737036 9.004399776458742 8.9990000724792498 34.895000457763679 65.378124237060561 4.6649999618530282 10.99900007247925 52.045431137084968 578.71893310546886 164.02229309082034 5.5000000000000009 0.14707475155591967 32.500000000000007 71.500000000000014 0.5950000286102296 0.39499986171722418 25.704999923706058 28.942000389099125 2.3899999856948857 0.28072749078273779 1.5000000000000002 1.1549999713897707 84.215389251708999 1.6046600937843325
decision_type=2 2 2 2 2 2 2 2 2 2 2 2 2 2 2 2 2 2 2 2 2 2 2 2 2 2 2 2 2 2 2 2 2 2 2 2 2 2 2 2 2 2 2 2 2 2 2 2 2 2 2 2 2 2 2 2 2 2 2
left_child=1 4 3 16 5 7 29 32 11 10 -10 13 -13 -5 18 -11 17 -3 -8 20 21 46 -23 34 33 27 -2 -22 -19 41 -31 -16 -1 -25 47 -36 37 -9 -34 -27 42 -7 51 48 49 -46 -4 -21 -44 50 58 54 -53 -54 -28 -38 -56 -18 -6
right_child=26 2 19 8 44 6 14 36 9 15 -12 12 -14 -15 31 -17 57 28 -20 23 25 22 -24 24 -26 39 40 -29 -30 30 -32 -33 38 -35 35 -37 55 -39 -40 -41 -42 -43 43 -45 45 -47 -48 -49 -50 -51 -52 52 53 -55 56 -57 -58 -59 -60
leaf_value=0.06153017516070132 -0.053084101789769682 -0.078855286601615615 0.018651034012357844 -0.034475956066005023 0.045240145922841174 0.032887593926552522 0.0022615658775661865 -0.066162240370203143 -0.032505923395248625 0.020597490952118755 0.014548949590185215 -0.0045350759602944728 0.025479141132727218 0.010299363092708493 -0.0099391684813362677 -0.046238879450641208 0.054652509982387625 0.032181573825593966 0.01323116252822118 0.037775157773623586 0.024840139631604256 -0.039995955376193298 0.01696040840976144 -0.030525788518840021 -0.094748010020372836 0.019125925013592095 0.077229939234777001 -0.0068446316398833411 -0.048123562953208854 0.026937036147584883 -0.10455915698092909 -0.081009833475690615 -0.081823126942916172 0.046775176901610739 0.038492971867476099 -0.024729565406954507 -0.075086315329962613 0.10606850358154732 0.047572764057469824 0.042691773751540964 -0.063378354220807814 0.0685985423682684 -0.067455391121582081 0.06379743439775358 -0.027617252156080581 0.043852439070167275 0.055014177751527449 0.055993510063218746 0.044478093172672262 0.051859056564349915 -0.0064889099177448369 0.052817207166658602 -0.067953264669362815 0.046930318468065453 0.035077694791246609 -0.098521985752073535 0.052607271526043824 0.065979818605479842 0.036276647246033335
leaf_weight=61.355090260505676 30.843963044229895 45.076049666851759 78.135853573679924 319.78863553702831 164.30076672136784 423.80615520663559 36569.764800675213 38.266102258116007 1350.9839795534499 1172.4661463741213 616.29645142424852 7466.2062323130667 1880.8921642489731 34997.458728430327 79.798983253538609 109.98639916186221 227.39763771742582 504.03750252723694 3662.6652301251888 1081.9799959436059 526.99004925787449 590.48233630508184 321.60705259442329 44.551332283765078 76.660734124481678 522.34715089946985 23.533705600071698 513.93136246502399 38.752439767122269 35.25219751149416 21.458032809197903 97.786964436993003 25.938082883134484 155.03997714072466 365.96977159380913 171.08812961727381 122.68542889691889 16.933946132659912 17.344169110059738 707.49404487013817 11.86725630215369 156.41018588095903 27.675114274141379 38.68014900945127 43.963439948856831 46.343147113919258 206.48382914066315 281.53632690012455 5.3294679790269575 199.56849166750908 45.437778756022453 22.702364320866764 9.9351022653281689 8.9275502702221274 45.359894678927958 46.372097425162792 494.07568224065471 185.86728246510029 71.28781770169735
leaf_count=19 3371 227 87 1016 203 536 105557 352 8581 5376 3426 16923 3416 74640 261 6805 81 623 7741 794 492 1637 582 130 325 597 18 786 150 44 93 522 165 113 243 393 711 7 12 606 359 79 1327 16 118 27 90 65 12 93 76 25 173 4 303 205 800 75 59
internal_value=0.00695709 0.00670917 0.00903227 0.0078313 0.00368729 0.00322955 0.00355141 -0.036814 0.00725354 -0.00489825 -0.0177624 0.0081379 0.00150615 0.00989283 0.00302816 0.01483 0.035443 0.0181646 0.00326064 0.0194361 0.0128493 -0.00440828 -0.0199108 0.0299152 -0.00522951 0.0219443 0.0401748 0.00920015 0.026361 0.0366849 -0.0236815 -0.0493364 0.0237155 0.0294295 0.0350263 0.0183346 -0.0650588 -0.0122901 -0.029955 0.0327104 0.0444334 0.0426243 0.0464236 0.0120895 0.0367894 0.00908309 0.0451493 0.0415788 -0.0484572 0.0419555 0.0347459 0.05046 0.0228996 -0.0137027 0.0524417 -0.0820856 0.0512101 0.059906 0.0427138
internal_weight=97225.2 96506.2 54559.5 48915.2 41946.7 41375.8 41046.9 328.895 47914.1 3249.73 1967.28 44664.3 9347.1 35317.2 40410 1282.45 1001.13 587.866 40232.4 5644.3 3467.47 1196.71 912.089 2176.83 276.252 2270.76 718.93 1040.92 542.79 636.927 56.7102 177.586 104.637 199.591 1900.57 537.058 224.258 55.2 43.2823 1229.84 688.086 580.216 676.219 71.6847 570.901 90.3066 284.62 1363.52 33.0046 480.595 281.026 604.534 41.565 18.8627 562.969 169.058 539.436 413.265 235.589
internal_count=251567 245159 128279 121339 116880 116304 114833 1471 120183 24188 12007 95995 20339 75656 114081 12181 1156 1000 113298 6940 4877 2396 2219 2063 568 2481 6408 1278 773 752 137 783 196 243 1495 636 1275 359 177 1203 3037 615 2678 1355 576 145 177 859 1339 431 338 1323 202 177 1121 916 1103 156 262
is_linear=0
shrinkage=0.05


Tree=55
num_leaves=44
num_cat=0
split_feature=25 24 1 18 18 26 1 26 25 18 26 1 28 28 1 1 6 1 26 26 19 28 12 25 7 19 22 27 7 28 1 27 20 19 15 27 13 23 27 28 27 26 27
split_gain=294.433 229.681 191.821 340.353 250.875 261.923 240.67 341.505 341.205 295.902 235.731 555.659 535.602 305.46 231.973 299.226 214.889 210.682 194.694 186.603 176.518 149.701 131.922 96.4316 149.714 88.9242 145.662 57.3709 57.718 49.8985 38.5921 30.4598 185.68 27.3577 21.8856 7.38554 56.1341 5.05724 4.40314 4.09106 0.95936 0.118175 0.0100115
threshold=55.500000000000007 -16.890714645385739 3.0004999637603764 55.239953994750984 84.215389251708999 13.500000000000002 7.9995000362396249 75.500000000000014 2.5000000000000004 610.29138183593761 80.500000000000014 52.004999160766609 19.500000000000004 14.500000000000002 81.319999694824233 190.89499664306643 1.5000000000000002 1.0013224482536318 73.500000000000014 13.500000000000002 859.49984741210949 5.5000000000000009 1.1997408866882326 7.5000000000000009 3.7050000429153447 383.11721801757818 13.709521293640138 4.2149999141693124 4.6649999618530282 14.500000000000002 23.819000244140629 4.6949999332427987 1.3732632994651797 4.5424151420593271 1.0000000180025095e-35 4.7900002002716073 -0.027467036619782444 0.18540498614311221 4.4949998855590829 1.5000000000000002 4.1949999332427987 151.50000000000003 4.1949999332427987
decision_type=2 2 2 2 2 2 2 2 2 2 2 2 2 2 2 2 2 2 2 2 2 2 2 2 2 2 2 2 2 2 2 2 2 2 2 2 2 2 2 2 2 2 2
left_child=1 23 3 16 42 17 7 8 19 -10 14 12 -12 -13 21 -16 18 -6 22 -4 -7 -8 -3 30 25 34 -27 -2 29 31 -1 32 41 -32 37 39 -37 -25 -9 -33 -28 -29 -5
right_child=27 2 6 4 5 20 10 38 9 -11 11 13 -14 -15 15 -17 -18 -19 -20 -21 -22 -23 -24 24 -26 26 40 28 -30 -31 33 35 -34 -35 -36 36 -38 -39 -40 -41 -42 -43 -44
leaf_value=0.06680025679259928 -0.048824258901881197 0.04332204883961141 -0.016248475560015348 -0.070449254364488303 -0.055021966113619383 -0.04013637830128286 0.0060217559380670799 -0.056000482007316048 -0.00047364785372363801 0.036385494476155071 -0.039616959132697638 0.030225673753597172 0.024218788906146281 -0.01095555278133379 -0.0031631854330916296 0.00869649358975331 -0.080491640077885007 0.001540868560935665 -0.064048837928606231 -0.076199413513951722 0.030782123369740927 0.013144766996251273 -0.0020024622744176097 0.03286699974927014 -0.086711314868551867 0.054939557739557304 -0.067014136876501401 -0.075669439525990423 -0.06150863106525041 -0.058173542340032629 0.061099536807895129 0.069850857597523838 0.054781620713353879 0.010422668564398855 0.056660698831769878 0.056475879159142678 -0.070578140008235798 0.00047850011324744178 -0.072324729062394552 0.052713568181512321 -0.10233332704259766 -0.042726916644829166 -0.088503479134497007
leaf_weight=221.68191976845264 17.056631001993082 1491.7875916147605 1392.4553608763963 43.447216934524477 231.19890338554978 96.558436081279069 49161.588356670924 136.64250174025074 2999.1998447235674 664.20535572618246 756.46282641310245 3639.2401206898503 579.36343623651192 513.14983582799323 14615.369460003451 8359.7028177678585 39.848711189348251 565.00264046341181 46.739676905330271 142.36541919410229 877.45006232708693 8680.6974157365039 179.55709562730044 23.212512947618961 31.211497960612178 32.182306230068207 14.328524065203963 30.27074933052063 12.352684605633838 10.877000132924875 43.165642395615578 53.526468753814697 132.48745528329164 69.156202211976051 131.83472379762679 48.931561164557934 9.6027358685387281 24.693076997995377 101.0886628178414 342.3642142994795 20.711786850355566 5.7442681463435283 43.042993313632905
leaf_count=73 2300 2159 9322 260 1541 332 121454 4366 10170 1402 11622 4075 4173 2883 34292 14397 365 2517 940 728 1461 13366 643 32 221 19 89 260 425 1240 15 6 60 99 91 92 529 68 1572 436 117 1068 264
internal_value=0.0063126 0.00608286 0.00588658 0.0171838 0.00224836 0.0063324 0.00544123 -0.0047618 -0.00207494 0.00621596 0.00608397 0.0161113 -0.0119295 0.0251339 0.00540278 0.00115205 0.0329452 -0.0149258 0.0356244 -0.0218586 0.0237125 0.00709104 0.0384514 0.0365887 0.0147415 0.0278814 -0.0209028 0.0394899 0.0419007 0.0440177 0.0546708 0.0459004 0.0274229 0.0303094 0.046169 0.0526657 0.0347129 0.0166256 -0.0632367 0.0552134 -0.0902897 -0.0718466 -0.0804002
internal_weight=96631.6 95968.3 95356.2 3614.63 1856.7 1770.21 91741.5 5435.96 5198.23 3663.41 86305.6 5488.22 1335.83 4152.39 80817.4 22975.1 1757.93 796.202 1718.08 1534.82 974.008 57842.3 1671.34 612.178 278.174 246.963 67.2226 663.214 646.157 633.804 334.004 622.927 168.502 112.322 179.74 454.425 58.5343 47.9056 237.731 395.891 35.0403 36.015 86.4902
internal_count=251544 245128 244304 10482 6375 5851 233822 27560 21622 11572 206262 22753 15795 6958 183509 48689 4107 4058 3742 10050 1793 134820 2802 824 637 416 225 6416 4116 3691 187 2451 1388 114 191 1063 621 100 5938 442 206 1328 524
is_linear=0
shrinkage=0.05


Tree=56
num_leaves=49
num_cat=0
split_feature=15 23 0 1 18 12 1 26 1 0 5 26 18 26 26 1 9 13 9 8 27 18 8 30 26 16 2 0 1 1 27 0 29 10 0 13 9 15 4 10 1 0 1 23 23 18 12 29
split_gain=239.383 208.361 213.067 165.05 290.094 246.198 237.804 276.212 451.617 235.1 484.517 304.26 231.787 235.812 207.527 185.198 131.095 113.07 101.107 100.37 83.7504 82.453 118.354 87.7399 72.9395 65.2668 65.1396 59.2979 51.924 78.6294 91.5083 81.9667 61.3396 49.8688 39.4522 49.9187 67.0727 44.2135 83.0536 24.3061 22.3654 22.1508 20.8142 15.2727 45.2245 10.9019 8.56307 0.38284
threshold=11.500000000000002 7064451060596737 5.4100000858306894 3.0004999637603764 55.239953994750984 1.1997408866882326 7.9995000362396249 80.500000000000014 72.005001068115249 3.1950000524520878 2.5000000000000004 59.500000000000007 84.215389251708999 13.500000000000002 67.500000000000014 89.005001068115249 1.6949999332427981 0.049999963492155082 0.99999988079071056 4.6649999618530282 4.6949999332427987 0.17918055504560473 4.8949999809265146 0.32286417484283453 33.500000000000007 0.3158369660377503 4.5000000000000009 7.2500000000000009 47.002500534057624 114.00650024414064 4.7900002002716073 6.0499999523162851 0.29999983310699468 4.6100001335144052 3.8950001001358037 -0.2000000327825546 2.3949999809265141 1.0000000180025095e-35 5.5000000000000009 3.2024999856948857 24.005000114440922 2.5949999094009404 15.000500202178957 1.3521385788917544 0.28822696208953863 0.62273192405700695 1.5847063064575198 1.6900001764297488
decision_type=2 2 2 2 2 2 2 2 2 2 2 2 2 2 2 2 2 2 2 2 2 2 2 2 2 2 2 2 2 2 2 2 2 2 2 2 2 2 2 2 2 2 2 2 2 2 2 2
left_child=1 2 3 4 5 14 9 15 -9 10 -5 -11 -6 -14 -1 -8 17 18 21 24 -7 22 -3 -23 -2 -26 47 28 32 30 -30 -31 40 -19 35 36 -18 45 -39 43 -4 -41 -34 44 -27 -37 -45 -20
right_child=19 16 27 6 12 20 7 8 -10 11 -12 -13 13 -15 -16 -17 34 33 26 -21 -22 23 -24 -25 25 39 -28 -29 29 31 -32 -33 42 -35 -36 37 -38 38 -40 41 -42 -43 -44 46 -46 -47 -48 -49
leaf_value=0.04102171173175051 -0.083572424028229564 -0.099790535627689428 0.017876153365367038 0.0020106055286100797 -0.078086698369202359 -0.060862321658701139 0.0060936754274288976 -0.0061542439107272386 0.025069494347587103 0.01122790966181003 -0.040968888165364953 -0.045365405461496172 -0.014132873619540002 0.022601989718613831 -0.065004953816436256 0.00061343765533123295 -0.069472523591458904 -0.11274715813165875 -0.079959933645960005 -0.068487196581718354 0.012055329205528306 0.052990637688716792 0.019967180234369511 0.015374581777492752 -0.055039289209450219 0.051388836767904469 0.027054046798718274 0.054916618196182848 -0.098881063585589873 0.027272384399413881 0.018739490042063201 -0.049194240030850177 0.023497952358657481 -0.0014250309381722613 0.05928563122130949 0.055758328046877463 0.043528177958003678 0.045282426992093103 -0.047645858984430307 0.049307786861745181 -0.015572308860346887 -0.057524476467670588 0.045166619139217386 0.040774789258892441 -0.061342976891808412 0.0358227984748015 0.053854232297992022 -0.12083136040864434
leaf_weight=1422.48178170342 10.944525528699158 34.005768150091171 598.07510951161385 1574.5476727513596 84.555024493485689 86.335242993780412 56753.499196862802 1626.838156745187 4013.3345322099049 2272.75362526346 1122.3475505140377 264.18513234553393 789.03843724355102 976.17430153861642 46.796308288699947 21168.586908475496 25.840146915987134 24.064956726506352 14.082229040563108 21.430274138925597 71.028316582902335 187.29912421107292 49.473029248416424 892.25543518736959 16.186135344207287 26.13082185620442 13.706316083669661 136.04038235545158 35.572297170758247 218.72999964654446 29.577429205179214 40.714435242116451 169.36044937511906 17.00189733505249 194.8884345870465 175.22521339356899 24.729447096586227 60.126239091157913 38.629970280453563 7.4409008063375977 53.606644436717033 10.425712439930065 350.37831523269415 261.85436357161961 12.248595398152245 130.79060892947018 304.65470338845626 13.473226591944693
leaf_count=2154 94 149 754 8439 529 795 134795 17675 6093 6580 8952 3641 4052 1804 821 44979 91 117 69 635 416 107 87 1310 2863 84 30 33 155 228 33 101 164 28 68 48 14 43 146 2 118 653 197 730 390 115 100 63
internal_value=0.0060069 0.00579812 0.00546659 0.00514962 0.0158363 0.031232 0.004731 0.00537861 0.016063 -0.00560672 -0.0158826 0.00531702 0.00228546 0.00618021 0.0375995 0.00460499 0.0222072 0.0126829 0.0154893 0.0357403 -0.02805 0.0182392 -0.0293617 0.0219485 0.0392848 0.0415244 -0.0605022 0.0233706 0.0204638 0.00274006 -0.0459307 0.0151105 0.0253642 -0.0679075 0.0403936 0.0321846 -0.0143437 0.0380309 0.00876878 0.0441264 0.0150974 -0.0125118 0.038174 0.0458255 0.01464 0.0473986 0.0478999 -0.103651
internal_weight=96471.5 95800.1 93904.6 92272.5 3476.41 1626.64 88796.1 83562.3 5640.17 5233.83 2696.9 2536.94 1849.77 1765.21 1469.28 77922.1 1895.59 1245.36 1204.3 671.316 157.364 1163.03 83.4788 1079.55 649.886 638.941 41.2618 1632.06 1496.01 324.594 65.1497 259.444 1171.42 41.0669 650.23 455.342 50.5696 404.772 98.7562 622.755 651.682 17.8666 519.739 604.888 38.3794 306.016 566.509 27.5555
internal_count=251544 245993 243508 241725 10571 4186 231154 203542 23768 27612 17391 10221 6385 5856 2975 179774 2485 1960 1815 5551 1211 1653 236 1417 4916 4822 162 1783 1750 517 188 329 1233 145 525 457 105 352 189 1959 872 655 361 1304 474 163 830 132
is_linear=0
shrinkage=0.05


Tree=57
num_leaves=46
num_cat=0
split_feature=25 24 0 1 1 23 12 21 29 1 25 1 12 0 12 23 9 29 25 7 19 22 12 20 29 9 17 21 7 1 1 29 19 0 27 3 29 20 22 9 27 23 20 29 27
split_gain=275.218 211.516 171.623 191.565 279.621 267.721 431.346 265.816 263.937 352.554 291.909 178.153 145.102 122.349 115.243 130.621 116.046 103.962 89.4702 137.556 81.4421 134.271 80.1971 80.6847 78.3503 70.9213 64.0341 105.803 50.7017 36.553 29.209 52.1454 25.8999 13.8817 12.6343 29.0945 8.50693 98.6439 8.39872 36.3359 6.89581 31.7517 4.11436 1.43149 0.102385
threshold=55.500000000000007 -16.890714645385739 4.4949998855590829 3.4415000677108769 25.005000114440922 7064451060596737 1.2858411073684695 0.75367066264152538 1.6900001764297488 35.895000457763679 12.500000000000002 0.99900001287460338 1.0606296658515932 6.6499998569488534 1.2056809067726137 223607204610048.03 1.2999998331069949 1.7150000333786013 7.5000000000000009 3.7050000429153447 383.11721801757818 13.709521293640138 1.2173913121223452 0.63071823120117199 1.800000071525574 0.50000011920928966 1.4758064746856692 1.9952625632286074 4.6649999618530282 23.819000244140629 20.625000000000004 2.1749999523162846 4.5424151420593271 7.2500000000000009 4.3949999809265146 1.5000000000000002 2.1749999523162846 1.3732632994651797 13.382707595825197 1.1999999284744265 4.7900002002716073 630210416345088.12 0.56401908397674572 1.6000000238418581 3.0449999570846562
decision_type=2 2 2 2 2 2 2 2 2 2 2 2 2 2 2 2 2 2 2 2 2 2 2 2 2 2 2 2 2 2 2 2 2 2 2 2 2 2 2 2 2 2 2 2 2
left_child=1 18 3 7 5 6 -5 11 9 -6 -10 44 -13 22 16 -16 -9 -2 29 20 34 -22 23 25 -7 -4 27 -24 30 -1 36 -32 -31 -15 -20 -36 37 -19 -33 -40 42 -42 -38 -23 -3
right_child=17 2 13 4 8 24 -8 14 10 -11 -12 12 -14 33 15 -17 -18 28 19 -21 21 43 26 -25 -26 -27 -28 -29 -30 32 31 38 -34 -35 35 -37 40 -39 39 -41 41 -43 -44 -45 -46
leaf_value=0.064652155343144849 -0.053803315031014425 -0.050269303906712061 0.0091702369360062742 6.9329253878898291e-05 0.014263642018457746 0.0059717890887866238 -0.040564565391411317 0.033875390659528819 0.0062738575504708754 0.00043761668254271982 0.019829596441117137 0.011774506370543595 -0.034042283364513024 0.030129463792166425 -0.063440542596924679 0.030671747674939766 0.090622308763643314 -0.070926811477393617 0.061412132140189549 -0.084628575098043127 0.052951011941952578 -0.071868521967389604 0.037960310170793231 0.064903103931008593 0.038136974555144268 -0.014767235418082926 0.066700690960512538 -0.055398880652669347 -0.060660547407404543 0.059212860180438878 -0.065552251275554266 0.053333685052948381 0.0094889925632703261 0.05441040658706179 0.0010629326339327528 0.053961140884272063 0.064476584726748346 0.054207829124492304 -0.073964583182468513 0.047667468599525038 -0.051685870407604528 0.05572296390715941 0.051031336913994224 -0.10975594535755639 -0.070968990999181178
leaf_weight=216.50437788665295 28.05261855374556 14.859041348099707 15749.437377424911 27452.072735341266 5787.9081143047661 284.12797840777785 668.0247877369402 1073.3686400929 11220.733763597906 22659.170937361429 6148.7431415948085 2076.6195239974186 187.4767246551346 108.87111812829971 61.19362701033242 89.532169393263757 98.035539640579373 17.155219202511944 67.589805293828249 30.446440910920501 31.600375704467297 22.680329883471131 134.27594061754644 63.166541419923306 571.37028280459344 314.60848463186994 104.70984087628312 38.147708240896463 10.651719092857091 42.176765263080597 14.682350043440236 33.136174855753779 68.536567211151123 146.21680257469416 43.347134879790246 64.826634675264359 121.25945583637804 121.8688535609981 7.353295475710186 22.262047800468281 8.0285294604254869 28.961600309237838 209.82349116750993 11.769466901198028 64.419107717461884
leaf_count=73 3395 277 29313 98461 13607 570 5541 2055 19765 55693 8649 6295 1136 83 599 168 42 946 50 221 19 146 146 43 498 700 64 141 371 15 254 22 99 35 100 41 35 83 146 109 863 7 185 60 423
internal_value=0.00571477 0.00549883 0.00531196 0.00433306 0.00378589 -5.82954e-05 -0.000897205 0.0154923 0.00621711 0.00325127 0.0110737 0.00537108 0.00796512 0.00992123 0.0334099 -0.00767053 0.0387021 0.0388088 0.0350831 0.0138074 0.0265195 -0.0205394 0.00938484 0.00892468 0.0274796 0.00870023 0.0360161 0.017076 0.0432651 0.0526741 0.0452678 0.0163015 0.0288368 0.044225 0.0442482 0.0330136 0.0496404 0.0383346 0.0362596 0.0158742 0.0537817 0.0315319 0.0561501 -0.0876844 -0.0678261
internal_weight=96339.8 95716.6 95117.1 78457.7 74792.2 28975.6 28120.1 3665.5 45816.6 28447.1 17369.5 2343.37 2264.1 16659.4 1322.13 150.726 1171.4 623.235 599.478 272.26 241.814 66.0502 16404.3 16127.2 855.498 16064 277.133 172.424 595.183 327.218 584.531 77.4339 110.713 255.088 175.764 108.174 507.097 139.024 62.7515 29.6153 368.073 36.9901 331.083 34.4498 79.2781
internal_count=251544 245128 244304 213779 202784 105070 104002 10995 97714 69300 28414 8131 7431 30525 2864 767 2097 6416 824 637 416 225 30407 30056 1068 30013 351 287 3021 187 2650 531 114 118 191 141 2119 1029 277 255 1090 870 220 206 700
is_linear=0
shrinkage=0.05


Tree=58
num_leaves=49
num_cat=0
split_feature=25 24 28 9 29 29 29 27 29 27 25 25 24 16 26 23 18 27 27 27 16 16 29 26 16 23 29 25 1 19 28 26 19 1 29 18 25 12 24 18 28 19 29 22 22 12 9 29
split_gain=262.188 195.611 170.996 196.729 158.98 328.833 296.805 294.317 289.561 308.265 261.308 239.346 285.109 156.14 152.837 143.112 177.15 116.458 240.699 239.632 99.5641 200.488 98.0475 83.7012 97.9977 78.1851 67.3169 44.278 42.8341 103.287 90.2852 33.8958 28.4188 21.3462 51.5454 19.6195 19.1091 15.8242 47.96 15.496 19.9932 14.751 8.85273 8.08726 6.34709 6.06806 0.713897 0.544593
threshold=55.500000000000007 -16.890714645385739 22.500000000000004 0.69999992847442638 0.5950000286102296 1.0900000333786013 1.1000000238418581 3.7949999570846562 0.50000011920928966 3.0949999094009404 2.5000000000000004 23.500000000000004 -1.8999997973442075 0.10544848069548608 24.500000000000004 0.27133078873157507 28.91048622131348 3.6950000524520878 3.5049999952316289 3.8067375421524052 0.23534186184406283 0.23336034268140796 1.7150000333786013 57.500000000000007 0.24006860703229907 0.21326481550931933 0.89499998092651378 3.5000000000000004 82.764999389648452 10.937981605529787 20.500000000000004 288.50000000000006 118.8159637451172 20.625000000000004 2.1749999523162846 244.46608734130862 7.5000000000000009 1.643346428871155 -0.047497136518359177 17.535318374633793 23.500000000000004 246.05667114257815 2.1749999523162846 15.654598712921144 13.431931495666506 1.2425035834312441 1.8999999761581423 1.6000000238418581
decision_type=2 2 2 2 2 2 2 2 2 2 2 2 2 2 2 2 2 2 2 2 2 2 2 2 2 2 2 2 2 2 2 2 2 2 2 2 2 2 2 2 2 2 2 2 2 2 2 2
left_child=1 23 4 15 8 11 10 -8 17 35 -7 12 -6 -13 -11 16 27 18 -3 -19 21 -17 -2 28 39 -18 -22 -4 32 -30 -31 33 -1 37 -35 -10 -34 42 -39 -25 -41 -38 43 -24 -36 -46 -44 -26
right_child=22 2 3 -5 5 6 7 -9 9 14 -12 13 -14 -15 -16 20 25 19 -20 -21 26 -23 31 24 47 -27 -28 -29 29 30 -32 -33 36 34 44 -37 41 38 -40 40 -42 -43 46 -45 45 -47 -48 -49
leaf_value=0.022206995380413781 -0.053590856134185343 0.0040512227000965894 0.03582919466697812 -0.066198429021869551 -0.072123349560129099 -0.0060947433874776183 -0.020168589959509122 0.0050757295817006262 0.052477761167893371 -0.079707631391501249 0.027449417217609091 0.12520661864467184 -0.0028259495298813431 0.025768990440051365 0.08571363333605081 0.050440849361340571 0.02152590434038865 0.041133290198790716 -0.055284944022898477 0.0087184743971215495 0.048153164432673645 0.20282087124722858 0.045832739389222249 0.04383882884527282 -0.066419098661290435 -0.087325207034023133 0.015391774201518091 -0.074367297776099933 0.059982709184833297 -0.10225605451930281 0.036482621749153732 -0.047397080360844154 0.066562108705313927 -0.064911542885048842 0.054352710179033419 0.075017086070923888 0.060522369717269847 0.050534875239491274 -0.059317521480994853 -0.036515629936098346 0.040966554029751689 0.022900614860574785 0.060042708251076694 0.014572600178848621 -0.0026966842899513871 0.04339575791999005 0.051701045260287695 -0.10133394231029054
leaf_weight=74.57209537923336 26.79148978786543 9621.7552429046482 9.7445889413356763 59.756241392693482 148.85273494105786 748.64057717472315 1183.137196839205 46208.887655940605 263.67578557878733 63.720624472945929 2576.7454419550486 49.760566496057436 15724.283857508563 182.3285085138632 16.893997997045517 160.61883233184926 492.2590818577446 590.68393100425601 172.99765466526151 15815.735398583114 278.73688747966662 24.246076154522598 103.19113510043826 44.201072378084064 23.818897217512134 16.080333732068539 361.51384485675953 72.126330858794972 53.561170727014542 25.507801443338394 20.241226643323898 9.414520333404651 198.07072597742081 13.871853142976759 31.583267312496901 173.61695319414139 47.467156261205673 34.288934562820941 12.86021164129488 17.518446711823344 14.118655393831434 62.203579887747765 147.88008082122542 27.963694774080068 14.031113435514273 12.934189605060963 164.29348637256771 7.9954014383256427
leaf_count=88 3395 41008 5 1515 735 2065 5307 108996 143 384 5854 77 41430 708 2 380 1430 1700 967 28727 123 16 131 48 223 168 1411 1024 16 113 11 1824 61 225 12 129 18 25 253 80 34 89 170 182 80 44 75 43
internal_value=0.00543757 0.00523065 0.00505227 0.0219389 0.0047857 0.00348205 0.00545858 0.00444499 0.0080456 0.0450348 0.0198966 -0.00274192 -0.00348061 0.0475559 -0.0443544 0.0257078 0.00688091 0.00731257 0.00299716 0.00988825 0.0391441 0.071437 0.0383857 0.0339271 -0.0058469 0.0179081 0.0297153 -0.0609169 0.0428214 0.0133294 -0.0412981 0.0427861 0.0504145 0.0443846 0.0185886 0.0615886 0.0571394 0.0481377 0.0198585 0.0250489 -0.00158879 0.0396288 0.0510826 0.0393663 0.039214 0.0199944 0.0558477 -0.0781668
internal_weight=96205.2 95606.1 95016.8 1475.08 93541.7 66822.6 50717.4 47392 26719.1 517.907 3325.39 16105.2 15873.1 232.089 80.6146 1415.33 590.21 26201.2 9794.75 16406.4 825.116 184.865 599.104 589.276 107.652 508.339 640.251 81.8709 481.624 99.3102 45.749 572.312 382.314 562.898 72.4204 437.293 307.741 490.478 47.1491 75.8382 31.6371 109.671 443.328 131.155 58.5486 26.9653 312.174 31.8143
internal_count=251544 245128 244304 6072 238232 165172 122222 114303 73060 658 7919 42950 42165 785 386 4557 2627 72402 41975 30427 1930 396 6416 824 428 1598 1534 1029 396 140 124 3021 256 1197 361 272 168 836 278 162 114 107 558 313 136 124 245 266
is_linear=0
shrinkage=0.05


Tree=59
num_leaves=54
num_cat=0
split_feature=15 23 29 29 26 26 23 16 30 29 30 28 22 23 16 29 29 28 18 18 9 23 18 12 29 13 9 19 26 8 30 30 30 8 28 19 26 19 17 16 28 15 28 26 8 12 20 29 29 22 19 2 4
split_gain=213.701 176.57 144.188 607.605 281.583 415.187 269.771 401.983 259.244 196.354 170.622 241.907 166.083 141.671 137.372 136.806 294.514 253.792 126.529 167.488 116.989 116.601 115.147 105.926 149.131 131.927 131.512 93.7914 220.667 88.2803 87.9252 81.348 128.82 76.9326 256.168 70.4326 67.6221 61.5341 59.3835 59.2809 35.2044 34.5037 90.078 118.43 26.611 21.5645 77.4596 65.4391 15.8212 15.7293 42.9586 4.01297 2.55568
threshold=11.500000000000002 7064451060596737 2.2750002145767216 2.1000000238418584 29.500000000000004 16.500000000000004 38.170709609985359 0.18761281669139865 106.36177825927736 2.1999999284744267 259.49598693847662 1.5000000000000002 16.311612129211429 3032117659303936.5 0.74264070391654979 1.9999998807907107 1.9049999713897707 8.5000000000000018 78.792102813720717 49.770355224609382 1.6949999332427981 1252632714805248.2 117.61516571044923 1.0556415915489199 0.8999999761581422 -0.21999999135732648 0.99999988079071056 412.70666503906256 8.5000000000000018 4.6649999618530282 94.554862976074233 53.117273330688484 89.70847320556642 4.2750000953674325 9.5000000000000018 38.744293212890632 33.500000000000007 21.333490371704105 3.9615384340286259 0.3158369660377503 3.5000000000000004 1.5000000000000002 1.5000000000000002 10.500000000000002 4.4849998950958261 1.5847063064575198 1.5191915631294253 2.1749999523162846 1.9600001573562624 16.525752067565922 49.112630844116218 4.5000000000000009 9.5000000000000018
decision_type=2 2 2 2 2 2 2 2 2 2 2 2 2 2 2 2 2 2 2 2 2 2 2 2 2 2 2 2 2 2 2 2 2 2 2 2 2 2 2 2 2 2 2 2 2 2 2 2 2 2 2 2 2
left_child=1 2 3 13 5 27 7 9 30 -5 21 -12 33 15 -9 16 -1 -17 19 -15 23 -7 -20 31 25 -25 -26 40 -29 36 -8 35 -33 34 -6 37 -2 -3 -28 -38 -4 48 -43 -44 -35 46 47 -41 -22 50 -50 -27 -14
right_child=29 20 4 6 12 10 8 14 -10 -11 11 -13 52 18 -16 17 -18 -19 22 -21 41 -23 -24 24 26 51 38 28 -30 -31 -32 32 -34 44 -36 -37 39 -39 -40 45 -42 42 43 -45 -46 -47 -48 -49 49 -51 -52 -53 -54
leaf_value=0.0045964070242814374 -0.081887095840088742 0.0202790727225527 0.01947578070256106 -0.0054555055505481924 0.025525006196741713 -0.065145735092170962 0.013020581994685216 -0.07348704414410423 -0.098269238066133094 -0.066562258323054332 -0.099488314824636465 0.020903119209163868 -0.098699447917334787 -0.017101471712068297 0.011598158709876748 0.006428821651128 -0.069423128464642075 0.027338962859960028 -0.11024535594098087 0.034532566652230492 0.060545743882459493 0.027001814324631935 -0.021833147961250139 0.042929576491373814 0.044787343055225082 -0.1190227477904453 -0.099049639267074066 -0.08919562753915998 0.0182436785123463 -0.067016252289859482 0.068189879974153308 -0.11724205736652599 0.010075274956559738 0.050572027400459664 -0.036086369689186194 0.054627439979699294 -0.05494931353331825 -0.036502551238605511 0.027386093512623329 -0.030745429966154994 0.056717568866588068 0.057925660855876721 0.042303653880752579 -0.11019223888376926 0.021453491807907489 0.053187004185107245 0.051555048271261998 0.053316252160936585 0.0085459250044628999 0.051699857176655567 0.048969266343493453 -0.070667296069345922 -0.055631400061577518
leaf_weight=78010.327640910749 10.619529685936866 731.58421507664025 102.06618539988995 962.94136018701829 2133.8571693156846 338.61773465201259 247.06372630503029 511.38766190852039 43.97772628068924 151.34053670370486 51.141077157109976 207.83353492617607 22.243743335362524 724.99319871887565 51.890465084463358 6264.2329498063773 133.61316359345801 1888.4645512255374 57.212604902684689 199.3950591608882 106.95776761323214 37.563731707632542 102.5705110244453 17.424087896943092 91.101269271224737 47.867950841784477 29.439083687029779 52.323652941733599 459.49590884149075 19.793596642906778 101.63213641941547 26.45967722684145 71.167483761906624 330.74014309467748 182.2560541050043 143.84748142957687 15.039415268460287 50.07623964548111 12.760818110778926 67.133272573701106 175.76835925504565 49.163413811475039 23.806494165211916 25.332324836403131 106.52950882632285 272.56234373082407 196.89493728103116 34.062001869548112 119.77322793006897 147.50155548751354 146.96342781558633 11.490342892706392 10.837797552463597
leaf_count=213364 94 996 161 2243 3501 1112 364 2217 183 570 212 324 142 1843 102 11156 675 1795 247 219 40 43 238 13 77 206 154 234 751 635 22 113 109 362 866 88 2863 121 24 1594 65 17 19 150 225 125 129 111 173 50 76 59 272
internal_value=0.00516996 0.00498036 0.0046778 0.00425195 0.0137189 -0.00435713 -0.0225136 -0.0312436 0.0147546 -0.0138117 -0.0344263 -0.00314321 0.0229618 0.00488639 -0.0656333 0.00511214 0.0044689 0.0112758 -0.0130664 -0.00593307 0.0202625 -0.0558839 -0.0540103 0.0113357 -0.0209219 -0.075957 0.011071 0.0198356 0.00709782 0.0345009 0.0292637 0.0179781 -0.0252194 0.0243132 0.0206611 0.0225625 0.0379855 0.016593 -0.0609521 0.0403034 0.0431732 0.0379779 0.0106094 -0.036842 0.0435546 0.0429142 0.0333581 -0.00215678 0.0431 0.0384485 0.0309363 -0.111071 -0.086783
internal_weight=96131.1 95515 93662.3 89451 4211.27 1424.81 2070.23 1677.56 392.674 1114.28 635.156 258.975 2786.46 87380.8 563.278 86296.6 78143.9 8152.7 1084.17 924.388 1852.72 376.181 159.783 1233.22 210.084 76.7824 133.301 789.654 511.82 616.105 348.696 1023.14 97.6272 2753.38 2316.11 925.508 596.312 781.66 42.1999 585.692 277.835 619.498 98.3022 49.1388 437.27 570.653 298.09 101.195 521.196 414.238 266.737 59.3583 33.0815
internal_count=251544 245993 243508 235238 8270 2902 5701 5132 569 2813 1691 536 5368 229537 2319 226990 214039 12951 2547 2062 2485 1155 485 1960 533 278 255 1211 985 5551 386 1427 222 4954 4367 1205 4916 1117 178 4822 226 525 186 169 587 1959 1834 1705 339 299 249 265 414
is_linear=0
shrinkage=0.05


Tree=60
num_leaves=55
num_cat=0
split_feature=25 0 28 29 29 1 20 0 5 1 9 12 13 17 1 25 23 29 30 13 30 29 21 9 13 28 30 8 25 1 30 0 16 29 13 1 0 1 1 30 13 30 28 29 1 12 28 16 8 25 18 29 0 18
split_gain=249.988 180.579 162.479 256.367 764.029 441.321 258.912 262.462 210.342 188.267 200.596 315.555 185.12 152.417 222.486 221.083 210.501 168.06 191.788 133.4 105.778 89.5725 83.6536 80.215 98.7723 71.3775 71.3436 132.836 93.4472 70.7263 134.423 68.0978 63.0882 47.4846 38.8739 37.5046 34.5716 43.8554 19.6908 36.0866 26.8522 17.2577 81.4131 13.7128 11.2507 6.44939 32.3208 4.55731 17.3279 2.80016 1.97607 1.16001 0.191473 0.431136
threshold=55.500000000000007 5.8500001430511483 3.5000000000000004 2.2899998426437382 2.1000000238418584 79.407501220703139 0.89415824413299572 3.5049999952316289 12.500000000000002 4.3595001697540292 2.0100002288818364 1.4546779394149782 -0.30000005662441248 0.81946825981140148 1.0013224482536318 1.5000000000000002 2.4194693565368657 1.3200000524520876 106.36177825927736 -0.079999960958957658 379.30062866210943 1.7150000333786013 532763.79687500012 2.2000001668930058 -0.30000005662441248 2.5000000000000004 171.57080078125003 4.2750000953674325 9.5000000000000018 143.01999664306643 509.60174560546881 6.7500000000000009 0.44396135210990911 0.070000052452087416 -0.23121426999568936 9.9994997978210467 7.2500000000000009 12.998000144958498 28.942000389099125 578.71893310546886 -0.021428570151329037 52.045431137084968 1.5000000000000002 1.1949999332427981 15.994999885559084 1.643346428871155 5.5000000000000009 0.49683544039726263 1.0000000180025095e-35 1.0000000180025095e-35 47.041381835937507 2.1749999523162846 2.5749999284744267 35.556377410888679
decision_type=2 2 2 2 2 2 2 2 2 2 2 2 2 2 2 2 2 2 2 2 2 2 2 2 2 2 2 2 2 2 2 2 2 2 2 2 2 2 2 2 2 2 2 2 2 2 2 2 2 2 2 2 2 2
left_child=1 2 9 4 6 8 7 -4 -6 13 11 12 -11 14 15 -1 -16 32 -19 -7 26 -2 -22 25 -25 -12 27 -5 -28 33 31 -31 -15 35 -13 -3 37 -37 41 40 -40 45 52 49 -8 47 -47 48 -23 -35 -51 -49 -43 -54
right_child=21 29 3 20 5 19 44 -9 -10 10 23 34 -14 17 16 -17 -18 18 -20 -21 22 38 -24 24 -26 -27 28 -29 -30 30 -32 -33 -34 43 -36 36 -38 -39 39 -41 -42 42 -44 -45 -46 46 -48 51 -50 50 -52 -53 53 -55
leaf_value=-0.06691138783959899 -0.053610231875004924 0.046508698247042277 0.014877163879282507 0.0097516432051064916 -0.034645070627110468 -0.0063218674621069578 -0.057770825332142353 0.0050127167401453421 0.025343475323793652 -0.076043885982561274 0.047508620279605063 -0.016432862778067114 0.0031837601492313208 0.0016319843616627036 0.022589280160667444 0.00047999429286273225 -0.023430965876429698 0.024331562445051674 -0.07837822989953655 -0.097754975224368934 -0.098250151938441291 0.047521477968327584 0.04150013299943673 0.036231544898818767 -0.085948216789436996 -0.010957934990406178 0.050799807796855181 0.03631338222799306 0.010778766831521562 -0.13985341959384265 0.056487080334371324 -0.0046640943151201831 0.054485230270602293 0.053897872803368288 -0.077701058816057392 0.012068653233795437 0.047379555696078927 -0.04271688265925809 0.031847515135595507 0.056819072188058595 -0.069914717945033344 0.072497834741405406 -0.067092426993368592 0.026472422964668271 -0.11155387163851327 0.045996914384877491 -0.05673821800574308 0.04489818778173886 -0.048987068440818106 0.049374547635171087 0.03798069935260822 0.053059994078778538 0.025755927226384145 0.05581759545019932
leaf_weight=161.60918140038848 24.91298611840466 81.874783337116241 10444.488510716939 1301.5138030401431 398.3993661608547 46.897178489714861 18.417295018211007 19036.172248564661 229.45914528530557 72.820821892702952 422.48611419228837 33.129121418111026 57412.964693033602 63.78205134626478 1973.1034216213739 483.09633201360703 283.33417420182377 183.10618371446617 59.347184338606894 276.46133536100388 30.700863627018407 19.505715114995841 15.416499551385639 36.037211410701275 28.926129177445546 59.006302047520876 461.78524934966117 738.02821477432735 214.43567836505827 21.129023090004921 30.647029787302017 16.345328934490681 508.87239670706913 139.41340368241072 133.13153553835582 141.66467221081257 42.651338636875153 48.090896427631378 9.937070896849038 21.136731071397662 15.253801134764215 15.62863364361692 18.002115269133355 105.74079393595457 40.026147758821025 46.559918670682237 8.2023563859984261 130.30554426833987 5.089090858702547 99.792517174035311 123.7167491465807 279.5176212862134 5.1981514082290241 12.341356321703643
leaf_count=1264 3290 39 21825 2288 1027 96 397 38532 598 550 286 154 161605 207 6227 1377 1162 408 386 1177 226 22 23 30 249 177 312 917 525 96 13 23 624 41 1348 164 13 123 54 5 304 29 974 96 274 116 308 123 813 44 77 122 179 11
internal_value=0.00578846 0.0055852 0.0053799 0.00819914 0.00687708 -0.0372054 0.008298 0.00850808 -0.0127081 0.0038656 0.00316862 0.00288243 0.00308199 0.0147755 0.00939937 -0.0164828 0.0168006 0.0338692 -0.00100764 -0.0845701 0.0227847 0.03763 -0.0515379 0.0332931 -0.0185737 0.0403254 0.0240672 0.0193788 0.0381508 0.0285029 -0.0200817 -0.0826712 0.0486203 0.0327567 -0.0656939 0.0176107 0.00725318 -0.00194091 0.0415976 0.00992501 -0.0298983 0.0442805 0.0161004 0.0428436 -0.0959463 0.0471792 0.0297779 0.0492879 0.0262231 0.0475139 0.0432874 0.0505927 0.062042 0.0490478
internal_weight=96629.6 96018 95167 33252.2 30490.3 951.217 29539.1 29480.7 627.859 61914.8 58198.5 57652 57485.8 3716.25 2901.14 644.706 2256.44 815.108 242.453 323.359 2761.88 611.591 46.1174 546.456 64.9633 481.492 2715.76 2039.54 676.221 851.067 68.1214 37.4744 572.654 782.945 166.261 314.282 232.407 189.756 586.678 46.3276 25.1909 540.351 51.1703 468.663 58.4434 489.18 54.7623 434.418 24.5948 362.923 223.509 409.823 33.1681 17.5395
internal_count=251350 245000 244271 68217 63926 2898 61028 60357 1625 176054 164399 163657 162155 11655 10030 2641 7389 1625 794 1273 4291 6350 249 742 279 463 4042 3205 837 729 132 119 831 597 1502 339 300 287 3060 363 358 2697 1193 258 671 1504 424 1080 835 162 121 245 219 190
is_linear=0
shrinkage=0.05


Tree=61
num_leaves=50
num_cat=0
split_feature=25 0 28 9 12 7 26 9 10 28 5 9 7 5 25 26 7 5 24 0 12 28 0 15 9 21 26 0 0 28 7 30 28 24 21 26 28 21 9 26 0 26 30 5 0 8 22 0 5
split_gain=238.312 167.47 147.844 173.165 279.514 163.611 388.105 237.105 146.855 271.752 257.493 237.191 174.611 134.057 119.882 355.915 158.188 128.307 178.983 137.652 104.176 102.886 117.597 73.3679 61.0467 96.7239 45.2423 38.4594 38.0082 37.637 34.7956 36.3483 89.7287 31.2335 24.4133 19.1442 37.5592 16.0977 14.7355 26.759 8.82397 7.84901 5.29864 4.8183 2.30694 2.00413 23.0678 1.62439 0.118939
threshold=55.500000000000007 5.8500001430511483 3.5000000000000004 2.0100002288818364 1.4546779394149782 3.8249999284744267 30.500000000000004 0.99000012874603283 3.5025000572204594 22.500000000000004 8.5000000000000018 0.69999992847442638 3.8950001001358037 29.500000000000004 15.500000000000002 39.500000000000007 3.3950001001358037 22.500000000000004 2.50000011920929 4.1949999332427987 1.0130081772804262 2.5000000000000004 3.5949999094009404 32.500000000000007 2.2000001668930058 1119502272.0000002 1.5000000000000002 7.2500000000000009 6.2500000000000009 14.500000000000002 4.6649999618530282 52.045431137084968 1.5000000000000002 1.5999988317489626 0.49448500573635107 6.5000000000000009 2.5000000000000004 5.62341332435608 1.1549999713897707 126.50000000000001 5.9500000476837167 205.50000000000003 123.51668548583986 12.500000000000002 6.0499999523162851 4.2349998950958261 16.35719203948975 6.4500000476837167 25.500000000000004
decision_type=2 2 2 2 2 2 2 2 2 2 2 2 2 2 2 2 2 2 2 2 2 2 2 2 2 2 2 2 2 2 2 2 2 2 2 2 2 2 2 2 2 2 2 2 2 2 2 2 2
left_child=1 2 3 4 5 7 -7 -1 14 10 12 -12 -10 20 17 43 -17 19 -19 -4 -11 24 48 33 37 -26 27 28 40 30 31 38 34 -6 41 42 -37 -5 39 -2 -3 -33 -28 -16 -42 -40 -47 -30 -23
right_child=29 26 8 21 23 6 -8 -9 9 13 11 -13 -14 -15 15 16 -18 18 -20 -21 -22 22 -24 -25 25 -27 35 -29 47 -31 -32 32 -34 -35 -36 36 -38 -39 45 -41 44 -43 -44 -45 -46 46 -48 -49 -50
leaf_value=0.0036815876579555638 0.035624398176128565 -0.0016342427183663674 0.015389108445975533 0.022840836308240537 -0.07391350938210571 -0.0033362719171439528 -0.080642040175709168 0.024211025355754881 -0.0044600619323730281 -0.00027681757399668916 -0.032461643362389631 0.0037577721446133035 0.011354239573948884 -0.057784444951574282 -0.1269996093328391 -0.0035236626047714728 0.015456139780803971 -0.052245048436401702 0.042114369791376213 0.0061751808274635393 0.03469841582943814 -0.097045395308567636 0.035270931792036574 0.050580682889125067 -0.083185790185533862 0.036339746767571145 0.034307484638122575 0.048906792737667903 -0.016962969511228675 -0.055872549306007081 -0.05723728555187213 0.0032639204151485844 -0.066824643780958023 -0.019062231786286608 -0.044658998008058781 0.040918320483286669 -0.012975017570166072 0.048971699567609404 0.053988760845791718 -0.055127547651438347 0.028622665768637558 0.060440593297137302 0.047764893061757407 -0.087519176525969147 0.015609504567072274 0.0010337356772268807 0.050814793538174231 -0.033663719066798943 -0.060889144701366985
leaf_weight=56659.133254750632 55.222130459267646 51.672367632389069 12087.542695433367 73.732340382877737 150.71931867848616 2841.4159466028214 171.21609387989156 1441.4052730210824 3248.5249261548743 270.79520657286048 1054.5723883011378 789.82095071044751 3769.6610185168684 47.241306941723451 38.126140505075455 2608.0279563082149 1894.1242730841041 169.2689321587095 70.379070172901265 6104.7600931636989 989.80196815636009 26.352724545635283 37.950059327296913 14.247287171776405 24.601434098090976 48.933581215329468 133.97511266171932 60.586473040282726 32.481161862611771 9.7895710103912261 8.3939556629629788 7.1700350204482666 25.447058470395859 32.638412874657661 6.3253615689463905 84.849784940481186 51.050559543073177 381.86865941667929 184.07690126646776 8.541586618172003 74.000102117657661 48.862018190557137 233.62870464473963 27.2147968551144 77.015458837151527 26.463804354774766 208.11277100350708 37.671511173248291 8.3761292139533889
leaf_count=160899 96 92 17882 119 1614 6956 1397 4196 6735 862 4602 2426 5895 1705 178 7739 7581 959 67 8775 2645 136 43 11 213 60 94 17 59 1583 368 150 1358 116 1071 51 89 208 289 677 65 268 99 166 83 355 135 80 86
internal_value=0.00550659 0.0053117 0.00511545 0.00367207 0.00340973 0.0036022 -0.00775673 0.00419139 0.00780922 0.00280516 -0.000334964 -0.0169551 0.00403393 0.024072 0.0100216 0.00276779 0.00446198 0.0118186 -0.0244532 0.012298 0.027187 0.030341 -0.0251301 -0.0558098 0.0380027 -0.00416049 0.0275688 0.0132036 0.00510749 0.0372049 0.0388819 0.0404033 0.0105952 -0.0643332 0.0428239 0.0370267 0.02069 0.044813 0.0457852 0.0227269 0.0160952 0.0533973 0.0429802 -0.112198 0.0221654 0.0492227 0.0452482 -0.0263485 -0.0904132
internal_weight=96507.8 95919.4 95082.5 61912.6 61310.8 61113.2 3012.63 58100.5 33169.9 10170.4 8862.58 1844.39 7018.19 1307.84 22999.4 4567.49 4502.15 18432 239.648 18192.3 1260.6 601.815 72.6789 197.605 529.136 73.535 836.931 333.427 272.841 588.405 578.616 570.222 87.8045 183.358 62.3574 503.504 135.9 455.601 482.417 63.7637 202.688 56.0321 367.604 65.3409 151.016 418.653 234.577 70.1527 34.7289
internal_count=251350 245000 244271 176054 175189 173448 8353 165095 68217 24870 19658 7028 12630 5212 43347 15664 15320 27683 1026 26657 3507 865 265 1741 600 273 729 396 379 6350 4767 4399 2847 1730 1489 333 140 327 1552 773 240 418 193 344 148 779 490 139 222
is_linear=0
shrinkage=0.05


Tree=62
num_leaves=52
num_cat=0
split_feature=25 0 1 29 27 28 10 26 29 26 1 26 28 1 26 26 29 0 28 0 0 9 29 29 0 27 29 1 30 1 1 25 26 1 0 1 1 30 13 8 30 28 29 26 30 1 1 8 11 3 0
split_gain=226.505 155.023 145.861 261.591 326.852 281.209 225.275 185.406 173.803 244.41 168.918 332.216 527.445 419.931 309.756 482.214 445.924 426.302 242.581 221.272 220.602 201.158 172.49 161.76 250.272 174.904 81.2587 66.4543 121.034 59.6472 57.2164 47.1586 45.4562 39.6331 36.1442 55.7684 18.924 32.6638 24.1599 17.9937 15.9382 67.0891 12.7514 11.0097 14.5083 3.15535 6.78701 2.16328 10.4553 0.534756 0.0163616
threshold=55.500000000000007 5.8500001430511483 174.22000122070315 1.8949999809265139 4.6949999332427987 19.500000000000004 3.2925000190734868 61.500000000000007 1.9999998807907107 93.500000000000014 98.005001068115249 86.500000000000014 17.500000000000004 75.005001068115249 118.50000000000001 16.500000000000004 1.6900001764297488 2.995000004768372 3.5000000000000004 3.5049999952316289 2.6950000524520878 0.60000002384185802 2.0950000286102299 0.070000052452087416 4.0965147018432626 4.6949999332427987 1.7150000333786013 143.01999664306643 509.60174560546881 171.38999938964847 578.12500000000011 19.500000000000004 1.5000000000000002 9.9994997978210467 7.2500000000000009 12.998000144958498 28.942000389099125 578.71893310546886 -0.021428570151329037 3.3950001001358037 56.476274490356452 1.5000000000000002 1.1949999332427981 158.50000000000003 4.3337776660919198 13.99900007247925 26.994999885559086 4.2349998950958261 5.5000000000000009 60.500000000000007 2.5749999284744267
decision_type=2 2 2 2 2 2 2 2 2 2 2 2 2 2 2 2 2 2 2 2 2 2 2 2 2 2 2 2 2 2 2 2 2 2 2 2 2 2 2 2 2 2 2 2 2 2 2 2 2 2 2
left_child=1 2 10 7 8 6 -6 23 31 -10 11 18 13 -13 15 17 -17 -12 20 -20 -1 -14 29 24 -4 -25 -2 32 30 -16 -29 -5 33 -3 35 -35 40 38 -38 -24 43 50 45 47 49 -34 -47 -28 -49 -45 -42
right_child=26 27 3 4 5 -7 -8 -9 9 -11 14 12 21 -15 22 16 -18 -19 19 -21 -22 -23 39 25 -26 -27 36 28 -30 -31 -32 -33 42 34 -36 -37 37 -39 -40 -41 41 -43 -44 44 -46 46 -48 48 -50 -51 -52
leaf_value=0.011379490178998723 -0.053245172295182809 0.04506193294207661 -0.036865225392656055 0.056026271381756566 -0.076773034584709035 0.057004853335727794 0.00320754515748206 -0.11281988741432201 -0.0059890090832489338 0.041687974200689357 -0.037149323098141458 -0.060556388539389952 0.021837553778484203 0.025079504396302639 -0.091162412632800616 -0.035426355569454088 -0.0043155412617622872 0.0098481072121300965 0.016960712021564531 0.0059427462346819948 0.0024145834861848663 -0.062079171687675655 0.026292506725252369 -0.0038370155978806096 0.026007650296919434 0.012891468590998455 0.05191026302752965 -0.13417477252805785 0.053896196301502358 0.051963680894057222 -0.011047488881203108 0.024569047184474599 0.035700712124940324 0.0089893956597753948 0.046062597672932686 -0.059153246838656671 0.030178798226959121 0.055141006745989145 -0.068656288562653781 0.047372656327975556 0.068901743876525687 -0.065678454953464915 0.024414853618585194 0.013428570270927668 -0.048074144459393009 0.056309806333334746 0.03936612611137854 0.023401446299724571 0.04971348739486154 0.045790697118571186 0.045234908231800063
leaf_weight=8160.4767634544987 23.172494370490313 79.162070170044899 174.42702157795429 710.30597320199013 166.2584988065064 108.58909596502781 185.48308121412992 31.61601672694087 482.54869009554386 604.77400915324688 523.17615280300379 708.243797360803 692.84700846089981 178.66498653031886 33.844687840435654 1679.2766769453883 3664.6983261741698 6067.923685207963 7746.3190962183289 11074.625920957886 43126.461212635506 78.614397849072702 143.30322267487645 3855.8956273123622 1623.5312817543745 2625.425292827189 222.16787125822157 20.308303341269493 29.619670048356056 8.4480676651000959 17.452464804053307 146.61418864130974 92.56458991765976 131.82710057497025 39.602213829755783 37.78682616353035 9.4410228044725972 19.649527762085199 14.517650045803746 399.92751042172313 15.025985440937802 15.782822240144013 102.48495189100504 3.2686686459928778 6.4607403251575297 134.06883170455694 138.89723107218742 53.941907986998558 161.68761909054592 8.9095132714137417 12.634337386814877
leaf_count=24685 3290 39 758 331 678 24 346 148 792 283 2019 15887 4056 337 409 6290 7481 12158 11747 19001 119836 2476 135 7468 3131 3472 71 91 13 1 28 146 57 161 13 114 54 5 304 176 29 920 96 200 990 33 84 171 120 13 183
internal_value=0.00523792 0.00505126 0.00486376 0.0103587 0.0248799 -0.0129748 -0.0346934 0.00615418 0.0338472 0.0205385 0.00416501 0.00509995 -0.0170118 -0.0432909 -0.00119349 -0.00293697 -0.0140975 0.0061118 0.0056233 0.0104784 0.00384132 0.0132104 0.0342809 0.00662267 0.0198882 0.00293946 0.0367308 0.0266368 -0.020658 -0.0619173 -0.0791494 0.0506849 0.0308782 0.0151607 0.00366248 -0.00641994 0.040667 0.00870578 -0.0298608 0.0418795 0.0434222 0.0139211 0.0404993 0.0461826 0.00776096 0.0449164 0.0478815 0.0477856 0.0432928 0.0391621 0.0602215
internal_weight=96392.8 95826.1 95002.3 10715.5 2404.57 460.331 351.742 8310.9 1944.24 1087.32 84286.9 71766.3 1658.37 886.909 12520.6 11935.1 5343.98 6591.1 70107.9 18820.9 51286.9 771.461 585.523 8279.28 1797.96 6481.32 566.66 823.774 67.3804 42.2928 37.7608 856.92 756.394 288.378 209.216 169.614 543.488 43.6082 23.9587 543.231 499.879 43.4431 468.016 456.436 18.6389 365.531 272.966 437.797 215.63 12.1782 27.6603
internal_count=251350 245000 244271 17577 2600 1048 1024 14977 1552 1075 226694 198025 22756 16224 28669 27948 13771 14177 175269 30748 144521 6532 721 14829 3889 10940 6350 729 132 410 119 477 597 327 288 275 3060 363 358 311 2697 1132 270 1565 1203 174 117 362 291 213 212
is_linear=0
shrinkage=0.05


Tree=63
num_leaves=45
num_cat=0
split_feature=25 0 17 26 23 1 29 27 26 26 29 29 1 26 26 26 1 24 29 29 1 30 0 25 0 26 1 29 0 1 1 30 13 30 30 29 26 16 1 11 8 19 22 8
split_gain=215.311 143.734 141.167 168.41 162.858 142.734 244.032 299.198 227.055 168.216 161.3 145.406 140.14 286.65 435.866 286.183 265.294 163.255 160.633 76.5605 61.4034 108.753 52.3744 141.484 51.6846 42.8457 37.0198 35.183 33.8724 49.8316 17.9468 30.6355 22.7212 15.2702 59.7933 12.324 10.3837 15.6386 3.21577 2.48346 10.3152 1.98687 1.27361 0.768869
threshold=55.500000000000007 5.8500001430511483 3.3166666030883794 9.5000000000000018 2.0842106342315678 174.22000122070315 1.8949999809265139 4.6949999332427987 88.500000000000014 61.500000000000007 1.9999998807907107 0.070000052452087416 98.005001068115249 118.50000000000001 16.500000000000004 86.500000000000014 12.998000144958498 -16.890714645385739 2.0950000286102299 1.7150000333786013 143.01999664306643 509.60174560546881 3.495000004768372 21.500000000000004 6.7500000000000009 1.5000000000000002 9.9994997978210467 1.6900001764297488 7.2500000000000009 12.998000144958498 28.942000389099125 578.71893310546886 -0.021428570151329037 56.476274490356452 412.70111083984381 1.1949999332427981 158.50000000000003 0.9506097435951234 28.942000389099125 5.5000000000000009 4.2349998950958261 859.49984741210949 16.221150398254398 2.5449999570846562
decision_type=2 2 2 2 2 2 2 2 2 2 2 2 2 2 2 2 2 2 2 2 2 2 2 2 2 2 2 2 2 2 2 2 2 2 2 2 2 2 2 2 2 2 2 2
left_child=1 2 5 42 -5 12 9 10 -9 11 -8 -7 15 14 -14 17 -17 -1 -15 -2 25 24 23 -6 -22 26 -3 -24 29 -28 33 32 -32 36 -35 38 39 -38 -27 40 -21 -11 -4 -36
right_child=19 20 3 4 22 6 7 8 -10 41 -12 -13 13 18 -16 16 -18 -19 -20 30 21 -23 27 -25 -26 35 28 -29 -30 -31 31 -33 -34 34 43 -37 37 -39 -40 -41 -42 -43 -44 -45
leaf_value=0.03995620605904901 -0.053011384797975063 0.04392416492183418 -0.062506134681357475 -0.07346996322419734 -0.015541468757698657 0.018858333571849191 0.049109011702317081 0.0034661523642374385 -0.090897133832928523 -0.12730042340147538 0.019816838802272085 0.0027971791164361176 0.0058117567383116145 -0.061248606784894591 -0.013415535636857294 -0.050698790095575944 -0.0043003603386575938 0.0049244011750447904 0.040839344049106031 0.050016462852632761 -0.12169219293997219 0.05234635689985008 0.01079758692785753 0.044530688754686756 -0.0047356920348706625 0.047640071855512688 0.0085836100264557007 0.055717411685759999 0.045428637818309747 -0.055550883084993202 0.029179185575223407 0.054367390756473268 -0.067651005598341835 -0.064676829664402802 0.06750738988575275 0.02351455421758436 -0.047844674424828371 0.042819830817725113 0.036355382018319123 0.050860985843864726 0.022521718056583827 -0.08194528462667991 -0.09701066797865418 0.039986210973501558
leaf_weight=333.24500710517168 22.141440859530121 77.227497205138206 16.354675142094493 35.582423363695852 153.51424402650446 1800.9986119419336 840.69478516280651 379.40068784169853 75.586004663258791 15.493431281298401 1071.5378346145153 6472.0192241594195 6583.8119586072862 40.636988309212029 5334.8965742932633 413.0635547991842 1205.6013912986964 68931.436835642671 529.64955998398364 114.35663798451424 22.284334793686867 29.016838401556015 52.134541005827487 267.65783637482673 16.189275190234184 231.65837048739195 131.2193815112114 293.80831451457925 38.196848921477795 38.276994064450264 9.3137877234257775 18.964311197400093 14.024124552961437 14.777873162936883 14.634856293909252 101.16099584847689 6.7844219538383213 11.211981244385241 124.67447133362293 253.51104773953557 53.302241764962673 16.046997286379337 17.4244769141078 12.882117155415472
leaf_count=340 3290 39 157 394 558 3889 477 720 326 77 1075 10940 14177 409 13769 11036 11404 173322 311 41 96 13 181 395 23 92 161 160 13 114 54 5 304 992 6 96 1171 32 82 150 171 71 83 134
internal_value=0.0049847 0.00480579 0.00462652 0.0250657 0.0297054 0.00444441 0.00988904 0.0240481 -0.0123642 0.00584998 0.0327164 0.00629608 0.00374732 -0.00113598 -0.0027945 0.00460778 -0.0161678 0.00509359 0.0334616 0.0362699 0.025769 -0.0196181 0.034587 0.022638 -0.0739716 0.0299226 0.0146012 0.0490129 0.00351572 -0.00611129 0.0401475 0.00854363 -0.029191 0.0428904 0.0136298 0.0394009 0.0456597 0.00765786 0.0438185 0.0472497 0.0414903 -0.107606 -0.0827261 0.0566526
internal_weight=96236.4 95690.5 94880.6 836.477 802.697 94044.1 10671.8 2367.22 454.987 8304.56 1912.23 8273.02 83372.3 12489 11918.7 70883.3 1618.66 69264.7 570.287 545.905 809.905 67.4904 767.115 421.172 38.4736 742.415 284.921 345.943 207.693 169.496 523.763 42.3022 23.3379 481.461 42.2948 457.494 439.166 17.9964 356.333 421.17 167.659 31.5404 33.7792 27.517
internal_count=251350 245000 244271 1928 1688 242343 17575 2598 1046 14977 1552 14829 224768 28666 27946 196102 22440 173662 720 6350 729 132 1294 953 119 597 327 341 288 275 3060 363 358 2697 1132 270 1565 1203 174 362 212 148 240 140
is_linear=0
shrinkage=0.05


Tree=64
num_leaves=54
num_cat=0
split_feature=25 0 28 29 29 25 0 16 18 28 1 17 1 18 23 27 1 1 12 8 25 12 30 16 1 8 16 8 25 23 29 1 30 29 18 29 7 1 21 0 1 30 28 28 16 18 29 0 29 10 25 19 1
split_gain=204.695 133.385 127.416 245.583 618.429 306.346 212.055 179.338 249.961 221.685 152.754 193.097 203.484 215.947 178.848 150.435 332.312 132.269 130.308 177.182 329.371 205.63 128.663 112.419 101.388 87.6079 208.08 83.0278 81.9332 110.255 79.2211 56.7119 98.2563 54.9414 48.7528 38.0802 36.6384 31.1537 30.352 27.7174 32.1529 26.8359 98.7164 23.686 13.3864 22.5103 12.4095 8.68545 5.14222 31.1552 3.36065 5.86403 0.93392
threshold=53.500000000000007 5.8500001430511483 4.5000000000000009 2.2899998426437382 2.1000000238418584 10.500000000000002 5.2049999237060556 0.2502173930406571 1.9357222318649294 24.500000000000004 4.3595001697540292 0.81946825981140148 1.0013224482536318 472.45182800292974 2.4194693565368657 4.8300001621246347 84.009998321533217 79.407501220703139 1.625205457210541 3.8249999284744267 12.500000000000002 1.333899259567261 302.01588439941412 0.44396135210990911 65.009998321533217 4.2750000953674325 0.37523585557937628 3.2050000429153447 14.500000000000002 7064451060596737 1.8049999475479128 143.01999664306643 509.60174560546881 1.7150000333786013 142.97827911376956 0.070000052452087416 4.6649999618530282 9.9994997978210467 126426740.00000001 7.2500000000000009 12.998000144958498 52.045431137084968 1.5000000000000002 1.5000000000000002 0.49683544039726263 196.19973754882815 1.1949999332427981 3.8950001001358037 2.1749999523162846 2.6612756252288823 1.0000000180025095e-35 92.030502319335952 14.00500011444092
decision_type=2 2 2 2 2 2 2 2 2 2 2 2 2 2 2 2 2 2 2 2 2 2 2 2 2 2 2 2 2 2 2 2 2 2 2 2 2 2 2 2 2 2 2 2 2 2 2 2 2 2 2 2 2
left_child=1 2 10 4 7 17 -7 8 -4 -9 11 12 13 -1 -14 25 24 -6 19 21 -21 -12 -18 27 -17 26 -5 -13 29 -20 -25 35 34 38 -33 37 41 -3 -2 40 -39 44 52 -30 45 -35 50 -27 49 -46 -37 -52 -43
right_child=33 31 3 15 5 6 -8 9 -10 -11 18 23 14 -15 -16 16 22 -19 28 20 -22 -23 -24 30 -26 47 -28 -29 43 -31 -32 32 -34 36 -36 46 -38 39 -40 -41 -42 42 -44 -45 48 -47 -48 -49 -50 -51 51 -53 -54
leaf_value=0.0024377067543682042 -0.053160043683555591 0.042813551589079929 -0.047444384838965771 0.029234256295040947 0.005613561331604967 -0.085780278818464006 0.063963119993131576 -0.0013334071931976079 0.011057402097686884 0.030369464493919598 0.003108878331947736 0.015235396739316341 0.019073758192963603 -0.058095990607589201 -0.022307746597062014 0.0098907910153272077 -0.092052798949923173 -0.079736284417544379 -0.07849900323521869 -0.0026467382739505077 -0.050265779719587539 0.042941958441047624 0.03786747552861422 0.047511736268478856 0.064189432958476067 0.043213752722637493 -0.065503469997514871 -0.076669399262795035 0.057177037059190021 0.037908360418976446 0.00052756987826213899 -0.0089170182254967277 0.050865532740613763 -0.057376740681592792 -0.12061346416871538 0.050356940719989689 -0.058226317286439767 0.010231354835676236 0.049081408121097569 0.044799249373857895 -0.036519013387345367 0.060293402068855785 -0.067263839845347409 0.024415690305894081 0.052351490314026694 0.039883777082280206 0.022640465265015803 0.05744133429920735 0.051131050793472035 -0.0040051436354840977 0.046858271155692278 0.02889647296477782 0.039352736065345256
leaf_weight=448.18532434012741 25.547854206932243 75.343565210700035 183.7825562809594 968.78229759377427 290.99021917860955 314.09397912689019 24.811407720204443 7229.2484933990054 15383.691891072085 595.93026143743191 58265.717377839959 82.881846946198493 2058.3912024589954 218.31815233640373 298.0534276033286 435.96737551898696 104.67274154908955 52.745835904031992 33.64736945182085 5299.583615808282 388.88621012552176 324.83517389243934 22.604131553322077 639.30663203401491 106.36001594364643 296.66397475753911 60.683845933526754 33.762224855250679 178.86614061426371 48.263946834951639 104.61412328202277 18.359575256705284 28.413086220622063 7.6978934274520752 20.569506511092186 125.47318582981825 8.6944239060394448 138.40335036814213 9.0612534648971614 36.845264948904514 48.94444739818573 29.334113697055727 24.840255460410845 83.832779553020373 94.431142970919609 17.816423270851374 99.884960867464542 204.56172510143369 293.54965766845271 32.606916706543416 108.41925921291113 95.374208077788353 20.837065104627982
leaf_count=1293 3618 39 1650 1047 490 1485 3 17210 29570 2082 159144 224 6461 1436 1198 1023 663 244 212 12086 3014 768 42 950 33 232 184 276 70 40 265 30 13 979 89 41 375 164 37 13 123 176 1196 279 27 27 96 51 190 185 47 74 86
internal_value=0.00474077 0.00456321 0.00439181 0.00735206 0.00588987 -0.0409853 -0.0746469 0.00725968 0.0103634 0.00108387 0.00325626 0.0128866 0.00693054 -0.0174404 0.0138303 0.023339 0.00355603 -0.00766206 0.00267726 0.00251251 -0.00591131 0.00333053 -0.0688249 0.0337706 0.0206475 0.0319818 0.0235868 -0.0117492 0.0332982 -0.010219 0.0409209 0.0249341 -0.0187013 0.0347384 -0.0696035 0.0289936 0.0387317 0.0152106 -0.0256245 0.00576307 -0.00208464 0.0404674 0.0125005 0.0468734 0.0451204 0.00929359 0.0385444 0.0491331 0.0472547 0.0379291 0.0432707 0.0386588 0.052633
internal_weight=96143.2 95578.8 94782.7 26275.6 24075.3 682.641 338.905 23392.7 15567.5 7825.18 68507.1 3883.51 3022.95 666.503 2356.44 2200.3 669.604 343.736 64623.6 64279 5688.47 58590.6 127.277 860.565 542.327 1530.69 1029.47 116.644 344.61 81.9113 743.921 796.03 67.3422 564.417 38.9291 728.688 529.808 299.537 34.6091 224.193 187.348 521.113 75.0114 262.699 446.102 25.5143 429.152 501.226 420.588 127.038 329.267 203.793 50.1712
internal_count=251350 244454 243725 56009 52734 2222 1488 50512 31220 19292 187716 12103 10388 2729 7659 3275 1761 734 175613 175012 15100 159912 705 1715 1056 1514 1231 500 601 252 1215 729 132 6896 119 597 3241 339 3655 300 287 2866 1458 349 1408 1006 258 283 402 212 162 121 262
is_linear=0
shrinkage=0.05


Tree=65
num_leaves=63
num_cat=0
split_feature=9 1 12 24 26 1 1 1 20 15 1 1 9 19 1 27 5 26 26 25 16 1 17 11 24 28 1 28 26 5 26 25 25 1 28 27 1 26 26 28 30 10 19 12 9 30 30 30 2 19 10 16 2 9 26 25 10 16 27 24 26 28
split_gain=214.827 218.528 190.06 184.615 211.049 260.638 278.613 152.919 204.249 186.306 210.933 173.229 175.943 172.811 143.146 241.105 157.699 190.758 149.66 142.875 190.359 139.344 136.352 132.967 253.488 131.477 122.326 122.013 113.38 109.387 131.414 127.049 298.5 111.646 108.115 138.228 106.442 94.4266 92.078 240.891 263.8 140.644 108.063 91.4455 89.8555 116.257 103.14 89.5765 81.4603 63.9491 63.5485 62.9424 58.903 58.5787 48.4348 66.7239 45.2621 44.9011 134.161 48.3211 43.3467 66.0886
threshold=0.99999988079071056 553.36999511718761 1.1387992501258852 -3.5937504768371578 61.500000000000007 101.01499938964845 174.22000122070315 4.0050001144409189 0.90478035807609569 1.5000000000000002 0.99900001287460338 7.9995000362396249 0.8150000572204591 859.49984741210949 43.004999160766609 3.4050000905990605 3.5000000000000004 35.500000000000007 29.500000000000004 3.5000000000000004 0.26320439577102667 215.9779968261719 2.2250000238418584 3.5000000000000004 2.50000011920929 24.500000000000004 16.605000495910648 1.5000000000000002 11.500000000000002 32.500000000000007 112.50000000000001 50.500000000000007 27.500000000000004 95.305000305175795 6.5000000000000009 4.4949998855590829 100.00500106811525 55.500000000000007 14.500000000000002 22.500000000000004 8.1966314315795916 4.3999998569488534 409.02362060546881 1.1999999880790713 1.3200000524520876 36.056528091430671 7.17724633216858 468.38984680175787 3.5000000000000004 3.6567696332931523 3.3400000333786015 0.84680575132370006 1.0000000180025095e-35 1.6949999332427981 93.500000000000014 6.5000000000000009 2.6924999952316289 0.23336034268140796 3.6950000524520878 -4.1999983787536612 77.500000000000014 14.500000000000002
decision_type=2 2 2 2 2 2 2 2 2 2 2 2 2 2 2 2 2 2 2 2 2 2 2 2 2 2 2 2 2 2 2 2 2 2 2 2 2 2 2 2 2 2 2 2 2 2 2 2 2 2 2 2 2 2 2 2 2 2 2 2 2 2
left_child=1 2 7 44 5 19 28 9 11 10 -1 12 -9 -12 15 16 -4 -18 -16 26 36 47 -22 24 -17 -13 27 -5 -7 30 31 32 -6 -32 -8 -36 -21 -11 -3 40 -40 42 -42 -28 52 46 49 -20 -10 -46 -23 -25 57 54 55 -47 -50 -2 -59 -60 -31 -62
right_child=3 38 14 4 29 6 34 8 48 37 13 25 -14 -15 18 23 17 -19 21 20 22 50 -24 51 -26 -27 43 -29 -30 60 33 -33 -34 -35 35 -37 -38 -39 39 -41 41 -43 -44 -45 45 53 -48 -49 56 -51 -52 -53 -54 -55 -56 -57 -58 58 59 -61 61 -63
leaf_value=-0.067819013297374539 0.045036288409916435 0.026600829440214021 0.11801056590503295 0.0025284873571976372 0.003132301015815007 0.029875390185440272 0.056067189672932255 -0.0080940572749989611 -0.073650114051148366 0.050128846315555857 -0.016508154295671925 0.0042023486427638385 0.06005690170687597 0.016677858976825895 -0.093431783502844465 -0.070125623016712865 -0.068290602329893743 0.03927816285787001 0.010097354053218051 -0.074987997278798679 -0.0010615673320480872 -0.15108413228055517 0.025397761285836564 -0.020229720800529517 0.0076590871460314102 0.022479158418672259 -0.10284568518334641 0.066616697962261759 -0.086343813824624499 0.04772158583739794 -0.061484738662557839 0.051892509724185777 -0.11602207581652427 0.041329994570906831 0.059091785167494498 -0.096584326951382402 0.060871853372827446 -0.034873201191352288 0.022031632820391372 0.035854666137781606 -0.18740557477608805 -0.017385994758362677 -0.040979757316818216 0.018810882123026618 -0.058594144539153015 0.019007776465996343 -0.115568887870931 0.076332633840389047 0.052374202639399917 0.03164654006393991 -0.0045887158514639386 0.043830013781757139 0.057956682623908629 0.044950241327585308 0.03820579860862057 -0.11915312240825647 -0.060192960938598654 0.069588011295630192 -0.10614921961168644 0.01059382736650669 0.028770030422879535 -0.077876967985817142
leaf_weight=83.985098061850294 87.039804327301681 1519.17653465271 34.265339326113462 108.75713546574116 695.20653520198539 22.996101684868336 77.3909557685256 3782.3705592043698 117.50776280870195 430.0073948726058 455.98825158306863 77726.497691629513 96.130193265562411 2770.7481567549985 35.292645439505577 421.49199267383665 61.712305864319205 119.21527446480468 520.51720740913879 108.3753343638964 1861.1493036667816 17.486373845487837 658.23095518629998 135.45293609146029 138.87022316700313 995.80225662479643 24.345715500414371 234.86127518862486 191.15827120188624 403.4728665095754 27.273383025545627 108.01278247707523 55.85133778816089 417.99838351272047 23.056607142090797 34.210001984611154 15.7993176728487 34.590353099978529 82.87851294875145 207.26742921024561 42.600358128547668 34.419571399688721 18.804502323269844 38.787936951965094 29.73036340996623 16.992704346776009 24.710356408730149 55.707380062434822 23.424489538301714 53.353226110339165 12.574728712439535 52.324535725172609 385.74224555841647 217.68245275272056 27.254471218213439 16.382990088313818 13.079518741462378 29.998975992202759 26.492963797878474 12.72225897759199 506.47987056424608 13.992584195453672
leaf_count=739 64 1658 39 342 1581 33 38 18475 1656 347 1486 182322 160 8327 152 4335 415 150 1064 700 5187 93 1351 3003 420 4212 111 132 1056 519 970 56 512 254 3 157 5 490 77 120 223 60 42 61 109 23 131 109 31 49 22 66 331 134 23 85 205 4 133 21 5501 1457
internal_value=0.0049496 0.00431317 0.0039508 0.0136882 0.0102755 0.00243219 -0.0384458 0.00426712 0.00381797 0.0141074 0.00993718 0.00392559 -0.00638857 0.0119829 -0.0130924 -0.0252699 0.0212813 0.00238652 0.00519531 0.00711942 0.00286701 0.0110891 0.00585673 -0.0386769 -0.0508606 0.00443389 0.0346695 0.0464131 -0.07376 0.0222314 0.0128859 0.00144368 -0.00586429 0.0348976 0.0178094 -0.033882 -0.0573138 0.0437282 0.0210634 -0.000731319 -0.0431565 -0.0992346 -0.14402 -0.0288967 0.0343414 0.0158309 -0.0280516 0.0166306 -0.053521 -0.000898247 -0.0920859 -0.00221525 0.0474653 0.0328846 -0.0103805 -0.0501586 0.0113781 0.0213296 -0.00862829 -0.0688293 0.035391 0.0257495
internal_weight=96595.7 90040.2 88135 6555.51 5627.41 3399.12 348.812 86530.1 82754.8 3775.32 3310.72 82600.8 3878.5 3226.74 1604.91 963.333 215.193 180.928 641.578 3050.31 2643.55 606.286 2519.38 748.14 560.362 78722.3 406.752 343.618 214.154 2228.29 1304.34 859.071 751.058 445.272 134.658 57.2666 124.175 464.598 1905.15 385.97 178.703 95.8244 61.4049 63.1337 928.103 386.107 107.794 576.225 154.012 83.0836 30.0611 187.777 541.996 278.313 60.6302 33.3757 36.504 156.254 69.2142 39.2152 923.945 520.472
internal_count=251631 230498 228318 21133 20026 9176 1287 218450 207061 11389 10552 205169 18635 9813 9868 8428 604 565 1440 7889 7243 1288 6538 7824 4755 186534 646 474 1089 10850 3373 2149 2093 1224 198 160 705 837 2180 522 402 325 265 172 1107 554 289 1173 1892 158 115 3069 553 265 131 108 236 222 158 154 7477 6958
is_linear=0
shrinkage=0.05


Tree=66
num_leaves=63
num_cat=0
split_feature=9 1 12 0 29 1 20 26 15 1 1 23 1 23 1 22 29 23 12 15 12 0 26 26 9 1 27 1 26 26 7 1 9 22 1 26 4 23 12 0 26 26 1 27 26 0 21 1 7 21 13 0 0 0 15 20 1 0 26 1 27 23
split_gain=197.902 199.828 172.898 174.112 150.304 138.278 189.407 183.211 177.761 196.306 163.052 305.903 160.704 135.512 288.596 126.093 160.369 380.774 256.893 253.119 189.275 166.926 174.466 395.517 192.833 122.484 184.109 155.416 342.92 118.031 115.607 114.176 111.8 150.627 110.341 109.841 107.334 105.794 96.6824 96.6749 83.9329 213.328 108.827 117.384 95.4931 85.4354 77.5557 76.4849 75.4789 69.925 69.7159 69.4363 191.24 61.327 61.0431 56.0179 55.4042 80.3987 52.7812 135.938 51.9796 51.1806
threshold=0.99999988079071056 553.36999511718761 1.1387992501258852 3.554999947547913 1.8999999761581423 4.3595001697540292 0.90478035807609569 76.500000000000014 1.5000000000000002 0.99900001287460338 5.0025000572204599 0.019596382975578312 5.2795000076293954 0.86867952346801769 104.00500106811525 15.093982219696047 1.8999999761581423 1.2010478973388674 1.2265685796737673 19.500000000000004 1.156250059604645 3.8449999094009404 42.500000000000007 24.500000000000004 2.1250000000000004 9.9994997978210467 4.0250000953674325 107.00500106811525 101.50000000000001 80.500000000000014 3.2949999570846562 4.6679999828338632 0.8999999761581422 14.226503849029543 14.996500015258791 20.500000000000004 2.5000000000000004 5.3642528057098398 1.0512434244155886 4.6099998950958261 14.500000000000002 23.500000000000004 592.86999511718761 4.6949999332427987 15.500000000000002 4.1949999332427987 0.024867128580808643 16.605000495910648 4.7750000953674325 97367804.000000015 -0.45000001788139338 4.7049999237060556 5.9500000476837167 3.1950000524520878 1.5000000000000002 0.96509900689125072 48.003000259399421 3.3850001096725468 72.500000000000014 105.00999832153322 4.8799998760223398 38.170709609985359
decision_type=2 2 2 2 2 2 2 2 2 2 2 2 2 2 2 2 2 2 2 2 2 2 2 2 2 2 2 2 2 2 2 2 2 2 2 2 2 2 2 2 2 2 2 2 2 2 2 2 2 2 2 2 2 2 2 2 2 2 2 2 2 2
left_child=1 2 5 13 -5 7 10 8 9 -1 11 -7 -12 14 55 25 17 -17 20 34 38 22 23 50 -25 26 -2 46 37 -16 -6 -28 35 -34 -20 -15 -23 -29 -19 -8 51 42 43 45 -44 -42 56 -22 53 60 -18 -3 -53 -24 -32 -4 57 -27 -48 -60 -38 -33
right_child=15 40 3 4 30 6 39 -9 -10 -11 12 -13 -14 32 29 16 21 18 19 -21 47 36 48 24 -26 27 31 28 -30 -31 54 61 33 -35 -36 -37 49 -39 -40 -41 41 -43 44 -45 -46 -47 58 -49 -50 -51 -52 52 -54 -55 -56 -57 -58 -59 59 -61 -62 -63
leaf_value=-0.066678129070666045 -0.062174515303281511 0.028120169690211628 -0.068824826714890999 -0.080183940723668745 -0.11235841603003729 -0.03406755934237609 -0.066958575697564124 -0.064100775285356223 0.044456944548654939 0.012770687437382706 0.068162755169978675 0.008584645970624364 0.0039684882168238185 -0.032823359588888636 -0.056703411702933373 -0.081130326880682557 -0.058908974652642714 0.033208401660799053 -0.069673059541025234 0.050220742588817563 0.052351510621841291 -0.033485241734476569 0.010308370469295201 -0.086249082615249134 0.015307522836682207 0.01182904197077372 0.052766352173237163 -0.10664666490249947 0.039029529020139508 0.02683548020927732 0.041420821425263293 -0.069662482647739096 0.074005935513210871 -0.07639840390839811 -0.016243904619855899 0.02853031223760303 0.031732083263135938 0.029752509686012292 -0.041858004013320446 0.0583788356245886 -0.014198977881035092 0.036903056467477456 -0.013724723975198522 0.0077822155140630832 -0.17094788825669793 -0.16076518044319191 0.051403838126563441 0.0085907131490273164 -0.079401849182511863 0.058232655833608885 0.013976589274343382 -0.11512742710600254 0.038922295555564007 0.029416978966125634 -0.044633383383054698 -0.026745332029791249 0.043549907589337182 -0.094310635772735088 -0.081584534344200488 0.063526135798635336 -0.029209325770317401 0.027166393427164898
leaf_weight=78.657799126580358 93.03788286796771 1421.4156259149313 210.16479977138806 158.68609741493128 20.000405870610848 799.38198168249801 131.81562079279684 73.936001220485196 446.30243054684252 3247.6991923479363 96.624661150854081 884.47156245895894 80730.653001956234 84.988206665962934 49.314210956916213 147.80555770819774 33.447304539382458 61.89028350636363 185.38350334658753 91.355980987660587 351.34318442072254 54.68111826479435 902.41274103726028 193.19995481241494 61.096784552559257 163.19327079481445 116.60166009370005 74.214274441823363 165.76169276237488 264.13716015592217 70.552057426655665 35.14443150779698 20.994823142886162 68.384286515414715 202.97194924298674 482.16974249877967 482.1917137268465 16.997963801026344 134.16112761502154 16.582035129889846 19.338268712162971 189.92831565439701 16.155655384063721 114.60038314759731 24.01499892771244 20.124695912003517 733.8348255418241 140.36503294773865 18.634547197842039 286.59836782794446 689.15422674454749 31.030369982123375 53.345835849642754 788.90654801763594 27.973749723052606 130.30492577783298 123.73674269299954 19.016316763823852 26.305308156181127 38.459503337740898 36.870112881064415 21.136834468692541
leaf_count=713 1033 1490 2444 1775 118 4715 1868 1407 466 9265 399 3494 196113 461 170 3696 137 93 2148 308 525 132 3269 948 137 377 254 382 113 320 58 537 29 557 816 962 598 18 597 10 34 105 27 139 120 97 665 358 524 189 1139 135 33 1261 123 2851 93 95 491 7 167 26
internal_value=0.00470829 0.00409994 0.00375461 -0.0125903 -0.0485179 0.00405479 0.00362337 0.013321 0.0148562 0.010871 0.00372523 -0.011669 0.00404613 -0.00495526 -0.021053 0.0131405 0.0091036 -0.00580245 0.00379129 -0.0242578 0.0233696 0.0146322 0.00848562 -0.00836209 -0.0618653 0.0251861 -0.00581776 0.031245 -0.00374936 0.0135382 -0.00576463 0.0246653 0.0110784 -0.0405857 -0.0418749 0.0192861 0.0337899 -0.0811266 -0.0180871 -0.0526228 0.020183 -0.000665046 -0.0374268 -0.0179621 -0.109707 -0.091192 0.039387 0.0399123 0.0181129 0.038398 0.0105193 0.025502 -0.0183577 0.0192365 0.0167348 -0.0528602 0.0178753 0.000270169 0.0475893 0.00416665 0.0273458 -0.033371
internal_weight=96473.7 89983.7 88093.8 1587.67 277.212 86506.1 82659.5 3846.6 3772.66 3326.36 82511.1 1683.85 80827.3 1310.46 653.921 6489.91 4862.47 1315.28 1167.47 479.711 687.76 3547.19 2686.85 976.898 254.297 1627.44 265.921 1361.52 256.974 313.451 118.526 172.883 656.537 89.3791 388.355 567.158 860.341 91.2122 196.051 148.398 1889.95 384.162 194.234 154.063 40.1707 39.463 1104.55 491.708 1709.95 805.66 722.602 1505.79 84.3762 1691.32 98.5258 340.47 305.946 182.21 798.6 64.7648 519.062 56.2813
internal_count=251631 230498 228318 9868 2074 218450 206599 11851 10444 9978 204721 8209 196512 7794 5785 21133 17042 8541 4845 3272 1573 8501 7415 2361 1085 4091 1850 2241 513 490 299 817 2009 586 2964 1423 1086 400 690 1878 2180 522 417 270 147 131 1728 883 5054 954 1276 1658 168 4530 181 5295 565 472 1163 498 765 563
is_linear=0
shrinkage=0.05


Tree=67
num_leaves=63
num_cat=0
split_feature=9 1 24 26 1 1 22 1 1 8 10 1 26 1 26 29 29 27 26 29 1 28 4 29 15 28 10 29 0 23 26 26 18 19 28 27 26 19 23 28 29 27 10 26 6 26 28 1 18 27 28 18 0 0 27 9 23 28 0 19 22 28
split_gain=182.857 182.816 165.976 186.938 225.056 250.443 129.97 251.934 244.567 203.551 198.196 128.14 184.185 181.351 178.037 159.154 274.783 263.415 153.228 139.023 214.634 133.434 129.012 128.112 114.407 109.145 153.913 143.587 106.272 104.703 103.281 102.624 98.992 111.685 98.554 122.962 93.4119 88.2894 169.258 84.1053 121.734 191.849 107.826 108.3 80.6755 76.7306 199.409 94.7976 111.432 102.415 75.3929 72.7696 63.3401 172.653 53.9293 44.4174 44.3089 38.8364 38.5297 37.7259 192.349 35.886
threshold=0.99999988079071056 553.36999511718761 -3.5937504768371578 61.500000000000007 101.01499938964845 174.22000122070315 15.256204605102541 9.004399776458742 21.804999351501468 4.6649999618530282 3.7525000572204594 4.0050001144409189 76.500000000000014 7.9995000362396249 13.500000000000002 0.1999999284744263 0.29499995708465582 2.9850000143051152 58.500000000000007 1.0000001192092898 3.4415000677108769 7.5000000000000009 10.500000000000002 1.8999999761581423 1.5000000000000002 24.500000000000004 3.5025000572204594 0.99499988555908214 5.6250000000000009 223607204610048.03 11.500000000000002 48.500000000000007 12.990139007568361 50.780971527099616 6.5000000000000009 4.4949998855590829 8.5000000000000018 5.0110728740692148 630210416345088.12 1.5000000000000002 1.8999999761581423 4.0950000286102304 2.7975000143051152 112.50000000000001 1.5000000000000002 14.500000000000002 23.500000000000004 592.86999511718761 610.29138183593761 4.6949999332427987 25.500000000000004 263.21124267578131 4.7049999237060556 5.9500000476837167 3.8067375421524052 0.59000003337860119 0.34909611940383917 5.5000000000000009 4.5099999904632577 143.69900512695315 14.60707998275757 6.5000000000000009
decision_type=2 2 2 2 2 2 2 2 2 2 2 2 2 2 2 2 2 2 2 2 2 2 2 2 2 2 2 2 2 2 2 2 2 2 2 2 2 2 2 2 2 2 2 2 2 2 2 2 2 2 2 2 2 2 2 2 2 2 2 2 2 2
left_child=1 11 32 4 6 30 7 23 9 -8 -10 12 14 15 19 28 17 -17 -18 20 -1 24 25 -4 -16 26 -15 -27 -13 -9 -6 -23 37 56 -7 -36 -21 38 -2 54 41 -41 44 -44 -42 52 47 49 -49 51 -24 -47 58 -54 -5 -52 -34 -39 -3 61 -61 -35
right_child=2 45 3 39 5 34 8 29 10 -11 -12 13 -14 22 21 16 18 -19 -20 36 -22 31 50 -25 -26 27 -28 -29 -30 -31 -32 -33 33 59 35 -37 -38 57 -40 40 42 -43 43 -45 -46 46 -48 48 -50 -51 55 -53 53 -55 -56 -57 -58 -59 -60 60 -62 -63
leaf_value=0.018741785097235023 -0.10298139128970063 0.023211780045312453 -0.063332193126263384 -0.052750319687589697 0.028450628014936238 0.054292800501724782 -0.0090899529105350745 0.036596418219922558 -0.019527507470164143 0.027962227463364405 -0.11095533445600832 -0.04939426809167799 -0.062924934001091198 0.0044867884556900701 0.018527958544106507 -0.052739915416842892 -0.0026332648583556016 0.17002943810828114 -0.037450668953701569 -0.001015228886635909 -0.064704814589573514 -0.1090518715777227 -0.058572429739519608 0.018598586604700953 0.044538543804833575 0.044346531079779018 -0.0017492881246425293 0.0047648896254935905 0.047154159101411033 -0.024032842923146412 -0.082979494040115509 -0.0019297078556400026 0.0078846362642786758 0.0021884238518227184 0.057710120480591848 -0.091757264569495109 -0.04386928949428387 0.064029366460664067 0.048690205535344117 0.072907366170806662 -0.097779313958456168 -0.06805825123847381 0.011858877009096195 0.038968182211864634 0.029368440413962062 -0.14192574035849126 0.036633886088914915 -0.15573303857184831 0.014283581141640881 0.0074285776805182516 0.044600859809378335 -0.0080734359270867636 -0.10883674035875818 0.037822210504420362 0.044740644978506591 -0.059028445336725882 -0.10786888535929005 0.027512105173590817 0.045391667673927896 0.050296918207485712 -0.10929178810598082 0.04204754408533587
leaf_weight=875.21223735995591 26.277288319310173 1170.8605098575354 119.28433754481375 13.859884686418807 22.849752657115459 75.585015036165714 799.0925180632621 818.83697284478694 359.25447826366872 689.58114235335961 70.215521704405546 300.08765180595219 78.619921129080467 67279.018427744741 1735.7017247201875 18.695573180913925 3347.3217611210421 41.435024578124285 348.02364277804736 275.14857853017747 83.491649784147739 29.420522958040237 129.22942875028821 78.345393223222345 560.0210972703062 380.547317863442 11598.662498333259 575.04875476530287 30.641311854124069 77.200368639081717 184.89928398001939 84.875161327421665 12.113875958137212 79.405207512900233 21.911496341228485 33.655300933867693 235.90141748078167 334.39892669348046 55.480444211512804 31.671552495565265 32.434817007684615 91.892196776519995 983.23819189425558 590.26488791796146 19.222441741265357 22.600167691707611 184.44097576290369 28.576192319393158 13.986316397786139 114.11350482702255 34.314357523340732 18.190862476825714 31.234394982457161 52.210854902863503 393.78460997866932 13.632962776697239 23.709600560367107 96.546800706302747 237.00773848593235 50.491562305949628 28.81148968078196 197.82647784077562
leaf_count=3850 142 1337 1032 426 33 38 3001 1110 957 1004 325 3347 1755 160036 3193 248 12316 121 5406 1013 751 125 4158 206 593 324 25781 3545 19 254 1056 191 20 132 3 157 846 186 47 33 956 3483 1704 2011 214 102 102 135 15 139 79 29 135 33 2023 621 129 132 153 27 145 147
internal_value=0.00447864 0.0038968 0.0126362 0.00937015 0.00197672 -0.0365899 0.00632875 0.020076 -0.00151329 0.00807719 -0.03471 0.00356778 0.0123587 0.0031538 0.0139014 -0.00711898 -0.0041839 0.100955 -0.00592293 0.000181345 0.0114095 0.022263 0.00367858 -0.0308975 0.0248918 0.00377344 0.00356972 0.0205626 -0.040319 0.0313462 -0.0706221 -0.0302538 0.0324712 0.0135013 0.017407 -0.0327516 -0.0208535 0.0469241 -0.000652612 0.02085 0.0160609 -0.0315909 0.0197042 0.0220498 -0.0507116 0.0193499 -0.000634059 -0.035478 -0.100704 -0.0169929 -0.0388186 -0.0839751 0.0244679 -0.0176533 0.0412927 0.0144296 -0.0694394 0.0559424 0.0269788 0.0220198 -0.00825976 0.0306979
internal_weight=96340.4 89928.3 6412.14 5507.08 3350.71 338.901 3011.81 1093.67 1918.14 1488.67 429.47 88055.1 3958.39 84096.7 3879.77 4086.2 3755.48 60.1306 3695.35 1469.75 958.704 2410.02 80010.5 197.63 2295.72 79833.3 78877.7 955.596 330.729 896.037 207.749 114.296 905.062 392.358 131.152 55.5668 511.05 512.703 81.7577 2156.37 1748.72 123.564 1625.16 1573.5 51.6573 1873.22 381.908 197.467 42.5625 154.905 177.177 40.791 1491.31 83.4452 407.644 47.9473 35.8235 430.946 1407.87 356.535 79.3031 277.232
internal_count=251631 230498 21133 20026 9176 1287 7889 2602 5287 4005 1282 228318 12317 216001 10562 21457 18091 369 17722 6460 4601 4102 194544 1238 3786 189686 185817 3869 3366 1364 1089 316 1107 600 198 160 1859 507 189 10850 8401 3516 4885 3715 1170 2180 522 420 150 270 4858 131 1658 168 2449 700 149 318 1490 451 172 279
is_linear=0
shrinkage=0.05


Tree=68
num_leaves=59
num_cat=0
split_feature=9 9 1 9 24 26 5 12 0 1 12 1 20 26 16 26 13 26 18 1 26 28 30 30 28 1 26 0 0 12 13 23 26 0 16 0 30 30 24 0 1 6 9 12 13 1 13 12 23 15 30 18 1 20 4 5 28 5
split_gain=173.05 174.514 156.54 154.006 166.129 161.851 190.959 157.491 159.897 134.039 132.584 115.269 173.272 163.303 108.431 96.0151 91.6886 125.38 86.9604 74.2997 70.5319 182.405 170.782 117.191 70.023 60.9161 58.2781 57.7796 156.592 53.8762 50.4472 62.9999 105.33 77.3382 42.2263 36.1381 55.3845 33.9565 47.6346 23.1862 46.4858 73.716 22.9971 63.0336 16.9039 15.7086 10.5352 19.053 10.3298 12.5613 5.3825 4.86404 4.74537 2.40153 2.18312 0.767516 0.485663 0.0461849
threshold=2.0100002288818364 1.8850001096725466 553.36999511718761 0.99999988079071056 -3.5937504768371578 61.500000000000007 13.500000000000002 1.1387992501258852 3.554999947547913 215.9779968261719 1.4546779394149782 4.3595001697540292 0.90478035807609569 60.500000000000007 0.2502173930406571 142.50000000000003 -0.089285701513290391 12.500000000000002 12.990139007568361 102.00500106811525 14.500000000000002 23.500000000000004 8.1966314315795916 60.063835144042976 6.5000000000000009 257.13999938964849 124.50000000000001 4.7049999237060556 5.9500000476837167 1.1600712537765505 -0.0035714189289137717 7064451060596737 70.500000000000014 3.6450001001358037 0.20727536827325824 4.5099999904632577 144.74776458740237 101.00604629516603 -1.6999996304512022 3.8950001001358037 9.9994997978210467 3.5000000000000004 2.1999999284744267 1.4724746942520144 -0.14999996125698087 89.005001068115249 0.17000001668930056 1.4974396228790285 3.7936908006668095 1.0000000180025095e-35 2.183719396591187 31.894009590148929 578.12500000000011 0.57144036889076244 9.5000000000000018 20.500000000000004 2.5000000000000004 19.500000000000004
decision_type=2 2 2 2 2 2 2 2 2 2 2 2 2 2 2 2 2 2 2 2 2 2 2 2 2 2 2 2 2 2 2 2 2 2 2 2 2 2 2 2 2 2 2 2 2 2 2 2 2 2 2 2 2 2 2 2 2 2
left_child=1 2 3 7 18 6 -6 11 9 -9 16 13 -13 -1 -10 -7 44 -18 24 30 27 22 -22 -24 -5 45 54 35 56 -20 31 32 33 57 -21 36 -4 42 -39 40 50 -42 46 -44 -3 53 47 -32 -34 -50 -33 -23 -37 -12 -19 -45 -29 -2
right_child=19 10 20 4 5 15 -8 8 14 -11 25 12 -14 -15 -16 -17 17 26 29 34 21 51 23 -25 -26 -27 -28 28 -30 -31 37 39 48 -35 -36 52 -38 38 -40 -41 41 -43 43 55 -46 -47 -48 -49 49 -51 -52 -53 -54 -55 -56 -57 -58 -59
leaf_value=0.014440747313172329 -0.090809253073592611 0.0081028003272863684 0.026940765904520117 0.056369673107489485 0.0074605530857437714 0.021667674199491473 -0.026017458723111894 -0.002958689707842228 -0.0071205223359642276 -0.13347386373760023 -0.089406132489616597 0.0033772204292622839 -0.051407695389459968 -0.034397245903730021 -0.072122108017867476 -0.064235425130420895 0.027237723644945706 -0.11816275724973083 -0.042054898763185355 0.01672911171339754 0.020948629063691722 0.045446168571902673 -0.11707411046273866 -0.015979999812295018 0 0.050650522706813209 0.023941640236989355 -0.084195011800129782 0.036746473632605796 0.02141500852493311 0.015247038594866341 0.045330328060375465 0.053796415827857637 0.014438103927704055 -0.11240728760584302 0.051383952201523843 -0.0030390500321547599 0.041072677457309165 -0.085044629294494606 0.051528842097749918 -0.088105553644288653 0.041146832763971325 0.03778287453981085 -0.088613378605101323 0.054913858191729087 -0.13492588154019383 0.064980449487058473 0.046785690070511296 0.044947641504369217 -0.049830351637271265 0.022894403530400523 0.027877406425378087 0.03582884390281673 -0.064895878568496962 -0.078171195826616441 -0.046908922661867275 -0.12385882425995076 -0.063773811665525149
leaf_weight=3651.5114435236901 37.811318248510361 38.277484329417348 979.27189542353153 375.94073432544246 2017.4718682551757 1736.5267290896736 538.87760750763118 1270.0448482869542 104.65540620591491 18.985841400921345 40.983772584237158 82483.331517764193 143.57182743994053 178.59434612747282 166.53203462425154 32.177348763041664 40.729583073407412 33.834161641541868 36.369954676833004 10.432616193778815 83.324101462960243 78.050172306597233 64.274813875555992 51.987027570605278 64.662684778915718 7.7981557846069327 9.6646764206234348 18.878473371267322 51.109953224658966 318.11401846376248 58.67065705312416 57.587442427873611 39.900294193881564 30.588842078112066 14.038466334342955 117.50974273681641 182.20288482308388 16.001003593206409 12.392859279643742 77.838026076555252 21.958949754014611 20.326824579387903 62.797536409925669 7.7150866985321027 39.339273281861097 16.937570888549089 62.000758634647354 309.84923563618213 6.5304416669532639 5.5222469002474099 59.325261255726218 101.67751817405224 115.54365432262421 42.128043210366741 15.425292564556001 7.6082774755777791 12.398030489683149 14.274909605272113
leaf_count=10056 190 82 1025 282 4553 4541 2835 7698 699 96 224 204721 1878 1795 1375 4523 53 175 114 19 80 29 250 91 156 1 44 81 33 427 98 24 111 66 90 55 312 9 133 28 99 14 61 52 19 92 36 243 5 171 83 73 98 830 99 403 54 147
internal_value=0.00426029 0.00405022 0.00416766 0.00388093 0.0123104 0.00844295 0.00039403 0.00339038 -0.0123482 -0.00498687 -0.0349392 0.00367459 0.00328135 0.0121538 -0.0471737 0.0200666 -0.00818809 -0.0397714 0.0333049 0.025677 0.0185422 -0.000676649 -0.0335131 -0.0724338 0.0481233 -0.0783853 -0.0858545 0.0234786 -0.0170085 0.014789 0.0280157 0.01378 -0.0134465 -0.0483117 -0.0586616 0.0258846 0.0222349 0.0378146 -0.0148233 0.0292562 0.0180814 -0.0263431 0.0407861 0.0154747 0.0322888 -0.088894 0.0453209 0.0418329 0.0418061 0.000648888 0.0342787 0.0357439 0.0438794 -0.077961 -0.107544 -0.0723551 -0.103423 -0.0848349
internal_weight=96211.9 95278.7 94993.6 93137.4 5120.14 4325.05 2556.35 88017.2 1560.22 1289.03 285.118 86457 82626.9 3830.11 271.187 1768.7 177.27 99.6537 795.087 933.171 1856.23 379.314 199.586 116.262 440.603 107.848 58.9241 1476.91 82.3865 354.484 908.7 371.665 134.628 82.6751 24.4711 1394.53 1161.47 537.035 28.3939 237.037 159.198 42.2858 508.642 78.1209 77.6168 100.049 430.521 368.52 51.953 12.0527 116.913 179.728 233.053 83.1118 49.2595 15.3234 31.2765 52.0862
internal_count=251631 249549 247930 245749 17431 16452 7388 228318 9868 7794 1619 218450 206599 11851 2074 9064 472 371 979 2082 2181 523 421 341 438 1147 318 1658 168 541 1973 938 690 403 109 1490 1337 1035 142 248 220 113 893 516 101 1146 377 341 287 176 107 102 153 1054 274 455 135 337
is_linear=0
shrinkage=0.05


Tree=69
num_leaves=51
num_cat=0
split_feature=9 9 1 9 24 26 5 12 0 29 7 1 10 7 22 26 26 0 25 1 9 8 26 26 1 29 5 0 0 29 20 22 1 25 7 4 26 16 1 0 10 29 1 1 4 10 8 22 12 5
split_gain=161.801 159.771 143.485 140.582 152.527 149.59 202.819 142.434 146.505 141.188 129.822 120.482 108.279 264.497 206.462 88.7322 85.1607 110.118 93.6012 68.6087 65.0124 106.708 64.3298 161.272 76.396 89.4224 72.7004 52.8878 142.461 45.6902 39.3907 166.936 43.2688 105.721 57.158 38.8231 41.2674 38.5578 34.5545 33.941 34.911 20.0298 10.1352 4.59954 4.31865 2.45182 1.79265 1.27349 1.24026 0.54111
threshold=2.0100002288818364 1.8850001096725466 553.36999511718761 0.99999988079071056 -3.5937504768371578 58.500000000000007 13.500000000000002 1.1387992501258852 3.554999947547913 1.8999999761581423 4.8949999809265146 215.9779968261719 3.5025000572204594 3.3950001001358037 16.193607330322269 142.50000000000003 120.50000000000001 4.2850000858306894 3.5000000000000004 102.00500106811525 1.3200000524520876 4.3949999809265146 14.500000000000002 23.500000000000004 592.86999511718761 0.80000007152557384 1.5000000000000002 4.7049999237060556 5.9500000476837167 1.5950000286102297 0.96509900689125072 16.08337497711182 10.001999855041506 7.5000000000000009 4.5950000286102304 7.5000000000000009 45.500000000000007 0.20727536827325824 129.004997253418 4.5099999904632577 4.3999998569488534 2.1749999523162846 19.855000495910648 578.12500000000011 14.500000000000002 4.305000066757203 4.5950000286102304 16.193607330322269 1.7100586891174319 12.500000000000002
decision_type=2 2 2 2 2 2 2 2 2 2 2 2 2 2 2 2 2 2 2 2 2 2 2 2 2 2 2 2 2 2 2 2 2 2 2 2 2 2 2 2 2 2 2 2 2 2 2 2 2 2
left_child=1 2 3 7 20 6 -6 12 11 -10 16 -9 13 -1 -14 -7 17 18 -3 30 29 -22 27 24 25 -24 -26 39 -29 -5 31 49 35 -34 -35 41 -37 -21 -18 40 -4 -33 -20 -41 -32 -25 -46 -48 -49 -2
right_child=19 10 22 4 5 15 -8 8 9 -11 -12 -13 14 -15 -16 -17 38 -19 42 37 21 -23 23 45 26 -27 -28 28 -30 -31 44 32 33 34 -36 36 -38 -39 -40 43 -42 -43 -44 -45 46 -47 47 48 -50 -51
leaf_value=0.0036215608225332527 -0.10235706796319798 0.020366945800147279 0.017273167115465275 0.0055904807730218151 0.0071326116129321621 0.020366621606959318 -0.028843025057156715 -0.0028103022819606274 -0.077157267559834375 -0.004120018892266708 0.040585257635613409 -0.12603748199847037 -0.00323228769777722 0.018774846821656636 0.01454342174931233 -0.064067411419090808 -0.067438664352102273 0.013275824742439489 -0.079854054591141241 0.016083712016907573 -0.050293021803630648 0.027751061694936491 -0.053003641776153292 0.027783652098960707 -0.00043719360610298583 0.02202127648132433 -0.13461555011102494 -0.098508784256204046 0.035693811194149272 0.048422049577703352 0.02387196754598217 0.065035928280683761 -0.10483124254827035 0.046057173426575782 -0.010662939889846014 -0.0092353193005641383 0.037586114275529159 -0.10769360610996791 0.052708182040800869 0.049909709535845746 0.040297045676859294 0.036595907910973051 -0.11156511230962324 0.034501907370662145 0.0578421403329369 0.040902174897949117 0.027593399288129452 0.050580450577385999 0.029319991698865119 -0.066006572533540059
leaf_weight=70214.485887250688 18.59367294982076 20.168485179543495 952.1185028553009 73.052465234417468 1990.188414263539 1796.16925460333 486.73352588014677 1270.2957673452329 150.80388363567181 117.77196387655567 47.891868243925273 19.154875852167606 11332.469449910335 3002.1344732107245 1907.5970657333964 30.688882920367178 6.7963392041856414 39.555539598688483 83.322888628579676 10.350941537879409 53.863283613696694 216.26040278188884 76.396625757217407 92.517436310648918 15.459530308842657 80.63036185503006 28.541577070951462 31.296392723917961 50.043354161083698 443.24225089349784 20.909908989793621 100.75427982211113 18.053361535072327 92.32923790696077 83.945356953074224 81.456400627270341 108.95918382750824 13.965785835869609 25.264654472470284 115.02494093775749 199.86340074241161 180.56272168760188 58.186056647449732 114.06476087868214 69.467262268066406 83.401902988553047 16.367866836721078 68.273286331561394 14.669081097701563 11.833439426496623
leaf_count=176708 89 31 1210 202 4502 4761 2666 7698 1775 299 56 96 29591 8953 3198 4523 503 71 627 19 186 240 195 67 22 75 126 135 33 351 52 24 86 128 348 246 350 90 5 55 127 147 326 98 9 38 52 175 181 86
internal_value=0.00405057 0.00384978 0.00396144 0.00368805 0.0117667 0.0080612 5.23274e-05 0.00322065 -0.0117574 -0.0452827 -0.0337161 -0.00474098 0.00349075 0.00424321 -0.000669924 0.0189112 -0.0490985 -0.0611279 -0.0793318 0.0250179 0.0320034 0.0120424 0.0177876 -0.000616945 -0.0311523 -0.0145526 -0.0886412 0.0225321 -0.0164507 0.0423938 0.0273145 0.0217441 0.0270274 0.00709231 0.01911 0.0351966 0.017587 -0.0562535 0.0258186 0.0248419 0.0213035 0.0469938 -0.0936196 0.0424431 0.0475204 0.0342273 0.0502629 0.0443876 0.047274 -0.0909292
internal_weight=96135.9 95225.5 94944.3 93104.9 5090.2 4303.78 2476.92 88014.7 1558.03 268.576 281.186 1289.45 86456.7 73216.6 13240.1 1826.86 233.294 201.233 161.677 910.492 786.418 270.124 1839.36 376.947 201.028 157.027 44.0011 1462.41 81.3397 516.295 886.175 696.488 666.061 194.328 176.275 471.733 190.416 24.3167 32.061 1381.07 1151.98 281.317 141.509 229.09 189.687 175.919 168.777 99.3102 82.9424 30.4271
internal_count=251631 249549 247930 245749 17431 16452 7168 228318 9868 2074 1619 7794 218450 185661 32789 9284 1563 1055 984 2082 979 426 2181 523 418 270 148 1658 168 553 1973 1504 1329 562 476 767 596 109 508 1490 1337 171 953 153 469 105 417 408 356 175
is_linear=0
shrinkage=0.05


Tree=70
num_leaves=58
num_cat=0
split_feature=0 29 29 9 0 29 1 21 23 1 29 29 12 21 0 29 30 1 30 30 30 29 18 30 10 25 25 1 9 0 1 1 1 1 1 1 0 0 30 13 8 0 25 17 0 10 19 1 25 18 18 29 18 25 1 18 4
split_gain=239.163 206.975 363.852 194.135 190.495 176.025 431.418 215.85 200.674 137.892 250.922 187.204 119.379 114.045 99.6456 78.8331 88.8157 209.511 83.284 70.8391 131.259 70.6333 63.6274 157.708 51.1716 132.265 49.8236 40.0016 64.5288 33.7367 47.2713 67.7444 67.1578 96.8819 91.7304 47.6198 28.9358 25.3607 71.4395 23.062 29.7569 22.0177 28.9206 20.1836 24.333 42.0666 24.5665 18.7922 131.132 28.3782 11.4508 11.3884 10.5918 8.04785 7.84733 3.93159 3.2713
threshold=5.5050001144409189 2.2750002145767216 2.1999999284744267 2.0100002288818364 4.3949999809265146 2.1000000238418584 31.003000259399418 8899043.5000000019 0.099228143692016615 25.005000114440922 1.8450000286102297 1.6900001764297488 1.643346428871155 792587680.00000012 4.1949999332427987 2.2849999666213994 314.84597778320318 73.002998352050795 149.375602722168 338.01585388183599 342.89244079589849 0.39499986171722418 231.94415283203128 20.928376197814945 2.9424999952316289 7.5000000000000009 24.500000000000004 48.003000259399421 0.2000001668930054 7.2500000000000009 24.865000724792484 21.804999351501468 183.97000122070315 208.01499938964847 578.12500000000011 38.004999160766609 6.2500000000000009 2.8249999284744267 640.02032470703136 -0.011274512391537426 4.5750000476837167 5.9500000476837167 1.0000000180025095e-35 0.95727270841598522 6.6499998569488534 2.7525000572204594 43.000627517700202 36.004999160766609 18.500000000000004 95.483764648437514 394.03907775878912 2.1749999523162846 527.53848266601574 1.0000000180025095e-35 80.014999389648452 294.54278564453131 8.5000000000000018
decision_type=2 2 2 2 2 2 2 2 2 2 2 2 2 2 2 2 2 2 2 2 2 2 2 2 2 2 2 2 2 2 2 2 2 2 2 2 2 2 2 2 2 2 2 2 2 2 2 2 2 2 2 2 2 2 2 2 2
left_child=1 2 3 5 13 9 7 -7 -8 10 -1 -11 14 19 15 37 18 -18 -17 54 -21 29 47 -24 39 -26 -27 43 36 30 31 41 35 -34 -35 -32 50 55 -39 40 -5 42 -2 44 45 52 -47 49 -49 -16 -29 -41 -23 -43 -4 -3 -14
right_child=21 12 4 24 -6 6 8 -9 -10 11 -12 -13 56 -15 22 16 17 -19 -20 20 -22 27 23 -25 25 26 -28 28 -30 -31 32 -33 33 34 -36 -37 -38 38 -40 51 -42 53 -44 -45 -46 46 -48 48 -50 -51 -52 -53 -54 -55 -56 -57 -58
leaf_value=0.0019612387361786425 0.0060913121075459528 0.044711749656425839 -0.10697254243654659 0.056704791383727832 0.027893715499222378 0.013672069600953386 -0.023469555268139132 -0.10255841965810496 -0.078628552474146907 0.0027768687770873446 -0.012015446565016005 0.0096479337243807334 -0.09714612921736844 0.031465241012956328 0.037993780259698767 0.0078424775010921405 0.0027325152597969513 -0.094025252890488437 0.025129583772267063 0.078095147168709772 -0.089014551662663033 0.025018640663777455 0.055217252084767014 -0.1038691653637232 0.040967124978620331 -0.097067276020897486 -0.0049135024245906232 -0.065456947818206421 0.043416299992080715 0.046118274667310617 -0.016399953552749189 0.063252722202140635 0.07231896035545278 -0.10556245418217364 0.027296330900110567 -0.10238383626734454 0.019778457720759229 -0.090974044477576385 0.059743975494706586 0.024916104363971459 -0.0018317159363696201 0.01532011568907357 -0.044543608983479616 0.05604245759119484 0.055145851280162583 0.025448696975721469 -0.033435955753919132 -0.032255203402605896 0.055571727186923339 0.074054156836825744 -0.014231085049765189 0.049326132880163881 0.048901930290264323 0.037411913008473116 -0.079509621549244583 0.066017104828551929 -0.056377169048830195
leaf_weight=33578.875690252695 203.91989584267139 52.13975910958834 110.34362152218819 31.264740467071533 59.451428234577179 932.05131135659758 498.16054141754285 40.729543058201671 246.82064581569284 36450.725673647248 3549.7414584138314 13617.554991015699 16.35470856516622 23.721889015287161 159.49220924603287 2143.0353938501794 500.83437343122205 61.964444376528263 1033.4322117599659 17.514377191662788 31.30624601629097 90.037980541586876 35.819203659892082 26.007515698671341 100.31381990946829 29.858611097559333 28.396178583614528 27.009378477931023 78.865755885839462 68.872568108141422 39.675102815032005 67.241174846887589 38.770567193627357 22.1832674741745 28.747649818658829 26.860868364572525 26.4014912545681 11.078952609561382 21.514616966247559 61.96811375208199 65.718315427657217 168.57484121620655 31.695637620985508 168.25264918804169 105.75191766023636 31.369501531124115 38.086691446602345 59.097472861409187 145.06074052490294 87.255885943770409 19.472058087587357 296.12632932630368 108.17280845344067 55.803444616496563 61.157839003950357 68.281803950667381 17.577271214220673
leaf_count=117911 319 106 490 4 76 1943 1304 219 973 83563 10512 22280 94 36 167 4610 1258 290 1759 5 190 76 21 109 86 162 104 82 46 24 81 15 7 93 27 119 27 221 2 90 202 170 80 53 26 29 81 153 54 31 38 203 47 34 275 11 707
internal_value=0.00346008 0.00315037 0.00262941 0.00281501 -0.0519338 0.00262134 -0.013224 0.00870014 -0.041832 0.00293369 0.000624553 0.00464591 0.0136889 -0.0714354 0.0144169 0.0116795 0.0102307 -0.00805957 0.0134744 -0.0826293 -0.0285995 0.0236357 0.0351245 -0.0122113 0.0308195 0.00627151 -0.0530725 0.0351447 0.0123057 0.0129888 0.00958057 0.0167375 -0.014492 0.013681 -0.0313933 -0.0521881 -0.0214229 0.0467551 0.00718118 0.0393297 0.017374 0.00980465 -0.000858569 0.0414994 0.0348011 0.0265692 -0.00678633 0.0416387 0.0300909 0.0510132 -0.0448543 0.0451971 0.038258 0.0209782 -0.0977259 0.0572778 -0.0783888
internal_weight=95716.5 94270.7 89831.8 89528.3 303.495 88914.7 1717.76 972.781 744.981 87196.9 37128.6 50068.3 4438.95 244.044 4405.01 3892.28 3739.27 562.799 3176.47 220.322 48.8206 1445.77 512.733 61.8267 613.646 158.569 58.2548 693.42 151.749 752.345 683.472 527.235 156.237 89.7015 50.9309 66.536 72.8829 153.015 32.5936 455.077 96.9831 459.994 235.616 541.672 373.419 267.667 69.4562 450.906 204.158 246.748 46.4814 358.094 198.211 224.378 171.501 120.422 33.932
internal_count=251695 250221 240628 239556 1072 238705 4439 2162 2277 234266 128423 105843 9593 996 8792 8257 7917 1548 6369 960 195 1474 535 130 851 352 266 505 193 969 945 618 327 127 120 200 147 340 223 499 206 603 399 312 259 233 110 405 207 198 120 293 123 204 765 117 801
is_linear=0
shrinkage=0.05


Tree=71
num_leaves=43
num_cat=0
split_feature=25 17 28 4 29 29 1 20 23 22 16 23 23 23 29 9 6 1 16 25 29 20 12 12 16 20 29 22 7 30 28 29 29 21 16 5 30 1 21 16 5 8
split_gain=177.99 165.107 152.577 179.093 180.926 316.732 234.353 204.506 143.193 115.373 106.756 270.163 349.249 235.407 230.204 147.862 144.587 77.8528 168.21 112.168 72.0656 183.7 117.993 69.5339 77.1631 68.13 62.662 34.4449 29.7432 25.4251 74.6046 11.0108 80.0741 6.99063 5.83995 26.2093 3.93323 6.34748 1.36861 1.2931 0.238756 0.0726885
threshold=55.500000000000007 3.3166666030883794 4.5000000000000009 14.500000000000002 2.2899998426437382 2.1000000238418584 79.407501220703139 0.89415824413299572 2.0842106342315678 16.614786148071293 0.28381329774856573 1.7161199450492861 3.2925044298172002 0.12662956863641742 0.9549999237060548 0.20500004291534427 1.5000000000000002 45.004999160766609 0.38061869144439703 17.500000000000004 1.5950000286102297 1.6703642010688784 1.0158940553665163 1.3079680800437929 0.88548949360847484 0.98578843474388134 1.7150000333786013 16.450055122375492 4.6649999618530282 46.778610229492195 1.5000000000000002 2.1749999523162846 1.7199999094009402 67452428.000000015 0.79502627253532421 3.5000000000000004 412.70111083984381 6.9054999351501474 761729056.00000012 0.9506097435951234 23.500000000000004 4.5950000286102304
decision_type=2 2 2 2 2 2 2 2 2 2 2 2 2 2 2 2 2 2 2 2 2 2 2 2 2 2 2 2 2 2 2 2 2 2 2 2 2 2 2 2 2 2
left_child=1 2 9 4 5 7 -7 -4 -3 10 13 16 -13 15 -15 -1 -12 19 -19 -6 21 22 -10 33 25 -25 -2 -26 29 31 36 32 -28 -22 35 -33 37 -31 -24 -5 -34 -36
right_child=26 8 3 39 17 6 -8 -9 20 -11 11 12 -14 14 -16 -17 -18 18 -20 -21 23 -23 38 24 27 -27 28 -29 -30 30 -32 34 40 -35 41 -37 -38 -39 -40 -41 -42 -43
leaf_value=0.0015780883154064371 -0.05218602661972796 -0.071600167961402103 0.0064275083595488718 -0.06621076724693005 0.034191909911814582 -0.0023961202557059511 -0.059801447597322255 -0.10269950316942933 0.047544536416447028 -0.11326924982985925 0.013039143412006161 -0.030859360152036011 0.0026886696549149732 -0.052748324216130342 -0.0084064150667680273 -0.026987369120513967 -0.1052076805583385 0.016613608475447746 -0.062767007868617247 -0.044882281902471094 0.041580101433031987 0.053035533563312393 -0.06424269335157895 -0.07987258563784555 0.0098550569903620364 0.040155049567290657 0.051811056632001862 0.051738357232570642 -0.055730902962197883 0.041968156382650612 -0.063410019006596999 0.049557581885620962 -0.096978338114824425 0.059777171473703511 0.057967839048963979 -0.053831749164080095 0.057723292010773523 -0.042200885778878934 -0.089635666859996035 -0.091533141145460475 -0.054640135147363683 0.050123574177484337
leaf_weight=47873.151512834942 18.900335326965433 35.250797454093117 23207.479935451178 42.288206391152926 971.36439062980935 409.36157005047426 313.66699455864727 42.009677240042947 27.645066075026989 20.809809783706442 7104.8236540824873 841.56850337411743 9786.6469373684376 345.74638364056591 1885.0438430542708 456.32927380665205 24.948566003702581 905.58084891457111 71.041115501895547 46.126669389312156 86.692532513290644 101.55790722370148 63.271807174663991 31.185381335555576 88.991196157876402 17.848149796016514 65.462969218380749 111.03582134842873 7.289676360320299 5.9853109640534949 21.198274650785606 32.06704327557236 5.33958876132965 229.46410397067666 98.390807348769158 6.6131479381583622 32.648685082793236 2.3224548812722787 16.980559073388577 22.31852491851896 8.5345516772940737 139.21867062710226
leaf_count=128882 3318 410 48653 2025 883 978 1147 338 17 117 16525 3051 25115 1822 8046 3546 140 1293 257 431 82 33 596 267 214 32 80 54 358 24 1182 15 59 101 37 645 36 213 94 157 339 83
internal_value=0.00329094 0.00314336 0.00295022 0.00620772 0.00641612 0.00521158 -0.027355 0.0062257 0.0256093 0.00170925 0.00174601 0.005081 2.91296e-05 0.000574498 -0.0153017 0.00130772 0.01261 0.0208843 0.0107759 0.0305617 0.0301258 0.00501501 -0.0402101 0.0393971 0.0194934 -0.0361534 0.0348416 0.0332712 0.0388363 0.0406275 0.0108095 0.04578 0.0286013 0.05495 0.0505739 0.0308439 0.049939 0.0158953 -0.0707142 -0.0762965 -0.076695 0.0536221
internal_weight=95624.2 95180.2 94370.3 26031.2 25966.6 23972.5 723.029 23249.5 809.923 68339.1 68318.3 17758 10628.2 50560.3 2230.79 48329.5 7129.77 1994.11 976.622 1017.49 774.673 209.455 107.897 565.217 249.061 49.0335 443.972 200.027 425.071 417.782 62.1547 355.627 79.3371 316.157 276.29 38.6802 40.9565 8.30777 80.2524 64.6067 13.8741 237.609
internal_count=251695 245306 243406 56162 53980 51116 2125 48991 1900 187244 187127 44831 28166 142296 9868 132428 16665 2864 1550 1314 1490 740 707 750 567 299 6389 268 3071 2713 1455 1258 478 183 780 660 273 237 690 2182 398 120
is_linear=0
shrinkage=0.05


end of trees

feature_importances:
trigger_depth=486
r100_n_30d=386
r100_mag_range_30d=350
trigger_mag=331
r100_max_mag_30d=296
r100_n_m4_30d=207
r100_hours_since_m4=182
r100_n_7d=178
moment_accel=153
n_events_30d=152
hours_since_last=133
active_ratio_7d_30d=114
hours_since_m4=110
median_mag_7d=105
rumble_ratio=105
mag_range_7d=93
b_value_14d=77
depth_trend_7d=77
max_mag_72h=76
moment_7d_log=75
max_mag_7d=66
mag_trend_72h=65
energy_ratio_24h_48h=55
depth_to_peak=48
n_events_7d=43
n_events_24h=40
n_events_72h=29
consec_up=27
rate_accel_6h_24h=25
n_m4_events_7d=17
double_tap_count=16

parameters:
[boosting: gbdt]
[objective: binary]
[metric: auc]
[tree_learner: serial]
[device_type: cpu]
[data_sample_strategy: bagging]
[data: ]
[valid: ]
[num_iterations: 500]
[learning_rate: 0.05]
[num_leaves: 63]
[num_threads: 0]
[seed: 0]
[deterministic: 0]
[force_col_wise: 0]
[force_row_wise: 0]
[histogram_pool_size: -1]
[max_depth: 7]
[min_data_in_leaf: 50]
[min_sum_hessian_in_leaf: 0.001]
[bagging_fraction: 0.8]
[pos_bagging_fraction: 1]
[neg_bagging_fraction: 1]
[bagging_freq: 5]
[bagging_seed: 3]
[bagging_by_query: 0]
[feature_fraction: 0.7]
[feature_fraction_bynode: 1]
[feature_fraction_seed: 2]
[extra_trees: 0]
[extra_seed: 6]
[early_stopping_round: 0]
[early_stopping_min_delta: 0]
[first_metric_only: 0]
[max_delta_step: 0]
[lambda_l1: 0.1]
[lambda_l2: 1]
[linear_lambda: 0]
[min_gain_to_split: 0]
[drop_rate: 0.1]
[max_drop: 50]
[skip_drop: 0.5]
[xgboost_dart_mode: 0]
[uniform_drop: 0]
[drop_seed: 4]
[top_rate: 0.2]
[other_rate: 0.1]
[min_data_per_group: 100]
[max_cat_threshold: 32]
[cat_l2: 10]
[cat_smooth: 10]
[max_cat_to_onehot: 4]
[top_k: 20]
[monotone_constraints: ]
[monotone_constraints_method: basic]
[monotone_penalty: 0]
[feature_contri: ]
[forcedsplits_filename: ]
[refit_decay_rate: 0.9]
[cegb_tradeoff: 1]
[cegb_penalty_split: 0]
[cegb_penalty_feature_lazy: ]
[cegb_penalty_feature_coupled: ]
[path_smooth: 0]
[interaction_constraints: ]
[verbosity: -1]
[saved_feature_importance_type: 0]
[use_quantized_grad: 0]
[num_grad_quant_bins: 4]
[quant_train_renew_leaf: 0]
[stochastic_rounding: 1]
[linear_tree: 0]
[max_bin: 255]
[max_bin_by_feature: ]
[min_data_in_bin: 3]
[bin_construct_sample_cnt: 200000]
[data_random_seed: 1]
[is_enable_sparse: 1]
[enable_bundle: 1]
[use_missing: 1]
[zero_as_missing: 0]
[feature_pre_filter: 1]
[pre_partition: 0]
[two_round: 0]
[header: 0]
[label_column: ]
[weight_column: ]
[group_column: ]
[ignore_column: ]
[categorical_feature: ]
[forcedbins_filename: ]
[precise_float_parser: 0]
[parser_config_file: ]
[objective_seed: 5]
[num_class: 1]
[is_unbalance: 0]
[scale_pos_weight: 66.8831]
[sigmoid: 1]
[boost_from_average: 1]
[reg_sqrt: 0]
[alpha: 0.9]
[fair_c: 1]
[poisson_max_delta_step: 0.7]
[tweedie_variance_power: 1.5]
[lambdarank_truncation_level: 30]
[lambdarank_norm: 1]
[label_gain: ]
[lambdarank_position_bias_regularization: 0]
[eval_at: ]
[multi_error_top_k: 1]
[auc_mu_weights: ]
[num_machines: 1]
[local_listen_port: 12400]
[time_out: 120]
[machine_list_filename: ]
[machines: ]
[gpu_platform_id: -1]
[gpu_device_id: -1]
[gpu_use_dp: 0]
[num_gpu: 1]

end of parameters

pandas_categorical:null
