tree
version=v4
num_class=1
num_tree_per_iteration=1
label_index=0
max_feature_idx=30
objective=binary sigmoid:1
feature_names=trigger_mag trigger_depth n_events_24h n_events_72h n_events_7d n_events_30d n_m4_events_7d max_mag_72h max_mag_7d mag_range_7d median_mag_7d consec_up rumble_ratio mag_trend_72h double_tap_count depth_to_peak active_ratio_7d_30d rate_accel_6h_24h hours_since_last hours_since_m4 b_value_14d energy_ratio_24h_48h moment_7d_log moment_accel depth_trend_7d r100_n_7d r100_n_30d r100_max_mag_30d r100_n_m4_30d r100_mag_range_30d r100_hours_since_m4
feature_infos=[2.5:8.1999998092651367] [-3.6500000953674316:750] [0:1149] [0:1532] [0:1892] [0:6444] [0:231] [0:8.3000001907348633] [0:8.3000001907348633] [0:5.6999998092651367] [0:8.1999998092651367] [0:12] [0:2.5698325634002686] [-2.0999999046325684:1.8499999046325684] [0:36] [0:1554] [0:1] [0:404] [0:999] [0:999] [0:9.3670949935913086] [0:143919371255808] [0:21.56031608581543] [0:1.8118396476502154e+21] [-199.09500122070312:283.5] [0:2031] [0:6506] [0:8.3000001907348633] [0:549] [0:5.8000001907348633] [0:999]
tree_sizes=6710 6767 6746 6775 6672 4864 6785 6767 6786 6786 6842 6817 6820 6841 6796 6849 6851 6874 6839 6867 6872 6807 6833 6845 6841 6832 6829 6828 6858 6887 6867 6850 6867 6829 6818 6876 6866 6875 6871 6864 6863 6845 6822 6876 6870 6851 6863 6894 6851 6870 6844 6905 6876 6886 6860

Tree=0
num_leaves=63
num_cat=0
split_feature=8 26 29 6 0 29 29 12 10 26 4 10 29 26 26 29 29 25 0 2 29 0 23 4 15 4 29 0 3 29 26 12 25 0 29 12 26 26 8 25 0 26 19 10 10 4 0 25 12 23 4 0 25 23 0 29 3 25 29 0 29 16
split_gain=845734 247480 87469.1 79368.6 70006.4 57228.1 55342.9 48748.2 32601.1 32033.6 30407.7 25848.7 22748.3 16930.9 24227.2 16460.7 13729.9 12195.1 10972.3 10849 8881.85 8769.16 8686.47 8490.24 8461.47 7167.23 6654.02 9228.31 6404.03 8297.47 6323.12 6325.99 5934.28 5905.12 5503.72 4847.92 4394.28 4318.39 4047.79 3934.54 3901.4 3753.62 3553.38 3142.59 2832.28 2670.47 2571.97 2461.52 2435.7 2241.95 2234.66 2200.92 2191.83 2108.24 1726.37 1701.71 1455.2 1345.73 999.869 782.333 585.615 547.725
threshold=4.4749999046325692 606.50000000000011 2.7000001668930058 3.5000000000000004 4.0950000286102304 1.6950000524520876 0.10000026226043703 2.1673028469085698 3.4499999284744267 141.50000000000003 33.500000000000007 4.4600000381469735 3.1999999284744267 85.500000000000014 9.5000000000000018 1.5800000429153445 3.1999999284744267 50.500000000000007 4.3949999809265146 42.500000000000007 0.69500005245208751 5.6199998855590829 39763608338432.008 303.50000000000006 9.5000000000000018 27.500000000000004 5.5499999523162851 3.0949999094009404 31.500000000000004 2.5949999094009404 6.5000000000000009 1.0238502621650698 6.5000000000000009 5.4200000762939462 1.6000000238418581 1.8214611411094668 1.0000000180025095e-35 408.50000000000006 2.8149999380111699 79.500000000000014 3.1950000524520878 131.50000000000003 455.71148681640631 3.5924998521804814 2.9499999284744267 48.500000000000007 4.6949999332427987 4.5000000000000009 2.00000011920929 16.884238243103031 25.500000000000004 5.3150000572204599 33.500000000000007 2507710473961472.5 5.0950000286102304 2.0950000286102299 7.5000000000000009 3.5000000000000004 3.0800000429153447 3.6250000000000004 1.1050001382827761 0.90061727166175853
decision_type=2 2 2 2 2 2 2 2 2 2 2 2 2 2 2 2 2 2 2 2 2 2 2 2 2 2 2 2 2 2 2 2 2 2 2 2 2 2 2 2 2 2 2 2 2 2 2 2 2 2 2 2 2 2 2 2 2 2 2 2 2 2
left_child=2 3 4 16 5 13 21 11 -3 17 22 12 19 14 40 50 18 32 28 -5 51 36 26 -14 -16 48 27 37 35 -30 33 42 -7 57 60 -2 54 -4 55 -29 -1 -33 -32 -36 -27 -9 -38 -22 59 -19 -13 -20 -17 -12 -6 -11 -50 -8 -24 -18 -15 -40
right_child=1 8 10 7 6 9 30 45 -10 38 53 15 23 34 24 52 25 49 20 -21 47 -23 58 -25 -26 44 -28 39 29 -31 31 41 -34 -35 43 -37 46 -39 61 -41 -42 -43 -44 -45 -46 -47 -48 -49 56 -51 -52 -53 -54 -55 -56 -57 -58 -59 -60 -61 -62 -63
leaf_value=-3.2899070417871847 -2.6651933655651181 -3.433911773182305 -2.676157660139622 -2.4091244811331332 -3.1713522337575206 -2.8966469345817787 -2.7667510968036981 -2.4364346915876913 -2.0245209468147101 -3.4282656520859689 -3.4001136994647947 -2.4103414697084538 -2.088989364618548 -3.3107416610743128 -2.9965025412543871 -2.0214529039522304 -2.2260561298716199 -2.7423957189215868 -2.7678178814836345 -3.4320051259594995 -2.3843112367312944 -2.4219167292868033 -2.6493392510618667 -3.3323160267494027 -2.3340991216121942 -3.3546224004462273 -1.9358586142802836 -2.3516903629662691 -2.0248602444234285 -3.3358673185714545 -2.4563968633163045 -2.7444811023253566 -2.7484052974298434 -2.2530491121700305 -3.3422745232449396 -3.3325327920122669 -3.024379542871082 -3.3742035931679197 -3.4223788519957901 -3.1684202019921424 -3.1473638968518736 -3.3780570956939631 -2.6230825853995534 -2.4214740290664567 -2.3758866538082697 -3.4332321732518012 -2.7855671214833349 -2.1668552250091011 -2.309074212905875 -2.0093805427372278 -3.4253046194824632 -2.2965008939769866 -1.9118028456488421 -2.4201899699831535 -2.9013393611138043 -2.6291294416446953 -3.089607843260636 -2.4432529976322384 -2.011436073879993 -2.0191886701008257 -3.4306324012982969 -2.9421356851763556
leaf_weight=969.57384893670678 717.01190182939172 471.12867720425129 245.72538103535771 603.68466854840517 621.18487371876836 1242.6537235938013 1086.5895238928497 6.4243845082819453 43.938551586121321 8.8328683748841268 87.46696350723505 178.7837159819901 1746.7378593944013 130.70844472199678 2468.4851775057614 889.9806110560894 134.29683423414826 16.093457344919443 160.36025571078062 26.975198742002249 360.82463454827666 55.765776757150888 10.314639851450918 13.93049421533942 48.557178411632776 18.124518048018221 58.964244320988655 522.63776602223516 74.241714920848608 14.470633648335932 756.38620714098215 223.20898551493883 1549.1274271123111 62.605614464730024 15.550912514328955 28.464673679322004 412.3338471353054 24.383780889213085 256.49883312731981 15.801244046539066 954.22703171893954 26.131290819495916 636.16429927572608 22.305540356785059 11.563892114907501 69.900397211313248 160.23701580986381 272.01599271968007 13.434641946107151 56.892748184502125 5.4967130534350863 31.391145661473274 2138.9636711068451 4.8535514362156382 65.405969351530075 24.660587266087532 11.956722199916838 36.188854742795229 150.09999641031027 225.83503799885511 448.6791919618845 5.0798135213553897
leaf_count=27814 11902 14828 4122 7027 16394 26199 20178 60 160 278 2696 2072 9558 3801 56817 3695 1070 279 2971 849 4019 646 154 410 476 542 121 5500 289 427 9501 4039 28223 520 461 839 9707 739 8016 412 24743 794 10040 247 108 2200 3024 1878 110 198 173 277 4384 39 1376 378 291 428 572 908 14093 103
internal_value=-2.64788 -2.24982 -2.89214 -2.17934 -2.93056 -3.01512 -2.76291 -2.08249 -3.31129 -2.84818 -2.46909 -2.0654 -2.19175 -3.1195 -3.0854 -1.97177 -2.44513 -2.7971 -2.5108 -2.45289 -2.38027 -3.03131 -2.39109 -2.09879 -2.98331 -2.1855 -2.45607 -2.49575 -2.64088 -2.23575 -2.63825 -2.57388 -2.81419 -2.72802 -3.36491 -2.69057 -3.05904 -2.73889 -3.34438 -2.37521 -3.21912 -2.81058 -2.53194 -2.78883 -2.95286 -3.33825 -2.95661 -2.28906 -2.12769 -2.16011 -2.44071 -2.6854 -1.94356 -3.33889 -3.14496 -2.83524 -2.65142 -2.75549 -2.04763 -2.0929 -3.4035 -3.41139
internal_weight=21750.3 8269.94 13480.4 7754.87 12360.1 8217.93 4142.2 5680.88 515.067 3159.84 1120.25 5604.55 2391.33 5058.09 4440.84 3213.22 2073.99 2864.77 1658.78 630.66 824.592 1314.93 1027.93 1760.67 2517.04 415.212 867.512 808.548 834.189 88.7123 2827.27 1641.89 2791.78 1185.38 617.244 745.477 1259.16 270.109 295.072 538.439 1923.8 249.34 1392.55 37.8565 29.6884 76.3248 572.571 632.841 385.523 72.9862 184.28 191.751 3028.94 92.3205 686.591 33.4935 25.3914 1122.78 160.415 360.132 579.388 261.579
internal_count=354175 71047 283128 56059 268773 192126 76647 30428 14988 63674 14355 28168 17844 128452 109850 10324 25631 54899 22602 7876 9145 31147 11620 9968 57293 3029 10894 10773 13457 716 45500 24374 54422 21126 18602 12741 30501 4861 8775 5912 52557 4833 19541 708 650 2260 12731 5897 2379 477 2245 3248 8079 2735 17770 656 401 20606 726 1978 17894 8119
is_linear=0
shrinkage=1


Tree=1
num_leaves=63
num_cat=0
split_feature=27 3 1 28 20 22 16 1 20 28 16 27 0 12 13 27 27 29 9 20 20 20 27 29 27 20 22 0 1 12 18 20 3 29 28 1 0 29 0 16 29 21 16 27 28 15 7 24 0 29 1 27 29 8 21 0 18 0 29 27 18 18
split_gain=73944.3 21417.9 9811.61 9153.36 6856.02 9527.62 8019.85 22381.5 6795.34 6337.28 5235.14 4383.83 4105.29 3887.71 2606.05 2600.52 2496.87 3912.68 3424.7 2413.06 2402.25 2275.6 3294.17 2025.91 2012.2 3026.08 2192.28 1723.39 1690.93 1527.41 1452.73 1440.83 1322.68 1594.49 1316.97 1130.03 1014.1 984.682 963.334 957.688 936.092 1138.54 807.044 738.058 720.908 687.984 668.315 644.531 621.163 618.438 705.562 591.904 1006.49 546.184 505.989 468.997 628.3 395.838 301.657 297.026 286.242 211.707
threshold=4.4949998855590829 301.50000000000006 16.005000114440922 3.5000000000000004 0.30667147040367132 18.727571487426761 0.75066137313842785 24.005000114440922 1.6084989309310915 57.500000000000007 0.54774570465087902 4.1949999332427987 4.7099997997283944 1.2341216802597048 -0.028571412898600098 3.8249999284744267 5.6199998855590829 2.5949999094009404 2.0050001144409184 0.33053267002105718 0.32560458779335028 0.32800722122192388 3.995000004768372 2.9999998807907109 5.2049999237060556 0.17961288243532184 14.349936008453371 6.6499998569488534 16.605000495910648 1.58102023601532 526.39111328125011 0.52092251181602489 3.5000000000000004 1.0950000286102297 5.5000000000000009 174.004997253418 3.9850000143051152 0.98499989509582531 4.7099997997283944 0.60020706057548534 0.40499997138977056 35310970.000000007 0.90061727166175853 3.0049999952316289 8.5000000000000018 30.500000000000004 3.0949999094009404 -1.499999940395355 3.8850001096725468 3.1999999284744267 37.93499946594239 4.0350000858306894 1.5550000667572024 3.6149998903274541 1119730139136.0002 5.9500000476837167 222.69438934326175 2.5049999952316289 0.095000028610229506 5.9500000476837167 7.407804250717164 26.479027748107914
decision_type=2 2 2 2 2 2 2 2 2 2 2 2 2 2 2 2 2 2 2 2 2 2 2 2 2 2 2 2 2 2 2 2 2 2 2 2 2 2 2 2 2 2 2 2 2 2 2 2 2 2 2 2 2 2 2 2 2 2 2 2 2 2
left_child=2 3 8 16 24 6 7 -6 12 -8 -10 13 21 27 54 53 17 18 20 28 -2 22 43 61 25 26 -5 32 -13 47 44 49 33 -4 -24 38 -32 -27 57 -25 48 -42 -20 -1 -26 -31 -12 -23 -30 59 -51 -17 -53 -15 -7 56 -14 -21 -58 -18 -16 -19
right_child=1 -3 11 4 5 14 9 -9 10 -11 46 19 55 15 60 51 31 23 42 35 -22 29 34 39 30 37 -28 -29 40 45 36 -33 -34 -35 -36 -37 -38 -39 -40 -41 41 -43 -44 -45 -46 -47 -48 -49 -50 50 -52 52 -54 -55 -56 -57 58 -59 -60 -61 -62 -63
leaf_value=0.058963539156739644 0.28848945848638569 -0.051441591886150807 0.16434116852916478 0.39002667819186754 0.090871123679738833 0.32097776299414132 0.39665683777246707 0.41812118008724392 -0.051222918154405606 -0.037663890628174858 0.63166386788872275 0.74965342175652505 0.016075796915170637 0.47134715865191223 -0.047848058453555602 -0.048797439804741313 0.38700438532519554 -0.05223795735188777 0.31713428820562956 0.33532135788317652 0.079106153150038369 0.20977365563839162 0.16944754557480665 0.4180891768292021 0.35406897902519385 0.30313091652926205 0.32595503965956008 0.56761432987176874 0.042945577259992956 -0.048144320049644446 0.35055505075775106 0.0081769532610351924 -0.051441762001664976 0.24820777934469185 0.28666419301953006 0.5237895202195636 0.50121262340331096 -0.013207790770778632 0.60504222378839534 -0.048911396719244021 0.29398859932253957 0.057297639923214343 0.50130218113937575 0.12015191076804739 0.39143345627264731 0.41019904108917216 0.40271603436012787 -0.01641338780630934 0.37294115440893488 0.36673387215883912 0.070176188278330887 0.84065565731361735 -0.044309832193432486 0.92423901536300912 -0.050136012011542913 0.45078150283790275 0.27612203481391939 -0.036905114015919491 0.43680656094629883 0.49020907002894215 0.2108432461202765 0.053953118559424224
leaf_weight=821.56515982374549 3278.0945511367172 316.32837824709713 1554.7401630431414 3083.1846271827817 1007.6194878146052 81.183835458010435 3294.8659653551877 1085.8576596602798 44.921518959105015 85.993552470579743 108.51136254519224 21.073134917765856 20.861522044986486 13.113711897283791 215.96593087725341 14.442255832254888 152.69589753448963 74.638306200504303 90.298632405698299 6.7023465298116198 143.9708841573447 32.864305939525366 1198.9112882260233 55.219383142888546 1528.0398698151112 36.188765693455935 2456.8410984929651 29.843816250562668 14.981791593134401 10.426788136363028 159.24955047294497 23.702385570853949 55.13482353463769 904.68489731103182 302.89983525127172 11.839331857860087 500.28395648300648 72.356390098109841 5.7818114273250094 13.37579198181629 1739.1186016611755 52.950404724106193 231.95724473521113 1245.3954727202654 16833.681445447728 33.789963882416487 56.819731965661049 449.23101036064327 520.88963127881289 197.7088165730238 22.951899114996195 5.6459840424358827 6.0162757001817226 30.696240857243538 10.033804304897783 51.528609126806259 205.07594890519977 97.242007119581103 38.102921143174171 210.0057167597115 10.262215897440909 122.71561747230589
leaf_count=20151 39387 10421 30712 27395 17745 333 8283 5956 1081 1240 138 99 324 91 3529 340 1065 1555 682 65 2470 628 20824 303 7102 231 21816 39 359 201 1258 438 1324 15065 5032 68 2326 1069 17 298 23604 1027 574 26018 24970 12 76 10917 5691 579 248 16 137 82 119 163 3139 2350 233 856 81 1823
internal_value=0.324445 0.357974 0.202149 0.361667 0.37163 0.322465 0.337906 0.260732 0.149352 0.3856 0.426537 0.250088 0.136044 0.204782 0.0559409 0.570686 0.29587 0.281389 0.294555 0.297927 0.279708 0.122592 0.136903 0.0955996 0.383159 0.356553 0.361678 0.194505 0.30917 0.0254682 0.391041 0.390902 0.189851 0.195281 0.193267 0.0798799 0.465429 0.0940177 0.0276395 0.32756 0.30486 0.287034 0.450853 0.0958738 0.388344 0.303332 0.555905 -0.000581618 0.363822 0.406404 0.336366 0.166487 0.416284 0.80233 0.280001 0.309657 0.280501 -0.00988973 0.303005 0.447958 -0.035215 0.0137061
internal_weight=45101.1 35395.3 9705.8 35078.9 30461.6 5791.78 5474.34 2093.48 4620.91 3380.86 210.253 5084.9 4410.65 2614.32 317.446 69.9145 4617.34 4010.27 3744.32 2470.58 3422.07 4095.08 3568.77 265.949 24669.8 5648.57 5540.03 2544.4 2349.01 526.312 19021.3 607.065 2514.56 2459.43 1501.81 121.565 659.534 108.545 109.726 68.5952 2327.94 1792.07 322.256 2066.96 18361.7 44.2168 165.331 482.095 535.871 583.362 220.661 26.1045 11.6623 43.81 91.2176 315.569 264.04 103.944 243.179 362.702 226.228 197.354
internal_count=354175 184152 170023 173731 123453 37286 33224 23701 88937 9523 1295 81086 87642 47806 4062 666 50278 47092 43113 33280 41857 83783 72025 3979 86167 50511 49211 47140 30780 11758 35656 3186 47101 45777 25856 2500 3584 1300 2432 601 30681 24631 1256 46169 32072 213 214 11545 6050 2748 827 493 153 173 452 3859 3696 2415 3372 1921 3610 3378
is_linear=0
shrinkage=0.05


Tree=2
num_leaves=63
num_cat=0
split_feature=27 5 27 1 1 29 14 5 20 5 5 28 30 28 16 5 16 28 27 0 16 5 6 30 9 29 9 20 1 10 28 29 19 30 1 20 27 18 16 7 0 10 7 27 19 30 0 1 1 9 5 5 1 9 1 27 29 13 27 16 0 20
split_gain=34777.9 20438.2 5742.71 4910.74 4077.36 5570.38 3904.27 10496.1 3211.4 3057.97 2908.52 2695.69 2459 3410.87 2334.33 2329.05 2246.27 1956.49 1951.83 1853.01 1654.89 1545.63 1517.3 1316.25 1141.04 1112.33 1032.34 3630.58 1018.49 877.305 819.31 801.971 796.363 1548.59 786.999 1090.85 756.144 698.888 1162.78 1014 693.361 656.553 611.231 580.247 579.769 567.142 627.883 793.259 577.173 543.546 522.571 1044.16 640.317 465.701 461.284 426.76 422.085 414.891 403.651 381.972 304.607 265.625
threshold=4.4949998855590829 349.50000000000006 5.6199998855590829 16.005000114440922 181.004997253418 2.5949999094009404 1.5000000000000002 26.500000000000004 1.6084989309310915 13.500000000000002 17.500000000000004 64.500000000000014 15.465311050415041 21.500000000000004 0.71473780274391185 37.500000000000007 0.54774570465087902 1.5000000000000002 4.1949999332427987 4.7099997997283944 0.96309915184974682 31.500000000000004 3.5000000000000004 94.129421234130874 1.0050001144409182 2.00000011920929 3.9499999284744267 0.36527650058269506 10.321499824523928 3.5924998521804814 23.500000000000004 3.2000001668930058 709.32708740234386 94.129421234130874 10.321499824523928 0.34408441185951238 5.4400000572204599 2.6309860944747929 0.21739502996206286 2.9450000524520878 4.0950000286102304 2.6999999284744267 3.8249999284744267 5.7850000858306894 678.60354614257824 411.01715087890631 3.7949999570846562 136.32500457763675 144.0039978027344 0.99999988079071056 2.5000000000000004 7.5000000000000009 546.66500854492199 3.8050001859664921 0.99950000643730175 4.0050001144409189 2.1000000238418584 0.070000063627958312 7.2500000000000009 0.72742947936058056 4.7099997997283944 0.66136217117309581
decision_type=2 2 2 2 2 2 2 2 2 2 2 2 2 2 2 2 2 2 2 2 2 2 2 2 2 2 2 2 2 2 2 2 2 2 2 2 2 2 2 2 2 2 2 2 2 2 2 2 2 2 2 2 2 2 2 2 2 2 2 2 2 2
left_child=3 2 4 8 5 6 7 -2 10 30 17 23 22 15 -8 25 -10 19 24 28 54 45 31 -7 37 -14 53 -28 -1 -3 36 -4 33 -19 35 -15 -6 57 40 -40 -39 -22 59 -36 56 50 48 -48 -47 -34 52 -52 -20 -24 61 -21 -11 -5 -33 -26 -17 -12
right_child=1 29 12 18 9 11 14 -9 16 44 20 -13 13 34 -16 60 -18 32 21 55 41 -23 26 -25 42 -27 27 -29 -30 -31 -32 58 49 -35 43 -37 -38 38 39 -41 -42 -43 -44 -45 -46 46 47 -49 -50 -51 51 -53 -54 -55 -56 -57 -58 -59 -60 -61 -62 -63
leaf_value=0.082644392148330997 0.23929846473211647 -0.05179480315731233 0.33026238603337404 -0.0067196599307417912 0.26395624458833084 0.058918901485511314 -0.053019798862124427 0.039192648421084338 -0.051044899869714659 0.44937429210309798 0.56182469656554945 0.42129619738450352 0.25614543304261794 0.25663078468821693 0.35314447270030364 -0.034077358152239924 0.33880870475950658 0.15573299963281212 0.20101922981962581 0.23241424692673338 0.31871687494062179 -0.051521774422536727 0.27331720063449044 0.16995492234016263 0.37893953588102874 0.15973237178689045 0.25899556748659935 -0.012888846843198043 0.15788160271681337 0.33406977154924417 0.40429545488620988 0.26190885064785829 0.13438158749204901 0.33287112750544851 0.41520692105724644 0.063157755216379841 0.063121489474239484 0.12279523688558298 0.26579903838639934 0.13071708759408338 0.18142935125504767 -0.049974479682724934 -0.047885154841374233 0.28916271212787997 0.16495519747713208 0.082930881264343628 0.27603092503265453 0.0556860101572084 0.30990245343520023 0.44324937577288265 0.28957157321823596 0.19620816267607255 0.38529891218053702 0.30888334448306271 -0.029129672119537209 0.038078842701846895 0.34278765523678728 0.29676960165452598 0.30415582495420845 0.067643564674206916 0.25961465811077783 0.091860182983179828
leaf_weight=2470.4321048147976 12145.440344322473 557.087836118415 1888.3390011154115 95.807600548490882 1701.0076280795038 670.56559364497662 36.610919207334518 693.20322685874999 42.879347614943981 340.5629964992404 3.8666862063109866 70.059060040861368 479.73294873535633 512.79518603533506 862.22366761416197 137.049351003021 254.78113535046577 287.60433273203671 1338.3721267357469 332.84737375378609 53.662603951990604 52.716662036255002 18994.426711656153 444.55547330714762 97.344795007258654 822.04450093954802 991.52088152430952 139.97478540055454 551.60951659269631 14.139294862747191 104.67554046958685 1075.8602286055684 493.40271058492362 220.07644112408161 105.25328710302711 85.882860042154789 49.01273700222373 1533.5032122600824 409.90002682060003 215.25059259310365 764.00627801194787 15.152411222457884 10.491606470197437 1134.8443477507681 25.956173952668905 214.97294784523547 186.41341073811054 53.057486861944199 31.539191219955683 13.91167447902262 778.77125634625554 505.6184493843466 49.29127536714077 1035.0071941707283 507.03641102090478 31.404012035578489 157.96252650767565 11.75115894153714 1421.1961235366762 11.53823261335492 8.4329436086118204 9.2903327941894513
leaf_count=48261 87583 17362 4074 1890 10228 7517 572 10811 1081 869 17 154 2104 1126 836 1862 214 3831 13696 3232 19 1293 17131 4095 357 4842 1162 2113 9708 4 202 3068 7114 2154 121 987 445 26118 5034 3192 10669 288 217 2352 193 2940 1525 664 305 87 6556 6079 222 581 12441 390 546 131 1197 198 15 100
internal_value=0.236223 0.255502 0.259183 0.158904 0.23635 0.226615 0.235593 0.228498 0.12325 0.297284 0.113686 0.122443 0.272875 0.231904 0.336555 0.174246 0.282649 0.127647 0.188521 0.109331 0.00931385 0.216025 0.278136 0.103302 0.160423 0.195436 0.272519 0.225375 0.0964267 -0.0416678 0.266825 0.30517 0.188582 0.233035 0.277164 0.229036 0.258374 0.154346 0.158953 0.219579 0.142366 0.23791 0.312064 0.300191 0.40427 0.220507 0.169928 0.227666 0.113125 0.143717 0.229638 0.253003 0.207841 0.275171 -0.0213154 0.215823 0.416365 0.0288198 0.286068 0.346913 -0.0153631 0.260259
internal_weight=58353.7 46705.4 46134.2 11648.3 17301.8 14922.7 13737.5 12838.6 5287.96 2379.18 4990.3 1185.18 28832.4 3286.04 898.835 1447.26 297.66 4401.29 6360.35 3386.29 589.008 3210.75 25546.3 1115.12 3149.59 1301.78 21160.9 1131.5 3022.04 571.227 1854.7 4385.4 1015 507.681 1838.78 598.678 1750.02 3030.22 2922.66 625.151 2297.51 68.815 119.375 1240.1 524.482 3158.04 485.983 239.471 246.512 507.314 2672.05 1284.39 1387.66 20029.4 520.193 364.251 498.526 107.559 2497.06 108.883 145.482 13.157
internal_count=354175 184152 166786 170023 124051 111568 99802 98394 88937 12483 87642 11766 42735 13409 1408 8823 1295 74777 81086 61591 12865 33280 29326 11612 47806 6946 20987 3275 57969 17366 10875 8339 13186 5985 4586 2113 10673 47034 45013 8226 36787 307 772 2473 1608 31987 5434 2189 3245 7201 26553 12635 13918 17712 12558 3622 1415 2021 4265 555 1877 117
is_linear=0
shrinkage=0.05


Tree=3
num_leaves=63
num_cat=0
split_feature=27 5 26 27 26 26 27 27 1 4 1 5 30 20 27 26 1 7 16 1 1 1 5 26 26 20 26 27 14 24 1 6 20 23 1 27 4 5 1 16 26 16 27 26 23 24 11 27 30 11 5 5 8 27 26 1 26 27 20 5 9 8
split_gain=21627.1 13119.8 6445.74 4988.11 4193.88 3936.12 2694.22 2500.96 2376.04 2137.68 2839.06 2854.73 1582.34 1833.33 1564.61 1449 1137.53 1099.6 1032.16 977.932 967.085 1818.36 836.801 807.055 801.378 1094.91 786.23 770.65 725.841 1880.57 700.755 694.029 662.769 643.632 576.524 567.443 509.948 508.212 463.163 445.531 416.793 410.206 409.487 395.091 344.11 355.177 374.641 308.608 266.653 239.474 210.82 210.02 400.551 209.728 203.519 193.463 161.856 155.975 151.919 151.261 132.084 97.786
threshold=4.4949998855590829 349.50000000000006 100.50000000000001 5.6199998855590829 12.500000000000002 213.50000000000003 3.1950000524520878 5.5899999141693124 8.9724473953247088 58.500000000000007 21.003499984741214 8.5000000000000018 15.465311050415041 0.82664969563484203 4.0050001144409189 68.500000000000014 3.0004999637603764 4.7900002002716073 0.45395046472549444 512.20498657226574 167.02400207519534 114.00500106811525 12.500000000000002 64.500000000000014 274.50000000000006 0.36885349452495581 18.500000000000004 3.245000004768372 7.5000000000000009 -0.049122810363769524 14.605000019073488 4.5000000000000009 0.40088729560375219 2.5059965941055493e+18 2.4819999933242802 3.304999947547913 3.5000000000000004 2.5000000000000004 13.994999885559084 0.042518425732851035 1.0000000180025095e-35 0.91683137416839611 7.2500000000000009 617.50000000000011 12.782059192657472 -8.3964285850524885 3.5000000000000004 3.3249999284744267 566.71026611328136 6.5000000000000009 1.0000000180025095e-35 45.500000000000007 4.5950000286102304 3.2749999761581425 1.5000000000000002 41.004999160766609 3.5000000000000004 8.1500000953674334 1.3977960348129275 1.0000000180025095e-35 0.20500004291534427 2.5949999094009404
decision_type=2 2 2 2 2 2 2 2 2 2 2 2 2 2 2 2 2 2 2 2 2 2 2 2 2 2 2 2 2 2 2 2 2 2 2 2 2 2 2 2 2 2 2 2 2 2 2 2 2 2 2 2 2 2 2 2 2 2 2 2 2 2
left_child=2 3 4 5 8 9 22 37 35 10 11 -2 28 24 15 16 -8 41 -12 27 21 -16 26 -22 25 -14 34 40 36 -30 -29 -19 -3 -31 -6 56 50 -7 -28 -15 -10 -11 -38 -26 45 46 60 -37 -49 -46 -5 -9 -53 -17 -21 -47 61 -41 59 -57 -4 -1
right_child=1 32 44 12 6 7 14 51 19 17 18 -13 13 39 20 53 -18 31 -20 54 23 -23 -24 -25 43 -27 38 30 29 33 -32 -33 -34 -35 -36 47 42 -39 -40 57 -42 -43 -44 -45 49 55 -48 48 -50 -51 -52 52 -54 -55 -56 58 -58 -59 -60 -61 -62 -63
leaf_value=0.004009541949878577 0.17938345543516487 0.24672944940685326 0.26508840177288662 0.27211391265913648 0.58885012530166414 0.18160514528549138 0.24346971483037549 0.31224582507200538 0.10692906876747328 0.1798618232995732 0.20624020856582923 0.10950073459754138 0.1906473995327857 0.25656545308052708 0.18606952055496478 0.34128769037298734 0.1258404904520484 0.2031397905132066 0.16827676586182552 0.28958357819845637 0.30944912373950162 0.053997536484025346 0.22004874603518754 -0.052027687410877078 0.24980261123454778 0.089242571849008842 0.64561456248935534 0.096027782675273371 0.25116148596488219 -0.057910685462259005 0.14607813968218003 -0.053344727973514472 -0.05169568029565829 0.15429868414345882 0.11899242289557588 0.42202238758501065 0.21209276804906821 -0.053342605079970212 0.32160476267038884 -0.054365957530262576 0.053150145037008406 0.30572346109344389 0.22485176827323242 0.071284804157206519 -0.047852048995904617 -0.052143859380160452 0.55549154624972075 0.11638931323281908 0.036354650687310794 0.24650523427806026 0.23361218259599484 0.31117587905798261 -0.052666864128004233 -0.032558657799405824 0.17208538060909548 0.30377082818904388 -0.052074023667005864 0.22113154177421143 0.33037684119785948 -0.0014460571459033993 -0.047861581987817411 0.10055740504809485
leaf_weight=259.82767961546779 5282.5022344216704 18.295774843543768 3.7801954839378622 447.82058271020651 8.2475625015795213 23.984637141227722 233.62475555017591 62.534041307866573 1441.1310098469257 78.268141534179449 10109.28514092043 2029.8059338219464 2773.1673185117543 13.239117961376904 3341.3890438936651 2.8536409959197035 1760.0061137825251 93.017346646636724 2217.6537267975509 97.388954997062683 208.89084037393332 283.85544017329812 61.974784146994352 16.355722069740295 652.21784618124366 297.55970597080886 47.474064126610756 963.81547654420137 191.93455436825752 100.39723590388894 2643.4791679345071 36.126675523817539 530.30416772514582 54.180132789537311 24.899365197867155 5.3009830862283698 13760.163576025516 293.79246773570776 18.738807749003172 102.55881356447935 485.20682061091065 619.76843874901533 12661.113925544545 33.635786497965455 10.306017119437458 493.66175645031035 3.9184981398284426 172.62173423916101 264.03513628616929 18.220804929733276 3323.337661433965 15.057163812220097 13.79290821030736 143.69089224934578 69.992679744958878 3.2605821304023257 136.6817600466311 4.4241243936121455 2.9480190481990567 85.108495216816664 10.625175278633831 28.201122086495161
leaf_count=5726 32062 23 48 626 39 149 1391 28 22686 190 55775 15899 8764 47 30106 23 22173 138 12883 717 954 3176 117 187 738 1771 123 14217 81 1128 29018 546 17343 379 341 51 15753 5928 153 1714 8976 315 6805 372 244 13283 24 2466 5152 4 4554 6 132 2724 394 35 3118 3 8 1529 226 594
internal_value=0.18826 0.201931 0.131072 0.204345 0.138815 0.185025 0.168495 0.0313732 0.110991 0.188095 0.184756 0.160003 0.216058 0.18578 0.163009 0.128593 0.139743 0.267048 0.199425 0.122716 0.182099 0.175747 0.369905 0.283065 0.19193 0.180855 0.460203 0.119071 0.219896 0.147045 0.132737 0.131494 -0.0413033 0.0169513 0.249869 0.0338029 0.220727 -0.0350799 0.560141 -0.00633023 0.0934204 0.291896 0.218215 0.241172 -0.0247611 -0.0328752 0.178171 0.0733978 0.0681995 0.141973 0.238256 0.260388 0.141122 -0.0229811 0.241794 -0.0397873 -0.00746388 -0.0409845 0.0267996 0.0130327 0.0458136 0.0137951
internal_weight=69191.5 55839.9 13351.5 55291.3 12719.7 20875.6 6152 409.161 6567.68 20466.4 19639.2 7312.31 34415.8 3876.8 5990.67 2140.18 1993.63 827.181 12326.9 5701.01 3850.49 3625.24 161.335 225.247 3756.58 3070.73 99.3598 5533.63 30538.9 346.512 3607.29 129.144 548.6 154.577 33.1469 866.668 30192.4 317.777 66.2129 120.222 1926.34 698.037 26421.3 685.854 631.83 603.303 18.3239 441.958 436.657 28.5268 3771.16 91.3841 28.8501 146.545 167.382 584.979 424.711 106.983 91.3171 88.3691 14.4054 288.029
internal_count=354175 184152 170023 166786 154622 124051 61507 6243 93115 117808 116619 47961 42735 13409 60734 26311 23564 1189 68658 76008 34423 33282 773 1141 11645 10535 656 74897 29326 1588 43235 684 17366 1507 380 17107 27738 6077 276 1764 31662 505 22558 1110 15401 15153 298 7669 7618 248 5180 166 138 2747 1111 14855 9438 1717 1572 1564 274 6320
is_linear=0
shrinkage=0.05


Tree=4
num_leaves=62
num_cat=0
split_feature=27 26 30 26 26 0 1 0 23 26 29 27 27 27 25 27 29 26 20 26 29 29 20 27 29 27 0 1 27 1 0 9 14 20 29 27 18 27 10 18 29 27 27 8 1 25 26 1 14 10 1 29 27 19 0 11 1 18 1 23 0
split_gain=15667.8 7761.78 4888.23 4730.41 2641.28 3043.79 1864.28 1474 2095.09 1224.16 1649.53 1780.22 1175.56 1143.57 1110.11 1063.71 1859.54 1427.28 1030.82 964.267 1446.72 1748.46 858.544 794.71 1317.34 1197.99 719.166 652.291 1105.15 586.42 1032.04 580.272 567.536 1823.44 548.314 488.684 505.249 465.28 390.039 378.757 325.37 550.27 458.541 321.313 319.588 316.284 280.931 284.54 229.357 243.415 266.376 342.252 423.905 205.33 176.703 149.827 101.159 248.79 81.9828 76.417 45.2985
threshold=4.4949998855590829 982.50000000000011 6.6965401172637948 102.50000000000001 10.500000000000002 3.804999947547913 21.003499984741214 4.2950000762939462 1416.856872558594 80.500000000000014 1.6000000238418581 4.6649999618530282 3.1950000524520878 3.2649999856948857 540.50000000000011 5.4400000572204599 2.5949999094009404 171.50000000000003 0.33344419300556188 70.500000000000014 1.7050000429153445 0.8999999761581422 0.95013174414634716 4.0050001144409189 1.5550000667572024 3.8249999284744267 5.9500000476837167 68.005001068115249 5.0850000381469735 34.905000686645515 4.7099997997283944 1.4550000429153445 7.5000000000000009 0.2995134592056275 2.3050000667572026 5.9500000476837167 67.657249450683608 3.2849999666213994 2.717499971389771 0.66553193330764782 0.67000019550323497 3.0949999094009404 3.0049999952316289 5.0699999332427987 72.075000762939467 17.500000000000004 8.5000000000000018 9.9984998703002947 1.5000000000000002 3.7975000143051152 24.752999305725101 1.1949999332427981 4.3949999809265146 13.864216804504396 2.7649999856948857 6.5000000000000009 104.0014991760254 7.407804250717164 41.004999160766609 1.000379384537809e+18 6.7500000000000009
decision_type=2 2 2 2 2 2 2 2 2 2 2 2 2 2 2 2 2 2 2 2 2 2 2 2 2 2 2 2 2 2 2 2 2 2 2 2 2 2 2 2 2 2 2 2 2 2 2 2 2 2 2 2 2 2 2 2 2 2 2 2 2
left_child=3 2 14 4 5 13 7 8 18 27 43 -12 40 46 15 16 17 -2 -4 23 21 -21 -10 25 -25 -14 29 34 -29 30 -7 -18 38 -34 -8 36 -9 -15 -17 -39 41 42 -6 -11 -43 -22 54 -48 49 56 -51 52 -52 -31 -1 -50 -5 -58 60 -37 -28
right_child=1 -3 6 48 12 26 9 35 22 10 11 -13 19 37 -16 32 31 -19 -20 20 45 -23 -24 24 -26 -27 58 28 -30 53 -32 -33 33 -35 -36 59 -38 39 -40 -41 -42 44 -44 -45 -46 -47 47 -49 55 50 51 -53 -54 -55 -56 -57 57 -59 -60 -61 -62
leaf_value=-0.025669431236157732 0.16940544069705141 -0.051605151385956886 0.11633478647694605 -0.052077195395925639 0.11776054218649919 0.071942506665490721 0.17715612999366914 0.10902050539526094 0.14701543158744476 -0.038362735024939927 0.25963216332070488 0.17539486916815261 0.13903800661783758 0.43280384365792274 -0.053414517995871581 0.21215549845771586 0.11977809024625377 -0.053336231372629397 0.060634027792489033 0.27166261035361805 0.0058376721370994875 0.0093605451504962228 0.229801703260577 0.18394264031887947 0.12652671486636177 0.062368189476145669 0.20911171182592703 0.13149618335160515 0.17362251561688358 0.26540775683439738 0.15612129170352729 -0.055248210929412747 0.20576779738687301 -0.033391217978848205 0.13943006677980727 0.18653604744292282 0.16051586911193541 -0.052095440272047433 0.18427811127961871 0.079128536379108827 0.40883534326719789 -0.01153487767659256 0.31281653355133465 0.27502773827041704 0.27489328896199533 0.19736210332694651 -0.049107138121065687 0.20581864119314586 -0.045674348711038315 -0.050890552604741068 -0.046463104684077036 -0.048929170032125463 0.40402688595752911 0.13560147107156356 0.02023545229061708 0.21133493924646818 0.2509620655218886 -0.051376090708013737 0.14353389816383169 0.15178260935822149 0.27887355867939095
leaf_weight=331.83693331480026 3783.4589853547513 398.65228170529008 3170.1155584901571 466.30983957648277 41.930290907621384 1218.1990649476647 4414.2928274795413 686.55039872042835 1378.0801700931042 92.426891732960939 814.38106169551611 2824.8132218178362 1847.5229878723621 8.19333243742585 49.818092303350568 1357.7160585187376 74.000585455447435 72.84924091398716 1131.1198697406799 71.150985995307565 23.772142257541418 532.93991781212389 411.36260574683547 1905.2971175573766 2131.9986701011658 707.25979583710432 92.223373278975487 4630.3177166506648 2373.4283224567771 31.241561435163021 521.14591319859028 127.46838825568557 221.83783243596554 123.63896994665265 1265.7307891100645 1356.0404888372868 1643.5737471021712 55.991767536848783 30824.288828842342 1832.3217982910573 27.608673691749573 34.314808778464794 125.18977348133922 7.9637725278735152 12.540171965956686 242.9951482899487 15.550848346203564 33.297054938971996 8.2225046716630459 31.953827952966094 7.4006795212626466 13.90460444614291 15.18703487701714 1804.1196958310902 565.27003737911582 15.157914161682129 8.7661172635853308 21.583801105618477 35.27337920665741 215.94798681139946 55.622361607849598
leaf_count=7557 14836 13600 20901 13015 431 17723 20483 3010 5410 1297 1968 8032 18528 84 1136 1465 461 1302 12813 437 242 7879 425 13876 16868 8791 191 25065 8699 153 4210 1672 82 1790 5638 1649 7574 1056 24528 27472 34 444 121 3 75 599 344 453 270 735 138 301 120 16061 11272 3 50 349 105 313 36
internal_value=0.157366 0.168201 0.169592 0.111198 0.116914 0.093668 0.153174 0.136095 0.120669 0.163556 0.188799 0.194313 0.136812 0.0545951 0.181425 0.181747 0.157449 0.165184 0.101706 0.133261 0.0836302 0.0406612 0.166167 0.139803 0.153663 0.117848 0.1232 0.1561 0.145795 0.118181 0.0972424 0.00928922 0.184773 0.120314 0.168776 0.160133 0.145399 0.0769842 0.185461 0.0752094 0.245485 0.222582 0.264898 -0.0109855 0.0691621 0.180399 0.0096691 0.125205 -0.0276828 -0.034114 0.0536872 0.144307 0.260503 0.137957 0.00324014 0.122578 -0.0463078 0.0410099 0.219972 0.181865 0.237088
internal_weight=78343.2 63449.9 63051.2 14893.3 14304.8 6600.29 26416.1 9992.79 6090.68 16423.4 3739.58 3639.19 7704.52 2842.46 36635.1 36585.3 4057.78 3856.31 4301.24 7462.94 870.858 604.091 1789.44 6592.08 4037.3 2554.78 3757.83 12683.8 7003.75 3574.71 1739.34 201.469 32527.5 345.477 5680.02 3902.11 2330.12 1896.51 32182 1888.31 241.584 213.975 167.12 100.391 46.855 266.767 945.955 48.8479 588.486 565.106 68.4461 36.4923 22.5877 1835.36 897.107 23.3804 496.66 30.3499 183.119 1571.99 147.846
internal_count=354175 184152 170552 170023 155042 86717 123280 52095 39549 71185 11300 10000 68325 48238 47272 46136 18271 16138 33714 67220 9157 8316 5835 58063 30744 27319 38479 59885 33764 38147 21933 2133 27865 1872 26121 12546 10584 28612 25993 28528 1105 1071 552 1300 519 841 19626 797 14981 14708 1294 559 258 16214 18829 273 13414 399 332 1962 227
is_linear=0
shrinkage=0.05


Tree=5
num_leaves=45
num_cat=0
split_feature=27 26 27 5 25 26 27 1 26 26 4 0 27 1 25 29 27 27 29 25 27 27 5 10 27 27 5 29 26 5 29 20 26 29 0 25 10 27 20 13 25 27 12 8
split_gain=14017.7 5452.31 4489.53 3198.22 2339.94 3071.6 1860.69 1226.96 3088.91 1117.12 1167.33 1070.83 1348.93 999.469 916.739 885.92 885.913 879.496 2089.03 4738.28 2097.41 923.65 712.133 668.6 625.907 768.975 581.754 455.821 448.229 392.196 311.974 1693.98 1072.7 475.655 273.414 266.683 239.134 201.63 759.866 152.51 135.263 63.7766 42.9267 23.5115
threshold=5.6199998855590829 213.50000000000003 4.0050001144409189 349.50000000000006 59.500000000000007 135.50000000000003 5.5899999141693124 16.005000114440922 83.500000000000014 75.500000000000014 8.5000000000000018 4.4949998855590829 2.804999947547913 84.409999847412124 524.50000000000011 2.7549999952316289 5.5899999141693124 7.2500000000000009 3.9999998807907109 73.500000000000014 6.9500000476837167 7.1499998569488534 1.5000000000000002 2.992499947547913 3.8249999284744267 3.8017375469207768 1.5000000000000002 2.0950000286102299 80.500000000000014 2.5000000000000004 5.4500000476837167 0.34743556380271917 40.500000000000007 4.1500000953674325 5.1099998950958261 103.50000000000001 3.5924998521804814 4.680000066757203 1.3787087202072146 0.017857174389064315 15.500000000000002 8.2500000000000018 1.377858102321625 4.8949999809265146
decision_type=2 2 2 2 2 2 2 2 2 2 2 2 2 2 2 2 2 2 2 2 2 2 2 2 2 2 2 2 2 2 2 2 2 2 2 2 2 2 2 2 2 2 2 2
left_child=1 2 9 14 5 7 29 8 -4 10 11 12 -1 16 17 37 -7 18 21 20 -20 28 -9 -8 25 -12 -21 -15 -2 35 31 33 -33 -19 -13 -3 -5 38 -6 -39 -31 42 -32 -43
right_child=3 6 4 36 15 13 23 22 -10 -11 24 34 -14 27 -16 -17 -18 30 19 26 -22 -23 -24 -25 -26 -27 -28 -29 -30 40 41 32 -34 -35 -36 -37 -38 39 -40 -41 -42 43 -44 -45
leaf_value=0.024387836392947147 0.14996433780798538 -0.052341576971311803 0.11775380155451781 -0.051448201303641486 -0.055002242184119692 -0.0349891499933387 -0.053915810174355039 0.1205024877155213 0.0020687316428833254 -0.052126662531277602 0.1307110418646257 0.10688568802304391 0.084334703146678125 -0.051166581889129259 -0.054935257943672933 -0.054157555663243789 0.21965159862240166 0.16747685383739747 0.16265012362164327 0.22628697813855347 -0.041697979102713209 -0.065761433860506605 0.13906067611385842 0.22176976233558096 -0.051955698785619245 0.27307807240749998 -0.04512049920104852 0.24495537909882856 0.16453694863800816 0.17609144705842772 0.17456098453346061 0.23542028347497876 -0.041939273651889847 0.13728868668188671 0.15729020435684024 0.24346921200796548 0.17569471948905641 0.19330732061500103 0.19721934684988041 0.2782991719632672 -0.052408070642170693 0.15153265939774119 0.19359013493549271 0.17419693064840708
leaf_weight=1178.1345426104963 12995.747230667621 11.904469933360817 9869.103276476264 198.52200347371399 38.96958926692605 468.23540410585701 27.501947749406099 8555.67700169608 612.98015453666449 147.81415934860706 285.64357275888324 875.72931007668376 4635.7412102520466 16.2917395029217 50.428839476779103 37.325206372886896 35.840102825313807 12661.700932390988 1440.2864014916122 19.627848573029041 137.11401296779513 46.505356498062611 13408.821863370016 101.88592948019505 30.996143978089094 144.51060690358281 465.77274992130697 57.336080580949783 9233.7040116637945 5.5789155364036551 637.3742356300354 43.574471965432167 159.00272089615464 1492.916979636997 400.65567075461149 18.669861897826195 11.325445175170897 1335.7639156356454 121.37455724552274 60.103175640106201 673.33255156688392 191.66546307131648 1052.7314387559891 1971.8136028088629
leaf_count=20754 18106 132 58200 6599 647 9233 327 48330 8201 3772 1074 10033 58660 263 798 532 53 4110 1869 31 858 250 61015 33 523 65 4453 134 7967 55 134 12 1537 1766 1723 48 2 1190 28 86 19649 115 204 457
internal_value=0.135867 0.115751 0.118253 0.156143 0.125936 0.123072 -0.0104577 0.125107 0.11099 0.0836962 0.0863621 0.0813249 0.0721941 0.00876756 0.157103 0.185177 -0.0164751 0.157355 0.151096 0.102853 0.144869 0.155559 0.131838 0.163169 0.163455 0.179073 -0.0336928 0.179557 0.156025 -0.0423139 0.165711 0.162248 0.0185597 0.164303 0.122822 0.130124 -0.0383905 0.190952 0.135928 0.197167 -0.0502668 0.178565 0.186524 0.172262
internal_weight=85965.7 43155.9 42317 42809.8 34617.8 33024.3 838.874 32446.6 10482.1 7699.23 7551.41 7090.26 5813.88 577.703 42600 1593.54 504.076 42549.5 24338.8 2062.8 1577.4 22276 21964.5 129.388 461.15 430.154 485.401 73.6278 22229.5 709.486 18210.8 14357.2 202.577 14154.6 1276.38 30.5743 209.847 1556.21 160.344 1395.87 678.911 3853.58 1690.11 2163.48
internal_count=354028 304760 284516 49268 187912 185429 20244 175746 66401 96604 92832 91170 79414 9683 42667 2483 9286 41869 33534 7211 2727 26323 109345 360 1662 1139 4484 397 26073 19884 8335 7425 1549 5876 11756 180 6601 1951 675 1276 19704 910 338 572
is_linear=0
shrinkage=0.05


Tree=6
num_leaves=63
num_cat=0
split_feature=28 5 27 26 27 20 26 10 5 10 7 15 9 23 26 5 27 27 10 22 26 23 20 7 27 26 5 24 9 4 22 24 10 26 10 23 26 28 26 7 29 28 27 14 5 5 28 28 29 24 27 23 23 17 2 27 27 26 29 29 6 24
split_gain=13703.9 6000.05 3819.78 1867.41 1346.86 1274.25 1215.18 1128.49 2395.42 1594.58 1440.86 1010.88 990.916 945.74 926.419 875.623 709.955 1246.72 661.728 1379.91 1143.88 1026.3 863.33 635.075 608.846 606.121 593.567 676.546 597.267 531.525 527.661 383.601 372.55 343.619 339.378 328.859 324.482 247.815 245.167 234.715 224.395 220.828 182.786 506.967 161.178 148.987 137.182 200.444 118.95 114.613 111.611 107.959 106.423 104.501 96.9471 96.9014 154.595 91.6317 86.4948 72.7592 72.7566 69.8999
threshold=2.5000000000000004 349.50000000000006 5.6199998855590829 207.50000000000003 5.5899999141693124 1.5570805072784426 49.500000000000007 3.3025000095367436 22.500000000000004 4.3999998569488534 5.0050001144409189 10.500000000000002 1.0050001144409182 0.38689637184143072 119.50000000000001 26.500000000000004 3.0049999952316289 3.0949999094009404 3.5500000715255742 18.851284980773929 422.50000000000006 0.017014037817716602 0.36527650058269506 6.3500001430511483 4.680000066757203 8.5000000000000018 13.500000000000002 -0.8948705494403838 2.0949997901916508 11.500000000000002 13.361677169799806 2.991951704025269 2.8474999666213994 339.50000000000006 2.6974999904632573 0.11215850338339807 1.0000000180025095e-35 6.5000000000000009 74.500000000000014 6.7500000000000009 0.45000016689300543 238.50000000000003 7.2500000000000009 4.5000000000000009 22.500000000000004 1.0000000180025095e-35 84.500000000000014 66.500000000000014 4.00000023841858 1.7314621210098269 8.2500000000000018 1.9009391665458681 1.4125363230705263 0.98976439237594616 12.500000000000002 4.1050000190734872 3.8017375469207768 59.500000000000007 3.8949999809265141 0.52000010013580333 4.5000000000000009 0.011978280730545523
decision_type=2 2 2 2 2 2 2 2 2 2 2 2 2 2 2 2 2 2 2 2 2 2 2 2 2 2 2 2 2 2 2 2 2 2 2 2 2 2 2 2 2 2 2 2 2 2 2 2 2 2 2 2 2 2 2 2 2 2 2 2 2 2
left_child=5 2 3 7 34 6 16 10 9 -9 11 -2 30 49 15 -14 36 25 19 20 23 -22 39 -4 51 59 28 -28 -19 -10 35 -12 -24 42 37 44 -1 -5 -17 -21 45 -3 43 -20 -8 -38 47 -6 60 -7 -50 52 54 -42 -15 56 -32 -37 -44 -18 -35 -53
right_child=1 41 18 4 46 13 12 8 29 -11 31 -13 14 24 -16 38 17 26 33 22 21 -23 32 -25 -26 -27 27 -29 -30 -31 55 -33 -34 48 -36 57 40 -39 -40 -41 53 -43 58 -45 -46 -47 -48 -49 50 -51 -52 61 -54 -55 -56 -57 -58 -59 -60 -61 -62 -63
leaf_value=0.068266894763574282 0.12363604290843051 -0.051532338288397289 0.12932054512949751 0.15162102810082426 -0.054103523794908695 -0.052230317108354643 0.019964019753978032 0.095145051576957976 0.048927777185420171 0.13658139318555093 -0.05652161779469736 0.16977566238916986 -0.055371692167347275 -0.051246091345499567 -0.05269925801291369 0.18994604341543805 -0.048717970892338099 0.086882041820627032 0.13851158810557532 -0.011310572538842892 0.11995517717250498 -0.048549751024629079 0.18321103729978344 0.163473996121902 0.33189145347415527 0.33312126168041334 0.15967078424696068 0.00021172670231159129 0.14874869871101082 -0.039109894752326811 -0.043931133272406976 0.28642151972312208 -0.050150225215138095 0.19824431136734169 -0.048410014114309306 0.20963455429899389 -0.013883888837059441 -0.052702146839811073 0.10526504398000687 0.14847068813002592 0.078809821695206742 0.15595877510850029 0.1484427050300523 0.0087159250629157883 0.21435599764306029 0.046918006308615118 0.19402556030168694 0.16882926402005438 0.11426007773000624 0.1672905534101003 0.15685946103507492 0.17974553061354748 0.19231404102444899 0.25960194504578399 0.1751613248953838 -0.049564133903598026 0.02587674738782866 0.091774930918747166 0.14018666143330175 0.1421434685943441 0.16586588617494857 0.12531494137149998
leaf_weight=2057.4995963983238 15065.142654499039 471.14223543554544 7797.715943723917 40.048386063426733 16.216002255678177 53.905498972162604 270.74777126125991 5754.7341952323914 590.27409889549017 3913.0091125033796 129.30542965233326 1297.3309354428202 58.454980162903666 17.402967926114801 90.602282686159015 197.57209226861596 12.929241072386505 14207.917411930859 16796.09606654197 27.420511517673731 201.58484449982643 162.30162861943245 17.709833450615406 1672.7237538658082 59.216839641332626 74.489014815539122 80.577080123126507 360.69142166525126 402.54417284205556 240.53936043195426 150.87768125347793 7.7069664523005477 199.6596610955894 254.50591456890106 313.62933924794197 32.349494017660618 264.70422158017755 22.553231975063682 160.02059753611684 135.14841928333044 66.074726548045874 12.221650600433348 10211.025571018457 75.792028315365314 10.128660803660749 161.28635780885816 88.990072496235371 23.979965046048164 204.36288806423545 5.6819971892982712 887.32493761181831 294.88807802647352 10.854558348655699 8.5272870734333974 5.3622369766235343 241.45565181039274 164.97012449614704 38.78982774913311 5335.2565065920353 6.7972190827131262 999.69408271461725 88.971592739224434
leaf_count=26039 63950 17190 13345 156 151 1175 2888 30971 5853 10344 1536 1266 705 303 2471 500 262 112189 14482 135 637 2170 203 469 23 116 459 3699 1080 3074 2526 17 2451 72 7083 158 5247 363 673 155 1004 2 2899 290 90 2898 21 7 264 17 278 132 31 76 1 3230 2673 315 2729 111 254 120
internal_value=0.119539 0.129522 0.130693 0.115999 0.0207192 0.0824753 0.0803344 0.117781 0.104928 0.111929 0.125952 0.127305 0.0357223 0.158503 0.0916839 0.123189 0.0839 0.0880194 0.139675 0.128414 0.132026 0.0448574 0.0347886 0.13537 0.181938 0.268619 0.0868709 0.029636 0.088597 0.0234165 0.00446996 -0.0352592 -0.0303627 0.14298 -0.0271683 0.0523166 0.0594828 0.0782605 0.152465 0.121585 0.023305 -0.0459645 0.141621 0.137929 0.0277273 0.00918087 0.159359 0.0796414 0.161685 -0.0287996 0.149001 0.159913 0.0708016 0.102702 0.00699921 -0.0257826 -0.00748748 0.147602 0.145619 0.0204917 0.172593 0.167501
internal_weight=92621.4 72965.1 72481.8 27503.5 505.417 19656.3 19120 26998 10498.6 9667.74 16499.5 16362.5 1415.97 536.284 506.65 416.048 17704 15145.9 44978.3 10214.3 9834.33 363.886 379.938 9470.44 476.696 94.2155 15051.7 441.269 14610.5 830.813 909.319 137.012 217.369 34764.1 376.231 352.016 2558.09 62.6016 357.593 162.569 500.593 483.364 32418.2 16871.9 280.876 425.991 129.186 40.196 2345.89 59.5875 1091.69 417.479 33.6198 74.602 22.7652 557.303 315.848 71.1393 15546.3 19.7265 1254.2 383.86
internal_count=354028 182817 165625 124792 7781 171211 169409 117011 50242 41315 66769 65216 16229 1802 4349 1878 153180 117916 40833 19565 16621 2807 2944 13814 610 489 117427 4158 113269 8927 11880 1553 2654 21268 7602 3451 35264 519 1173 290 9225 17192 20400 14772 2978 8145 179 158 868 1192 542 587 335 1080 304 8429 5199 473 5628 373 326 252
is_linear=0
shrinkage=0.05


Tree=7
num_leaves=63
num_cat=0
split_feature=27 28 26 5 30 27 25 26 20 28 26 10 5 9 29 23 9 28 27 25 28 29 25 28 25 28 27 29 25 2 27 19 18 18 28 26 10 27 29 28 26 5 10 5 29 20 27 26 15 25 18 8 7 7 26 10 10 25 9 15 23 7
split_gain=12055.9 3709.57 3556.16 2049.59 1359.05 1298.87 1133.83 2094.79 1066.82 979.724 865.637 1136.29 858.639 817.49 988.823 708.741 688.42 617.561 547.961 524.627 1014.38 587.115 486.472 435.772 397.899 377.318 375.032 1434.47 3234.59 370.291 316.345 316.035 315.493 267.677 265.981 256.502 252.114 238.964 733.162 232.66 191.442 203.902 190.736 174.312 173.96 962.563 163.952 137.145 155.077 121.622 117.24 116.85 222.575 101.183 96.9214 94.5149 93.8489 80.3661 145.242 58.921 94.7006 49.2426
threshold=5.6199998855590829 2.5000000000000004 207.50000000000003 349.50000000000006 27.381510734558109 5.5899999141693124 73.500000000000014 135.50000000000003 1.5570805072784426 21.500000000000004 74.500000000000014 2.682500004768372 36.500000000000007 2.0050001144409184 2.1999999284744267 0.38689637184143072 1.4049999713897707 1.5000000000000002 5.5899999141693124 6.5000000000000009 8.5000000000000018 1.6000000238418581 39.500000000000007 66.500000000000014 491.50000000000006 359.50000000000006 7.2500000000000009 3.9999998807907109 73.500000000000014 4.5000000000000009 4.680000066757203 14.932509899139406 9.7727613449096697 436.53811645507818 92.500000000000014 60.500000000000007 4.3999998569488534 5.0850000381469735 2.0950000286102299 19.500000000000004 303.50000000000006 114.50000000000001 3.5924998521804814 1.5000000000000002 5.4500000476837167 0.34743556380271917 8.1500000953674334 213.50000000000003 79.500000000000014 15.500000000000002 26.479027748107914 2.8249999284744267 2.804999947547913 3.5449999570846562 408.50000000000006 2.8975000381469731 3.7975000143051152 15.500000000000002 0.3600000143051148 30.500000000000004 2.3935047388076787 2.8950001001358037
decision_type=2 2 2 2 2 2 2 2 2 2 2 2 2 2 2 2 2 2 2 2 2 2 2 2 2 2 2 2 2 2 2 2 2 2 2 2 2 2 2 2 2 2 2 2 2 2 2 2 2 2 2 2 2 2 2 2 2 2 2 2 2 2
left_child=1 8 6 4 24 33 7 19 10 12 13 22 32 16 55 53 17 -1 36 20 -3 -21 43 -7 26 -26 27 34 -29 40 57 -16 39 47 -2 -34 -9 59 -39 -6 41 -11 -5 -12 45 -28 -31 48 -4 -49 -18 52 -13 -10 -42 -15 -14 58 -17 -8 -61 -59
right_child=3 2 5 42 9 23 37 18 15 29 11 51 56 14 31 30 50 -19 -20 21 -22 -23 -24 -25 25 -27 44 28 -30 46 -32 -33 35 -35 -36 -37 -38 38 -40 -41 54 -43 -44 -45 -46 -47 -48 49 -50 -51 -52 -53 -54 -55 -56 -57 -58 61 -60 60 -62 -63
leaf_value=0.067109339558411349 0.12422996564019784 0.10108214731401098 -0.050871361423273823 -0.051252835500197769 -0.062132919750310212 -0.053719869574847583 0.16073185668361104 -0.017823206797330154 -0.052011713606036958 0.12028846857500353 0.11569534030967532 -0.051467019208568977 -0.057741286092451341 0.23646448504289605 0.093070057290661534 0.1390841403544443 -0.028198762611683366 0.088014351837238061 0.17264390580094952 0.080288069725783409 0.12945332586540073 0.10347501102516453 0.144610379870069 0.16663597140887715 -0.055357810926860741 0.14269496427922929 0.13208647552622432 0.11594369523475989 -0.043818517670085391 -0.057549610532236541 0.25555866897308771 -0.058057455247503699 0.091640501644617373 0.12895584879227939 0.13721072539061338 0.027874270739790291 0.2333516855144124 0.19597810256823675 -0.057734420679922155 0.17446079948834492 0.16653156739999933 0.005669081035586338 0.14089613222744224 -0.034207698407820897 0.14261888117950125 0.019646127690348038 0.14078075267052811 0.15527373632965324 0.14216001334364758 -0.052255014594087705 0.047065864701743551 -0.053541021468899178 0.24576749018102945 0.14763274367501661 0.1112024599071382 0.16398624086291846 0.11393631610242337 0.17916852182270623 -0.05255303147778121 0.14783371690221006 0.038638392824170302 0.13676328422760539
leaf_weight=13549.085207879543 17189.328422624618 10383.20200548321 20.144519997760653 180.26897568628192 59.511445786803961 26.874270923435688 1042.9582924470305 474.59793948195875 50.169614516198635 1216.3962114937603 25.100309047847986 16.870942045003176 130.69410425238311 147.16031561046839 131.77672998979688 27.45699243620038 196.28562319651246 4802.8486836999655 42.52190126106143 4121.0553727056831 4555.4436771422625 8251.0605998393148 162.48472139053047 122.44091202318668 57.436635300517082 39.897383973002434 15576.398745596409 1478.4323158152401 402.52519954554737 39.809806047007442 72.917483169585466 45.969416670501232 1612.273580417037 22.467868704348803 5297.294051874429 176.25529984012246 9.2053251750767213 60.911382302641869 52.016314098611474 11.551740445196627 377.88607269898057 40.278064008802176 12.938468933105467 74.449354004114866 4015.5823812186718 193.18318121880293 12.992269039154051 6.1976072899997225 19.649195194244385 554.38501906022429 69.130116850137711 329.19604673795402 8.7919363938272017 6.2606295868754378 112.59466136805713 83.534527160227299 7.5409637093543997 112.0983311124146 14.442692451179026 71.965984683483839 28.681611808016896 291.93412009067833
leaf_count=127469 16165 41844 436 6599 394 338 410 8024 1140 1774 264 276 1456 118 571 30 1743 27119 50 24460 11190 30205 404 29 893 9 5600 1898 3595 498 23 402 4705 84 2045 780 9 35 583 9 220 207 2 1244 828 1278 2 49 3 17433 461 7371 8 33 297 144 14 76 172 13 188 309
internal_value=0.106791 0.0896034 0.100803 0.124633 0.125286 -0.00509028 0.103613 0.101508 0.0730553 0.0965121 0.071082 0.012758 0.0723354 0.0729721 0.142958 0.140181 0.0714289 0.0725851 0.00269007 0.103412 0.109742 0.0957591 0.0915482 0.126849 0.127753 0.0263991 0.127976 0.123782 0.0817468 0.123289 0.158455 0.0538507 0.0812736 -0.0368808 0.127294 0.0853784 -0.0125623 0.150146 0.0795892 -0.0217166 0.127229 0.116626 -0.0377003 0.00431364 0.133135 0.130711 -0.00694669 -0.0432994 0.0454688 -0.0496793 -0.00847351 -0.0455019 0.0555745 -0.0275902 0.154093 0.211063 -0.047589 0.14203 0.0732256 0.157033 0.117452 0.148954
internal_weight=98324.8 50083.7 29865.8 48241.1 48047.9 772.159 29093.6 27837.1 20218 3797.78 19642.7 616.893 1997.83 19025.8 408.441 575.28 18617.3 18351.9 526.325 27310.8 14938.6 12372.1 262.034 149.315 44250.1 97.334 44152.7 24367.6 1880.96 1799.96 518.85 177.746 1859.59 622.844 22486.6 1788.53 483.803 1256.53 112.928 71.0632 1747.16 1256.67 193.207 99.5497 19785.2 15769.6 52.8021 600.376 39.7937 560.583 265.416 354.859 25.6629 56.4302 490.481 230.695 138.235 445.932 41.8997 1143.61 100.648 404.032
internal_count=354028 304760 135383 49268 42667 18372 117011 115782 169377 10356 167594 9567 7358 158027 1235 1783 156792 154588 8083 107699 53034 54665 1912 367 32311 902 31409 23703 5493 2998 610 973 5888 18005 18210 5485 8033 1229 618 403 2498 1981 6601 1508 7706 6878 500 17921 439 17482 2204 7655 284 1173 517 262 1470 587 202 611 201 385
is_linear=0
shrinkage=0.05


Tree=8
num_leaves=63
num_cat=0
split_feature=28 5 30 0 28 9 20 5 28 10 8 8 22 29 16 29 30 10 25 29 22 13 29 25 16 25 29 8 10 5 10 5 29 16 10 29 0 28 25 28 29 12 21 16 20 25 16 8 28 29 29 0 29 18 16 5 0 0 28 18 30 0
split_gain=10721.8 4043.93 2931.3 1713.53 1282.5 1065.45 877.957 941.768 1000.56 754.538 838.908 674.214 864.846 646.785 556.696 522.903 467.448 434.583 934.014 882.961 716.556 930.692 451.411 379.703 360.167 354.472 338.292 328.447 612.331 274.879 260.811 448.546 214.162 201.944 238.331 278.586 186.735 181.82 178.563 175.929 173.186 501.144 159.764 158.926 439.563 193.433 119.108 109.349 99.5705 88.0021 80.9691 71.0009 64.4085 58.1846 309.383 120.488 47.1441 41.4574 40.0634 126.842 44.1709 32.8446
threshold=3.5000000000000004 349.50000000000006 4.3298335075378427 5.1099998950958261 72.500000000000014 2.0050001144409184 1.6084989309310915 11.500000000000002 1.5000000000000002 3.2525000572204594 4.1949999332427987 3.6149998903274541 15.161018371582033 0.8999997377395631 0.27586519718170172 3.9000003337860112 512.35302734375011 3.8500000238418584 263.50000000000006 5.4500000476837167 18.727571487426761 -0.028571412898600098 3.1999999284744267 1.0000000180025095e-35 0.34494900703430181 371.50000000000006 2.1000000238418584 5.0699999332427987 3.0900000333786015 14.500000000000002 2.8975000381469731 9.5000000000000018 2.1749999523162846 0.98640996217727672 4.1000001430511483 2.8999999761581425 6.7500000000000009 238.50000000000003 82.500000000000014 214.50000000000003 0.99999988079071056 1.0588235259056094 3.5166912078857426 0.20001595467329028 0.32040509581565862 51.500000000000007 0.58359211683273327 6.4500000476837167 75.500000000000014 5.2000000476837167 1.5000001192092898 4.2950000762939462 4.4500000476837167 14.982640266418459 0.26319888234138494 3.5000000000000004 5.9500000476837167 5.6199998855590829 1.5000000000000002 353.09884643554693 472.58551025390631 5.2049999237060556
decision_type=2 2 2 2 2 2 2 2 2 2 2 2 2 2 2 2 2 2 2 2 2 2 2 2 2 2 2 2 2 2 2 2 2 2 2 2 2 2 2 2 2 2 2 2 2 2 2 2 2 2 2 2 2 2 2 2 2 2 2 2 2 2
left_child=3 2 17 5 9 6 7 8 23 16 13 29 -13 -11 -8 -12 25 18 20 39 22 -22 -2 -1 -7 -4 -10 30 38 -9 42 -32 46 34 35 -19 53 -3 -29 -20 41 -35 -26 48 -45 -46 -16 -30 -6 -36 -42 -18 -50 57 58 56 -56 61 59 -55 -60 -5
right_child=1 37 4 36 43 24 14 11 26 10 15 12 -14 -15 32 -17 51 33 19 -21 21 -23 -24 -25 27 -27 -28 28 47 -31 31 -33 -34 40 49 -37 -38 -39 -40 -41 50 -43 -44 44 45 -47 -48 -49 52 -51 -52 -53 -54 54 55 -57 -58 -59 60 -61 -62 -63
leaf_value=0.045063270330607988 0.096070907533729627 -0.051363421667317923 0.10021076960394332 0.065905029433297069 0.1724105465114355 -0.056796159221242884 -0.051631993788939706 0.039678845460184353 0.082544099766895737 0.13172471850950476 0.094511270650751114 0.1182994815140993 0.014312275563721614 0.059130428847358613 0.04446259029979413 0.011305153299431886 -0.058519432634360019 0.049350026260467771 -0.053002156743435815 0.13061452994896547 0.10080789827926256 -0.044965473089079222 0.1206684456335089 0.062965013060154534 0.11249825187821508 -0.056914524134700606 0.056068705586948243 -0.05638604227525134 0.11382770688045896 -0.023406126660071417 0.12500598442118654 -0.062112924045722939 0.22563685111868959 0.11384497065117226 0.1138232823703457 0.10706974825669556 0.17050233196104025 0.12902039818976549 0.25371782531510068 0.12697456226531342 0.13703095447712882 -0.041142868816420097 0.17374253821512928 0.1169267202213304 0.11155513662343673 -0.056447255452130952 0.13545807111043004 0.017250846879151131 0.13150823113879276 0.12912781065804854 0.12161001126744707 0.039585603883414755 0.095161430790081603 -0.0022766509171157183 -0.061480650613966216 0.12110187144580241 0.047748208164702051 0.15192835459968348 0.13630011392259619 0.11246286401170968 0.060607477852300175 0.12495825124005118
leaf_weight=4498.8567401021719 2773.6387237031013 422.38552838377655 17393.095970237628 32.785847298800945 151.66493130475283 30.764845563098788 40.284572621807456 242.53206475824118 7737.0053292438388 333.43285136111081 7934.7487049028277 348.74335131980479 467.88856164552271 3856.3936471063644 40.903526335954666 193.86141441017389 49.4229477327317 302.51159209385514 189.92532233707607 118.76148799061775 312.11248432844877 167.5939684137702 5908.4010695926845 8768.9253755751997 162.50531371682882 35.334089428186417 1442.336506832391 79.518746305257082 446.83262142539024 592.40179446339607 154.22119927406311 39.652146689593792 65.013323046267033 295.63261322677135 8690.7265582196414 699.19603336602449 178.06675998866558 13.499239921569822 3.9391119144856921 13.661499023437498 962.82261641696095 62.689996212720871 368.10728447139263 1602.292069522664 23.819719763472676 54.314566630870104 415.40240997821093 31.913017645478249 1932.9425155762583 1130.6144634634256 19890.10635131225 28.152500420808792 144.65918182767928 25.05765924602747 37.968169942498207 15.515665739774702 12.355143800377844 171.73794429004192 297.91306480020285 549.90649566054344 23.318687587976456 150.82381066679955
leaf_count=49105 9116 16976 55174 101 89 342 945 2101 38448 1034 20857 1757 5053 24414 394 716 413 1642 2112 28 460 1375 3853 73920 182 497 6683 1019 780 8632 312 258 29 682 6796 699 101 2 37 2 1360 325 211 1085 68 831 215 100 1218 167 7284 114 332 145 243 54 37 144 572 2074 91 222
internal_value=0.0965638 0.106276 0.107156 0.0698032 0.0961975 0.0668017 0.0644555 0.0630097 0.0656912 0.0926588 0.0831514 0.0265431 0.0588166 0.0649388 0.126264 0.0925291 0.0993434 0.116057 0.10659 0.0228384 0.109534 0.0498814 0.112823 0.0568991 0.110633 0.0998887 0.0783912 0.114681 0.0856911 -0.00504964 0.137022 0.0865873 0.140093 0.118856 0.113212 0.0897102 0.121861 -0.045483 -0.0388595 -0.0403389 0.121731 0.0866763 0.155242 0.12316 0.111283 -0.00440502 0.127427 0.10745 0.132057 0.115599 0.122329 -0.0228023 0.129027 0.115158 0.108371 0.00362025 -0.034158 0.133162 0.116048 0.107458 0.131026 0.114855
internal_weight=103162 75688.4 75252.5 27473.2 33734.1 25977.7 24660.3 24098.7 22447.1 29824.4 12318.4 1651.57 816.632 4189.83 561.604 8128.61 17506 41518.4 9484.09 322.348 9161.75 479.706 8682.04 13267.8 1317.45 17428.4 9179.34 1286.69 562.203 834.934 724.486 193.873 521.319 32034.3 10823 1001.71 1495.45 435.885 83.4579 203.587 21211.3 358.323 530.613 3909.69 1680.43 78.1343 456.306 478.746 2229.27 9821.34 20852.9 77.5754 2077.6 1317.38 962.035 65.839 50.3233 355.348 896.196 574.964 321.232 183.61
internal_count=354028 159721 142743 194307 106842 190523 187282 185699 168156 103219 47021 17543 6810 25448 1583 21573 56198 35901 16946 2142 14804 1835 12969 123025 3241 55671 45131 2899 1936 10733 963 570 638 18955 9304 2341 3784 16978 1056 2114 9651 1007 393 3623 1984 899 609 880 1639 6963 8644 527 1550 3683 3216 334 280 467 2882 2219 663 323
is_linear=0
shrinkage=0.05


Tree=9
num_leaves=63
num_cat=0
split_feature=27 28 26 26 27 25 26 15 26 1 27 29 25 27 26 29 28 19 26 3 16 29 27 27 26 14 27 29 27 1 28 12 1 28 28 28 27 27 25 1 10 23 29 29 27 26 10 1 16 25 1 10 1 10 25 3 1 25 19 15 29 26
split_gain=11393.2 2531.39 2461.57 1186.01 1047.18 1014.06 1416.68 894.049 1060.87 1375.17 885.285 1208.16 2876.68 1436.41 868.543 836.945 691.884 981.551 1147.32 661.825 672.374 605.019 588.165 1230.32 658.236 514.091 473.709 422.623 413.115 523.925 411.229 400.03 380.024 329.96 292.884 289.912 276.014 272.521 258.66 220.576 188.821 247.909 171.113 821.084 1186.73 519.587 179.925 163.374 157.088 158.763 127.847 154.854 119.611 114.423 99.0834 153.632 94.9927 94.3442 91.7288 84.0089 284.884 71.6871
threshold=5.6199998855590829 3.5000000000000004 207.50000000000003 982.50000000000011 5.5899999141693124 64.500000000000014 135.50000000000003 11.500000000000002 74.500000000000014 81.58499908447267 7.2500000000000009 3.9999998807907109 73.500000000000014 6.9500000476837167 123.50000000000001 2.4099999666213994 8.5000000000000018 4.2621417045593271 54.500000000000007 8.5000000000000018 0.97473672032356273 2.9999998807907109 3.8017375469207768 3.8249999284744267 41.500000000000007 8.5000000000000018 5.2049999237060556 2.5949999094009404 5.5899999141693124 95.013999938964858 4.5000000000000009 1.0527046918869021 8.0009999275207537 66.500000000000014 219.50000000000003 6.5000000000000009 4.9949998855590829 6.7500000000000009 9.5000000000000018 129.81500244140628 2.8600000143051152 31789313184235524 5.4500000476837167 4.1500000953674325 7.5499999523162851 451.50000000000006 4.0025000572204599 9.9984998703002947 0.24993533641099933 39.500000000000007 2.0019999742507939 2.6325000524520878 113.00600051879884 2.6525000333786015 25.500000000000004 4.5000000000000009 13.450500011444094 15.500000000000002 0.015142222400754692 32.500000000000007 2.4999998807907109 73.500000000000014
decision_type=2 2 2 2 2 2 2 2 2 2 2 2 2 2 2 2 2 2 2 2 2 2 2 2 2 2 2 2 2 2 2 2 2 2 2 2 2 2 2 2 2 2 2 2 2 2 2 2 2 2 2 2 2 2 2 2 2 2 2 2 2 2
left_child=1 7 5 10 35 6 19 8 15 50 11 16 13 32 40 22 17 47 -19 26 -21 56 24 -24 -1 37 -3 59 29 -8 -29 -14 -13 -6 -33 36 -4 -18 -23 -15 54 -42 43 46 -45 -46 -12 -2 49 -11 51 -10 -48 -50 55 -9 -17 -37 -27 -7 -61 -56
right_child=3 2 4 -5 33 27 28 14 9 48 42 12 31 39 -16 21 25 18 -20 20 -22 38 23 -25 -26 58 -28 30 -30 -31 -32 34 -34 -35 -36 57 -38 -39 -40 -41 41 -43 -44 44 45 -47 52 -49 53 -51 -52 -53 -54 -55 61 -57 -58 -59 -60 60 -62 -63
leaf_value=0.0544363006760408 0.1190838867096923 0.082785748196544245 -0.052180188001635736 -0.051587885110385472 -0.053751580356626798 0.13462305150156631 -0.033225925582358727 0.1214064551413967 0.20424270412103371 -0.0087720239660504934 0.12763273257993177 -0.0077155722103865593 0.11444655329918879 -0.067035478095182066 -0.05169662523594009 -0.049275596226069994 0.10901031798676904 0.071119480546804045 -0.057245045323711254 -0.020965175079404531 0.073167481216073305 0.12319429443006512 0.17932348412793248 0.066252631543158788 -0.014017426262327871 0.12328047349951088 0.100868391132267 0.16280389401382375 0.13922716871316304 0.11918020613141569 -0.058381729426020892 -0.057393475754323409 0.11184068112457997 0.13819927971784435 0.12711112006990122 0.11175911360907953 0.14285561697698335 0.091336932715046532 -0.056255153432069251 0.13847259075765075 -0.059158949289727647 0.17150115112681097 0.12170261571265358 -0.072192048590246152 0.094864443743521015 -0.057384605798867998 0.11295219791742216 0.094905883236911182 0.24455612773628499 0.17763108257259769 -0.048284042989372479 -0.050326596143355051 0.073067358990725806 0.12252693148358607 0.15367864013305466 -0.05568685644235525 -0.0040878870816734147 -0.052364832216764107 -0.058807733704262288 -0.059104104969479404 0.13134173878046382 0.12058848928352105
leaf_weight=7114.9176163934171 1132.6934828162193 20482.118947811425 31.764392122626305 120.04913378693163 26.221835946664214 1345.2811676375568 413.80535022355616 35.867621375247836 10.394964834675195 29.426121145486832 2349.0566288381815 68.926081767305732 39.524010688066483 146.25501240976155 75.392662089318037 174.90835175663233 19636.784179504961 1813.6682918854058 191.75691314972937 288.70294449664652 549.74967347458005 124.96102418750525 243.41438274458051 17206.883146893233 368.9040324613452 6.9295920431613913 4436.1285086385906 31.376061223447323 48.480899669229984 64.264071863144636 58.909547930583358 470.88026694394648 1720.1691434457898 134.45649357140064 21.597971946001053 7.9823216758668414 39.99104124866426 2503.6192757114768 23.241570893675089 13.381506562232969 30.160070108249784 17.62670373916626 4645.2141005024314 118.72108061611652 1844.7356012295932 57.125781755894423 12495.160578861833 1963.7297450229526 37.585272889584303 17.531949492171407 473.00218342244625 11.852500764653085 198.7532452493906 47.308664733543992 327.72133023291826 17.574560929089785 344.66676841303706 516.41034737415612 54.966827515512705 24.980100534856319 82.57728449255228 405.14483974501491
leaf_count=73606 573 73402 677 4181 338 662 7206 25 47 241 549 320 82 896 2528 1629 14936 4756 1339 1911 1550 304 308 95837 3721 6 9885 38 50 271 627 5989 1671 29 18 58 65 2434 266 8 343 3 912 611 1963 920 3317 2496 30 32 8852 186 245 197 138 184 2327 16631 1046 211 13 332
internal_value=0.0880725 0.0723913 0.0827789 0.105 -0.00617863 0.0851987 0.0828783 0.0614479 0.0597531 -0.00448319 0.105366 0.0997516 0.0662862 0.0944091 0.110202 0.0613268 0.102789 0.086128 0.0588205 0.084538 0.0407626 0.00606768 0.0628062 0.0678403 0.0510599 0.106614 0.0860091 0.124637 0.00167753 -0.0125224 0.0193714 -0.0367026 0.10723 0.106704 -0.0490506 -0.0367398 0.0569188 0.107016 0.0948306 -0.0490229 0.124886 0.0275916 0.113064 0.110705 0.0806825 0.090261 0.114732 0.103788 0.13839 0.0629707 -0.042733 0.0720731 0.112334 0.17883 0.13075 0.063124 -0.0193748 -0.0496491 -0.0367067 0.131158 0.0869278 0.135582
internal_weight=107335 55721.7 28583.2 51613.7 756.826 27826.4 26283.3 27138.5 26229 627.102 51493.6 29784.9 2480.73 1948.73 909.488 25601.9 27304.1 5101.85 2005.43 25756.7 838.453 667.778 24934.1 17450.3 7483.82 22202.3 24918.2 1543.12 526.55 478.069 90.2856 532.002 1789.1 160.678 492.478 596.148 71.7554 22140.4 148.203 159.637 834.095 47.7868 21708.8 17063.6 2020.58 1901.86 15043 3096.42 131.852 46.9581 495.25 22.2475 12693.9 84.8939 786.308 53.4422 519.575 524.393 61.8964 1452.84 107.557 732.866
internal_count=354028 304760 113624 49268 17798 95826 94275 191136 187583 9585 45087 36570 8984 2895 3553 177998 27586 9164 6095 86748 3461 4526 173472 96145 77327 18422 83287 1551 7527 7477 665 6089 1991 367 6007 17431 742 17370 570 904 1025 346 8517 7605 3494 2883 4111 3069 500 273 9085 233 3562 227 679 209 3956 16689 1052 886 224 470
is_linear=0
shrinkage=0.05


Tree=10
num_leaves=63
num_cat=0
split_feature=27 28 12 30 2 28 0 15 1 29 25 16 4 27 28 25 1 27 29 16 29 12 10 29 25 27 27 29 25 27 28 28 29 1 30 28 27 27 27 29 28 30 20 20 20 27 19 0 1 28 1 13 17 29 1 28 15 29 27 27 25 10
split_gain=10672.6 2162.31 1576.58 1334.24 947.61 878.378 801.119 764.943 718.283 1098.78 987.722 1580.24 1321.05 1083.5 910.15 693.05 581.756 727.608 616.615 553.419 543.119 518.656 497.945 462.62 433.945 427.127 418.708 924.982 2092.39 773.986 361.154 352.383 303.691 504.587 302.073 298.512 235.208 1366.37 271.22 230.59 225.727 222.16 206.521 202.388 1124.38 197.054 169.484 163.395 181.352 134.388 155.037 130.701 123.475 115.236 110.661 117.452 178.396 108.073 1076.6 483.747 273.088 86.834
threshold=5.6199998855590829 2.5000000000000004 1.8682296872138979 15.97026586532593 3.5000000000000004 21.500000000000004 5.4200000762939462 7.5000000000000009 170.29499816894534 1.8899999856948855 6.5000000000000009 0.95113423466682445 10.500000000000002 4.680000066757203 9.5000000000000018 524.50000000000011 17.005000114440922 4.4949998855590829 2.4099999666213994 0.26319888234138494 0.89499986171722423 1.1999999880790713 2.8975000381469731 1.6999999284744265 13.500000000000002 7.2500000000000009 7.2500000000000009 3.9999998807907109 73.500000000000014 6.9500000476837167 172.50000000000003 30.500000000000004 3.1999999284744267 13.004000186920168 139.79563140869143 4.5000000000000009 5.0850000381469735 4.680000066757203 5.3949999809265146 2.4449999332427983 9.5000000000000018 689.14160156250011 0.33603031933307653 1.1475150585174563 0.78019404411315929 6.1499998569488534 18.818341255187992 7.2500000000000009 24.005000114440922 1.5000000000000002 195.91499328613284 -0.12000000104308127 0.20041841268539431 2.0400000810623173 10.321499824523928 68.500000000000014 7.5000000000000009 3.8949999809265141 7.5499999523162851 8.0000002384185809 26.500000000000004 4.060000181198121
decision_type=2 2 2 2 2 2 2 2 2 2 2 2 2 2 2 2 2 2 2 2 2 2 2 2 2 2 2 2 2 2 2 2 2 2 2 2 2 2 2 2 2 2 2 2 2 2 2 2 2 2 2 2 2 2 2 2 2 2 2 2 2 2
left_child=1 6 8 15 5 32 7 16 10 20 14 12 -12 -13 35 26 17 21 -19 -9 40 -1 53 24 -18 46 27 43 29 -29 -30 -22 42 -34 -35 -3 37 -11 -38 -16 -10 -25 45 44 -2 -5 52 48 -8 50 -50 -48 -6 -21 55 56 -7 61 60 -60 -59 -28
right_child=3 2 -4 4 25 54 47 19 9 36 11 13 -14 -15 39 -17 23 18 -20 22 31 -23 -24 41 -26 -27 57 28 30 -31 -32 -33 33 34 -36 -37 38 -39 -40 -41 -42 -43 -44 -45 -46 -47 51 -49 49 -51 -52 -53 -54 -55 -56 -57 -58 58 59 -61 -62 -63
leaf_value=0.035790049697194452 0.098637185302610841 0.066236298142896818 -0.052234937953377872 0.080545370455905207 0.094306899115153706 0.073238002401394386 0.11032772507940369 -0.051567820429947356 0.073227819724927964 0.13495022100713172 0.059539145053857739 -0.018293027460911562 0.0028518812991475367 0.10080686097049617 0.10776950257251661 -0.038290812995379786 0.065574317840755833 0.067799459356631508 -0.031305284877299284 0.10512653634724323 0.041578317883437327 -0.028679079479594357 -0.033298241055048194 0.037014157322639574 0.0073553811441449887 0.086553778759997327 0.11785755596728519 0.10020826110810646 -0.056691594979015006 -0.031925393942403762 0.093456360552832837 0.15015951062270882 -0.06389936921054111 0.068341550394644499 -0.010463863240917333 0.082594625524235521 0.15500660934912849 0.015627430846342182 0.038485788006966656 -0.0024159483632676211 0.1044554992743435 0.121052661258124 -0.059878213822085552 0.12299267626897598 -0.056618783581839728 0.038016625251240048 0.080996125580391126 0.16110797775781269 -0.062483015125690877 0.098176193999012715 0.071733024143953439 -0.053200739865941017 -0.058140230187015765 0.1500346503042321 0.10494797847822641 0.10075985514808153 -0.064756990593767952 0.067658430996329955 0.072337313711702864 0.10815175469315115 -0.074775419732952098 0.10663232565191166
leaf_weight=6488.2410999406129 22216.973456608132 5457.3587515950203 244.68354711867869 1468.4523002058268 43.032458605244756 452.54630549624562 479.52628692984581 58.972476676106453 1170.4990189597011 1086.7347106337547 10287.350250003859 203.31716691330075 1142.1358613558114 3054.4381781630218 2891.1716086938977 89.701986605301499 8891.7967049218714 2822.5260322857648 165.56133866496384 660.2456555236131 1202.3675268292427 326.92477820254862 59.747179882600904 2541.5748531650752 332.5017203874886 114.78517289087176 2211.6598206609488 1361.8874792307615 352.2791425511241 120.11954574286938 44.236317539587617 78.940563518553972 113.41796094365418 512.95358567684889 158.83463166281581 5800.9831708781421 604.41329625993967 308.29998908936977 55.408010572195053 48.140532243996859 1178.3502622842789 80.447601160034537 29.151286095380783 845.60702096484601 116.59066589735448 338.35028664767742 18.715252988040447 113.08580231666565 42.066945694386959 69.823465771973133 41.992688961327076 239.80878369882703 18.184306845068932 193.04836630262434 2168.549257574603 533.76913553848863 23.91263023391366 48.303581610321999 1091.3533100560308 7409.2881901934743 105.29712136089802 10416.955647647381
leaf_count=68172 15857 21293 9857 3385 77 833 990 1921 3645 1424 49018 1245 13763 4519 5349 2813 60406 12634 1512 1209 4308 4320 931 13267 3305 485 440 1187 4150 587 186 36 785 1324 783 16621 514 1252 188 246 2051 308 226 172 998 974 48 29 258 127 121 3974 267 133 2066 518 188 61 2223 1877 511 2563
internal_value=0.0809194 0.066156 0.0740554 0.0972279 0.0754755 0.0808103 0.0543844 0.0526976 0.0749509 0.0912214 0.0717454 0.0626417 0.0538756 0.0933689 0.0811576 0.100147 0.0507443 0.0417227 0.062298 0.0961014 0.0746398 0.032693 0.105691 0.0582054 0.0634773 0.00423507 0.100416 0.0960103 0.0621969 0.0894809 -0.0397352 0.0483837 0.0593361 0.0332364 0.0497139 0.0746721 0.120462 0.108614 0.145302 0.105963 0.0889338 0.0396397 0.0704716 0.0987476 0.097824 0.0726094 -0.025479 0.105354 0.095154 0.0474307 0.00456201 -0.0431919 0.0487358 0.115456 0.0984917 0.0845376 0.0661807 0.105598 0.101193 0.103563 -0.0298033 0.108608
internal_weight=110847 58182.7 34814.6 52664.7 6234.46 5799.94 23368.1 22621.6 34569.9 5685.01 28884.9 14687.2 11429.5 3257.76 14197.7 46430.3 21649.6 9803.25 2988.09 972.014 3630.16 6815.17 913.041 11846.3 9224.3 434.526 46340.6 25057.7 1878.52 1482.01 396.515 1281.31 2621.16 785.206 671.788 11258.3 2054.86 1395.03 659.821 2939.31 2348.85 2622.02 1835.95 23179.2 22333.6 1806.8 319.741 746.495 633.409 153.883 84.0596 258.524 61.2168 853.294 3178.78 1010.23 476.459 21282.9 8654.24 8500.64 153.601 12628.6
internal_count=354530 304972 135329 49558 15933 11082 169643 168118 125472 13418 112054 68545 62781 5764 43509 33625 163924 86638 14146 4194 10040 72492 2273 77286 63711 4851 30812 23137 6110 1774 4336 4344 7477 2892 2107 37914 3378 2676 702 5595 5696 13575 4585 17027 16855 4359 4366 1525 1496 506 379 4022 344 1342 3605 1539 1021 7675 4672 4100 572 3003
is_linear=0
shrinkage=0.05


Tree=11
num_leaves=63
num_cat=0
split_feature=27 28 5 30 26 27 27 28 5 4 26 27 12 29 26 5 1 26 1 1 26 27 1 26 29 27 14 27 29 26 19 26 29 28 21 9 18 29 2 10 26 27 26 28 26 5 27 2 6 10 9 1 2 5 21 18 8 26 28 16 26 28
split_gain=10509.8 1893.51 1818.64 1278.29 892.268 838.245 2013.96 820.266 857.117 759.627 1250.76 1425.37 696.205 681.406 1008.57 601.658 576.975 1072.68 516.026 514.484 440.07 1425.46 437.921 409.9 389.452 366.831 798.612 787.539 517.897 362.392 361.371 346.786 317.489 285.377 280.134 256.113 213.313 207.705 199.615 189.1 190.979 186.068 230.962 178.532 168.792 218.445 256.435 165.182 135.424 130.203 122.922 117.881 698.024 112.519 111.636 252.052 107.133 105.003 174.317 96.6388 94.2648 452.358
threshold=5.6199998855590829 1.5000000000000002 178.50000000000003 13.135076045989992 10.500000000000002 3.4750000238418584 3.4550000429153447 36.500000000000007 55.500000000000007 58.500000000000007 133.50000000000003 5.5899999141693124 1.58102023601532 0.7600001096725465 16.500000000000004 342.50000000000006 16.005000114440922 89.500000000000014 116.00999832153322 9.3530001640319842 31.500000000000004 3.8017375469207768 464.92500305175787 20.500000000000004 2.3050000667572026 7.2500000000000009 7.5000000000000009 7.1499998569488534 3.9999998807907109 982.50000000000011 18.232190132141117 18.500000000000004 2.0950000286102299 2.5000000000000004 661855200.00000012 2.2000001668930058 1.562679171562195 1.6999999284744265 38.500000000000007 3.2925000190734868 9.5000000000000018 5.7099997997283944 33.500000000000007 21.500000000000004 274.50000000000006 94.500000000000014 7.4500000476837167 42.500000000000007 11.500000000000002 3.5924998521804814 2.0050001144409184 136.32500457763675 4.5000000000000009 7.5000000000000009 1980179.7500000002 0.66553193330764782 6.2049999237060556 517.50000000000011 262.50000000000006 0.13335163146257403 501.50000000000006 328.50000000000006
decision_type=2 2 2 2 2 2 2 2 2 2 2 2 2 2 2 2 2 2 2 2 2 2 2 2 2 2 2 2 2 2 2 2 2 2 2 2 2 2 2 2 2 2 2 2 2 2 2 2 2 2 2 2 2 2 2 2 2 2 2 2 2 2
left_child=1 4 9 15 19 6 13 8 33 10 16 18 20 31 -15 25 17 -3 -12 32 23 -22 34 -7 -18 26 27 28 -2 44 48 -6 54 41 37 50 56 -21 -11 40 -34 42 -5 -38 45 -9 -47 -40 -10 -17 -14 60 59 -37 -1 -56 -35 -46 -59 -53 -27 -62
right_child=3 2 -4 7 5 12 -8 29 30 38 11 -13 35 14 -16 49 24 -19 -20 22 21 -23 -24 -25 -26 51 -28 -29 -30 -31 -32 -33 39 36 -36 53 43 -39 47 -41 -42 -43 -44 -45 57 46 -48 -49 -50 -51 -52 52 -54 -55 55 -57 -58 58 -60 -61 61 -63
leaf_value=-0.004164493131448112 0.093265543884391414 0.061917900326151347 -0.048072913950901963 -0.0024736673757112227 0.054679129430321466 0.045939493080246335 0.3530696433012388 0.086973978176326169 -0.061223400909806304 0.10816273534965848 -0.019517042349212074 0.12648277577419229 0.095169743048639288 0.12316402154667437 -0.022331093093455254 -0.050785432149556935 0.073366932517719655 -0.0028667427561050391 0.14697814636594361 0.040028335330707002 -0.04889067216134331 0.051598774442324059 0.10730276758198361 0.0800305928735245 0.053452581753921917 0.10020675624446843 -0.038777422667809106 -0.072983943435923654 0.064841905517772011 -0.050831131401962971 -0.049052963320092471 0.13049963305717541 -0.05923010655487241 -0.064177397647383005 0.091269842625133824 0.10388129523192946 0.061921870487561828 0.0083545649280694981 0.10079575224635709 0.14691211303955551 0.16883026949439486 -0.030646967491175736 0.17299653225779335 0.087088089366548896 0.11048572999964368 -0.06902034755478724 0.10183501564869871 -0.05594570678189098 0.095005655674919642 0.10727800156416772 0.16125716637960208 0.11718704238678167 -0.08866462912130911 -0.057279466693138048 -0.054596664452607906 0.10123495632648372 0.076727833004838347 -0.052937722453812133 0.10136306048676101 0.05908212240924491 -0.057139409360181005 0.094570909367609646
leaf_weight=1101.9535821154714 22936.671257238835 11201.583007419482 344.38769753836095 47.085277669131756 208.64965743198991 2567.0822911448777 70.967657923698425 1528.8535446673632 16.218193739652634 1301.3024174403399 919.62603114917874 232.64131926745176 122.32272369787097 195.724126547575 301.16724774613976 86.787325385957956 25091.465237220749 677.34773259796202 48.016303159296513 7720.2498703896999 454.82625568285584 1562.9661558829248 244.45851481705904 1349.5661228559911 2738.3342844769359 20357.085106190294 118.94593429937959 72.466594483703375 1735.2057493105531 43.449577152729034 253.06174285151064 566.73857678100467 29.694851715117693 45.372796067968011 253.15903903916478 16.812381710857153 2659.4366743713617 555.86111172288656 30.865516100078821 61.28935868293047 12.095870230346916 127.42868200317025 30.075365629047155 973.52524266205728 1250.1196551695466 49.336143789812922 37.956495650112629 34.600375629961491 74.607315709814429 14.325439453124998 189.60103953629732 232.08201903104782 57.217242155224085 26.624758921563625 38.751477349549532 74.34768058359623 18.055106960237026 26.531266154721379 54.381293565034866 109.01286679506302 54.685388075187802 433.6829941123724
leaf_count=15159 15241 42123 13326 216 1518 16811 132 1587 152 839 15430 103 176 1237 2959 3852 79652 6185 115 65658 6139 11825 1138 8044 9067 6246 1232 370 3884 1523 3238 917 215 314 708 57 6529 3306 24 85 32 691 28 1178 602 296 18 476 140 2 89 53 233 243 491 693 28 642 27 133 903 200
internal_value=0.0748323 0.0605298 0.066243 0.0909803 0.0467889 0.0596919 0.0955586 0.0714103 0.0572503 0.0671754 0.0659466 0.01564 0.0520175 0.0809247 0.0351013 0.094043 0.0674666 0.0582235 -0.0111069 0.0370242 0.0479292 0.0289322 0.0413997 0.057705 0.0714096 0.0943102 0.0901637 0.0907852 0.0912694 0.0914813 -0.018364 0.1102 0.00788644 0.0639203 0.0394979 0.11995 0.0671013 0.0379029 0.103878 0.0916984 0.00906552 0.00637695 0.0671947 0.0686892 0.0935976 0.082584 0.00552614 0.0182834 0.0666913 -0.0275111 0.135744 0.0991586 0.0717538 0.00591941 0.000702501 0.0477876 -0.023422 0.106895 0.0506781 0.0988585 0.0996785 0.0774908
internal_weight=113789 60345.1 42620.2 53443.7 17724.9 7633.05 1343.25 7235.49 4244.87 42275.8 40909 1200.28 6289.8 1272.28 496.891 46208.2 39708.7 11878.9 967.642 10091.9 5934.44 2017.79 8773.73 3916.65 27829.8 46107.1 24863.3 24744.3 24671.9 2990.63 343.887 775.388 1318.13 3900.98 8529.27 355.361 3696.39 8276.11 1366.77 103.08 41.7907 204.589 77.1606 3632.96 2947.18 1616.15 87.2926 65.4659 90.8255 101.113 311.924 21243.8 398.312 43.4371 1215.05 113.099 63.4279 1331.03 80.9126 341.095 20845.5 488.368
internal_count=354530 304972 167340 49558 137632 50147 6763 17209 12514 154014 152675 15648 43384 6631 4196 32349 137027 48308 15545 87485 42819 17964 70810 24855 88719 28495 20727 19495 19125 4695 3530 2435 16675 8984 69672 565 8049 68964 1339 332 247 935 244 7707 3172 1901 314 500 292 3854 265 7768 419 300 16343 1184 342 1271 669 186 7349 1103
is_linear=0
shrinkage=0.05


Tree=12
num_leaves=63
num_cat=0
split_feature=27 28 12 27 25 27 0 27 0 28 7 4 27 1 1 27 14 27 4 18 1 1 29 25 1 1 27 28 0 29 1 22 19 1 22 18 18 28 7 22 29 0 20 29 27 29 1 4 1 19 1 0 9 27 22 19 20 0 18 21 27 1
split_gain=10371.8 1691.22 1197.1 970.458 1090.07 964.406 681.628 942.269 735.886 647.506 846.952 1113.51 636.829 619.167 662.369 844.213 585.145 1223.26 1188.8 584.227 479.953 462.261 830.706 651.761 459.998 412.554 502.247 361.305 337.872 325.39 270.86 262.702 198.783 191.152 166.922 154.898 147.121 138.38 137.948 134.825 133.823 1195.08 568.297 292.525 668.039 468.098 157.199 339.425 128.432 126.743 108.675 191.259 106.998 101.127 189.265 92.0185 81.9877 73.6257 52.0268 45.0828 44.7387 41.3064
threshold=5.6199998855590829 2.5000000000000004 1.8682296872138979 7.2500000000000009 345.50000000000006 7.1499998569488534 4.5050001144409189 2.804999947547913 4.0950000286102304 72.500000000000014 4.8949999809265146 52.500000000000007 6.9500000476837167 3.0004999637603764 10.321499824523928 4.055000066757203 1.5000000000000002 5.0850000381469735 8.5000000000000018 55.42914009094239 81.58499908447267 177.76350402832034 1.8899999856948855 6.5000000000000009 34.905000686645515 170.29499816894534 5.2049999237060556 129.50000000000003 5.8500001430511483 1.3200000524520876 52.004999160766609 16.296908378601078 128.5569763183594 35.001499176025398 15.731231212615969 0.047854166477918632 0.095800001174211516 301.50000000000006 4.5850000381469735 15.999980926513674 5.4500000476837167 3.495000004768372 0.31299935281276708 4.1500000953674325 7.5499999523162851 4.2500000000000009 131.004997253418 4.5000000000000009 11.402499675750734 859.49984741210949 512.20498657226574 4.7099997997283944 1.3050000667572024 8.1500000953674334 16.750019073486332 0.049542916938662536 0.2561976313591004 7.2500000000000009 670.15420532226574 2562032256.0000005 2.6049998998641972 12.998000144958498
decision_type=2 2 2 2 2 2 2 2 2 2 2 2 2 2 2 2 2 2 2 2 2 2 2 2 2 2 2 2 2 2 2 2 2 2 2 2 2 2 2 2 2 2 2 2 2 2 2 2 2 2 2 2 2 2 2 2 2 2 2 2 2 2
left_child=1 6 16 4 5 9 7 8 36 10 11 -2 39 19 15 -15 18 31 21 29 -16 23 -23 -3 48 26 -20 -14 35 -9 -12 38 55 -26 -27 -8 -1 -6 -18 -11 41 42 53 46 -45 -46 56 -48 -10 -21 52 -52 -37 54 -5 -19 -43 58 -30 -33 -38 -60
right_child=3 2 -4 40 37 -7 28 13 24 12 30 -13 27 14 20 -17 17 32 25 49 -22 22 -24 -25 33 34 -28 -29 57 -31 -32 59 -34 -35 -36 50 60 -39 -40 -41 -42 43 -44 44 45 -47 47 -49 -50 -51 51 -53 -54 -55 -56 -57 -58 -59 61 -61 -62 -63
leaf_value=0.23564230176753492 0.066084743766536919 0.067977019819118883 -0.052180065128333321 0.060555552162862403 -0.055382940948120601 -0.07001261726064488 -0.061278690601876601 0.12663857190797817 0.01757117996265798 0.1168374356028761 0.084344508364681187 -0.047494327931686335 -0.066531062308669106 0.0036384908820784726 0.055194926433340834 0.044028025812719598 -0.05758377606203096 0.10408346935444711 -0.0016588796354278141 -0.056943339074869773 0.033453480715313781 0.062993883357552072 0.10308573642092565 0.052379059168073949 0.1818560914312638 0.12195404495485385 0.051335365685642648 0.055544724966427018 0.11297234114100903 0.065745637411198862 0.043243639008752249 0.1050010929629106 0.094254688120746777 0.06318390595251093 0.0046758960823466249 0.057605562920509369 -0.023806930835571501 0.1004104004498815 0.080721077712830075 0.094203292490477195 0.10084364978348292 0.094536930203890202 -0.06375783254649138 -0.073008243273972859 -0.062623936966093266 0.085133944327576205 0.082355382353501871 -0.084669221132883832 -0.041742882300797778 0.041272810450494316 0.17651604955804784 0.00095705127038373493 0.11822011609756258 0.10515408085805673 -0.082153635022185201 -0.060638853853084186 0.10534452190012107 0.13913763174814794 0.091693793369340082 0.13833982675759754 -0.053365638675515387 0.040453327347664686
leaf_weight=4.260185904800891 6957.4643471408635 15476.716301701963 225.90910845808685 119.88249386101961 166.4664508253336 105.26173568144441 25.566253298893571 526.94711108133197 430.87922044843435 753.56894344091415 15536.898125154898 221.96996949985623 81.706526648253202 2134.5300416201353 9002.63387943618 3285.4543454051018 36.70171077363193 8.0606427676975709 1195.7083090227097 34.305103354156017 3545.9536777958274 3749.9045946449041 1979.6331814005971 11860.131973991171 36.415057018399239 142.02062940597534 712.89221303537488 226.16185039281845 165.72180050611496 383.31703042425215 415.31208603270352 1516.0885735806078 26.25385014526546 420.19295994192362 38.72724886238575 3200.6845885626972 637.7962406873703 14.646074295043944 33.550718801096082 6680.4606729596853 4896.8999552503228 13454.056032583117 169.58284441940486 73.503156162798405 54.722068130970001 1610.0877938028425 155.88274985551834 36.843884944915771 114.70497290790081 489.85011095926166 48.579274401068687 22.67836881428957 74.660084560513496 73.600401386618614 27.818540528416634 153.12597908824682 2133.1245215386152 121.96243488788605 107.88914148509502 120.82651615142822 161.22551306337118 66.316083356738091
leaf_count=44 13196 43946 9857 186 4925 588 164 1276 5550 437 13731 2342 519 24983 56259 19756 468 29 13266 292 21142 9565 2956 49008 235 117 3339 333 187 1423 833 806 160 3603 135 16139 9568 2 37 3123 931 3514 2058 365 194 1528 135 151 1372 4147 101 115 92 12 116 1622 339 29 179 18 2792 195
internal_value=0.0695228 0.0556249 0.062378 0.0855704 0.079823 0.0805383 0.0455705 0.0420583 0.00750081 0.081054 0.0768526 0.0625663 0.0935951 0.0452731 0.0427441 0.0281261 0.0630781 0.0901786 0.0616149 0.0768967 0.0490548 0.0639264 0.0768626 0.0612122 0.0360654 0.0250176 0.0181492 0.0230198 0.0649813 0.101102 0.0832775 0.103487 -0.0309071 0.0730358 0.0970174 0.0594502 -0.0281313 -0.0422747 0.00860272 0.0965137 0.0934192 0.0913833 0.00488946 0.0933126 0.0737184 0.0802395 0.0954659 0.050127 0.00503814 0.034739 0.0603921 0.121499 0.0590244 0.0575664 0.0332718 -0.0517796 0.0960229 0.105136 0.0925493 0.107548 -0.0298367 0.0725584
internal_weight=116285 62318.8 37276.3 53965.9 31159.9 30978.8 25042.5 21208.5 1805.47 30873.5 23131.6 7179.43 7741.9 19403 17968.6 5419.98 37050.3 1894.61 35155.7 1434.42 12548.6 33066.4 5729.54 27336.8 1002.19 2089.35 1908.6 307.868 3834.06 910.264 15952.2 1707.17 187.44 456.608 180.748 3372.17 803.282 181.113 70.2524 7434.03 22806 17909.1 390.884 17518.2 1738.31 1664.81 15779.9 192.727 545.584 524.155 3346.6 71.2576 3275.34 221.301 147.701 161.187 15587.2 461.889 339.927 1636.92 799.022 174.205
internal_count=354530 304972 135329 49558 40029 35102 169643 152442 23164 34514 30102 15538 4412 129278 122140 44739 125472 3140 122332 7138 77401 105475 12521 92954 10760 16857 16605 852 17201 2699 14564 1329 1811 3838 252 16611 12404 4927 505 3560 9529 8598 2372 6226 2087 1722 4139 286 6922 4439 16447 216 16231 314 302 1651 3853 590 561 824 12360 374
is_linear=0
shrinkage=0.05


Tree=13
num_leaves=63
num_cat=0
split_feature=27 28 26 30 28 26 10 10 4 7 2 20 28 28 26 26 16 9 29 27 27 14 27 29 4 11 9 24 26 27 28 28 16 29 28 27 22 26 28 14 28 22 26 4 28 29 29 7 29 24 18 28 29 27 26 29 9 29 27 27 28 18
split_gain=10224.6 1485.81 1382.22 1253.88 738.379 631.016 616.406 907.92 946.933 857.996 750.307 614.171 573.601 546.727 534.961 488.082 466.11 453.813 460.888 448.716 421.975 1011.66 626.75 520.686 1239.56 420.425 397.562 400.291 369.472 328.099 297.117 291.299 261.156 223.351 214.268 199.898 198.282 191.565 190.212 189.286 173.003 165.367 160.395 170.322 152.172 147.602 155.377 146.656 143.612 133.158 122.577 115.815 107.3 910.859 1345.73 682.021 104.724 101.034 263.708 96.6817 80.5755 83.7968
threshold=5.6199998855590829 2.5000000000000004 312.50000000000006 13.135076045989992 19.500000000000004 125.50000000000001 3.3524999618530278 4.305000066757203 14.500000000000002 5.0050001144409189 7.5000000000000009 1.5071005225181582 25.500000000000004 6.5000000000000009 85.500000000000014 74.500000000000014 0.45459543168544775 2.0050001144409184 2.1999999284744267 4.7449998855590829 7.2500000000000009 7.5000000000000009 7.1499998569488534 3.9999998807907109 53.500000000000007 6.5000000000000009 1.4049999713897707 -18.989995956420895 517.50000000000011 4.7900002002716073 5.5000000000000009 262.50000000000006 0.88287001848220836 1.9999998807907107 8.5000000000000018 5.0250000953674325 18.813791275024418 12.500000000000002 112.50000000000001 2.5000000000000004 48.500000000000007 17.650494575500492 288.50000000000006 52.500000000000007 42.500000000000007 4.0500001907348642 3.9999998807907109 2.804999947547913 1.3999999761581423 5.5044999122619638 26.479027748107914 181.50000000000003 3.8949999809265141 8.0000002384185809 180.50000000000003 4.6000001430511483 2.0050001144409184 5.1000001430511483 8.1500000953674334 6.0499999523162851 21.500000000000004 0.017113888636231426
decision_type=2 2 2 2 2 2 2 2 2 2 2 2 2 2 2 2 2 2 2 2 2 2 2 2 2 2 2 2 2 2 2 2 2 2 2 2 2 2 2 2 2 2 2 2 2 2 2 2 2 2 2 2 2 2 2 2 2 2 2 2 2 2
left_child=1 11 6 20 5 33 9 8 14 10 13 15 30 -3 -8 17 35 26 -19 25 21 22 23 34 -25 56 27 -1 36 47 -9 -30 -12 48 -2 -13 42 -20 -4 -31 -38 -14 43 -6 -44 46 -35 -21 -5 -11 -28 -10 -22 54 55 -54 -17 58 -55 -50 61 -23
right_child=3 2 38 4 28 -7 7 12 51 49 32 16 41 -15 -16 19 -18 18 37 29 52 60 -24 24 -26 -27 50 -29 31 39 -32 -33 -34 45 -36 -37 40 -39 -40 -41 -42 -43 44 -45 -46 -47 -48 -49 59 -51 -52 -53 53 57 -56 -57 -58 -59 -60 -61 -62 -63
leaf_value=0.18562350763842023 0.072048032348797614 0.054487443095785563 -0.048006958167403829 0.017931467738710551 0.074956545418355627 -0.059622519519573182 0.049360570192343807 0.03963307836891454 -0.060601053455179014 -0.058842907074088104 0.035035057877919308 -0.05293531516376563 0.1111400898749248 0.070452691235462786 0.017918905805362588 -0.050355268438522116 0.099502132840479152 0.12337221107816776 0.06750652936502359 0.21321354900767231 0.092053223996429026 0.11200418325889319 -0.069940117172160518 0.071074632321331793 -0.050395909500316485 0.08803597171717914 -0.034178534822479213 0.041206196838771185 -0.053074724819505675 -0.054486027198778042 0.067513581081239851 0.089059881638596169 0.10140477113095188 0.037077527093783529 0.084907273051806662 0.15619093540629178 -0.072410250566320777 -0.02927751880670746 0.097132808922525113 0.087678663770858284 0.055551127941940642 0.017533792651834742 0.028396083782930827 -0.00068351360646347445 0.099399663276254061 -0.042213332982524485 0.11263403205862171 0.031302462584823165 0.079793637743079612 0.17262982566223739 0.034366109144653371 0.14378406880794167 0.086802551573879283 0.090141624701658291 -0.063023051859991144 -0.024297508730767504 0.13562222449394387 0.095633915643382736 0.044706408652305844 0.029560790925281119 -0.058057528762861715 -0.055101881569700376
leaf_weight=47.183131758123636 3953.927128136158 11930.613759839907 345.81831671111286 133.55177374184132 2853.5874752439559 142.20705415122211 6837.2530814558268 1347.0685672834516 245.98209459707141 158.99648135714233 164.77508170902729 76.050382319837809 754.18832792341709 9796.0647355727851 1689.1124192196876 392.88789946399629 692.50221591629088 334.03923316299915 126.78115703910589 41.48525632545352 12675.620764344931 14.842398593202235 68.457983799278736 1566.9052647277713 241.72803810611367 66.52369899302721 228.16215822100639 23453.349106565118 97.935034850612283 48.424763822928071 3344.7429289966822 55.709483280777931 1631.9148771148175 1754.3967274837196 19420.442908009514 12.425092596560715 38.441706003621221 84.387977305799723 23.20530297793448 43.497207641601562 78.994261307641864 50.902919977903366 82.024801747873425 76.262281373143196 1146.7326349839568 55.375345701351762 70.166479993611574 15.601774951443074 794.63146811723709 5.5043813586235038 90.201119396835566 6.1937824822962275 899.0839340351522 2025.1268461942673 231.66478417254984 162.65142623335123 6.7695521116256705 4974.3914887011051 383.38575246930122 111.06336930394173 139.81450844183564 13.349012741819022
leaf_count=133 4409 40949 13688 447 3316 1711 23553 3993 3041 1711 636 1639 735 26085 13365 8047 431 266 330 36 2954 33 370 2025 2542 280 1766 154590 3107 805 6383 27 903 5072 11043 13 343 638 40 6 111 234 442 290 447 291 97 195 1224 10 447 3 558 428 2229 499 21 902 525 284 3556 276
internal_value=0.0648617 0.0513378 0.0575803 0.0808343 0.0618201 0.0429093 0.0585166 0.0502975 0.0403093 0.0634673 0.0642636 0.0420466 0.0662376 0.061689 0.0431352 0.0406779 0.0857098 0.0417885 0.0868911 -0.00329361 0.0838782 0.0795075 0.0803215 0.0807329 0.0548182 -0.0274542 0.0407523 0.0415042 0.0748758 0.0719397 0.05952 -0.00126361 0.0953436 0.0479245 0.0827354 -0.0220933 0.0776125 0.0288502 -0.0386288 0.0129517 0.0133641 0.105257 0.0794219 0.0729864 0.0946909 0.0375992 0.040046 0.164978 0.0665436 -0.0500711 -0.0146955 -0.0550132 0.0890774 0.0847192 0.0459518 0.0697711 -0.046862 0.091503 0.0829329 0.0736786 -0.0425523 0.0335289
internal_weight=118355 64092.6 38332.3 54262.5 7491.08 3061.39 37963.3 14275.4 8778.54 23687.9 23523.4 25760.3 5496.9 21726.7 8526.37 24979.3 780.978 24364.1 545.208 615.19 46771.4 25419.5 25251.5 25183 1808.63 466.181 23818.9 23500.5 4429.69 149.009 4691.81 153.645 1796.69 2919.19 23374.4 88.4755 4276.04 211.169 369.024 91.922 117.436 805.091 4158.61 2929.85 1228.76 1879.94 1824.56 57.087 1039.25 164.501 318.363 252.176 21351.9 8676.3 1293.4 1061.74 399.657 7382.9 2408.51 905.695 168.006 28.1914
internal_count=354530 304972 135329 49558 17209 9126 121601 51307 39962 70294 68573 169643 11345 67034 36918 167560 2083 158170 1234 9390 32349 24254 20389 20019 4567 8348 156936 154723 8083 1042 10376 3134 1539 7415 15452 1652 4949 968 13728 811 454 969 4495 3606 889 5460 5169 231 1955 1721 2213 3044 8095 5141 3286 1057 8068 1855 953 1508 3865 309
is_linear=0
shrinkage=0.05


Tree=14
num_leaves=63
num_cat=0
split_feature=27 28 5 27 25 27 0 15 5 25 26 27 26 28 7 5 8 26 27 0 1 1 5 28 5 8 24 23 1 27 28 27 0 28 25 23 26 28 1 1 1 2 1 16 23 23 24 1 27 0 21 22 26 5 0 15 11 26 25 25 0 1
split_gain=10112.3 1330.9 1222.87 1002.95 864.144 791.989 773.18 800.784 800.911 711.029 906.037 1307.48 658.42 622.579 805.138 1402.49 591.252 588.405 886.072 810.545 422.987 415.341 693.669 395.95 712.83 411.539 281.838 260.302 245.017 243.474 267.503 231.826 127.626 122.054 121.518 142.583 119.03 490.237 90.8103 79.0462 73.2017 447.624 134.796 104.186 82.2958 77.6856 86.768 69.8604 62.9983 779.836 62.8293 64.0653 62.7854 61.1715 34.4908 34.0545 32.3388 30.6899 54.5069 87.673 28.9962 14.9666
threshold=5.6199998855590829 3.5000000000000004 196.50000000000003 7.2500000000000009 345.50000000000006 7.1499998569488534 5.2049999237060556 7.5000000000000009 12.500000000000002 93.500000000000014 135.50000000000003 5.5899999141693124 121.50000000000001 72.500000000000014 4.8949999809265146 92.500000000000014 6.7500000000000009 12.500000000000002 3.0949999094009404 3.804999947547913 116.00999832153322 31.914999961853031 31.500000000000004 24.500000000000004 26.500000000000004 3.5049999952316289 -9.4782500267028791 107.75309371948244 52.004999160766609 5.0850000381469735 99.500000000000014 6.9500000476837167 6.7500000000000009 301.50000000000006 27.500000000000004 0.36595144867897039 517.50000000000011 328.50000000000006 203.004997253418 546.66500854492199 123.0019989013672 4.5000000000000009 160.44250488281253 0.14273869246244433 1.1620729565620425 0.21460637450218203 0.0010398494196124377 612.98498535156261 8.0000002384185809 3.495000004768372 1.9601822495460512 15.849987030029299 376.50000000000006 64.500000000000014 5.5199999809265146 14.500000000000002 5.5000000000000009 801.50000000000011 303.50000000000006 101.50000000000001 3.8850001096725468 19.704999923706058
decision_type=2 2 2 2 2 2 2 2 2 2 2 2 2 2 2 2 2 2 2 2 2 2 2 2 2 2 2 2 2 2 2 2 2 2 2 2 2 2 2 2 2 2 2 2 2 2 2 2 2 2 2 2 2 2 2 2 2 2 2 2 2 2
left_child=1 6 9 4 5 13 7 8 17 10 23 20 34 14 15 -2 31 19 -19 -1 -12 26 -23 25 -25 -3 -10 -18 -16 53 -31 -15 38 -6 35 -9 40 -38 50 -40 44 43 -43 -42 45 52 -47 -45 49 -46 51 -8 -5 61 -52 -36 -55 58 59 -39 -50 -11
right_child=3 2 -4 36 33 -7 32 12 21 29 11 -13 -14 16 28 -17 27 18 -20 -21 -22 22 -24 24 -26 -27 -28 -29 -30 30 -32 -33 -34 -35 55 -37 37 57 39 -41 41 42 -44 47 48 46 -48 -49 60 -51 54 -53 -54 56 -56 -57 -58 -59 -60 -61 -62 -63
leaf_value=0.020590565188136938 0.058442528616924949 0.059394623154359477 -0.051651740813699332 0.074551589254826536 -0.055282800999280984 -0.068015372514395156 0.070474723490351956 -0.053987882503851829 0.13698290876931196 0.14924940665504913 -0.033304951465748966 0.11053786198783314 -0.051884760071449244 0.088030912102700642 0.075211131943056897 -0.059037867319326455 0.058786938530547367 0.15042823671549579 0.046190635134672947 0.042393873487437291 0.121695854967607 -0.017357330584600945 0.10705287301719497 0.088653342976780847 -0.00036265200116185537 0.047406687270273279 -0.019106890943304734 -0.052405060032459407 0.036526121049636866 -0.056820596646842331 0.11852980696980096 0.034152152914884978 0.1155666612088183 0.091316256440479318 0.10400203694947707 0.068864179547753507 -0.055858491218154033 0.075168377909593936 -0.064645214155851768 0.068090957281422254 0.097070246418317241 0.076191818728592264 -0.085311001968357406 0.015196168542454321 -0.011023844879429088 0.064859463868431597 -0.0076387611049062139 0.097107536278018269 0.095772168858567444 0.086362072363331821 0.064540972596004414 0.0015777147015949751 0.092918105695626266 0.070938030416659012 0.10995823626268103 0.083535941684904455 0.099129567799988216 0.095442905292210944 0.093068179946561205 -0.0089181345901790665 0.088434193809487402 0.11207826423008943
leaf_weight=7324.8791727796197 7151.6458659861237 16025.338881023228 268.20298427157104 1581.3975707665086 153.25078803859651 100.55795307457447 808.88574882410467 24.853248968720436 28.733263878151774 72.29529987834394 728.79042302444577 234.4888928309083 92.343024076893926 7367.6806264277548 15735.990538995713 262.5861979778856 100.73069116473198 207.26119749993086 10294.704192930833 10210.302644588053 45.855659164488316 233.09087872877717 214.22140617109835 1732.7709014229476 258.28436958789825 13017.16358859092 1059.592569777742 108.05859214812517 423.63980426080525 53.042478784918785 35.403505627065897 207.25192218460143 193.9638224542141 14.71261405944824 526.21199324168265 300.46861146390438 76.031023938208818 87.878886431455612 22.057222902774811 20.840176954865456 373.98222503066063 15.840419951826332 55.853505671024323 79.295679539442062 208.87278801389039 226.38326648622751 50.035318858921528 38.242975652217865 2236.2594076246023 11889.318364886567 64.243678741157055 35.411625906825066 702.030437707901 132.86134071834385 165.46824861317873 398.21141017414629 780.765914009884 204.95120659470558 118.78461590409279 47.150371760129929 4703.9357130974531 87.636690111830831
leaf_count=62469 12467 42490 12078 1063 4925 588 2099 322 82 88 12478 90 3108 3305 13731 3071 94 311 52424 54143 96 1736 664 3611 1686 39399 11738 416 833 847 12 597 88 2 352 743 1764 43 120 49 116 8 229 150 801 202 159 13 331 3395 144 110 210 458 150 521 232 30 22 111 882 34
internal_value=0.0607429 0.0475443 0.0545289 0.0767043 0.0709399 0.0715441 0.0402877 0.0386902 0.0369731 0.0553882 0.0539911 0.00735243 0.0764664 0.071994 0.0679355 0.0542737 0.0842746 0.0388988 0.0482624 0.0332881 -0.0239781 0.00180927 0.0423184 0.0555072 0.0771091 0.0540235 -0.0148594 0.00124036 0.0741996 0.0938299 0.0138539 0.0865621 0.0779019 -0.0419475 0.0859881 0.0593268 0.0847331 0.0611303 0.071259 0 0.0852997 0.067126 -0.0490017 0.0841398 0.0857702 0.0771845 0.0517381 0.0424838 0.0869203 0.0846795 0.0741057 0.0675962 0.0802387 0.100395 0.0976128 0.0952911 0.0951174 0.080609 0.0682836 0.04592 0.0908128 0.129735
internal_weight=120021 65698.6 33472.9 54322.3 31626.1 31458.1 32225.7 30914.9 29572.8 33204.7 32042.7 1009.13 1342.09 31357.6 23573.9 7414.23 7783.72 28037.1 10502 17535.2 774.646 1535.64 447.312 31033.6 1991.06 29042.5 1088.33 208.789 16159.6 1162.01 88.446 7574.93 1310.87 167.963 1249.75 325.322 22696.2 534.796 1116.91 42.8974 22161.4 563.215 71.6939 491.521 21598.2 2559.85 276.419 117.539 19038.4 12098.2 1074.01 844.297 2283.43 1073.56 229.712 924.423 913.627 458.765 253.814 135.029 6940.2 159.932
internal_count=354530 304972 113599 49558 40029 35102 191373 188613 183567 101521 99850 12664 5046 34514 30102 15538 4412 169347 52735 116612 12574 14220 2400 87186 5297 81889 11820 510 14564 1671 859 3902 2760 4927 1938 1065 9529 1970 2672 169 7559 516 237 279 7043 1634 361 163 5409 4196 2503 2209 1273 812 294 873 690 206 176 154 1213 122
is_linear=0
shrinkage=0.05


Tree=15
num_leaves=63
num_cat=0
split_feature=27 28 9 30 28 14 1 0 16 8 15 27 28 0 27 0 9 0 27 14 27 12 9 1 12 27 0 3 16 28 28 27 27 0 27 1 12 28 18 28 28 0 10 19 28 9 21 27 27 4 28 2 27 17 27 10 9 28 30 27 22 19
split_gain=10841.6 1411.46 1389.07 1180.76 913.426 770.847 888.601 1112.84 769.53 630.931 625.521 548.007 861.695 720.789 496.948 442.936 407.381 371.248 350.339 766.223 344.891 433.497 330.531 435.154 589.179 321.337 310.678 266.623 258.556 247.917 241.696 434.52 387.238 338.912 276.432 238.576 214.328 204.815 200.803 198.81 194.779 188.556 187.78 175.955 173.888 176.09 173.803 153.537 210.262 138.173 165.424 121.801 121.383 117.867 107.653 99.0968 97.1431 83.7847 81.1533 76.0039 75.1249 73.4085
threshold=5.7099997997283944 1.5000000000000002 2.8000000715255742 7.7438097000122079 14.500000000000002 1.5000000000000002 16.005000114440922 3.9550000429153447 0.74971264600753795 5.0699999332427987 7.5000000000000009 5.0850000381469735 8.5000000000000018 3.4050000905990605 5.2650001049041757 3.7949999570846562 1.5800000429153445 4.6949999332427987 7.2500000000000009 7.5000000000000009 6.9500000476837167 1.6155918240547182 2.0050001144409184 10.321499824523928 1.1379603743553164 6.1499998569488534 2.6950000524520878 54.500000000000007 0.26319888234138494 2.5000000000000004 45.500000000000007 6.4500000476837167 6.7500000000000009 4.3949999809265146 6.2550001144409189 56.010000228881843 1.406250059604645 28.500000000000004 5.1612360477447519 98.500000000000014 33.500000000000007 7.2500000000000009 2.8975000381469731 131.72725677490237 2.5000000000000004 3.4000003337860112 3.8088164329528813 6.4500000476837167 6.5499999523162851 13.500000000000002 10.500000000000002 12.500000000000002 5.0850000381469735 0.3004178404808045 4.9449999332427987 4.7650001049041757 2.1999999284744267 21.500000000000004 121.86826324462892 6.6499998569488534 16.37153244018555 31.84024810791016
decision_type=2 2 2 2 2 2 2 2 2 2 2 2 2 2 2 2 2 2 2 2 2 2 2 2 2 2 2 2 2 2 2 2 2 2 2 2 2 2 2 2 2 2 2 2 2 2 2 2 2 2 2 2 2 2 2 2 2 2 2 2 2 2
left_child=1 10 5 18 15 6 7 14 -7 60 17 13 -13 -8 -3 25 -9 22 19 20 35 27 23 24 -1 44 -25 -22 -12 61 31 34 33 -33 37 39 -37 -6 -34 -2 -36 52 -30 -11 -5 -46 -24 -27 -49 50 58 -32 54 -53 -19 59 -48 -21 -4 -31 -10 -17
right_child=3 2 49 4 30 8 11 16 9 43 28 12 -14 -15 -16 29 -18 41 -20 57 21 -23 46 26 -26 47 -28 -29 42 55 51 32 38 -35 40 36 -38 -39 -40 -41 -42 -43 -44 -45 45 -47 56 48 -50 -51 -52 53 -54 -55 -56 -57 -58 -59 -60 -61 -62 -63
leaf_value=0.020130297267738521 0.073616347124907291 0.026604221669260932 -0.065102039402876385 -0.062705955391888044 0.027169523731169567 -0.056711441482536075 0.059451961672893586 0.052617302610876993 0.053885084730770874 -0.065379152354163847 -0.050970112029196858 0.044933457753572242 0.07732349157379903 0.041724024721554592 -0.021353880773393525 0.031203327367579928 -0.018347990457934209 0.043742277580423108 0.082078377796926602 0.039735724465648881 0.061263150312222694 -0.055589056717131657 -0.023847841307549331 0.052007707625687773 -0.044894276296234971 -0.062722701284450497 0.029104130724012502 -0.062203312881311063 0.086965994807681649 0.040340418478060303 0.07633769447186517 -0.062530050284789238 -0.039154214645176828 0.052811342707896614 0.094284558635674351 0.05314036931653307 -0.053881169364241345 0.075838093007523616 0.060063677811690142 0.085288406586364718 0.0059338567439649048 0.11298682919653542 -0.023217706591774155 0.12030278892739649 0.042899696109809843 -0.06844405991988721 0.11632376546069777 0.065436291350556341 -0.050135088928400323 -0.058841677064277099 0.1320979328758459 0.068242773219691397 0.085441280650493889 -0.052185303192873914 -0.06246569625545946 0.077291056296512547 0.055614219664334302 -0.058663244577014079 0.10353961235878961 0.076176297603697429 0.09402072774955357 -0.067578266088953953
leaf_weight=5422.7732407804579 15895.870179688558 6051.8228070680052 37.273226547986269 48.501813676208258 488.25435284152627 99.69320235773921 9230.7543197888881 7107.4405553359538 130.20560671389103 84.546770848333836 38.086369186639786 3636.4707961976528 4737.4671153686941 15193.433315815404 592.23942866362631 27.218190185725689 207.58554093539715 2045.2536818906665 20653.019492385909 25.554348042234778 1383.1473959106952 89.463308937847614 36.288292750716209 1792.7844316046685 371.29945440031588 194.14662275090814 8569.8254138380289 44.342524947598577 745.09675089642406 971.24195162765682 3895.450987896882 182.33546568825841 56.155264746397734 96.638107607141137 874.6799454651773 537.15261209756136 50.391077123582363 390.2118647955358 490.04826240241528 4815.6768226735294 67.447868214920163 109.85311079025269 40.312404042109847 14.037059172987936 509.7941774521023 37.244902409613132 165.55410168319941 72.738439433276653 83.392110388725996 324.86015804577619 21.168225180357695 43.816058018244803 179.57710379362106 36.180024921894073 23.265888124704361 326.74421291053295 115.11055464670062 119.67195143084973 7.8109163939952841 176.30214912630618 1808.6373698599637 56.21740385890007
leaf_count=50599 11805 37678 274 352 1074 1712 29603 18572 254 547 1306 9831 7627 48586 3880 69 857 9470 7538 268 1448 682 211 11687 4456 1076 57300 166 1014 2122 3628 1699 1022 164 525 705 195 441 743 1708 295 27 607 3 1489 245 108 375 585 10696 23 144 392 1458 131 362 350 3085 10 226 546 292
internal_value=0.0568485 0.0437934 0.0483121 0.073913 0.0575389 0.0490632 0.0477186 0.0371457 0.0784423 0.0850825 0.0324603 0.052217 0.0632654 0.0484264 0.022326 0.0317893 0.0506005 0.0305913 0.0773372 0.0730689 0.073798 0.0506854 0.0279313 0.0269352 0.0159555 0.00478472 0.0330717 0.0573835 0.0751049 0.0481692 0.0672681 0.0554995 0.0253502 -0.0225113 0.0691404 0.0754415 0.0438771 0.0488553 0.049801 0.0763345 0.0879777 0.0491535 0.0812819 -0.0379477 0.0271251 0.0351987 0.0784467 -0.0331532 0.00374952 -0.0454466 0.0200586 0.0750832 0.0459832 0.0137429 0.0425157 0.0529175 0.0917282 -0.0411612 -0.0341633 0.0459119 0.0913571 -0.0353068
internal_weight=121680 68940.5 49285.4 52739 9124.76 48894.3 46757.2 13959.1 2137.12 2037.43 19655.1 32798.1 8373.94 24424.2 6644.06 2503.54 7315.03 18831.6 43614.3 22961.3 22816 1516.95 16473.6 16156.7 5794.07 945.818 10362.6 1427.49 823.496 1557.72 6621.22 2645.77 825.177 278.974 1820.59 21299.1 587.544 878.466 546.204 20711.5 942.128 2357.95 785.409 98.5838 595.541 547.039 316.953 350.277 156.131 391.113 66.2524 3975.45 2248.1 79.9961 2068.52 1474.29 280.665 145.226 45.0841 1147.54 1938.84 83.4356
internal_count=354343 308357 170699 45986 18386 159696 156634 60987 3062 1350 137658 95647 17458 78189 41558 7193 19429 134731 27600 20062 16709 2296 124711 124042 55055 4122 68987 1614 2927 3071 11193 5963 3628 1863 2335 14413 900 1515 1765 13513 820 10020 1621 550 2086 1734 669 2036 960 11003 307 5230 9993 1602 9601 2710 458 3353 284 2348 800 361
is_linear=0
shrinkage=0.05


Tree=16
num_leaves=63
num_cat=0
split_feature=8 29 30 26 5 26 1 0 1 0 30 4 9 4 26 23 25 25 26 20 6 21 21 30 25 29 26 18 13 12 1 29 5 23 1 30 23 5 25 29 0 24 20 12 18 1 26 30 29 30 0 29 1 20 25 9 25 13 1 13 23 12
split_gain=8020.34 1474.15 1305.97 978.377 882.483 913.504 743.556 900.403 781.813 661.127 636.706 592.401 586.111 542.459 506.349 485.679 462.592 452.349 378.419 372.276 897.04 392.264 362.657 359.282 340.569 328.621 316.274 314.632 312.23 305.241 304.625 570.893 460.213 287.947 285.629 230.657 349.2 232.401 217.531 217.323 198.417 198.359 180.772 272.612 180.697 168.533 168.029 164.724 158.723 197.815 146.591 146.112 144.389 142.97 152.789 168.228 141.988 139.066 135.175 118.979 116.758 153.071
threshold=4.5250000953674325 2.7000001668930058 2.7523716688156132 135.50000000000003 404.50000000000006 61.500000000000007 18.785000801086429 4.4949998855590829 3.0004999637603764 3.9850000143051152 604.53500366210949 39.500000000000007 0.87500000000000011 3.5000000000000004 12.500000000000002 7039236649779201 9.5000000000000018 14.500000000000002 119.50000000000001 0.30667147040367132 20.500000000000004 217352773632.00003 1119502272.0000002 238.57997131347659 291.50000000000006 2.2100000381469731 2.5000000000000004 184.1621017456055 -0.041365871205925935 2.1673028469085698 39.004999160766609 2.1000000238418584 12.500000000000002 0.073144972324371352 95.013999938964858 0.23910833150148394 1.9009391665458681 7.5000000000000009 15.500000000000002 5.6500000953674325 3.8850001096725468 -9.4782500267028791 1.0431783795356753 1.884057939052582 2.9519710540771489 150.0100021362305 37.500000000000007 9.7144017219543475 2.3000000715255742 76.20908355712892 5.9500000476837167 2.6000000238418584 9.9984998703002947 0.19075892120599749 216.50000000000003 1.6949999332427981 22.500000000000004 -0.030000007711350914 101.00500106811525 -0.041365871205925935 5.0271978878350138e+17 1.5161872506141665
decision_type=2 2 2 2 2 2 2 2 2 2 2 2 2 2 2 2 2 2 2 2 2 2 2 2 2 2 2 2 2 2 2 2 2 2 2 2 2 2 2 2 2 2 2 2 2 2 2 2 2 2 2 2 2 2 2 2 2 2 2 2 2 2
left_child=1 3 17 6 5 9 7 8 14 15 -10 16 30 25 -1 44 35 22 33 53 21 24 40 45 -21 41 27 -9 -23 42 32 -32 -8 -14 38 -3 37 -37 -15 57 -2 -5 43 -7 -4 47 -17 -18 -27 -50 51 -11 -42 -19 55 -55 -47 -22 -20 -13 61 -24
right_child=2 11 4 13 -6 29 12 26 10 50 -12 59 18 34 -16 46 23 19 58 20 39 28 60 -25 -26 48 -28 -29 -30 -31 31 -33 -34 -35 -36 36 -38 -39 -40 -41 52 -43 -44 -45 -46 56 -48 -49 49 -51 -52 -53 -54 54 -56 -57 -58 -59 -60 -61 -62 -63
leaf_value=0.01181620647990295 -0.0082877341846541632 0.08581857695954298 -0.070686280507465088 0.18974408046895744 -0.050660161927943217 0.069080740978466226 0.05262930145950772 -0.049079155572308825 0.028688518220283534 0.045990289352863228 0.0037535401941631557 0.091243405179097625 -0.005611696621518252 0.14562449461604143 0.070121126367651554 0.023137623309794277 0.075796170827167386 0.08138327142559304 0.051695584341050316 0.072357641200815781 0.09500916370735274 0.051688310910130833 0.064137664286000443 -0.043002464531809864 -0.04229984050879787 0.15559759916259122 0.06470746258039782 0.042287686635477932 -0.068014322451423123 -0.037126219243633282 0.041990933855450607 0.016117044437856578 0.0053929150563789422 0.063939363756630035 0.08072044681595239 0.023927302279684568 -0.061286950394685791 0.063767422406795643 -0.049229294146004632 0.081775430284632633 -0.073162251060177805 -0.017384328802594995 0.088040307051810915 0.036882065439906062 -0.004282182910785858 0.10292965936603014 0.070757667196493595 0.058460837339443884 0.080736973514848223 -0.058578187513769489 0.096676114189704968 0.066280946617065351 0.048820807716027169 0.077707653096938945 0.084418127757597383 0.064478484704033792 0.042957550243970188 -0.05927791393837803 0.13490094333435571 -0.049534952324993088 0.075650987243467888 0.02251816055197095
leaf_weight=493.62852601334453 186.16212480515242 252.62565663456917 123.59914634376764 11.205830931663511 191.66445075720549 6883.0586488228291 9239.8059523180127 98.090782128274441 10378.799289586022 4375.0005087181926 3399.3747908957303 15.847264539450405 158.33390171825886 13.711394811049102 1523.4606594182551 497.00620156899095 3080.7109272908419 13601.727461177856 63.196634408086538 4774.1825278084725 14.841298788785933 133.15164900571108 3124.4576690346003 69.184662252664566 64.991928268224001 51.363508064299822 2379.9937921017408 1971.8263239562511 90.718869185075164 68.001383408904076 23018.029267804697 2352.089236587286 546.61918614059687 2401.9690481405705 48.040393175557256 907.24252347275615 89.090392097830772 615.7229747697711 607.47291684243828 36.858029946684837 23.821554109454155 216.8506637904793 1072.458642039448 731.68485732097179 578.2671598829329 629.09936946630478 296.30214578658342 2524.479788241908 135.88429273292422 30.499352842569351 175.22539488971233 1123.4059872999787 1350.6044374890625 4756.4905331730843 2736.6817360669374 4990.7743744775653 119.81435383856297 199.60401199851185 246.95777615532279 140.21865061670542 2453.0169008523226 239.63845670595765
leaf_count=5083 731 128 760 85 11653 6781 36031 609 55724 8510 34431 35 619 115 4973 1479 2538 3639 199 4382 3 209 3955 522 1252 59 4849 10348 725 1169 83457 8044 3234 6249 163 2554 415 1094 15440 8 112 2823 795 1948 2231 329 443 4987 303 260 108 1062 2333 2078 552 3410 185 2991 176 2936 1401 626
internal_value=0.0535368 0.0420368 0.0677461 0.0392558 0.0557725 0.057057 0.0401435 0.0323981 0.0267975 0.0438085 0.0225376 0.0615884 0.0442661 -0.00712877 0.055868 0.0142137 0.0634065 0.0727206 0.0660026 0.0753432 0.0632385 0.0678154 0.061549 0.069776 0.0708083 0.0355478 0.0522659 0.0379339 0.00307233 0.0678981 0.0424893 0.0395931 0.0499923 0.0596357 -0.0355758 0.0414369 0.0344298 0.0400689 -0.0446931 -0.028856 0.0400933 -0.00640106 0.068725 0.0659927 -0.016067 0.0710113 0.0409968 0.0680014 0.079334 0.0549722 0.0516028 0.0501482 0.0466513 0.0778066 0.073903 0.0709419 0.0934118 -0.0481854 0.118184 -0.0347183 0.0672962 0.061182
internal_weight=122725 67831.2 54893.4 59387.2 16115.7 15924 58272.2 20245.2 15795.3 7168.81 13778.2 8444.04 38027 1115.03 2017.09 1495.17 8287.97 38777.7 2870.46 31400 5314.35 5063.04 7377.7 6423.29 4839.17 445.804 4449.91 2069.92 223.871 8755.2 35156.5 25370.1 9786.43 2560.3 669.225 1864.68 1612.06 1522.97 621.184 251.303 1560.59 228.056 8687.2 7614.74 701.866 6354.1 793.308 5605.19 217.747 166.384 5673.63 5498.41 1374.43 26085.7 12483.9 9747.26 748.914 214.445 310.154 156.066 5817.11 3364.1
internal_count=354343 288997 65346 273274 36939 25286 254026 116017 100211 14593 90155 15723 138009 19248 10056 4913 12752 28407 7243 19249 9570 6568 9158 8561 5634 3530 15806 10957 934 10693 130766 91501 39265 6868 15718 4191 4063 3648 15555 3002 3176 2908 9524 8729 2991 8039 1922 7525 622 563 9680 9572 2445 9679 6040 5488 514 2994 375 2971 5982 4581
is_linear=0
shrinkage=0.05


Tree=17
num_leaves=63
num_cat=0
split_feature=22 28 30 29 25 28 25 29 0 10 28 28 30 25 1 10 1 1 29 28 1 24 25 10 1 16 18 10 0 16 29 29 2 29 9 29 18 25 16 29 1 19 9 1 10 29 10 9 0 10 25 10 1 29 29 28 10 30 3 22 2 29
split_gain=8297.06 1841.44 1155.99 732.038 1892.59 696.48 714.159 682.523 531.085 503.891 472.617 445.415 430.009 429.092 473.34 427.699 426.799 843.635 426.513 439.378 521.367 413.44 413.194 396.632 391.997 385.817 374.828 369.576 328.955 899.649 322.562 510.751 745.628 594.034 536.957 364.049 305.541 302.663 278.518 269.084 263.428 320.557 261.576 256.911 232.398 207.631 209.436 207.408 206.698 195.791 193.345 182.712 175.373 189.334 152.665 152.374 140.293 130.11 111.52 105.462 104.282 113.018
threshold=16.163047790527347 3.5000000000000004 2.7523716688156132 1.6000000238418581 6.5000000000000009 112.50000000000001 371.50000000000006 1.1200000047683718 5.4200000762939462 2.7975000143051152 13.500000000000002 8.5000000000000018 419.01184082031256 15.500000000000002 57.004999160766609 3.3000000715255742 3.0004999637603764 9.004399776458742 1.6999999284744265 68.500000000000014 181.004997253418 -18.989995956420895 1.5000000000000002 4.5650000572204599 68.005001068115249 0.66605165600776683 653.16586303710949 3.3000000715255742 3.9550000429153447 0.95300120115280162 5.4500000476837167 3.9000003337860112 52.500000000000007 3.6999999284744267 3.6050001382827763 4.2500000000000009 44.641059875488288 7.5000000000000009 0.31255473196506506 0.8999997377395631 18.785000801086429 182.31620025634768 0.60000002384185802 37.93499946594239 3.8474999666213994 1.3200000524520876 2.682500004768372 0.80000007152557384 3.2949999570846562 3.0300000905990605 113.50000000000001 3.8500000238418584 123.0019989013672 1.4900001287460329 1.0000001192092898 4.5000000000000009 3.4825000762939458 136.86791992187503 12.500000000000002 17.956604003906254 4.5000000000000009 1.7000001668930056
decision_type=2 2 2 2 2 2 2 2 2 2 2 2 2 2 2 2 2 2 2 2 2 2 2 2 2 2 2 2 2 2 2 2 2 2 2 2 2 2 2 2 2 2 2 2 2 2 2 2 2 2 2 2 2 2 2 2 2 2 2 2 2 2
left_child=1 8 23 4 11 6 9 10 16 25 24 15 18 14 -9 48 22 21 38 20 -20 -18 36 30 -6 -4 -15 -23 29 -11 31 33 35 34 -2 -33 54 59 42 -12 41 -19 -5 -42 -17 47 -47 -24 -3 -35 -21 -40 57 -54 -1 -30 58 -13 -7 60 -25 -62
right_child=2 3 5 12 7 56 -8 13 -10 28 39 52 -14 26 -16 44 17 40 19 50 -22 27 45 37 -26 -27 -28 -29 55 -31 -32 32 -34 49 -36 -37 -38 -39 51 -41 43 -43 -44 -45 -46 46 -48 -49 -50 -51 -52 -53 53 -55 -56 -57 -58 -59 -60 -61 61 -63
leaf_value=0.18264854366340436 0.057820594904722092 0.091711669105551091 -0.055016848704589338 0.070787466247441685 0.026509712987455449 0.072037909854054782 -0.052170744864599661 0.035737060957102877 0.067224703753470103 0.0012411996487128347 0.10185556265885481 0.074952200795928306 -0.015919548965202129 -0.033019455553265076 -0.02675252967371762 -0.039108586170450967 0.22569628987598175 -0.0064782202948249551 0.045586632805395239 0.079000922943028046 0.068985792042241867 -0.0048149591408558441 0.088099339485979561 0.053264900302114407 -0.056706886407515381 0.083694979674530531 0.082130748334986195 0.047013851416985365 0.033257451853634698 0.051599478768195942 0.082755363932557557 0.011322489413016154 -0.05312612375741467 0.019884485569947381 -0.08942562963529696 0.059570208931315552 -0.017898575659324525 0.076751888787884359 0.12430135079752994 0.042008082302515314 0.042513411479522187 0.026703707743184136 -0.037090882217141991 0.029962337536029261 0.023860177927582715 0.066103821886825467 0.0094535782986561595 -0.055825954239517729 0.045213141793639583 0.080771672818585022 -0.016937611590607526 0.043693281993211916 0.053905728611202866 -0.017416980250443193 -0.052355605356761696 0.055597809540318947 0.075457002766807835 0.042331372626417438 -0.052169563340712793 0.069350198357406218 -0.080165169277430046 0.060789677624493256
leaf_weight=29.964530508965254 7268.27036232315 251.28286545723677 51.435277950018644 828.3651148956269 563.28388538584113 32.103205513209105 173.9551316909492 876.53851103410125 953.50340342521667 1342.559053006582 262.15922165848315 2108.5306306704879 224.17186140082777 1207.4850475471467 461.92141628265381 164.86658005788922 19.756913367658854 800.27919979020953 14829.71316097863 1651.4440894965082 2842.3632560521364 2695.7142184795812 715.27591205388308 1551.7805826663971 187.87864919006824 1302.8451764397323 74.097131870687008 393.23055566847324 884.58199839480221 2613.5851781778038 2033.1682983785868 506.21827921830118 194.83774353470653 136.79816523659974 61.569824550300837 1728.5286188162863 270.9217945933342 18588.077512845397 411.86365799792111 669.06652910076082 6191.1297351568937 7976.7899091793224 59.610824774950743 12018.925704348832 1257.8109018728137 436.57491068169475 261.10497500933707 25.252905789762735 5040.4044786542654 4772.9644040390849 53.81979239359498 86.709504690021276 2203.8417887687683 96.595288559794426 8.3670579791069013 5891.2549873115495 3271.8356177136302 363.7221300303936 38.790673635900021 1526.0947876721621 30.272233158349991 25.097935199737549
leaf_count=185 9738 615 1373 1965 2790 48 10256 3350 1636 6916 481 3107 1212 12900 2117 843 30 4659 39080 1390 4088 26419 2328 2667 1075 760 159 2423 2261 4981 400 1227 2420 822 343 2546 3180 5633 731 3193 29651 55238 676 58431 3621 1321 1551 239 12469 1293 692 217 3964 317 72 7803 1331 756 1142 1067 128 17
internal_value=0.0504924 0.0390755 0.0651937 0.046758 0.038618 0.0537058 0.0481804 0.0103281 0.0304593 0.0496294 0.0351706 0.0492116 0.0528793 -0.00562921 0.0141634 0.0408956 0.0293562 0.0279592 0.0536231 0.0516997 0.0493541 0.00329115 0.0533836 0.069857 0.00564145 0.0783863 -0.0262991 0.00179444 0.045993 0.0345158 0.0640458 0.0614468 0.0404706 0.0656066 0.056571 0.0486533 0.000928904 0.0743221 0.0804421 0.0589529 0.0308004 0.0236773 0.0635063 0.0342319 0.0165372 0.0646508 0.0449536 0.0831159 0.047439 0.0790806 0.0759619 0.110408 0.0608988 0.0509025 0.131198 0.0526874 0.0739495 0.070174 0.004226 0.059886 0.0508586 -0.0162401
internal_weight=123601 69574.3 54026.6 36777.5 15789.5 15602.9 12260.2 4302.43 32796.8 12086.3 1682.39 11487.1 20988.1 2620.04 1338.46 6714.36 31843.3 30095.8 20763.9 19377.3 17672.1 3108.7 1747.46 38423.7 751.163 1354.28 1281.58 3088.94 10732 3956.14 16702.4 14669.2 2429.58 12239.6 7329.84 2234.75 309.253 21721.3 1386.55 931.226 26987.1 8777.07 887.976 18210.1 1422.68 1438.21 697.68 740.529 5291.69 4909.76 1705.26 498.573 4772.69 2300.44 38.3316 6775.84 3342.73 2472.25 70.8939 3133.25 1607.15 55.3702
internal_count=354343 289171 65172 101808 51757 36871 34350 26065 187363 24094 7539 25692 50051 18526 5467 17548 185727 176851 48839 45250 43168 28872 8876 28301 3865 2133 13059 28842 21961 11897 18789 18389 6193 12196 10081 3773 3437 9512 3589 3674 147979 59897 2641 88082 4464 5439 2872 2567 13084 2115 2082 948 8144 4281 257 10064 2521 3863 1190 3879 2812 145
is_linear=0
shrinkage=0.05


Tree=18
num_leaves=63
num_cat=0
split_feature=27 30 27 26 5 25 26 0 29 27 29 1 5 26 1 27 29 26 20 1 27 27 27 0 27 14 29 25 27 26 26 30 1 26 0 0 26 29 3 25 27 29 0 3 1 7 25 29 1 29 1 18 1 16 11 1 25 25 26 1 29 27
split_gain=10423.9 1173.93 1117.43 1294.01 923.031 788.905 734.447 698.258 561.564 550.203 544.718 531.717 723.092 597.113 591.449 472.391 439.054 418.573 408.641 404.572 398.863 597.9 1426.86 378.055 347.871 501.439 372.992 872.13 411.56 311.232 296.838 243.232 238.996 201.79 187.757 187.65 187.561 164.359 159.439 158.713 318.72 157.158 147.91 140.794 131.926 131.693 113.202 113.053 111.269 197.479 111.015 105.673 100.92 315.179 116.707 88.8721 114.762 99.9917 68.9313 157.651 68.651 601.275
threshold=5.7099997997283944 4.5973682403564462 4.4949998855590829 93.500000000000014 178.50000000000003 63.500000000000007 19.500000000000004 3.9550000429153447 0.39999997615814215 7.7500000000000009 4.4500000476837167 181.004997253418 8.5000000000000018 61.500000000000007 23.005000114440922 5.1949999332427987 2.5949999094009404 263.50000000000006 1.5404325723648074 11.402499675750734 3.2849999666213994 3.4550000429153447 3.4750000238418584 4.1949999332427987 7.2500000000000009 7.5000000000000009 3.9999998807907109 74.500000000000014 6.9500000476837167 740.50000000000011 75.500000000000014 54.628606796264656 28.005000114440922 2.5000000000000004 3.495000004768372 6.1499998569488534 259.50000000000006 1.1000000238418581 31.500000000000004 30.500000000000004 6.7500000000000009 3.9999998807907109 3.7949999570846562 34.500000000000007 43.004999160766609 4.6649999618530282 24.500000000000004 2.1749999523162846 29.003000259399418 0.5950000286102296 10.996500015258791 436.53811645507818 138.0100021362305 0.8891165852546693 1.5000000000000002 53.004999160766609 24.500000000000004 31.500000000000004 422.50000000000006 22.704999923706058 3.8949999809265141 7.5499999523162851
decision_type=2 2 2 2 2 2 2 2 2 2 2 2 2 2 2 2 2 2 2 2 2 2 2 2 2 2 2 2 2 2 2 2 2 2 2 2 2 2 2 2 2 2 2 2 2 2 2 2 2 2 2 2 2 2 2 2 2 2 2 2 2 2
left_child=2 24 3 6 5 11 7 8 34 10 17 12 15 45 -14 -4 36 23 55 -10 48 42 -23 31 25 26 39 28 -28 41 -18 -3 -32 -25 -1 37 47 -9 -29 44 -41 -19 -22 -20 -2 -13 -15 -7 50 -50 -8 -38 60 -54 -55 -5 -57 -58 -11 -60 -26 -62
right_child=1 9 4 18 -6 16 20 35 19 58 -12 13 14 46 -16 -17 30 29 43 -21 21 22 -24 33 52 -27 27 38 -30 -31 32 -33 -34 -35 -36 -37 51 -39 -40 40 -42 -43 -44 -45 -46 -47 -48 -49 49 -51 -52 -53 53 54 -56 56 57 -59 59 -61 61 -63
leaf_value=-0.026056869711323757 0.06330449059115234 0.037725806389967219 0.036747613041696707 -0.049459118387266431 -0.052177177592836646 0.043873856108013309 0.076872703383538604 0.035367261784403567 0.0030539850341554167 0.081182410381775372 -0.055561926415196077 0.044665655906041532 0.0097233612090512275 0.083896447493932297 0.037185734249112874 0.051154452612564266 0.09774393302779677 0.078098156792488466 -0.049611489018409158 0.028051925709223238 -0.041297988006644214 0.23312690494828658 0.038167741112074244 -0.031641542443303715 0.076843435998101867 -0.037729132108076324 0.067522769918257716 0.011853006995742758 -0.034654134005272168 -0.051536852006245908 -0.062888390083191997 0.0066497040799276541 0.067781774988706994 0.053268412897552388 0.010452873037815282 0.078924706211618442 -0.052228690482330524 0.010344804318488353 -0.063256561206942424 0.07316431211759615 0.039901026338691775 0.042999507412916582 0.11198393067986648 0.091517634357533253 0.037773822069644108 -0.015499173538286688 0.048616307976265247 0.084855393958081657 0.1303893928222864 -0.058729752347559928 0.13527614071874156 0.092090843504093758 0.071096819609549777 0.05919099115965927 -0.089988425940335348 -0.059681312726929975 0.041372715920697634 -0.054378501616211661 -0.063590087224116063 0.066031015322805475 -0.037077086041630659 0.072421123510536575
leaf_weight=1039.0538512244821 7108.0098318606615 2485.4594485964626 21206.985318489373 656.86295389942825 267.73737207334489 191.22867629863322 364.89007391408086 6453.7317456118762 2487.9835032336414 1492.3247361406684 127.91100691910833 4720.170506298542 3909.4402440991253 1408.1785107851028 3935.074430692941 7793.6847431585193 63.607904955744743 1615.0037836525589 21.483858597464859 4634.6462035179138 274.22526539862156 93.917722851037979 8786.2914682179689 70.37505866587162 11309.627779051661 118.63772669807076 1231.9896816946566 112.863156164065 106.44574585556984 52.364362130872905 128.04407165199518 844.39731978625059 47.065072815865278 4555.3623708151281 531.49331388995051 227.445980489254 41.906326519325376 732.31157241761684 186.26693140342832 10460.682438580319 778.35641296207905 403.63882390037179 15.727893535047768 85.319295883178711 551.59086798131466 92.158658742904663 278.00847735255957 1693.5696458183229 21.691392987966537 34.25645736604929 108.07507459819317 17.00684854388237 250.72425915300846 16.957947939634323 48.875052079558372 79.608132427558303 99.661930590867996 36.411736961454153 25.720984783023596 199.72171021346003 126.90506399795413 7385.8172772713006
leaf_count=14305 5222 4646 63231 14475 12603 589 342 35744 22354 411 1855 10707 18617 1242 11195 15956 75 1330 738 27992 2473 68 40710 281 2565 2812 910 428 449 2166 1479 2876 95 5333 5170 204 991 3136 1815 4219 847 2010 43 12 774 290 464 754 35 246 200 24 138 12 198 677 595 526 538 152 407 3592
internal_value=0.0477149 0.0648804 0.0354947 0.0273799 0.0402403 0.040785 0.0295211 0.0229722 0.013355 0.0510699 0.0466324 0.039306 0.0369775 0.0525 0.023503 0.0406211 0.0701246 0.047942 -0.0290087 0.0193223 0.0403926 0.0379484 0.0402562 0.042717 0.0689992 0.0644833 0.0650758 0.0421284 0.0593731 0.0679804 0.00608047 0.0298513 -0.0275536 0.051969 -0.0136995 0.0342454 0.0779805 0.0328198 -0.0349556 0.0670616 0.0708649 0.0711072 -0.03261 0.0628857 0.0614718 0.0435094 0.0781149 0.0807256 0.0826085 0.0155074 0.090486 -0.00964188 0.0738689 0.0455715 -0.0511757 -0.0403218 -0.0123708 0.0155045 0.0772567 0.0510048 0.0743421 0.0705661
internal_weight=124245 51666 72579 26785.1 45793.9 45526.1 25805.7 16106.7 8693.18 11872.3 10154.5 43343.7 36845.2 6498.52 7844.51 29000.7 2182.43 10026.6 979.348 7122.63 9699.08 9170.16 8880.21 7955.59 39793.8 20654.8 20536.2 1637.57 1338.44 2071.01 238.717 3329.86 175.109 4625.74 1570.55 7413.49 1943.71 7186.04 299.13 18898.6 11239 2018.64 289.953 106.803 7659.6 4812.33 1686.19 1884.8 528.913 55.9479 472.965 58.9132 19138.9 316.557 65.833 872.545 215.682 136.074 1717.77 225.443 18822.4 7512.72
internal_count=354343 45986 308357 170045 138312 125709 153022 108905 69821 21598 20497 121702 108999 12703 29812 79187 4007 18642 17023 50346 44117 43294 40778 13136 24388 17476 14664 3602 1359 5506 1649 7522 1574 5614 19475 39084 2358 38880 2243 11062 5066 3340 2516 750 5996 10997 1706 1343 823 281 542 1015 6912 348 210 16273 1798 1121 1101 690 6564 3999
is_linear=0
shrinkage=0.05


Tree=19
num_leaves=63
num_cat=0
split_feature=22 28 28 30 5 15 16 28 0 28 5 10 8 0 10 4 6 15 5 28 1 1 5 16 23 23 15 23 15 14 2 8 10 4 8 4 21 30 4 23 23 5 28 1 2 1 15 23 22 16 28 23 28 4 0 10 28 23 10 23 0 1
split_gain=8028.49 1591.48 1127.18 882.879 631.159 749.258 671.334 584.675 661.391 538.297 646.149 452.823 469.33 439.987 418.346 566.555 402.799 373.227 647.994 578.307 433.228 659.397 353.756 331.257 293.349 281.727 270.051 267.307 340.295 292.278 264.231 259.115 257.551 245.337 234.563 436.917 219.69 205.774 193.199 223.494 181.251 290.921 309.037 172.838 170.982 167.631 161.161 160.572 166.021 152.448 146.45 146.131 141.291 388.37 160.578 135.433 125.013 119.609 110.17 101.254 81.6068 72.6305
threshold=16.163047790527347 4.5000000000000009 45.500000000000007 0.95981153845787059 334.50000000000006 7.5000000000000009 0.55569657683372509 13.500000000000002 3.9550000429153447 23.500000000000004 44.500000000000007 3.3524999618530278 4.1949999332427987 5.8500001430511483 3.6499999761581425 125.50000000000001 12.500000000000002 7.5000000000000009 17.500000000000004 1.5000000000000002 31.003000259399418 43.004999160766609 76.500000000000014 0.071526959538459792 79338863067136.016 3.1345046758651738 1.0000000180025095e-35 8055212.7500000009 23.500000000000004 5.5000000000000009 99.500000000000014 4.0850000381469735 2.9424999952316289 2.5000000000000004 5.2650001049041757 26.500000000000004 958644512.00000012 379.83508300781256 19.500000000000004 2507710473961472.5 0.031606119126081474 31.500000000000004 84.500000000000014 19.005000114440922 25.500000000000004 181.004997253418 7.5000000000000009 0.53047439455986034 16.600038528442386 0.170386977493763 32.500000000000007 16776.462890625004 120.50000000000001 52.500000000000007 3.8850001096725468 3.0475000143051152 11.500000000000002 0.099406048655509963 2.9125000238418584 16.884238243103031 4.3949999809265146 35.001499176025398
decision_type=2 2 2 2 2 2 2 2 2 2 2 2 2 2 2 2 2 2 2 2 2 2 2 2 2 2 2 2 2 2 2 2 2 2 2 2 2 2 2 2 2 2 2 2 2 2 2 2 2 2 2 2 2 2 2 2 2 2 2 2 2 2
left_child=1 13 3 27 5 7 -7 8 -5 10 11 31 25 17 15 34 -8 18 19 26 23 -22 32 -20 -21 -13 -1 29 36 47 -9 37 58 -12 35 -4 60 -3 40 61 43 49 -43 50 -30 -35 -14 48 -2 -42 -11 52 53 54 -16 -38 -49 -33 -19 -55 -29 -40
right_child=2 9 14 4 -6 6 16 30 -10 38 33 12 46 -15 51 -17 -18 22 20 24 21 -23 -24 -25 -26 -27 -28 28 44 -31 -32 57 -34 45 -36 -37 55 -39 39 -41 41 42 -44 -45 -46 -47 -48 56 -50 -51 -52 -53 -54 59 -56 -57 -58 -59 -60 -61 -62 -63
leaf_value=0.019375212434892167 0.035813853274619271 0.043987092171944332 0.062563205203687286 0.0024593360805518116 -0.050907518160768696 -0.055081145038162527 0.074875925732843782 0.046494084342068115 0.039500169185610945 0.0086942292077705936 0.10697296502253312 0.012903484469898023 0.041076565554112154 0.070625711800198887 0.0046009701933595569 -0.054996348468570315 0.021896293002974923 0.068509188029927157 0.04888342015183289 0.035435457712724543 0.073582089747573673 -0.062881242157219228 -0.039297064860629366 -0.047003210536734015 0.008566909556086872 0.046983399732047307 0.042035799546909502 0.022475843166276963 0.055343011352409648 -0.055037646914316153 0.080789854174228612 -0.013660608312755583 -0.036063978616383691 -0.042233187273281569 0.06822351254299229 -0.049946871565607884 0.019588348790106919 0.00081020554305089422 -0.056037675425603575 0.087624503419756181 0.022171474098221854 -0.052589506952897186 0.067154226285952759 0.074484700697223294 -0.070403326400568303 0.069943975579231391 0.12398808571174913 0.042050886256151436 -0.090547820304340151 0.05803170197458081 0.057901545469443129 0.072406823918505586 0.068749123415960678 0.015189700728763193 0.060938793097623158 0.070092847443162687 0.060702629141540621 0.068783176416197592 0.16435726104140977 -0.094362740669765938 0.053841277726421437 0.051364579935139501
leaf_weight=17478.894138379022 79.509047033265233 15905.223585408181 219.59198325499892 1805.0037401169538 171.53171756770462 112.2294333204627 3104.7444131337106 4081.0588687872514 3627.9110122285783 183.34721519239247 33.465747846290469 3435.0101460330188 4475.0407655388117 580.20494443178177 132.99724390357733 140.52923368569463 407.08818973973393 856.13831219449639 103.87237616442144 16171.372646084055 278.87706648744643 128.54598818533123 87.606371760368347 641.56734310463071 1085.2840856388211 736.0754933077842 1422.1726465988904 294.58506269846112 43.747265247628093 63.089232529513538 653.80568636022508 45.102654863148928 58.115592194721103 364.59528470039368 707.14746914803982 140.76335135474801 135.89957165904343 281.09856409952044 91.974242113530636 50.918964974582195 347.14838114194572 138.44751404412091 86.808497993275523 2016.0939803086221 67.378797551617026 35.70877905189991 58.716237872838974 1374.9572014119476 37.385026466101408 2115.3011769875884 879.0262435413897 14523.707243569195 5722.8405092135072 35.363127440214157 2732.8198951520026 9230.0465671662241 2672.5810437127948 1310.6901464294642 30.757238024845719 50.137022361159325 722.73877383768559 18.082162380218506
leaf_count=118733 178 36547 170 6957 11045 1116 2202 5953 6820 584 88 15265 9921 666 481 4718 865 1634 648 54146 916 980 2885 8345 4345 1778 8341 649 49 690 414 153 614 6329 565 1835 380 991 2144 16 1257 2000 183 1743 324 31 99 2366 214 4612 1166 4211 2439 85 1976 5281 2212 1914 43 228 749 54
internal_value=0.0451911 0.0342568 0.0599222 0.0531961 0.0441805 0.0453671 0.0648939 0.0384011 0.0271976 0.0424059 0.039374 0.0403744 0.0310419 0.0274288 0.0678251 0.0390759 0.068744 0.0267732 0.0259509 0.0271275 -0.01094 0.0304658 0.0564256 -0.0335877 0.0337466 0.0189286 0.0210827 0.0617431 0.0660289 0.0510897 0.0512469 0.0450031 0.0653369 -0.0211049 0.0515044 0.0185837 0.0669607 0.0432377 0.0560444 0.00197228 0.0575525 0.0480156 -0.00632807 0.0658589 -0.0208038 -0.0320647 0.0421786 0.0527115 -0.00498194 0.0529893 0.0494301 0.0693202 0.0641439 0.0551919 0.0583285 0.0693627 0.0543798 0.0660288 0.0720202 -0.0493419 0.0447947 -0.0380429
internal_weight=124622 71531.3 53091.2 28685.3 13963.4 13791.8 3624.06 10167.8 5432.91 32607.9 26680.7 26247 8704.84 38923.4 24405.9 1208.03 3511.83 38343.2 37310.6 36157.7 1152.86 407.423 1032.62 745.44 17256.7 4171.09 18901.1 14721.9 10494.4 4227.52 4734.86 17542.1 945.011 433.77 1067.5 360.355 10383.3 16186.3 5927.15 160.975 5766.17 2687.71 225.256 3078.47 111.126 400.304 4533.76 4164.43 116.894 2462.45 1062.37 23197.9 8674.16 2951.32 2865.82 9365.95 4047.54 1355.79 886.896 85.5001 1017.32 110.056
internal_count=354343 289171 65172 48464 35372 24327 4183 20144 13777 86875 73116 66668 27063 202296 16708 7288 3067 201630 196454 185565 10889 1896 5176 8993 58491 17043 127074 13092 7432 5660 6367 39605 2291 6448 2570 2005 7059 37538 13759 2214 11545 8052 2183 3493 373 6360 10020 4970 392 5869 1750 9420 5209 2770 2457 5661 4578 2067 1677 313 1398 2198
is_linear=0
shrinkage=0.05


Tree=20
num_leaves=63
num_cat=0
split_feature=27 30 28 26 28 25 15 15 27 27 14 25 26 26 26 27 27 27 10 26 26 28 3 27 10 27 27 28 30 28 25 26 28 10 16 18 23 22 27 28 12 10 21 22 26 23 12 21 19 10 27 12 27 16 27 13 19 25 27 25 23 16
split_gain=9428.17 1410.38 816.023 706.222 700.783 687.465 645.629 562.868 545.639 530.874 531.107 452.714 499.302 410.351 405.036 772.707 441.056 391.582 392.197 366.907 348.161 339.245 319.78 294.272 283.875 354.655 267.482 262.108 219.939 217.842 214.61 211.222 177.36 172.582 505.154 293.359 218.88 248.228 160.078 178.523 139.17 133.625 141.354 133.37 122.217 110.391 107.79 102.902 98.4482 94.2743 95.3618 260.464 164.739 135.007 89.9525 88.666 78.9025 72.8375 102.679 72.8214 62.5613 103.638
threshold=5.7099997997283944 27.381510734558109 3.5000000000000004 312.50000000000006 32.500000000000007 76.500000000000014 3.5000000000000004 11.500000000000002 7.2500000000000009 7.1499998569488534 7.5000000000000009 29.500000000000004 42.500000000000007 49.500000000000007 10.500000000000002 3.4750000238418584 3.4550000429153447 4.2950000762939462 3.6999999284744267 121.50000000000001 125.50000000000001 1.5000000000000002 88.500000000000014 5.2049999237060556 4.5650000572204599 6.9500000476837167 4.9149999618530282 5.5000000000000009 72.850555419921889 21.500000000000004 3.5000000000000004 517.50000000000011 2.5000000000000004 2.742499947547913 0.31255473196506506 233.14758300781253 0.50255805253982555 14.375221729278566 5.0850000381469735 77.500000000000014 1.4952363371849062 2.8825000524520878 2562032256.0000005 13.233293533325197 288.50000000000006 1.7418246740875676e+18 1.377858102321625 0.25118841230869299 659.60647583007824 4.6075003147125253 8.1500000953674334 1.884057939052582 7.3500001430511483 0.78954041004180919 7.0499999523162851 -0.17000001668930051 31.84024810791016 25.500000000000004 3.2849999666213994 255.50000000000003 537.64157104492199 0.11769164353609086
decision_type=2 2 2 2 2 2 2 2 2 2 2 2 2 2 2 2 2 2 2 2 2 2 2 2 2 2 2 2 2 2 2 2 2 2 2 2 2 2 2 2 2 2 2 2 2 2 2 2 2 2 2 2 2 2 2 2 2 2 2 2 2 2
left_child=2 8 7 5 20 6 17 13 9 10 24 12 -8 14 21 16 -16 18 -4 41 32 30 38 -19 25 -2 -17 -13 -23 59 -1 44 56 34 35 -15 37 -35 -7 -40 -26 57 -43 -38 46 47 -6 -34 -36 50 51 52 -10 -53 -48 -5 -3 58 -9 -12 61 -52
right_child=1 4 3 55 31 22 11 19 49 -11 29 27 -14 33 15 26 -18 23 -20 -21 -22 28 -24 -25 40 -27 -28 -29 -30 -31 -32 -33 45 36 48 -37 43 -39 39 -41 -42 42 -44 -45 -46 -47 54 -49 -50 -51 60 53 -54 -55 -56 -57 -58 -59 -60 -61 -62 -63
leaf_value=0.018446383027513467 0.055739083719121008 0.10475998793659225 0.025067067305222596 0.068707778047706392 0.052511300922578767 0.08157682614412709 -0.015514295474299675 0.067794567274313045 0.07155873828122368 -0.072197550082383696 -0.055980692324081704 0.039434781191725471 0.046052924434122754 -0.044104390570032716 0.061023047532123613 0.031565941840700058 0.1703877214625803 0.036346781120935458 -0.042907614357216781 -0.051432196317225377 -0.046416613589107966 0.018389512971686877 -0.058329646540848157 0.047733093748363514 0.065562303305154085 0.01921189665072949 0.0040541271734960155 -0.037779579382442766 0.037075819412200312 -0.058089885649502196 -0.015524213180719641 -0.055071708364217965 0.024162623713175031 -0.024494173969387467 -0.015450593838240085 0.023483917889932704 0.20701644290536503 0.038302751866091597 -0.015730320443240086 0.075718518464262086 0.026085896622434171 -0.065342211591984001 0.092128476498806122 -0.036620465801581362 0.077248425478670835 0.067863696513068866 -0.079939048092276602 -0.018877120502398922 0.076074044755038261 0.072427205298765729 0.076867793803549855 0.066333352964256687 0.056128031066632326 -0.077249594597733409 0.060009538160497367 -0.047314214683311755 -0.052231944030019822 0.081497237829577074 -0.05762896330591738 0.084260782880156926 0.075097735988476327 0.047381426193155968
leaf_weight=11839.822574719787 13782.981512296945 7.7229064367711535 977.75738360919058 16.615292740985751 905.25183793529868 1247.0589427538216 493.09198302775621 51.515158131718636 3103.2686218693852 77.784003678709269 10.718341007828711 134.98550193011761 987.35822859033942 290.38440324366093 1265.7435504496098 11219.819268524647 98.955980777740479 25510.388645209372 269.94625777564943 63.692314141429961 210.28769041690975 2368.2399659790099 45.861526189371943 7320.9013060517609 10548.120619192719 700.04549137502909 959.79001301527023 573.46309548802674 4726.7065194547176 137.8449491020292 483.04217632859945 40.018216253258288 1863.737822663039 283.29136732593179 31.934236334636807 356.51492395810783 4.6953212916851035 351.48286743368953 96.646493092179298 117.17894539237022 230.32574456930161 34.358105583116412 22.871597707271576 495.3833650611341 631.99683392047882 133.21271903067827 28.218623925000429 149.19415328837931 317.27626488916576 8869.9879976511002 578.67990544438362 23.163339421153069 4004.7042694371194 50.08367882296443 17.967243622988462 274.97522673662752 103.86921484023333 779.28661476261914 22.747327127493918 46.308811647817492 3175.8620929270983 634.05876851081848
leaf_count=83857 14370 9 4917 55 996 555 1715 25 990 429 198 656 3298 3567 5736 49021 94 69550 1615 2561 2385 8124 587 12958 5050 1757 4330 6177 15840 4074 3701 1409 4179 2523 280 2080 3 2840 476 90 285 313 16 4998 344 127 145 575 1131 1925 125 11 4046 518 22 13249 576 477 202 114 667 511
internal_value=0.0431446 0.0599082 0.0318227 0.03693 0.0317629 0.0375287 0.0361516 0.0264313 0.0624122 0.0575292 0.0579286 0.00982049 0.0255468 0.0253887 0.0267634 0.0334018 0.0690758 0.0378424 0.0103339 0.0639071 0.014967 0.0221313 0.0706264 0.0388873 0.0585631 0.0539753 0.0293988 -0.0230255 0.0308426 -0.024175 0.0171132 0.0572685 0.0207046 0.00411923 0.019299 -0.00686909 -0.00920558 0.010275 0.0747152 0.0344807 0.0647217 0.072026 -0.00182249 -0.0339144 0.0601438 0.0239061 0.0487076 0.0209623 0.0676699 0.0685088 0.0654984 0.0619072 0.0628747 -0.0314943 -0.0252723 -0.0404738 -0.0404887 0.0769797 0.0290544 0.0573055 0.0713582 0.0615072
internal_weight=124199 50065.4 74133.8 38066.2 4091.48 37774.6 36267.9 36067.6 45973.9 25534.1 25456.3 2188.9 1480.45 35093.1 32962.1 13544.3 1364.7 34079 1247.7 974.471 2468.02 19417.8 1506.75 32831.3 25261.5 14483 12179.6 708.449 7094.95 194.872 12322.9 1623.45 2257.74 2130.96 996.11 646.899 1134.85 634.774 1460.88 213.825 10778.4 910.779 57.2297 500.079 1583.43 2146.14 951.438 2012.93 349.211 20439.8 11569.8 7181.22 7107.97 73.247 46.1859 291.591 111.592 853.549 74.2625 57.0272 4388.6 1212.74
internal_count=353454 45837 307617 115898 10767 102594 100886 191719 35070 26277 25848 11846 5013 188125 170703 59181 5830 89040 6532 3594 7851 111522 1708 82508 21462 16127 53351 6833 23964 4386 87558 2916 5466 17422 7058 5647 10364 5363 1121 566 5335 1033 329 5001 1507 4881 1163 4754 1411 8793 6868 5565 5036 529 167 13304 585 704 227 312 1303 636
is_linear=0
shrinkage=0.05


Tree=21
num_leaves=63
num_cat=0
split_feature=28 7 15 0 1 26 5 26 10 29 29 29 25 28 29 29 29 28 5 0 1 25 4 0 5 12 2 11 28 29 10 5 19 15 15 25 10 29 1 1 1 29 5 0 29 0 10 8 7 26 10 9 29 29 25 25 2 26 28 9 12 29
split_gain=7028.16 2131.19 1028.78 1066.63 1069.99 1768.57 1009.33 847.654 820.249 652.368 781.441 1045.22 733.771 680.034 572.39 537.822 482.378 385.614 374.996 330.668 320.966 313.24 296.157 248.292 232.726 430.521 579.496 219.562 198.021 191.766 557.241 184.298 162.987 213.622 151.763 149.268 121.076 99.666 98.5387 102.985 71.1152 69.4445 138.801 85.302 75.6085 67.0979 66.8318 66.5894 48.3079 47.3142 42.9419 50.8611 51.7279 42.9312 30.3825 111.445 28.6922 26.4955 19.7722 37.5202 10.6522 10.3631
threshold=19.500000000000004 5.7099997997283944 9.5000000000000018 4.5950000286102304 21.003499984741214 87.500000000000014 379.50000000000006 213.50000000000003 4.5025000572204599 5.4500000476837167 3.8949999809265141 3.6000000238418584 74.500000000000014 120.50000000000001 0.095000028610229506 4.2500000000000009 0.8999997377395631 2.5000000000000004 31.500000000000004 5.8500001430511483 43.004999160766609 75.500000000000014 13.500000000000002 3.495000004768372 160.50000000000003 2.0849295854568486 20.500000000000004 7.5000000000000009 6.5000000000000009 2.1749999523162846 2.8324999809265141 9.5000000000000018 1.350708067417145 7.5000000000000009 31.500000000000004 18.500000000000004 2.8524999618530278 0.70000016689300548 612.98498535156261 134.90999603271487 46.004999160766609 2.3000000715255742 43.500000000000007 5.0950000286102304 1.3999997377395632 6.0499999523162851 3.1475000381469731 6.3500001430511483 6.1499998569488534 422.50000000000006 4.6499998569488534 1.7850000858306887 3.50000011920929 2.1749999523162846 286.50000000000006 103.50000000000001 8.5000000000000018 1.5000000000000002 42.500000000000007 0.99999988079071056 2.1493430137634282 3.50000011920929
decision_type=2 2 2 2 2 2 2 2 2 2 2 2 2 2 2 2 2 2 2 2 2 2 2 2 2 2 2 2 2 2 2 2 2 2 2 2 2 2 2 2 2 2 2 2 2 2 2 2 2 2 2 2 2 2 2 2 2 2 2 2 2 2
left_child=1 2 3 4 5 14 8 27 9 10 11 16 15 -14 -1 -12 -2 18 -6 28 24 -7 -19 -22 25 32 36 29 37 30 -4 -30 47 -34 -31 41 -27 -5 39 48 57 42 44 -44 -10 -42 -13 -3 -25 -11 51 56 -53 -41 55 -51 -37 -21 59 -43 -28 -52
right_child=6 20 7 19 17 21 -8 -9 35 49 12 46 13 -15 -16 -17 -18 22 -20 40 23 -23 -24 38 -26 26 60 -29 31 34 -32 -33 33 -35 -36 50 -38 -39 -40 53 45 58 43 -45 -46 -47 -48 -49 -50 54 61 52 -54 -55 -56 -57 -58 -59 -60 -61 -62 -63
leaf_value=-0.0041305712278293548 0.090153933911539696 0.054259162015006912 0.062742997547944962 0.039117744722586417 0.023030848400117328 -0.054733158772077531 -0.050607308140038589 -0.05432018096522867 0.066269668666931514 0.076372457280042647 0.013898033559680369 0.044386563485121905 -0.022254553897595248 0.040771480975477926 0.023453112012162644 0.065462294418484945 0.041966795325249828 0.035358548489396464 0.080527921095541369 0.063079065750686433 -0.081373096087695829 0.010087729745825454 -0.031329163986151147 -0.021548177866033125 0.077787019652780259 0.085383952450527253 -0.094072671610776176 -0.065405749132943433 0.052595520747224012 0.076168143507596875 -0.050774893451623386 0.017029663987064108 0.033781004886355097 0.077115166425273607 0.036065509076797071 0.062498762194145921 -0.030731795970434267 0.026972038341407004 0.085995807134538471 0.0052821463946593952 0.074666455047418853 0.014908601094957508 -0.10368289093607291 0.038722481635778988 0.032070197467255507 0.013595552951170313 0.074840629595012365 0.066100921019655492 0.038656792754806893 0.065700476697217181 0.068192685572621231 0.051527771595870492 0.067813710069053096 -0.10140427701782335 0.07293381131421528 0.0021762541010463261 0.072238249687966785 0.083728371716370625 0.06802879725932888 0.06096925572592881 -0.062024345578153318 0.071562421375022681
leaf_weight=2087.0292101725936 550.7858083806932 1986.5110276192427 589.6738889394328 5100.6023410558701 12895.323750844225 952.39370941836387 210.98116988036782 160.29256862774491 269.76613491773605 2480.1272987425327 768.01382946409285 193.96487892884761 999.21209983900189 747.07506289705634 18972.979975048453 1484.7136240899563 9150.8968951432034 24410.633139843121 289.21877613849938 253.6988857537508 59.592999655753374 231.15675400756299 166.82446206733584 39.53020253777504 1291.5324120931327 115.7958660107106 77.072788815945387 31.988470970652997 3523.0519753098488 2085.4519130177796 131.48188574891537 408.06826671771705 1288.7055750116706 365.88387532532215 269.61845031753182 1382.636878401041 27.172914996743202 2548.0654184669256 60.297269687056541 15.297521635890005 83.02523472905159 59.349891886115074 25.232564851641655 16.787744835019112 413.50772693753242 98.492712303996086 4447.3486696556211 3148.569031111896 190.83542755432427 326.43004025518894 5430.7590005993843 1247.4747290164232 839.96082617342472 22.848457604646683 344.41765664517879 87.78924286365509 1967.1178340613842 519.89280439913273 498.21016539633274 185.877540782094 56.38157431781292 5666.9479676932096
leaf_count=20971 600 1548 1163 18127 64737 14258 15076 5050 285 406 1557 360 5662 1603 87361 930 20360 59832 833 313 330 2028 920 107 511 153 368 232 4522 1387 1712 906 1779 148 464 634 116 6111 20 35 95 103 107 16 532 210 1108 1419 250 120 1863 797 231 94 74 153 465 371 211 103 521 1096
internal_value=0.0409399 0.0327842 0.0300871 0.0288498 0.0260776 0.0173763 0.0582671 0.0575288 0.0588488 0.0522669 0.0486073 0.054058 0.0290479 0.00471351 0.0207193 0.0478989 0.044712 0.0312023 0.0242985 0.0421169 0.0561558 -0.0420711 0.0349044 0.0116738 0.0582207 0.0546332 -0.00649507 0.0633142 0.0397769 0.0646751 0.0419977 0.0489102 0.0571232 0.0434074 0.0715964 0.0667349 0.0632199 0.0350763 0.0287483 0.0156028 0.0704116 0.0513563 0.040219 -0.047096 0.0456571 0.0418125 0.0735788 0.0615324 0.0282557 0.0729692 0.0680974 0.064364 0.0581128 -0.0594505 0.0617508 0.0522869 0.0682395 0.0770531 0.0621465 0.0499478 -0.0811321 0.0699202
internal_weight=124350 84555 75809 72540.5 60005.6 22243.6 39795.4 3268.51 39584.4 21580.8 18342 14343 3999.01 1746.29 21060 2252.73 9701.68 37762 13184.5 12534.9 8746.03 1183.55 24577.5 388.402 8357.63 7066.09 276.423 3108.21 11579.8 3076.23 721.156 3931.12 6789.67 1654.59 2355.07 18003.6 142.969 7648.67 328.809 268.512 955.11 1468.73 725.294 42.0203 683.274 181.518 4641.31 5135.08 230.366 3238.76 16534.9 5437.19 2087.44 38.146 758.637 414.219 3349.75 773.592 743.438 245.227 133.454 11097.7
internal_count=353454 299002 291603 281595 250940 124618 54452 10008 39376 32933 32180 22428 9752 7265 108332 2487 20960 126322 65570 30655 7399 16286 60752 836 6563 6052 1158 4958 29666 4726 2875 5428 4894 1927 1851 6443 269 24238 506 486 989 1357 940 123 817 305 1468 2967 357 753 5086 2127 1028 129 347 273 1099 684 417 206 889 2959
is_linear=0
shrinkage=0.05


Tree=22
num_leaves=63
num_cat=0
split_feature=27 27 10 0 5 25 1 26 29 25 22 23 29 29 29 1 29 22 26 27 20 2 27 25 22 24 25 27 25 20 27 29 13 13 0 29 27 26 29 22 27 5 24 27 12 1 29 29 27 25 1 1 26 23 1 29 26 10 12 1 0 0
split_gain=9091.96 1036.52 692.38 662.028 654.634 917.163 894.602 1736.42 603.225 926.874 915.242 734.953 599.423 685.137 569.823 793.691 550.768 489.854 399.623 369.359 312.77 298.449 294.906 253.709 246.201 222.115 171.602 221.941 574.563 262.995 171.598 205.758 168.206 153.119 137.207 132.675 1105 1172.43 418.421 560.853 249.304 119.586 115.72 102.12 138.952 97.2972 122.132 94.0053 279.182 947.348 85.3675 71.2554 61.6508 114.528 99.6824 59.7846 64.5419 100.753 105.264 59.2533 73.2484 100.776
threshold=5.7099997997283944 7.2500000000000009 4.3550002574920663 5.1099998950958261 178.50000000000003 59.500000000000007 21.003499984741214 88.500000000000014 3.9000003337860112 74.500000000000014 18.813791275024418 2.5059965941055493e+18 2.7549999952316289 2.3050000667572026 4.2999999523162851 24.752999305725101 2.7549999952316289 17.956604003906254 213.50000000000003 4.8949999809265146 0.29520134627819067 42.500000000000007 5.6199998855590829 156.50000000000003 17.673014640808109 29.54999923706055 13.500000000000002 6.7500000000000009 70.500000000000014 0.19533744454383853 5.8500001430511483 3.1000000238418584 0.0011737765162251892 -0.029618163593113419 5.8500001430511483 3.8949999809265141 8.0000002384185809 189.50000000000003 4.6000001430511483 15.849987030029299 7.5499999523162851 2.5000000000000004 1.500000059604645 6.6499998569488534 1.406250059604645 51.004999160766609 2.9999998807907109 5.1000001430511483 8.1500000953674334 37.500000000000007 18.005000114440922 42.004999160766609 6.5000000000000009 0.63250356912612926 185.004997253418 3.50000011920929 89.500000000000014 4.5650000572204599 1.1234415769577029 46.004999160766609 6.0499999523162851 6.7500000000000009
decision_type=2 2 2 2 2 2 2 2 2 2 2 2 2 2 2 2 2 2 2 2 2 2 2 2 2 2 2 2 2 2 2 2 2 2 2 2 2 2 2 2 2 2 2 2 2 2 2 2 2 2 2 2 2 2 2 2 2 2 2 2 2 2
left_child=3 2 8 4 5 6 7 16 10 14 11 17 13 -8 15 -10 -1 -2 21 -9 23 24 -14 -11 -7 41 30 43 50 -30 31 33 42 -4 52 55 37 38 40 -40 -37 -20 -12 44 -28 -32 -47 48 -38 -50 -29 -16 54 -54 -5 56 -3 58 -58 -36 -61 -62
right_child=1 35 26 34 -6 18 12 19 9 20 32 -13 22 -15 51 -17 -18 -19 25 -21 -22 -23 -24 -25 -26 -27 27 28 29 -31 45 -33 -34 -35 59 36 47 -39 39 -41 -42 -43 -44 -45 -46 46 -48 -49 49 -51 -52 -53 53 -55 -56 -57 57 -59 -60 60 61 -63
leaf_value=0.023283475163920684 0.047702266806609439 0.066513956411848194 -0.1071618034247291 0.039706585279193567 -0.051917440958908281 0.068583752082291116 0.031031560276707944 -0.052927059607500229 -0.069110531773594816 -0.072214418220307039 -0.088369781845773321 0.075914277166147057 0.043635497390967837 0.0019201484889275297 0.067631058096226868 0.043036529767955585 -0.029617195247994679 0.018597842778950709 0.053270245672938511 -0.0005231527192433239 -0.058199033132399269 -0.059700087614338572 0.084312189859582248 0.06747898358300683 -0.048474783313917559 0.36893886258002861 0.062332041259478443 0.042713410528422951 0.018030334048947987 -0.11179038935132911 0.054410174690743253 0.078982974811465115 0.037027694731141925 0.0077412557492146372 0.073210407128553562 -0.030001893613083166 0.067365848899721567 -0.07347240012722471 0.06634211139595729 -0.098187430992915034 0.062737263417231834 -0.05293806036975475 0.03529706664015983 0.073214102846849302 0.020060411020516922 0.036758376286129539 -0.05892300743750032 0.071567005978366155 0.070453960747001221 -0.10328055064506697 0.06534434096827943 0.020413233893795152 0.068947928850619067 0.026584023746070079 -0.037463791217626989 0.070573528550027062 0.043443256570023285 0.058893189947103325 -0.040415896378615791 0.074003588866753164 -0.047027978445165278 0.058172157092878818
leaf_weight=24971.890280595049 7951.0198674919084 3104.4012852758169 32.002943992614746 1203.5075181722641 260.16333503648639 2122.2579622464254 39130.760904470459 926.15870941244066 245.65544307325035 45.735452592372894 162.35944117698818 1970.2302178498358 1298.4876839071512 2131.7195766158402 823.1529705543071 436.77266076207161 501.01402155309916 1769.9065749244764 33.266302719712257 527.92335101030767 430.2403365848586 47.401429731398821 682.58303686231375 105.94065005704761 45.171696573495865 2.5876607894897452 5527.3795307278633 875.96799893677235 77.625816270709038 76.833316504955292 3675.9398253560066 95.000893667340279 40.979967827908695 237.55231793224812 764.54291436076164 78.210227943956852 1715.7158744633198 272.27573703788221 94.503317683935165 112.23297015205026 892.14223528653383 116.95806666091084 20.790932714939117 2412.5084173977375 203.08233317732811 309.87466797232628 36.419295504689217 4974.689497590065 267.94322499632835 109.80089972913265 817.5380330234766 90.011876065284014 501.21738900151104 237.16575789358467 42.532821536064148 7582.8207173198462 114.36502423882484 816.1324265897274 54.418933615088463 82.130631938576698 42.069739565253258 47.282534390687943
leaf_count=119905 11115 1021 131 3013 14325 2223 129757 15667 1256 230 1116 422 2506 7362 550 664 2485 3955 106 3741 7630 575 491 146 212 1 2388 794 106 319 2956 28 99 440 681 220 431 2938 77 490 525 2979 27 468 287 438 121 1050 92 428 352 291 642 478 180 1669 96 340 131 87 152 49
internal_value=0.0388884 0.0557518 0.049601 0.0280506 0.0271133 0.0273975 0.0263639 0.0192077 0.0417169 0.0175044 0.0461395 0.0480595 0.0308193 0.0295278 0.037201 0.00261729 0.0222417 0.0424061 0.0580049 -0.033918 -0.0364658 0.0633998 0.0576887 0.0251269 0.0661206 -0.02006 0.0573251 0.0609565 0.0452506 -0.0468185 0.0490413 0.0161192 -0.0537576 -0.00622779 0.0513958 0.0644221 0.05964 0.0198477 0.0414822 -0.0229963 0.0552342 -0.0291891 -0.0741887 0.0645142 0.0608386 0.0520192 0.0265406 0.067795 0.0587992 0.0198011 0.0536735 0.0630096 0.0438996 0.0554019 0.0370405 0.0679059 0.0629421 0.0516226 0.0162973 0.0672189 0.0402079 0.00861314
internal_weight=124379 48660.2 28470.5 75718.8 72798.3 72538.2 70170.5 26927 14092.8 2177.51 11915.3 11691.2 43243.6 41262.5 1595.59 682.428 25472.9 9720.93 2367.64 1454.08 581.916 2214.83 1981.07 151.676 2167.43 152.812 14377.7 9990.94 1847.97 154.459 4386.79 364.556 224.13 269.555 2920.45 20189.7 8517.51 1449.36 1177.09 206.736 970.352 150.224 183.15 8142.97 5730.46 4022.23 346.294 7068.15 2093.46 377.744 1693.51 913.165 1984.42 738.383 1246.04 11672.1 4089.32 984.916 168.784 936.026 171.483 89.3523
internal_count=353454 45837 36329 307617 302335 288010 281914 141798 27501 10767 16734 15492 140116 137119 2761 1920 122390 15070 6096 19408 8006 3010 2997 376 2435 3086 8828 4714 1571 425 4114 599 1242 571 5282 9508 6251 4250 1312 567 745 3085 1143 3143 2675 3515 559 2001 951 520 1146 841 4313 1120 3193 3257 1588 567 227 969 288 201
is_linear=0
shrinkage=0.05


Tree=23
num_leaves=63
num_cat=0
split_feature=27 30 9 14 1 12 8 16 19 27 16 27 9 23 14 8 27 27 27 1 4 20 1 23 23 20 30 30 27 10 1 10 30 30 12 1 23 23 10 27 27 27 16 24 12 12 8 19 23 27 2 23 10 16 16 27 12 18 16 20 10 10
split_gain=8894.56 1409.68 773.9 821.363 627.547 632.52 595.347 590.681 542.306 509.859 487.757 433.097 430.529 399.06 392.186 368.132 543.138 361.967 347.766 425.616 339.464 324.457 292.845 246.101 515.398 237.903 229.175 227.282 228.252 224.386 216.836 202.993 135.152 122.706 119.39 115.719 389.327 120.073 110.277 101.399 123.438 102.09 93.7014 136.013 70.1237 64.1041 195.266 63.3555 54.4339 42.0115 40.4201 38.7025 14.6346 14.2682 11.421 8.84182 8.66767 13.0228 18.6693 4.95146 2.33704 3.95505
threshold=5.7099997997283944 15.465311050415041 2.8000000715255742 1.5000000000000002 21.003499984741214 1.1842840909957888 5.0699999332427987 0.90061727166175853 34.792865753173835 7.2500000000000009 0.69592735171318065 7.1499998569488534 0.99999988079071056 7507124212989953 8.5000000000000018 4.5650000572204599 5.5899999141693124 7.7500000000000009 5.0850000381469735 536.47497558593761 89.500000000000014 1.8485425710678103 3.0004999637603764 5087857475584.001 16776.462890625004 0.74260324239730846 411.01715087890631 225.16376495361331 7.5499999523162851 3.9550000429153447 7.2010498046875009 2.6525000333786015 131.68290710449222 44.333644866943366 1.3825343847274782 138.0100021362305 107.75309371948244 1.2113521695137026 4.9699997901916513 6.0499999523162851 5.9500000476837167 6.8500001430511483 0.099861495196819319 -0.12087910622358321 1.5715581774711611 1.8930722475051882 8.1500000953674334 0.015142222400754692 14977132392349698 8.0000002384185809 32.500000000000007 5.6660574162273706e+19 3.8999999761581425 0.090983003377914443 0.49975961446762091 5.6199998855590829 1.3037953376770022 13.797320842742922 0.10020080581307413 0.32316419482231146 4.1524999141693124 2.6974999904632573
decision_type=2 2 2 2 2 2 2 2 2 2 2 2 2 2 2 2 2 2 2 2 2 2 2 2 2 2 2 2 2 2 2 2 2 2 2 2 2 2 2 2 2 2 2 2 2 2 2 2 2 2 2 2 2 2 2 2 2 2 2 2 2 2
left_child=2 9 3 4 5 13 10 21 -9 11 -5 14 18 22 23 31 -17 20 19 -6 27 -7 -1 24 -2 -25 -20 28 33 55 -15 -14 -8 -3 -31 37 53 42 -38 40 -29 -41 52 -44 48 49 -47 -16 -12 -39 -46 -22 -11 -37 56 -4 60 58 -58 -30 61 -19
right_child=1 17 29 6 12 7 32 8 -10 35 44 -13 15 30 47 16 -18 54 26 -21 51 -23 -24 25 -26 -27 -28 39 59 34 -32 -33 -34 -35 -36 36 38 45 -40 41 -42 -43 43 -45 50 46 -48 -49 -50 -51 -52 -53 -54 -55 -56 -57 57 -59 -60 -61 -62 -63
leaf_value=0.039452918851278024 0.049750493292329313 0.040149238465615238 -0.055647850472707053 -0.055582625601745962 0.024522165678536968 -0.02556610468260144 -0.066902673909507673 -0.0039554236704278222 0.059092766655918484 0.069139995359392734 0.0077814881761075752 -0.073082239392110768 -0.067852993539301784 -0.073011750274145193 0.079618860164803379 -0.0058096803840754418 0.064939247557655011 0.066713981719140822 0.039520002070671877 0.0502517119372273 -0.058154090646110247 0.06257478082681088 0.019109495397923906 0.058334485663165542 -0.0018407186124080163 -0.007390185613361063 -0.010129482536573029 -0.023721725306090683 -0.10759014592050627 -0.029639895328788458 0.044948472056376094 0.05468088426915374 0.087412809780990475 0.024025015726826776 0.11261589108578043 0.074199070704695239 -0.0947037986607914 0.063690754208971023 0.021525245556154021 -0.060885665716412407 0.050766747709730657 0.034482554115937931 -0.0022215455883994963 0.049496956353194892 0.075431338588573718 -0.0303273336634956 0.077410216460332429 -0.056203023490937309 0.084688706018413801 0.069166714032411813 0.049050629428800903 0.056655879426359738 0.055039081736618728 0.050224364876343831 0.07541666017697958 -0.076259518236354795 0.054244273822324877 0.054480122889318583 -0.057479886547599481 -0.057273324602059639 0.06982526451951146 0.049858984308115264
leaf_weight=1928.4752619042993 9796.7924709934741 2571.7076795371249 236.72347321826965 79.491631110198796 31899.318830797449 1666.7870703218505 109.47030030470341 783.45461102947593 602.67420672345906 625.69660240598023 76.95379030238837 67.965143099427223 33.324796963483095 38.764383919537067 8.5293057449161989 730.84707758389413 430.16337993741035 96.169314071536064 7039.0166396684945 1693.1160463392735 126.20925887487829 110.41271813213825 21495.334216133691 12619.715605108999 508.98740478139371 138.85146438423544 239.81627933308482 110.91306053102016 23.508921004831791 27.358746849000454 2202.4769721031189 3138.410509868525 15.376564241945742 2196.8822696022689 30.074823334813118 161.63423080742359 58.710598528385162 10279.995124037378 30.42732547223568 121.20417801849544 109.59548754617572 35.635998440906405 144.1347874738276 1059.4875831482932 1544.5830910801888 68.928742278367281 104.9797600954771 94.829922864213586 32.072572492063046 5701.9617730528116 169.87837117165327 6.9731998266652218 310.70267988741398 122.78742632269859 254.89309559762478 83.372365079820156 6.2259001582860929 34.621553702279925 6.7412176551297307 12.119039155542849 143.24598963558674 97.298704594373703
leaf_count=9786 9680 3844 10644 1699 116348 16802 704 2688 1462 224 254 373 187 186 57 2328 428 43 13477 3021 3153 291 114560 7733 1506 454 934 446 108 93 3813 6768 8 5071 17 42 239 4129 42 625 253 86 283 1336 462 514 19 3484 17 1182 200 12 166 95 54 440 3 26 178 193 42 142
internal_value=0.0369736 0.0538771 0.0263894 0.026744 0.0258833 0.0201168 0.0581377 -0.000977226 0.0234765 0.0571122 0.0650798 0.0521597 0.0295602 0.0227169 0.0525305 0.0445525 0.0204324 0.0311013 0.0279697 0.0258206 0.0268146 -0.0200552 0.0207862 0.0529665 0.0472021 0.0576183 0.0378823 0.028844 0.0317786 -0.0449345 0.0428744 0.0533709 -0.0473134 0.0327285 0.0454186 0.0632726 0.035538 0.0638366 -0.0551748 -0.00849052 0.0133395 -0.039104 0.0526193 0.0433028 0.0703702 0.0653188 0.0347505 -0.0442914 0.031015 0.065649 0.0728504 -0.0517281 0.0645303 0.0640787 0.0666388 -0.0612527 0.0606233 0.0388499 -0.00343669 -0.0926421 0.0635616 0.058563
internal_weight=124297 47859.1 76437.7 76060.2 74032.4 28828.4 2027.83 3163.33 1386.13 41905.1 1902.98 23235.7 45204 25665.1 23167.7 4332.75 1161.01 5953.94 40871.3 33592.4 5314.75 1777.2 23423.8 23064.3 10305.8 12758.6 7278.83 5181.57 4804.22 377.529 2241.24 3171.74 124.847 4768.59 57.4336 18669.4 373.56 18295.9 89.1379 377.349 220.509 156.84 2140.02 1203.62 1823.49 16155.9 173.909 103.359 109.026 15982 1714.46 133.182 936.399 284.422 639.196 320.096 384.303 47.5887 12.9671 35.628 336.714 193.468
internal_count=353454 45837 307617 296423 293079 149588 3344 21243 4150 31558 2632 23287 143491 128345 22914 9711 2756 14279 133780 119369 13791 17093 124346 19373 11186 8187 14411 10626 9216 11194 3999 6955 712 8915 110 8271 418 7853 281 1410 699 711 2009 1619 933 5844 533 3541 271 5311 662 3165 390 137 488 11084 434 207 181 301 227 185
is_linear=0
shrinkage=0.05


Tree=24
num_leaves=63
num_cat=0
split_feature=27 30 28 28 9 27 25 26 1 26 26 27 12 25 22 9 28 28 27 28 27 23 1 1 26 8 25 10 3 25 30 26 26 30 26 1 26 25 28 23 11 10 10 26 26 10 26 28 1 23 23 12 10 28 18 16 30 27 9 18 28 28
split_gain=8645.3 1362.89 713.616 708.495 675.867 525.839 506.716 586.659 495.72 467.29 461.579 397.91 366.336 360.531 352.033 342.496 331.541 324.531 307.577 281.263 481.24 398.475 280.684 543.396 371.747 306.951 231.18 231.178 223.166 218.494 200.707 182.059 254.719 175.752 172.514 356.654 266.243 169.775 167.363 163.419 150.287 143.351 128.233 127.423 128.366 118.236 116.932 373.768 111.307 357.036 121.621 103.883 100.522 99.9933 99.1699 89.3515 88.5731 84.8048 78.6891 69.5763 68.8763 242.794
threshold=5.7099997997283944 15.465311050415041 32.500000000000007 3.5000000000000004 2.8000000715255742 7.2500000000000009 66.500000000000014 213.50000000000003 9.7009997367858904 125.50000000000001 87.500000000000014 7.1499998569488534 1.6075282692909243 322.50000000000006 17.834857940673832 2.6000000238418584 9.5000000000000018 30.500000000000004 5.2049999237060556 98.500000000000014 6.7500000000000009 5087857475584.001 4.3624999523162851 8.6276221275329608 13.500000000000002 3.8017375469207768 10.500000000000002 3.2925000190734868 16.500000000000004 14.500000000000002 44.333644866943366 50.500000000000007 38.500000000000007 76.20908355712892 42.500000000000007 32.004999160766609 10.500000000000002 16.500000000000004 249.50000000000003 1416.856872558594 6.5000000000000009 3.1475000381469731 3.6999999284744267 617.50000000000011 274.50000000000006 4.2100000381469735 11.500000000000002 14.500000000000002 138.0100021362305 107.75309371948244 1.2113521695137026 1.377858102321625 4.9699997901916513 406.50000000000006 436.53811645507818 0.099861495196819319 48.682916641235359 8.1500000953674334 2.2000001668930058 24.983900070190433 15.500000000000002 68.500000000000014
decision_type=2 2 2 2 2 2 2 2 2 2 2 2 2 2 2 2 2 2 2 2 2 2 2 2 2 2 2 2 2 2 2 2 2 2 2 2 2 2 2 2 2 2 2 2 2 2 2 2 2 2 2 2 2 2 2 2 2 2 2 2 2 2
left_child=3 5 9 12 6 11 8 60 10 30 16 13 22 19 18 37 -5 -12 -10 21 -21 -2 24 26 42 41 27 -24 -28 -6 46 32 -32 -33 36 -36 -25 39 -15 -14 -27 -26 56 44 51 -44 -3 -48 50 -50 55 -4 -51 -45 -9 -7 -1 -53 -41 -16 -8 -62
right_child=1 2 43 4 29 48 7 54 14 -11 17 -13 15 38 59 -17 -18 -19 -20 20 -22 -23 23 34 25 40 28 -29 -30 -31 31 33 -34 -35 35 -37 -38 -39 -40 58 -42 -43 45 53 -46 -47 47 -49 49 52 -52 57 -54 -55 -56 -57 -58 -59 -60 -61 61 -63
leaf_value=-0.041937441053780285 0.039209705495200649 0.057471339861937421 0.04530430118429539 0.029593654141506182 0.059386691102630174 0.06258911025214435 0.069555347038708651 -0.052531649596408783 0.028152191695756237 -0.048229399606165145 -0.057492437678708389 -0.071518762016643977 -0.044948781107760225 -0.058261301499388768 -0.092124954416354488 -0.059219969934976906 -0.02296230313294944 0.050962481416287966 0.039618896946822087 0.066050409045035494 -0.0040577828803982597 0.054358457473434076 -0.0034397923895486682 0.017354791592653043 0.051933996200536348 -0.0618136742798873 -0.046798748854664819 0.039325115435285461 0.037154686318456746 -0.061903519546576059 0.0062241476094541193 0.015791269212780654 0.061822612560542035 -0.063382024775967716 -0.016663722607453892 0.022937350183673724 0.027159748254932583 0.073753296092568019 0.069756235839995059 0.083668358705495369 0.070875792391621492 0.10131702335071116 0.098038778923000419 -0.054308023868677308 0.064782610915103109 -0.019314558998530129 -0.022803446234805347 0.046352923902236116 0.061906948172857572 -0.090666359920971357 0.06370807224573137 -0.028994145864278044 0.0205590893135561 0.062713259821077699 0.06624573496776083 0.041686278858378362 0.0090914509887953122 0.080602557069611808 0.0047984397264116251 0.037657337544492624 -0.05143929550570582 0.069566532344043586
leaf_weight=97.297779984772205 7283.3042598413303 391.89427930116653 1434.3413200937212 1336.2807143777609 42.42638386040926 917.72790960781276 1379.1670203041285 132.91846871655434 27335.133448211476 274.31068332213908 384.76774159818888 66.048892147839069 64.011965617537498 109.31368154194206 69.189607106149197 63.305587077513337 385.97717397660017 83.129479855298996 7454.0298384251073 4360.4930472522974 259.06640110723674 10817.646131066605 1808.8081763312221 18734.189480084926 1157.8539980882779 82.800748372450471 454.097700541839 381.85355001501739 94.973271586932242 260.19193992763758 1197.1435358002782 125.9459001980722 247.97016755864024 155.91897090151906 953.42311953101307 1405.2154796291143 10997.834584280849 612.50036607403308 32.273874863982201 77.764069005846977 27.682408798485994 169.44131501019001 69.358810991048813 51.30137750133872 1017.4692727299407 30.37458623200655 283.45952589064837 623.67629166692495 279.88778245449066 58.31261121109128 15746.739180536941 83.602029781788588 30.314297378063202 27.051081642508507 19.321386855095625 1188.2733575422317 629.00681145489216 21.301124572753906 53.289542261511087 11.484813563525675 54.75043473765254 161.81758684664965
leaf_count=1171 9184 479 1521 4165 82 390 840 4157 74827 3133 5673 373 360 4030 332 879 1621 583 12806 1405 704 7585 15464 94750 3740 670 5763 1855 655 10356 2950 308 356 821 9357 6309 43420 593 6 90 15 591 208 2085 665 141 935 728 137 239 5844 286 42 9 39 1619 5500 3 188 21 285 111
internal_value=0.0351691 0.0520497 0.0296416 0.0248563 0.02958 0.055281 0.0301609 0.056472 0.0289182 0.0141411 0.00583841 0.050234 0.0199892 0.0505891 0.0303675 0.052035 0.0178059 -0.0381454 0.0306103 0.051085 0.0621176 0.0482658 0.0192353 0.0181252 0.0362977 0.0516482 -0.00324612 0.00402681 -0.032227 -0.0447429 0.0198107 0.00863043 0.015804 -0.0280565 0.0199499 0.00692717 0.0209826 0.060825 -0.028761 0.0200359 -0.0281849 0.0583135 0.00954276 0.0490407 0.0509657 0.0624113 0.0346523 0.0247363 0.0616283 0.0342477 0.0621913 0.0417932 -0.0527617 -0.0135624 -0.0370906 0.0508228 0.00220034 -0.0061418 0.051915 -0.0733531 0.065419 0.0388563
internal_weight=124160 47084.8 5935.39 77075.7 39110.6 41149.4 38808 1747.97 37060 3300.32 2190.16 22928.1 37965.1 22862.1 34869.8 870.872 1722.26 467.897 34789.2 22720.5 4619.56 18101 37094.2 34830.4 2263.82 1437.78 2739.73 2190.66 549.071 302.618 3026.01 1726.98 1445.11 281.865 32090.7 2358.64 29732 807.566 141.588 195.066 110.483 1327.3 826.038 2635.07 2556.71 99.7334 1299.03 907.136 18221.3 368.515 17852.7 1539.24 88.6269 78.3525 152.24 2106 726.305 104.903 131.054 80.6744 1595.74 216.568
internal_count=353454 45837 14279 307617 115898 31558 105460 5432 100028 9710 12042 23287 191719 22914 87986 2110 5786 6256 87633 18878 2109 16769 189609 177573 12036 5016 23737 17319 6418 10438 6577 4435 3306 1129 153836 15666 138170 1231 4036 638 685 4331 7020 4569 2475 349 2142 1663 8271 418 7853 1810 281 2094 4196 2009 6671 289 278 353 1236 396
is_linear=0
shrinkage=0.05


Tree=25
num_leaves=63
num_cat=0
split_feature=27 27 27 29 3 27 9 3 28 19 29 1 5 29 28 5 1 18 29 28 8 1 1 28 27 21 5 10 10 16 1 13 27 28 29 28 9 2 9 5 1 29 28 1 29 29 29 10 18 10 29 29 27 2 29 15 9 24 13 16 5 28
split_gain=8875.08 1008.91 740.007 639.763 728.33 627.867 584.464 709.43 571.134 572.324 530.757 394.693 888.108 760.058 517.477 455.608 332.349 428.093 331.31 326.507 320.264 310.677 302.4 289.384 621.201 392.041 390.322 336.84 246.961 245.486 245.247 231.4 226.572 278.761 303.169 190.94 190.544 184.138 269.499 205.4 181.911 175.455 174.198 167.328 265.446 161.622 150.203 189.238 147.776 146.193 234.104 757.156 642.942 474.482 130.321 194.531 113.487 97.4799 89.5673 88.6899 83.9147 77.35
threshold=5.7099997997283944 7.2500000000000009 4.1949999332427987 3.9999998807907109 48.500000000000007 6.9500000476837167 2.8000000715255742 35.500000000000007 8.5000000000000018 2.0500092506408696 3.6000000238418584 181.004997253418 18.500000000000004 2.0400000810623173 24.500000000000004 12.500000000000002 3.4415000677108769 238.82362365722659 1.3200000524520876 135.50000000000003 5.0699999332427987 7.4104998111724862 8.0009999275207537 93.500000000000014 6.7500000000000009 50.932104110717781 89.500000000000014 4.5650000572204599 3.9550000429153447 0.71473780274391185 80.005001068115249 -0.028571412898600098 3.995000004768372 1.5000000000000002 1.5800000429153445 23.500000000000004 0.80000007152557384 3.5000000000000004 0.87500000000000011 11.500000000000002 16.005000114440922 4.3499999046325692 19.500000000000004 9.7009997367858904 3.3499999046325688 4.2999999523162851 1.1000000238418581 3.4825000762939458 213.04401397705081 4.5650000572204599 5.4500000476837167 3.8949999809265141 7.5499999523162851 23.500000000000004 3.6000000238418584 6.5000000000000009 3.8050001859664921 -18.989995956420895 -0.25999997556209559 0.93756958842277538 49.500000000000007 1.5000000000000002
decision_type=2 2 2 2 2 2 2 2 2 2 2 2 2 2 2 2 2 2 2 2 2 2 2 2 2 2 2 2 2 2 2 2 2 2 2 2 2 2 2 2 2 2 2 2 2 2 2 2 2 2 2 2 2 2 2 2 2 2 2 2 2 2
left_child=2 3 16 8 5 22 7 11 9 43 30 12 14 -14 -4 35 17 18 36 -7 29 32 41 25 -25 26 -10 -26 -8 -9 -11 -6 46 34 -34 -13 48 38 39 -23 -40 -5 -17 -2 -45 -24 47 -18 -1 50 51 54 -53 -54 55 -3 -27 -35 -30 -60 -20 -19
right_child=1 49 6 4 31 19 28 20 23 10 -12 15 13 -15 -16 42 21 61 60 -21 -22 37 45 24 27 56 -28 -29 58 -31 -32 -33 33 57 -36 -37 -38 -39 40 -41 -42 -43 -44 44 -46 -47 -48 -49 -50 -51 -52 52 53 -55 -56 -57 -58 -59 59 -61 -62 -63
leaf_value=0.072339950157744609 0.06452888724901297 0.052436592596395749 0.024534116580159547 -0.075351098247682283 0.083908689106837561 -0.072258429388260215 -0.055843982183779318 -0.052669056028732925 0.041171073573458256 0.026941408504150569 -0.071081513771838842 0.027362096209614724 -0.021306163160115625 0.020428009637893842 0.051702282210958628 0.050472623154620325 -0.016115376900582536 -0.014072198672369736 -0.042068450075216202 0.050175582158396674 -0.062684495434166973 0.01450829854861101 0.02680705681389485 0.064638388936237953 -0.11374678076814644 0.051971887486289836 -0.0095941466549834976 0.021457397767673247 0.11260072368466555 0.06617016968570015 -0.023173640795544292 -0.060907966697664052 0.086665062204199783 0.14172955228320647 -0.056150588839295835 0.069763459645299494 -0.056843629754427784 -0.033929266667232456 -0.003999303924946059 -0.0230993467917531 0.069325106528006317 0.046402570081139266 0.091117638987098945 0.047333471925264957 -0.0023747175829948886 0.058296492816415538 -0.055857303141484183 0.097501803026804265 0.2034990968243959 0.063977186731486849 0.066533383674153304 -0.070809648946871265 0.041829013086406894 -0.036551186899138915 0.066860377130041851 -0.02980367997822941 0.068924689270659742 -0.047120788171736087 0.071701995807009894 -0.08080530232673673 0.12816094218586349 0.087739819515103554
leaf_weight=649.56129068695009 914.4033686965704 942.50171579420567 45467.459039930254 83.042478664778173 29.416769076138735 201.12569277640432 304.50976516492665 43.981272204779088 6244.331682741642 1740.7644654028118 172.99148485809565 6032.8280320540071 1938.2100542550907 2492.9504012949765 1823.3159779962152 1408.0237408578396 872.3487477498129 310.74006084352732 86.753159948624671 73.677482753992081 51.750333057716489 12368.639097321779 646.21349100861698 4883.407329633832 68.570918962359428 7776.3084545116872 402.55176878534257 135.51694177091122 29.95670747756958 1521.420298891142 283.0214444026351 305.54140761587769 181.88635950349271 6.2954127490520468 45.847830118611455 277.42694154381752 27.010238816961646 195.97375761903822 110.43732161261141 373.08112253900617 357.15517925843596 44.786871972493827 326.92474704235792 1450.7038114368916 329.19208504259586 1118.8604197185487 238.97135311365128 37.255497291684151 21.623554162681103 9622.8163836151361 3054.177881270647 160.58273529261351 1715.9795210408047 216.706138914451 3181.0621884167194 77.126665621995926 1145.6072479188442 113.74478696379811 18.429070383310318 17.712976261973381 6.9113322719931594 18.840976245701313
leaf_count=2000 377 562 134011 824 13 1469 11189 1595 6750 3402 918 13955 17602 11895 3617 1779 9680 3340 701 105 417 79603 1381 1613 283 5405 3482 167 16 728 874 6061 1215 4 552 209 263 3030 1180 3781 892 153 111 1233 616 940 3252 232 69 2527 781 687 2833 1196 812 165 374 1111 22 78 44 59
internal_value=0.0335716 0.0507204 0.0232036 0.0446924 0.0205514 0.031158 0.025688 0.0260662 0.0470562 0.031678 0.0127248 0.025181 0.0235772 0.00217147 0.0255828 0.0354868 0.0136269 0.039868 0.059778 -0.0393516 0.0587417 0.0116493 0.0414122 0.0506955 0.0610664 0.0473026 0.0380949 -0.0242782 -0.0368375 0.0627966 0.0199225 -0.0479631 -0.0099523 0.02535 0.0577715 0.0292378 0.0716156 0.0140614 0.0147763 0.013405 0.0520249 -0.0326251 0.0581825 0.0471191 0.038141 0.0467924 -0.0206585 -0.0113544 0.0768694 0.0596302 0.0551485 0.0496135 0.0250257 0.0330235 0.0618559 0.0461878 0.0541567 -0.0360863 0.0501759 -0.00306942 -0.0282336 -0.00798904
internal_weight=124799 47021 77778 28050 2502.66 2167.71 61754.9 61384.3 25547.4 4891.08 2196.78 59767.1 51721.9 4431.16 47290.8 8045.2 16023.1 1121.44 791.86 274.803 1617.15 14901.6 1892.9 20656.3 5087.5 15568.8 6646.88 204.088 370.609 1565.4 2023.79 334.958 1496.35 347.774 227.734 6310.25 698.195 13405.3 13209.3 12741.7 467.593 127.829 1734.95 2694.3 1779.9 1765.07 1148.58 909.604 671.185 18971 9348.14 6293.96 2093.27 1932.69 4200.69 1019.63 8921.92 120.04 66.0988 36.142 93.6645 329.581
internal_count=354235 46003 308232 36440 10946 4872 197224 185919 25494 7420 5194 183179 167125 29497 137628 16054 111008 6476 3077 1574 2740 104532 3298 18074 2063 16011 10232 450 11305 2323 4276 6074 16046 2882 1767 14164 2332 88486 85456 83384 2072 977 1890 2226 1849 2321 13164 9912 2069 9563 7036 6255 4716 4029 1539 727 5779 1115 116 100 745 3399
is_linear=0
shrinkage=0.05


Tree=26
num_leaves=63
num_cat=0
split_feature=27 27 0 27 28 21 27 5 3 9 3 29 1 5 25 28 29 29 1 18 29 1 20 5 12 23 5 10 22 9 25 27 10 25 1 5 9 28 25 10 29 29 27 25 0 10 25 29 28 1 27 23 28 28 29 28 28 27 12 9 1 9
split_gain=8608.39 1015.41 695.581 658.491 591.956 785.343 760.838 627.45 852.579 553.029 703.001 443.023 380.545 807.826 545.255 364.784 403.248 345.049 319.497 376.932 290.351 289.323 268.727 238.873 616.9 350.673 306.278 222.015 220.995 294.526 208.841 205.64 195.68 226.918 183.365 179.292 168.163 153.629 151.061 150.22 229.398 723.802 587.364 314.198 149.567 149.047 130.799 128.73 144.473 127.866 111.877 94.1882 87.0219 178.766 79.6238 74.3844 67.5627 66.2903 67.6609 100.237 65.3886 53.3175
threshold=5.7099997997283944 7.2500000000000009 5.4200000762939462 4.1949999332427987 72.500000000000014 50.932104110717781 6.7500000000000009 89.500000000000014 256.50000000000006 2.8000000715255742 35.500000000000007 4.3499999046325692 181.004997253418 18.500000000000004 7.5000000000000009 14.500000000000002 3.00000011920929 3.9000003337860112 3.4415000677108769 238.82362365722659 1.3200000524520876 7.9995000362396249 0.5862751603126527 178.50000000000003 2.0849295854568486 7648041500672.001 21.500000000000004 4.6075003147125253 15.126503944396974 0.87500000000000011 14.500000000000002 5.7850000858306894 3.2925000190734868 9.5000000000000018 111.00500106811525 178.50000000000003 0.80000007152557384 92.500000000000014 61.500000000000007 4.5650000572204599 5.4500000476837167 3.8949999809265141 7.5499999523162851 60.500000000000007 3.4850000143051152 3.6999999284744267 296.50000000000006 3.6000000238418584 89.500000000000014 53.004999160766609 4.1050000190734872 5.6367695331573495 19.500000000000004 20.500000000000004 0.19499993324279788 262.50000000000006 1.5000000000000002 6.5499999523162851 1.406250059604645 2.6000000238418584 89.95999908447267 0.19499993324279788
decision_type=2 2 2 2 2 2 2 2 2 2 2 2 2 2 2 2 2 2 2 2 2 2 2 2 2 2 2 2 2 2 2 2 2 2 2 2 2 2 2 2 2 2 2 2 2 2 2 2 2 2 2 2 2 2 2 2 2 2 2 2 2 2
left_child=2 4 3 18 5 7 57 15 31 10 12 27 13 -5 -14 16 -2 -17 19 20 36 32 -12 24 25 -7 -26 34 29 -23 45 -9 50 -34 -8 -24 -1 38 -13 40 41 47 -43 -44 -22 -11 -10 48 -3 54 -20 -30 -25 -54 -4 -39 -21 58 -6 -60 -51 -62
right_child=1 39 49 9 6 23 11 8 46 30 22 37 14 -15 -16 17 -18 -19 21 56 44 28 35 52 26 -27 -28 -29 51 -31 -32 -33 33 -35 -36 -37 -38 55 -40 -41 -42 42 43 -45 -46 -47 -48 -49 -50 60 -52 -53 53 -55 -56 -57 -58 -59 59 -61 61 -63
leaf_value=0.071617766236638583 0.029796262689155636 0.054576936541274816 0.04180627177056833 0.02334796078469999 0.059283777409621811 0.033569878395026224 -0.049356370807196744 0.093150263165418343 0.077486417020257672 -0.061966745021226212 -0.066403342491716394 0.073180895837286944 0.024034294419269846 0.0008531737948054499 0.051960599652594058 0.042439217173560057 -0.011382656356787171 -0.01253714837891467 -0.019080835238470026 -0.013464466973090124 -0.058059981565230789 0.012044162004132513 0.063015329693376393 0.071811511761240579 0.041773891019900242 0.052198197257509321 -0.074549939781886121 0.038731895424546754 -0.058164112387292077 0.053901249004907885 -0.060542104297749977 -0.070392198477448167 0.061247800725617502 -0.056664570102057069 0.092653994606739579 -0.051228343300491468 -0.056306680559057243 -0.10284257281426808 -0.060715723259597953 0.062688875998117136 0.065069521654208373 -0.068207692003944262 0.051934316660843138 0.011411012459384084 0.10219120316643682 0.077074926367585728 -0.051646728221498017 0.065352662411858678 0.0084344423336290275 -0.042207393633786644 0.10524041132204326 -0.0017470306713334317 0.072062233885096069 -0.047640572869594063 0.066344069749358484 0.066483222919066137 0.079655066901043278 0.06942558148784958 -0.059398918075470708 0.048964330053875904 0.017538507114241902 0.068062918195787969
leaf_weight=684.35058357566595 1733.2466054558754 786.19947525858879 502.1777687817812 46569.04561461322 3807.2575776260346 3806.8347496390343 336.3187472531572 19.333347141742706 176.14932829327881 28.390343531966209 42.133604580536485 297.13008953258395 5336.7889708578587 4365.8090653074905 2601.9727189093828 4429.1903959289193 903.75103290379047 304.48827873542905 1331.1381458491087 307.14917879924178 74.601496700197458 12221.260083103552 1489.6301152203232 1122.4152311393991 86.283678460866213 7571.7631562910974 160.38342866487801 118.73467592895031 148.32958494313061 434.42749098874629 267.08327613864094 396.64977126941085 169.5744045227766 52.726960316300392 23.441006854176521 34.397116201929748 25.941045045852661 21.097571806050837 21.8873196169734 9336.8350500315428 2968.932251945138 158.46505584567785 956.64040071517229 957.92456122022122 17.061773202382028 55.248086214065552 21.305754469707608 3093.9650195091963 217.09698779881001 33.567552387714386 17.354102205485106 147.11563767958432 84.777056707069278 48.103245863690972 1021.3834552653134 8.3427565097808856 19.790938843041658 2066.4548218250275 29.063360068947077 72.686099197715521 200.8914260417223 70.331311255693436
leaf_count=2068 3003 421 932 136332 1634 4737 1899 4 46 251 289 90 12573 29442 3296 4391 2841 972 15450 3339 682 81224 937 353 169 4938 1065 103 2377 1789 10972 5385 945 615 10 1508 263 479 1091 2527 781 687 646 3383 63 73 1227 812 306 115 111 1110 39 614 931 5 59 448 555 342 423 63
internal_value=0.031999 0.0491284 0.0218999 0.0211703 0.0430626 0.0388816 0.0558784 0.0265534 -0.0220002 0.0235251 0.0238886 0.010906 0.0230082 0.02142 0.0331933 0.0305974 0.0156826 0.0389 0.0120225 0.037636 0.056065 0.0100285 0.0569469 0.0465203 0.0442733 0.0459698 -0.0338355 -0.0203062 0.0124866 0.0134855 -0.0389974 -0.0625742 -0.0102296 0.0331296 -0.0398583 0.0604017 0.0668661 0.0537157 0.0638178 0.0582085 0.0536244 0.0481069 0.0240112 0.0316782 -0.0273967 0.0296448 0.0633375 0.0602882 0.0446158 0.0523748 -0.0174004 -0.030189 0.0672741 0.0286598 0.0582922 -0.0540873 -0.00758663 0.0620985 0.0582071 0.0176863 0.0226851 0.0308604
internal_weight=124413 46143.1 78269.7 76441.3 27667.1 20864.7 6802.41 7984.11 613.438 60790.5 60439.8 826.952 58873.6 50934.9 7938.76 7370.68 2637 4733.68 15650.8 1128.9 801.955 14521.9 1566.16 12880.6 11625.3 11378.6 246.667 478.494 12951.1 12655.7 350.722 415.983 1570.79 222.301 359.76 1524.03 710.292 348.458 319.017 18476.1 9139.22 6170.29 2073.03 1914.56 91.6633 83.6384 197.455 4097.26 1003.3 1828.35 1348.49 295.445 1255.3 132.88 1523.56 29.4403 326.94 5975.46 3909.01 101.749 304.79 271.223
internal_count=354235 46003 308232 305768 36440 29784 6656 17869 6662 195673 184377 3677 181643 165774 15869 11207 5844 5363 110095 6474 3076 103621 2734 11915 10909 9675 1234 2012 86500 83013 11296 5389 17121 1560 1909 2445 2331 1665 1181 9563 7036 6255 4716 4029 745 324 1273 1539 727 2464 15561 3487 1006 653 1863 484 3398 2979 2531 897 601 486
is_linear=0
shrinkage=0.05


Tree=27
num_leaves=63
num_cat=0
split_feature=27 27 0 7 4 27 26 28 9 14 8 28 26 27 5 16 29 25 29 1 28 4 27 20 27 1 27 29 28 1 9 8 26 25 1 28 10 29 29 27 2 16 10 1 29 26 28 25 1 29 26 13 1 1 28 0 16 3 26 1 16 0
split_gain=8343.18 1017.58 628.538 628.372 698.164 605.932 771.276 891.583 523.925 599.825 556.959 511.078 380.014 612.199 379.128 343.789 336.645 759.399 470.67 546.404 330.911 549.377 316.015 309.332 303.402 302.966 277.369 273.063 230.067 318.673 525.885 216.614 390.675 197.78 197.027 169.015 154.384 225.639 694.33 536.702 424.472 153.457 134.348 133.401 127.456 135.877 123.318 117.363 114.34 110.552 80.4772 71.0622 64.0629 62.1762 103.102 78.454 60.6756 54.3974 52.9288 48.2258 46.8307 45.259
threshold=5.7099997997283944 7.2500000000000009 5.4200000762939462 4.8949999809265146 68.500000000000014 4.4949998855590829 89.500000000000014 21.500000000000004 2.8000000715255742 1.5000000000000002 5.0699999332427987 72.500000000000014 18.500000000000004 3.2849999666213994 92.500000000000014 0.69592735171318065 3.9999998807907109 74.500000000000014 4.2000000476837167 31.003000259399418 5.5000000000000009 14.500000000000002 4.805000066757203 1.3977960348129275 4.3949999809265146 8.9724473953247088 6.9500000476837167 4.0500001907348642 8.5000000000000018 9.9984998703002947 3.3400001525878911 6.7500000000000009 69.500000000000014 14.500000000000002 111.00500106811525 189.50000000000003 4.5650000572204599 5.4500000476837167 3.8949999809265141 7.5499999523162851 23.500000000000004 0.49975961446762091 3.6999999284744267 24.752999305725101 3.6000000238418584 89.500000000000014 93.500000000000014 21.500000000000004 53.004999160766609 2.9050000905990605 1.5000000000000002 -0.57464289665222157 32.842000961303718 181.004997253418 2.5000000000000004 5.9500000476837167 0.34494900703430181 2.5000000000000004 408.50000000000006 55.003499984741218 0.13893903046846393 7.2500000000000009
decision_type=2 2 2 2 2 2 2 2 2 2 2 2 2 2 2 2 2 2 2 2 2 2 2 2 2 2 2 2 2 2 2 2 2 2 2 2 2 2 2 2 2 2 2 2 2 2 2 2 2 2 2 2 2 2 2 2 2 2 2 2 2 2
left_child=2 3 5 4 11 6 7 12 9 20 15 14 25 -14 27 -11 28 18 19 -18 22 -22 -7 43 56 -1 49 -2 29 -5 -31 46 -33 42 -28 59 37 38 44 60 -41 -25 -10 -8 45 -3 -30 -45 50 -13 61 -16 -20 54 -50 -56 -9 -26 -39 -19 -40 -4
right_child=1 36 48 16 -6 8 23 24 33 10 -12 26 13 -15 51 -17 17 35 52 -21 21 -23 -24 41 57 -27 34 -29 31 30 -32 32 -34 -35 -36 -37 -38 58 39 40 -42 -43 -44 47 -46 -47 -48 -49 53 -51 -52 -53 -54 -55 55 -57 -58 -59 -60 -61 -62 -63
leaf_value=-0.0077037150818306342 0.02940882686533642 0.052943357536039883 0.031715929909944478 0.059302175759145287 -0.062291918838659067 0.022975861915752203 -0.053710512412548254 0.10273516206539063 -0.061187525886634946 -0.055693089834449754 -0.054882491402397399 0.042541108176082372 0.073241976488382141 0.019630800859992029 0.082711610075093339 0.064449826581712541 -0.093499453077877395 -0.062729925750795348 0.064380169610958743 0.068969848843482437 0.028254940949409307 -0.01654628073962694 0.01053203987017122 -0.050055436877670806 -0.064651352147601732 0.012877994324160119 -0.072193734383320232 -0.023424323563283826 0.05046279685076082 0.035211689637766184 -0.037924962776946423 0.041157474985586279 -0.05010219962172139 -0.060102930856045823 0.093886083715474786 0.075640954459191487 0.061483257949519449 0.067752901109284017 -0.014147783171117014 0.038841555454903476 -0.035451961216137327 0.077074933910264556 0.072013082532260256 -0.061205612168713674 0.063951053126978061 0.008040397299572722 0.061744320207710035 -0.003565204753258821 -0.076119130918617883 0.066213528375184377 0.062716686712504577 -0.06888954975661131 0.021410707584882893 0.04008529481625886 -0.039902446469517149 0.057893818103178112 0.15658033791984605 0.063142081595457478 0.052013325463148845 0.033248141225525787 -0.080412790296438816 0.081531336497111015
leaf_weight=2027.3816536962986 6041.3512803129852 770.37101027369499 406.51727983355522 1057.1983181424439 197.02425559796393 13825.15339253284 504.59335057716817 132.44601187855005 27.353343153372407 61.094000819139183 112.031528593041 810.0451245456934 561.14029437676072 10191.004305000417 7.4017686396837226 1582.5228206049651 120.19275152310729 264.95295152207837 748.91714250668883 89.35480523109436 22904.425051705912 704.58738584071398 8093.1802512984723 30.450498263351619 26.220866128802299 15088.229547377676 70.167163806036115 254.06168434023857 9311.5950384065509 1927.7462292686105 280.78505665436387 1047.0067446380854 131.14801515638828 255.87420622166246 22.880888238549232 24.928185448050499 9051.2046238332987 2138.0595682114363 34.971882566809654 1682.1301701469347 216.19514802005142 97.555156817659736 56.218668594956398 114.40102195180953 3005.9459877163172 216.41651248931885 3321.7274276018143 377.73271263204515 35.807472079992294 1303.0599881317466 1070.973043166101 120.16474499739707 99.944370053708553 181.50370788574219 30.829152032732964 56.910103812813759 102.4588313549757 11.048800639808176 744.9508755505085 13.100096871145068 121.19746693223715 51.247638672590256
leaf_count=19720 9594 421 865 560 3966 41825 12473 184 251 1353 695 683 909 43459 2 784 542 4638 286 89 50144 5819 25275 1260 149 86031 443 898 7360 2107 886 848 363 10972 7 15 2527 402 96 2833 1196 50 73 931 812 306 1025 3319 165 576 987 1294 209 276 101 59 53 39 379 49 591 11
internal_value=0.0305163 0.0476257 0.0206818 0.041532 0.0305523 0.0199911 0.0143276 0.0159507 0.023471 0.0239157 0.0525923 0.0326797 0.0150688 0.0224357 0.0255397 0.0599499 0.0467855 0.0228262 0.0428035 -0.0241974 0.0228086 0.026917 0.018382 -0.026256 0.105849 0.0104394 0.0534437 0.0272725 0.0486938 0.0367282 0.0258981 0.0515198 0.0309607 -0.0383417 -0.0307368 -0.0468554 0.0568624 0.0521721 0.0466624 0.0230238 0.0303636 0.0466403 0.028149 -0.0356602 0.0588158 0.0431187 0.0534341 -0.0170713 0.0496089 0.0571656 0.0551893 -0.0594794 0.059358 0.0215374 -0.00577435 0.0234121 0.126806 -0.0259756 0.0637071 -0.0580872 -0.0657899 0.0374693
internal_weight=123967 45246.2 78720.9 27264.8 8826.16 76887.1 29264.7 28139.9 47622.4 47283 1755.65 8629.13 27867.8 10752.1 6422.98 1643.62 18438.6 1361.39 1058.41 209.548 45527.3 23609 21918.3 1124.73 272.175 17115.6 2206.15 6295.41 17077.2 3265.73 2208.53 13811.5 1178.15 339.446 93.0481 302.981 17981.4 8930.24 6047.23 2054.49 1898.33 128.006 83.572 996.727 3992.73 986.788 12633.3 492.134 1833.79 2113.11 1528.74 127.567 848.862 305.05 123.547 87.7393 234.905 37.2697 2883.01 278.053 156.169 457.765
internal_count=354235 46003 308232 36440 17463 305768 168577 150544 137191 125895 2832 13497 150119 44368 11788 2137 18977 5828 1126 631 123063 55963 67100 18033 425 105751 1709 10492 13149 3553 2993 9596 1211 11296 450 4702 9563 7036 6255 4716 4029 1310 324 16723 1539 727 8385 4250 2464 1259 1863 1296 495 601 325 160 237 188 781 4687 687 876
is_linear=0
shrinkage=0.05


Tree=28
num_leaves=63
num_cat=0
split_feature=28 2 10 0 26 28 26 28 26 10 30 12 15 25 7 26 0 26 0 26 4 26 12 30 22 0 19 24 15 25 30 25 21 23 24 21 25 9 23 11 28 25 7 28 20 23 25 26 24 4 0 10 15 24 0 20 15 7 23 28 23 30
split_gain=6596.25 1928.89 976.156 880.988 555.598 555.039 612.161 498.196 477.979 441.693 735.825 621.027 563.661 396.909 355.876 321.149 325.287 316.495 573.23 286.111 281.236 255.934 369.837 219.89 218.151 216.305 214.872 183.638 182.597 171.216 148.788 146.336 132.244 134.713 169.199 128.187 113.843 254.767 130.355 112.833 118.551 111.884 110.616 96.7901 92.188 145.347 88.8779 67.2408 66.4139 66.1888 63.9631 63.3827 100.471 53.9643 48.8197 46.8784 105.555 75.8748 61.2341 40.091 60.774 37.3258
threshold=19.500000000000004 3.5000000000000004 4.5650000572204599 4.7099997997283944 982.50000000000011 128.50000000000003 422.50000000000006 1.5000000000000002 147.50000000000003 2.7474999427795415 134.22163391113284 2.0849295854568486 32.500000000000007 62.500000000000007 6.3500001430511483 94.500000000000014 3.0949999094009404 8.5000000000000018 3.495000004768372 1.5000000000000002 9.5000000000000018 37.500000000000007 1.2394901514053347 0.30601347982883459 18.851284980773929 5.5199999809265146 0.3751749992370606 -7.4940993785858145 7.5000000000000009 103.50000000000001 522.31130981445324 35.500000000000007 223414280.00000003 0.37541390955448156 -6.5959999561309806 0.73575523495674144 251.50000000000003 3.1999999284744267 8055212.7500000009 2.5000000000000004 9.5000000000000018 15.500000000000002 2.7949999570846562 6.5000000000000009 0.196650005877018 0.033846857026219375 32.500000000000007 1.5000000000000002 -1.5999999642372129 39.500000000000007 7.2500000000000009 2.617499947547913 7.5000000000000009 3.6000000238418584 4.9949998855590829 0.19075892120599749 7.5000000000000009 5.2650001049041757 1.2113521695137026 56.500000000000007 0.20327654480934146 512.35302734375011
decision_type=2 2 2 2 2 2 2 2 2 2 2 2 2 2 2 2 2 2 2 2 2 2 2 2 2 2 2 2 2 2 2 2 2 2 2 2 2 2 2 2 2 2 2 2 2 2 2 2 2 2 2 2 2 2 2 2 2 2 2 2 2 2
left_child=1 3 4 7 5 6 15 17 20 32 11 12 13 -11 -13 41 -17 18 19 -1 23 27 -23 -9 -16 26 -5 -19 -22 -10 -20 35 33 34 -3 44 37 49 -39 40 -28 -2 -41 -31 59 -46 -47 50 -8 -7 61 -35 -53 -12 -14 -37 58 -58 -57 60 -4 -27
right_child=2 9 31 25 -6 36 48 8 29 10 53 14 54 -15 24 16 -18 21 30 -21 28 22 -24 -25 -26 47 39 -29 -30 43 -32 -33 -34 51 -36 55 -38 38 -40 42 -42 -43 -44 -45 45 46 -48 -49 -50 -51 -52 52 -54 -55 -56 56 57 -59 -60 -61 -62 -63
leaf_value=-0.040404869321250945 0.03491332627116614 0.14454941373117799 -0.020066984253842034 0.052743648610239481 -0.051155307942389039 0.054035101467573371 0.040563569732487821 0.036081172606975027 -0.048275818682093907 0.035707746349732637 -0.057544765714906521 -0.084259019752810652 -0.059156941724028959 0.05909402914240091 0.090007124838641109 0.046008653900118629 0.021623179048532736 0.091458748546116853 0.0080159286291338755 -0.004976632183215448 -0.023995283783370847 -0.010226713679084972 0.046110678305825881 0.01986955109402723 -0.039553406901596644 0.030356117388498156 0.024132137717755034 0.019737365622502376 0.025282643483213515 0.083407262060533255 0.024461151057724694 0.059799172469597463 -0.038772839199251563 0.089371253140606788 -0.053817452093974066 0.056683321124083669 0.064274819734093533 -0.081145732281755756 0.024679524492162045 0.068452861499069442 0.04466126070498478 0.047578668133462045 -0.041237078622784175 -0.038876610224760189 0.045529234244288924 -0.1206818147116005 0.022439141570648493 0.055825978065074014 -0.055046174858917753 0.032531320209658703 0.075436668352414221 0.019306884714337891 0.065615356695654534 0.045081455788976738 0.066006705674681115 0.014682278571461283 0.031013818648901282 -0.067762658766185771 0.056235044905864354 0.050722374224643832 0.034613538547582763 -0.029023452061584749
leaf_weight=707.74185179919004 2541.3556462228298 12.806158065795897 57.321474358439445 886.24765105545521 164.49644627049565 3110.0022424664348 19.174407532438636 2199.6902908869088 343.53272623382509 7442.0492650214583 220.89689793251455 159.17440847400576 152.45799874700606 2404.9075389420614 66.039693545550108 1944.0218048891984 4626.6029230258428 89.391351655125618 4746.0968438275158 2912.7863711975515 584.76347767654806 1566.9861021842808 356.78157713636756 43224.590997788124 62.149242936633527 406.30194735527039 4518.3551159054041 7919.358059309423 275.81692479457706 42.635748412460089 1937.5842265337706 11133.70820024237 31.5674963388592 250.35042247921228 47.557916639372706 2416.51122931391 1918.9462969135493 52.569397300481796 62.844946086406708 28.062343832105398 835.23805841803551 5700.7172537110746 109.18773174099624 24.90146828815341 49.93443363904953 32.67482390999794 15.514622792601584 1268.2010177969933 201.77714065089822 412.13056072592735 78.88295117020607 128.50309477746487 1498.2544260406867 12.824198413640259 7.367894582450389 109.78730300068855 42.261583887040615 34.325007028877735 487.61688370257616 332.62417344748974 403.98322224617004 27.446257904171944
leaf_count=9176 3683 2 130 854 13486 1786 26 3488 6522 11650 4078 960 1817 2842 35 2868 13845 189 28601 24697 3028 12103 1684 117328 754 763 12461 38029 1072 107 10938 3501 189 241 1472 1173 699 194 69 36 993 5691 367 179 30 146 19 1173 5601 398 21 711 949 61 4 147 47 107 259 209 458 89
internal_value=0.0291177 0.021721 0.0471773 0.0186934 0.0401329 0.0408649 0.0358681 0.016802 0.019642 0.0399095 0.0358365 0.0378298 0.0399118 0.0414253 -0.0345393 0.0371014 0.0288447 0.010248 0.00410762 -0.0119128 0.020119 0.0166166 0.000237538 0.0206555 0.0273342 0.0342068 0.0298932 0.0205498 -0.00818484 -0.0339749 0.0127871 0.0568457 0.0616549 0.0633129 -0.0099829 0.0485747 0.0543745 0.0491341 -0.0237622 0.0261952 0.0273437 0.0436788 -0.0184406 0.038338 0.0318015 -0.0137642 -0.0749828 0.0496253 -0.0465812 0.0515303 0.0341969 0.0656767 0.0619745 -0.0517243 -0.0529813 0.0534027 0.0415665 -0.0134947 0.0486444 0.0374496 0.0277794 0.0265291
internal_weight=123458 87587.5 35870.9 75090.6 20754.6 20590.1 15033.6 66932.7 46695.9 12496.9 10527.9 10294.1 10006.8 9846.96 287.363 14812.7 6570.62 20236.7 10304.2 3620.53 46284.9 9932.52 1923.77 45424.3 128.189 8157.92 6377.09 8008.75 860.58 411.07 6683.68 15116.3 1969.04 1937.47 60.3641 3982.55 5556.49 3637.55 115.414 5490.84 5353.59 8242.07 137.25 67.5372 892.053 98.1239 48.1894 1780.83 220.952 3522.13 512.631 1877.11 1626.76 233.721 159.826 3090.5 673.991 76.5866 597.404 793.929 461.305 433.748
internal_count=354235 299663 54572 273898 48346 34860 31714 257141 131724 25765 22201 18062 16313 14492 1749 26087 16713 125417 73412 33873 124916 52005 13787 120816 789 16757 14711 38218 4100 6808 39539 6226 3564 3375 1474 2725 3146 2447 263 13857 13454 9374 403 286 992 195 165 2046 5627 2184 873 1901 1660 4139 1821 1733 560 154 406 797 588 852
is_linear=0
shrinkage=0.05


Tree=29
num_leaves=63
num_cat=0
split_feature=28 2 23 28 4 28 30 29 26 29 15 30 9 9 26 22 23 20 29 29 11 26 29 22 25 29 28 26 26 28 26 9 29 29 30 26 29 15 24 29 24 4 22 25 29 29 29 26 11 15 30 6 26 26 26 22 22 2 28 23 13 23
split_gain=6328.85 1820.17 827.388 575.077 822.737 508.517 651.744 506.25 794.511 481.021 410.678 764.615 407.792 852.184 365.171 331.364 320.146 315.764 453.624 599.308 378.055 307.615 387.192 304.716 259.643 1125.32 347.922 257.363 253.571 248.549 244.156 241.576 310.022 310.542 211.297 205.839 502.543 286.579 188.66 186.787 185.169 177.501 175.606 169.329 161.171 160.657 267.105 298.07 156.484 154.118 153.529 134.498 129.458 124.912 130.14 122.124 111.507 109.09 106.744 106.317 104.689 103.413
threshold=19.500000000000004 3.5000000000000004 8020.3815917968759 85.500000000000014 54.500000000000007 2.5000000000000004 0.53537723422050487 2.3000000715255742 88.500000000000014 0.98499989509582531 7.5000000000000009 0.53537723422050487 3.8050001859664921 3.3400001525878911 147.50000000000003 18.727571487426761 0.37541390955448156 0.30361397564411169 5.4500000476837167 4.3499999046325692 6.5000000000000009 116.50000000000001 4.3499999046325692 18.851284980773929 6.5000000000000009 1.6950000524520876 9.5000000000000018 38.500000000000007 119.50000000000001 3.5000000000000004 982.50000000000011 1.0050001144409182 2.2100000381469731 2.2849999666213994 22.528441429138187 22.500000000000004 1.1999999284744265 1.0000000180025095e-35 0.5000000298023225 5.6500000953674325 -7.4940993785858145 1.5000000000000002 14.050156116485597 103.50000000000001 0.99999988079071056 4.2999999523162851 5.4500000476837167 129.50000000000003 2.5000000000000004 3.5000000000000004 689.14160156250011 21.500000000000004 18.500000000000004 75.500000000000014 61.500000000000007 18.251743316650394 15.858489990234377 21.500000000000004 8.5000000000000018 7.9432756900787362 0.13000003248453143 3740.119506835938
decision_type=2 2 2 2 2 2 2 2 2 2 2 2 2 2 2 2 2 2 2 2 2 2 2 2 2 2 2 2 2 2 2 2 2 2 2 2 2 2 2 2 2 2 2 2 2 2 2 2 2 2 2 2 2 2 2 2 2 2 2 2 2 2
left_child=1 5 3 4 7 27 38 8 9 -2 11 44 13 28 24 16 60 -4 19 20 51 57 -23 -14 26 -26 -8 35 -13 -15 45 32 41 -34 -10 40 37 -37 -7 61 50 -29 -38 -16 59 -5 47 -47 -42 -46 -1 -19 -18 54 -33 -54 -21 -9 -51 -3 -12 -6
right_child=2 10 17 30 39 6 14 21 34 -11 15 12 23 29 43 -17 52 18 -20 56 -22 22 -24 -25 25 -27 -28 31 -30 -31 -32 53 33 -35 -36 36 42 -39 -40 -41 48 -43 -44 -45 49 46 -48 -49 -50 58 -52 -53 55 -55 -56 -57 -58 -59 -60 -61 -62 -63
leaf_value=0.014720830888197652 0.066122252719956545 0.080499968911210196 0.055437940279192237 0.052552950179373531 -0.063222528397197372 0.044308795526018373 0.019786800575941937 0.050910412219310419 -0.042253549173140378 0.020339436191308888 -0.05443053630769136 0.020355219754688909 0.068914426396005327 0.017179393854283659 -0.046745718684156175 -0.085460743658592825 -0.034139069487306314 0.045248774919369239 0.067053783333535733 0.058525957377103234 -0.10097992528165947 0.0014309847046053517 0.051839131541499162 -0.027093244173868509 -0.0081927524782435691 0.022503935340202855 0.034119298905474313 -0.0027853025072944442 -0.056918547720098682 -0.093554642076024069 -0.051456421159732771 0.012588050801139301 0.1157511257080341 0.001017874102491012 0.0050793028208354534 0.037458321710045026 0.020131975849899883 0.094059597223030741 -0.0060536966173151035 0.066540434845641011 0.012733359175183954 -0.033563305114419691 -0.011239079143917613 0.042529892449287114 0.051412126142878337 0.060651061611696824 0.047120737851517436 -0.062328906045637504 -0.027164297153166664 -0.051045482635442618 0.14441416667301765 -0.025746943155771154 0.057016157145481194 -0.035094946862274025 0.071140256850047601 0.0032320011024075143 -0.070323642339760614 0.016026263057848253 0.027803768849157501 -0.061166501556938306 0.14036460022327371 0.032447532818781252
leaf_weight=43.621638603508472 763.468655154109 16.500079602003098 16109.465498801321 6136.9717817064375 303.01445666188374 3399.5826329383999 18421.565442491323 4198.9543920680881 514.19090969022363 2308.4806177541614 85.626456265337765 3124.840066765435 529.23407588899136 63.914007198065519 295.30137027427554 43.056670256890357 39.94248178601265 818.7653961549513 640.43430328369141 17.524319067597389 49.658018653281033 884.37156915571541 668.57433527894318 97.267748847603798 3977.4865614352748 11963.648554494604 5503.1908954158425 1095.0817570537329 108.92041486594826 237.2965015117079 59.111043592914939 189.31764891371131 91.668309645727277 162.51093801669776 434.07675223611295 814.50371271371841 1918.272761631757 309.11455203965306 196.28918308392167 34.413899898529053 25044.032014377415 818.41523806750774 580.23062015511096 63.832701362669468 3674.0386693933979 74.979759871959686 516.47027149796486 139.25611083116382 247.21692714095116 53.350406834855676 47.657971054315567 71.893043682910502 3901.3026483925059 59.903457334265113 190.8383888117969 108.80804947018623 201.13518876163289 238.40285382419825 203.19418138079345 53.840743541717529 6.5293891206383696 30.459497785195708
leaf_count=118 835 10 7203 3599 13295 4214 44807 3161 4907 4214 3174 8157 142 146 5663 313 138 1127 117 31 564 3917 579 777 18200 27320 9027 6664 2500 1161 2349 806 164 804 3127 3374 7117 880 460 6 129980 8299 2820 224 2798 31 301 1143 1504 219 56 453 5551 1087 310 184 3217 329 281 196 18 67
internal_value=0.0277729 0.0205887 0.0456802 0.0378775 0.0304242 0.0176752 0.0211623 0.0331242 0.0193892 0.0317372 0.0383845 0.0318457 0.0168327 0.010234 0.019338 0.0511251 0.0525663 0.0532171 0.0333124 0.0146214 0.0319671 0.0423364 0.0231553 0.0539813 0.0197905 0.0148444 0.0230851 0.0128406 0.0177341 -0.0700623 0.049038 -0.00220281 -0.0090642 0.0427068 -0.0205988 0.0141933 0.025345 0.0531039 0.0415573 -0.0429218 0.0126008 -0.0159625 0.0128431 -0.0307899 0.0474519 0.0499111 0.0276748 -0.0191825 0.0123421 0.0487958 0.0833203 0.03949 0.0546652 0.0315281 0.0421039 0.0555592 -0.0597549 0.0490414 0.0112525 -0.0272027 -0.0392167 -0.0543982
internal_weight=122995 87780.9 35214.1 17305.2 10378.4 75433.3 43820.9 10010.5 4020.22 3071.95 12347.7 8162.4 4161.47 3534.97 40225 4185.27 4142.21 17908.9 1799.41 1158.98 940.316 5990.3 1552.95 626.502 39865.9 15941.1 23924.8 31612.4 3233.76 301.211 6926.79 2607.74 2167.68 254.179 948.268 29004.7 3622.12 1123.62 3595.87 367.888 25382.5 1913.5 2498.5 359.134 4000.92 6867.68 730.706 214.236 25291.2 3930.58 91.2796 890.658 4050.05 440.059 380.156 4010.11 218.66 4437.36 256.545 70.3408 92.1558 333.474
internal_count=354235 299663 54572 41860 34437 273898 109915 21069 13083 5049 25765 16387 12883 11964 105241 9378 9065 12712 5509 5392 2144 7986 4496 919 99354 45520 53834 163983 10657 1307 7423 18134 15931 968 8034 145849 14191 4254 4674 13368 131658 14963 9937 5887 3504 5074 1475 1174 131484 3298 174 1580 5873 2203 1116 5735 3248 3490 500 206 3192 13362
is_linear=0
shrinkage=0.05


Tree=30
num_leaves=63
num_cat=0
split_feature=27 27 7 0 28 1 28 15 22 10 25 16 28 1 12 12 1 6 3 15 27 12 25 0 27 27 21 24 16 28 27 3 22 1 10 27 0 28 27 3 0 28 1 17 27 25 10 24 18 3 23 28 25 16 27 27 1 1 27 28 6 27
split_gain=7258.49 1090.93 619.962 511.501 514.449 506.712 439.592 387.894 362.305 334.072 326.446 473.774 444.76 397.153 544.156 242.071 591.46 358.966 443.002 300.574 235.445 225.722 220.373 295.43 309.305 294.306 264.236 208.756 196.453 191.756 182.631 174.61 173.491 171.671 162.672 161.999 708.567 253.055 214.274 343.702 141.841 135.643 144.242 135.362 115.66 134.934 111.42 106.353 91.3579 87.5808 87.1633 83.0786 97.1519 179.31 81.1563 82.365 77.774 180.834 76.841 74.4451 71.7308 137.383
threshold=5.7099997997283944 7.2500000000000009 4.8949999809265146 4.805000066757203 3.5000000000000004 8.0009999275207537 72.500000000000014 9.5000000000000018 17.814597129821781 2.8925000429153447 62.500000000000007 0.90061727166175853 6.5000000000000009 25.005000114440922 1.1842840909957888 1.4358117580413821 50.004999160766609 22.500000000000004 67.500000000000014 1.0000000180025095e-35 5.2650001049041757 1.7806549072265627 2.5000000000000004 3.9550000429153447 2.5749999284744267 4.7900002002716073 958644512.00000012 -18.989995956420895 0.31582272052764898 48.500000000000007 6.9500000476837167 42.500000000000007 17.037085533142093 8.9724473953247088 4.5650000572204599 8.1500000953674334 3.495000004768372 29.500000000000004 7.3500001430511483 39.500000000000007 5.9500000476837167 8.5000000000000018 386.98200988769537 2.9880000352859502 6.9500000476837167 51.500000000000007 4.2550001144409189 -0.1368540823459625 58.744079589843757 10.500000000000002 0.13847175240516665 55.500000000000007 243.50000000000003 0.13893903046846393 4.680000066757203 4.4949998855590829 24.752999305725101 29.003000259399418 5.9500000476837167 8.5000000000000018 4.5000000000000009 5.2650001049041757
decision_type=2 2 2 2 2 2 2 2 2 2 2 2 2 2 2 2 2 2 2 2 2 2 2 2 2 2 2 2 2 2 2 2 2 2 2 2 2 2 2 2 2 2 2 2 2 2 2 2 2 2 2 2 2 2 2 2 2 2 2 2 2 2
left_child=3 2 5 4 7 46 21 22 10 28 13 12 -12 14 -6 29 17 19 -19 -17 -15 31 23 24 -1 27 -27 -24 -9 43 49 -7 -13 -25 35 36 37 -3 -38 -40 41 42 56 58 -31 -46 47 59 -10 -8 -32 -37 53 -53 55 -43 -5 -58 -4 -2 -56 -62
right_child=1 34 15 40 8 6 30 9 48 -11 11 32 -14 20 -16 16 -18 18 -20 -21 -22 -23 25 33 -26 26 -28 -29 -30 44 50 -33 -34 -35 -36 51 38 -39 39 -41 -42 54 -44 -45 45 -47 -48 -49 -50 -51 -52 52 -54 -55 60 -57 57 -59 -60 -61 61 -63
leaf_value=-0.034326601935765359 -0.090058043536316953 0.027938691345470831 0.018486588134399278 0.031439747347695939 0.016833533248888543 0.023767676962854718 0.05393357733859732 -0.037152147984179401 -0.079769297821132443 -0.061803292937538702 0.057409278210488225 0.064232602615488563 -0.04371360435819506 0.021464971945442776 -0.014284079991638561 0.022095363175809013 -0.081412734802152387 0.023242119724025567 -0.071161885894902327 0.047799620840429657 0.034620462457982171 -0.058979439473207086 0.09494434285028959 -0.036412005872614436 0.0035405785423747779 -0.0081718906240035114 0.033986865822587663 0.018029222865463854 0.058814400676691851 0.056228927179624383 -0.066791541705357046 -0.071412746731209925 0.010737016873077905 0.014406583101544787 0.058394941881578816 0.065941802719137299 0.058057264119350464 -0.065436517967988203 0.039998567547591263 -0.075970933821486078 0.052134105798144176 0.045371874021495701 -0.051856997651087845 0.049833876584566686 0.04866777115730285 -0.048879160601154784 0.041510800113468194 -0.057637113053622235 0.088595102553401556 0.0033606292708313898 0.030997913863260614 0.059046397533448626 0.060775335463891515 0.014585519617812943 0.052296829972501895 -0.088040249143009106 -0.07650291814488025 0.020081477813200813 0.038041083651746077 0.022870792338136051 -0.079421124088572229 0.035354087378222404
leaf_weight=578.17794071137905 16.618514973670244 115.03427951782942 646.2895747423172 2328.4918840546161 9993.0321932733059 5974.5108199696988 1897.3000781312585 56.34353500045836 106.88850793242455 68.051420564763248 182.94553581252694 1143.9612733200192 264.92324562370777 19809.029227243736 1633.763406496495 1512.9166210144758 105.84130161022767 745.98079208703712 148.06623126845807 4623.6127569684759 4111.7458281703293 84.187298530712724 87.856500022113323 167.98194980621338 7822.7491276953369 1983.4532428579405 456.31895797140896 14275.39503969904 813.28320949431509 4562.4517727643251 47.624236281961203 47.610449365805835 175.4625079780817 10106.560539370403 8247.4017376452684 1474.2870730906725 2403.3655230756849 193.17179499287158 2277.051873896271 64.811152573674917 759.26615405082703 21.906901273876429 60.054009020328522 2386.0512007027864 91.073992043733597 56.650886103510857 47.308791443705559 241.1287519838661 7.8663676083087912 90.016108504030854 41.970021722838283 481.26601581275463 1003.9396560043097 430.36064745485783 938.13544883299619 22.436269722878933 49.06668221950531 1524.1818994879723 2322.5533569604158 83.944245646707714 28.515070594847202 224.0008443268016
leaf_count=7512 87 163 844 5938 33801 10466 1077 2123 3887 1071 541 537 10237 47052 8810 2707 508 952 3451 4836 6316 826 166 1238 50032 8150 1290 67072 981 1761 228 523 849 43697 2541 302 889 2190 2006 520 743 40 255 1376 58 169 53 3196 4 636 101 167 281 561 948 98 233 3915 2138 255 134 361
internal_value=0.0267214 0.043422 0.036969 0.0178341 0.0166967 0.025977 0.0286283 0.0124647 0.0208134 0.0441936 0.021087 0.0420627 -0.00235989 0.0200429 0.0124597 0.0424447 0.0353854 0.0371558 0.00753992 0.0414679 0.0237278 0.0218621 0.0116248 0.00788569 0.000930071 0.0157795 -0.000274051 0.0185066 0.0525554 0.0474454 0.0484993 0.0230026 0.0571358 0.0135718 0.0533836 0.0484816 0.0427834 -0.0305915 0.0475556 0.0367559 0.0319304 0.0289682 0.0244437 0.0409498 0.0548188 0.0111488 -0.0297159 -0.0396845 -0.0675192 0.0516482 -0.0210908 0.0569595 0.050013 0.0381018 0.0434471 -0.0224732 0.0256323 0.0170193 0.0337936 0.00345652 0.0459232 0.0221114
internal_weight=122266 42464.4 25773.7 79801.8 73845.8 8572.22 8183.22 36416.2 37429.6 937.678 37314.9 1767.29 447.869 35547.6 11626.8 17201.5 7136.42 7030.58 894.047 6136.53 23920.8 6106.31 35478.5 18675.5 8400.93 16803 2439.77 14363.3 869.627 10065.1 2076.91 6022.12 1319.42 10274.5 16690.7 8443.29 5053.43 308.206 4745.23 2341.86 5956.06 5196.79 3961.79 5354.89 4710.18 147.725 389 341.692 114.755 1987.32 89.5943 3389.85 1915.57 911.627 1234.99 44.3432 3901.74 1573.25 2968.84 100.563 1190.65 252.516
internal_count=353899 45868 36248 308031 295366 17448 13857 183332 112034 4175 108143 12164 10778 95979 42611 18800 12454 11946 4403 7543 53368 11815 179157 102479 57544 76678 9440 67238 3104 6346 2042 10989 1386 44935 9620 7079 5768 2353 3415 2526 12665 11922 10341 4358 1988 227 3591 3538 3891 1713 329 1311 1009 728 1581 138 10086 4148 2982 342 1443 495
is_linear=0
shrinkage=0.05


Tree=31
num_leaves=63
num_cat=0
split_feature=22 28 28 21 28 20 0 0 5 3 10 20 16 20 24 4 26 26 4 26 0 18 1 20 25 1 28 20 25 25 16 20 15 12 5 25 26 23 26 0 23 22 28 28 10 11 24 23 10 5 0 3 25 20 3 1 26 25 16 10 20 5
split_gain=5727.13 1087.41 725.385 705.947 377.94 353.16 349.838 342.014 325.022 399.625 385.448 303.788 303.252 316.945 298.624 386.354 281.773 254.332 252.28 246.717 515.215 235.326 221.876 213.779 378.801 210.142 209.595 201.839 209.775 188.075 185.842 184.818 507.642 183.922 171.012 170.755 158.08 155.947 155.036 150.768 140.995 122.126 111.756 108 105.039 104.371 183.397 100.674 168.951 96.4641 141.833 91.1563 76.4883 76.2388 83.9731 75.7473 71.3035 66.2543 65.5795 65.204 56.5661 47.1318
threshold=16.37153244018555 45.500000000000007 4.5000000000000009 1.7673525810241701 68.500000000000014 0.31792026758193975 4.4949998855590829 5.8500001430511483 44.500000000000007 4.5000000000000009 3.5325000286102299 1.8485425710678103 0.75066137313842785 0.34743556380271917 0.070776779204607024 32.500000000000007 108.50000000000001 303.50000000000006 14.500000000000002 12.500000000000002 3.804999947547913 1.8696430921554568 4.6714999675750741 0.65452513098716747 80.500000000000014 56.010000228881843 47.500000000000007 0.19231788069009784 216.50000000000003 18.500000000000004 0.042518425732851035 1.0431783795356753 31.500000000000004 1.4952363371849062 8.5000000000000018 32.500000000000007 145.50000000000003 0.50255805253982555 189.50000000000003 5.5199999809265146 280.47018432617193 16.077147483825687 15.500000000000002 8.5000000000000018 4.6000001430511483 4.5000000000000009 0.075273271650075926 7507124212989953 4.6549999713897714 8.5000000000000018 4.7099997997283944 7.5000000000000009 3.5000000000000004 1.1994648575782778 3.5000000000000004 120.61000061035158 238.50000000000003 220.50000000000003 0.71473780274391185 4.5025000572204599 0.31299935281276708 50.500000000000007
decision_type=2 2 2 2 2 2 2 2 2 2 2 2 2 2 2 2 2 2 2 2 2 2 2 2 2 2 2 2 2 2 2 2 2 2 2 2 2 2 2 2 2 2 2 2 2 2 2 2 2 2 2 2 2 2 2 2 2 2 2 2 2 2
left_child=2 3 7 17 6 27 8 11 9 10 -4 16 13 25 15 -7 19 23 52 20 -1 31 -21 24 35 44 30 -3 33 39 -10 32 -14 59 38 -2 -35 -13 -18 -23 -27 -11 -26 47 -5 46 -25 48 -8 55 -51 -28 -6 54 -15 -45 57 -16 -55 -29 -54 -17
right_child=1 5 4 12 18 14 43 -9 26 41 -12 37 21 53 56 61 34 -19 -20 22 -22 29 -24 45 42 40 51 28 -30 -31 -32 -33 -34 36 -36 -37 -38 -39 -40 -41 -42 -43 -44 49 -46 -47 -48 -49 -50 50 -52 -53 60 58 -56 -57 -58 -59 -60 -61 -62 -63
leaf_value=0.00030561042817643842 0.011208839004282815 0.057571996447224431 0.022830479472685895 0.02049356588970741 -0.014980971184045948 0.044395506242233318 0.024251691150165764 0.049204906450881464 0.050551544238898682 0.049324303894689087 0.0093584311048948224 -0.053395163817521255 0.042972898112216329 0.020246456384376624 -0.052796193192976931 0.0049990416437276329 -0.026842406233145318 -0.0548719337244633 -0.040971771037686185 0.035898915409187181 0.01525095307454259 0.0077441400889779882 0.015666770226238188 -0.067363883036080111 0.026756208970332814 -0.00099690613379190018 0.041532469260912613 0.040364437083804112 0.059192772773528163 0.0415599765841424 -0.03386965848221947 0.065200190046753939 -0.037039947367737511 0.032479191095853996 -0.050675103230149857 0.035741168423812614 -0.01723122873648741 0.065536956703184088 0.082002222024100291 0.070204246845721324 -0.10821328447830061 0.015036133793870088 -0.08015452927833655 0.046301898511734926 0.041873542824526516 0.049079256279471989 0.057789620607284736 0.07263752238794273 -0.089386574383981343 -0.0065360772293517168 0.042140356280226943 -0.063536980888869735 0.04393879894246025 -0.047778413256098697 -0.064285577844314615 0.028558982918737909 0.054414798102974865 0.052558053005844832 0.073854397126435864 0.051057873177142936 0.063393491272161914 -0.05835289050913213
leaf_weight=9244.3228619247675 2969.6167214158922 7721.0710702836514 17220.122637398541 1057.4678992070258 46.335328757762909 187.5664241425693 2607.4029128123075 657.99264757335186 72.328147574327886 1460.3760894583538 7680.9363017957658 29.032363879494369 12413.665240633301 35.987949520349503 31.585600567981601 33.50401465408504 78.647896597161889 119.45899430662394 82.220564305316657 1473.8999572480097 15330.481183677912 1159.13495035097 16856.010378684849 55.201778741553426 29.31698655616492 173.60002015531063 204.21725650317967 3205.9316783808172 2423.5223858207464 1057.2655583498999 590.48371415678412 899.60277527011931 200.66408022027463 667.21037258952856 279.92780016921461 932.12948357034475 209.39993554726243 363.91808732412755 54.556311428546906 104.48215006291866 36.27216874808073 317.71067775040865 132.65578408539295 2236.2629876434803 1269.6558204367757 707.88863506168127 60.083134893327951 104.89391067624092 32.146417692303658 279.15451404172927 320.61730190273374 22.024657190777361 1293.8778026718646 17.680026510730386 147.93006535898894 834.48308724164963 416.43366771377623 26.522994205355644 26.393407363444567 2636.8914400152862 539.784284979105 220.56287859287113
leaf_count=63222 5929 2617 40513 1771 93 190 4914 682 297 3155 23180 584 12312 82 129 75 797 8979 1379 5252 59706 2374 65220 460 171 359 420 2664 731 1195 9173 327 949 653 7703 1225 475 244 197 47 157 884 746 2355 1362 1294 73 74 132 671 424 535 1243 2385 1630 1272 278 12 5 1279 457 6186
internal_value=0.0255111 0.0406209 0.0177244 0.0335834 0.0230041 0.0499617 0.0217706 0.0134466 0.0193215 0.0203127 0.0186757 0.0129071 0.0380697 0.0227737 0.0196918 -0.00988368 0.0125091 0.0169106 0.0443424 0.0129051 0.0096294 0.0407387 0.0172958 0.0186772 0.0139619 0.0278512 -0.0104053 0.0516046 0.0465589 0.0260052 -0.0245875 0.0432665 0.0416969 0.0419934 -0.0285374 0.0170786 0.0205928 0.056624 0.0179786 0.012964 -0.0199761 0.0432124 -0.0607276 0.0322897 0.0321734 0.0419035 -0.00215848 0.0247637 0.0228325 0.0379072 0.0195032 0.0310474 0.048096 -0.0335801 -0.0476978 0.0414927 0.0471898 -0.00454825 0.0249731 0.0451992 0.0496999 -0.0499922
internal_weight=121701 41386.4 80314.2 23606.2 35945.4 17780.2 33983.2 44368.8 27568.2 26679.1 24901.1 43710.8 18599.8 2764.99 916.176 441.633 43317.8 5006.35 1962.22 42904.7 24574.8 15834.8 18329.9 4886.89 4063.72 2537 889.054 16864 9142.96 2320.88 662.812 13513.9 12614.3 6719.43 413.132 3901.75 876.61 392.95 133.204 1263.62 209.872 1778.09 161.973 6414.96 2327.12 823.174 115.285 2744.44 2639.55 3670.52 599.772 226.242 1880 227.991 183.918 3070.75 474.542 58.1086 44.0734 5842.82 1833.66 254.067
internal_count=353899 59121 294778 43832 91171 15289 87999 203607 78157 67732 63693 202925 24955 7751 6870 6451 202097 18877 3172 193400 122928 17204 70472 9898 8071 3649 10425 8419 5802 3616 9470 13588 13261 5071 8697 7154 1128 828 994 2421 516 4039 917 9842 3133 1827 533 5120 5046 4722 1095 955 1793 4102 1712 3627 419 141 2390 3943 1700 6261
is_linear=0
shrinkage=0.05


Tree=32
num_leaves=63
num_cat=0
split_feature=27 27 23 0 20 3 28 0 26 0 1 23 20 25 28 27 20 26 29 21 28 26 27 3 17 27 27 12 21 1 27 13 29 20 6 29 25 23 1 26 3 0 29 0 18 1 1 1 26 15 12 25 21 0 1 28 12 15 28 27 29 22
split_gain=6760.86 1116.32 564.853 814.523 637.668 935.328 781.841 432.154 598.159 743.727 534.805 395.868 564.639 425.658 408.481 372.986 354.306 332.864 327.349 306.973 265.096 304.772 251.208 254.412 223.858 197.468 529.467 187.14 178.5 174.615 335.521 170.51 169.895 164.967 252.256 164.336 239.592 164.155 352.708 151.917 150.417 138.694 133.859 285.232 197.531 132.101 122.603 151.591 145.758 121.466 315.669 118.359 110.66 102.277 92.7647 88.7477 88.4309 87.1094 88.4111 84.4773 1182.44 417.145
threshold=5.7099997997283944 7.2500000000000009 5087857475584.001 4.1949999332427987 1.1475150585174563 33.500000000000007 13.500000000000002 4.805000066757203 7.5000000000000009 3.1950000524520878 181.004997253418 2017.7620849609377 0.82664969563484203 4.5000000000000009 5.5000000000000009 6.9500000476837167 0.19231788069009784 47.500000000000007 0.5950000286102296 561149408.00000012 4.5000000000000009 28.500000000000004 6.0499999523162851 48.500000000000007 2.2491757869720463 5.2650001049041757 4.680000066757203 2.1074177026748662 127062.54687500001 238.0100021362305 5.0850000381469735 -0.028571412898600098 0.39999997615814215 0.74260324239730846 2.5000000000000004 2.1999999284744267 21.500000000000004 190.3188171386719 131.004997253418 50.500000000000007 1.5000000000000002 5.8500001430511483 0.70000016689300548 3.6950000524520878 0.11242792010307313 43.004999160766609 18.785000801086429 81.58499908447267 4.5000000000000009 1.5000000000000002 1.377858102321625 27.500000000000004 63.599931716918952 4.7099997997283944 421.10501098632818 73.500000000000014 1.1842840909957888 5.5000000000000009 8.5000000000000018 8.0000002384185809 4.6000001430511483 15.812911987304689
decision_type=2 2 2 2 2 2 2 2 2 2 2 2 2 2 2 2 2 2 2 2 2 2 2 2 2 2 2 2 2 2 2 2 2 2 2 2 2 2 2 2 2 2 2 2 2 2 2 2 2 2 2 2 2 2 2 2 2 2 2 2 2 2
left_child=7 2 3 4 5 6 -2 8 9 46 11 13 19 14 -10 20 49 29 -15 -13 21 28 35 45 42 26 -19 55 -4 30 -12 -7 -31 51 -35 56 -37 -3 59 41 -40 54 43 -11 -44 -24 -1 48 -48 50 -17 -22 -14 -25 57 -6 -5 58 -9 60 -39 -62
right_child=1 37 15 22 27 31 -8 39 10 24 17 12 52 18 -16 16 -18 25 -20 -21 33 -23 23 53 -26 -27 -28 -29 -30 32 -32 -33 -34 34 -36 36 -38 38 40 -41 -42 -43 44 -45 -46 -47 47 -49 -50 -51 -52 -53 -54 -55 -56 -57 -58 -59 -60 -61 61 -63
leaf_value=-0.02552399179403372 -0.019274073827578564 0.042123679540034098 -0.051158479889665646 0.018785071618903089 -0.055766777461293895 0.029092976255203896 0.026944559880629628 0.022002580408819389 0.015152156353882127 -0.013575721628266877 -0.0062985246598354222 0.01296622551590218 0.064479714847053837 0.064405577334112007 0.033208852240745643 0.025299681792715214 -0.077599232100577648 0.055316615863419454 0.009870736487085004 0.040429774231033777 0.039591334386537211 -0.088227617058301511 0.04676505621254045 -0.09634203373035341 -0.054933159960950134 0.075670110085342662 -0.012595878529215052 0.065821803254253589 0.032730181741450315 -0.091087965323294773 0.048905937271891263 -0.074042707254376547 0.032239749110916587 0.053577272252454747 -0.076567016049367373 -0.072453159930761998 0.028179773608301092 0.05567642749457527 0.049144469268177976 0.065679714490536376 -0.071024268191010737 0.045578454397927494 -0.080340468656686051 0.016652335526673834 0.0063469033708763722 0.025282716318109022 -0.014889110410449675 -0.034840199656804377 0.026582399139553299 0.044426536980295667 -0.13899766233103092 0.051287683906059194 0.01545054331543827 0.0074210888618729881 -0.022959224339858111 0.06499702405506777 0.044891981009532997 -0.054331833187279556 0.039209355194933432 0.060496908060400735 0.048345089619840506 -0.086394273040473868
leaf_weight=1593.984506752342 1309.7236259588972 3727.2523986948654 67.148310460150242 1038.8228621333838 49.802300960291177 44.001075688749552 3029.9593497160822 3782.1709434241056 9434.7992009781301 834.54645157232881 1003.1694566458464 3739.8999252617359 1034.1734579280019 277.11406952887774 4691.8648590631783 135.0374183729291 110.97204094752669 1215.8365783020854 26661.986758534331 1398.1748533453792 3215.3248014599085 59.919854501262307 5129.3448624629527 41.48792172037065 125.38911194354296 490.31383590400219 375.00974297523499 626.30443357024342 925.06387801468372 27.278954811394215 378.16329227387905 393.63920819666237 2541.3204522505403 80.963927118107677 67.220991933718324 107.75182138383389 128.73645301535726 7189.6597863510251 37.712013736367226 267.24589297175407 79.01183614321053 864.84939475357533 65.52269484102726 11840.55236280337 5388.9510538354516 837.51466086134315 405.94508099555969 295.30860405415297 440.93278601020575 251.83481445908546 36.238369919359684 6793.0066993860528 130.62734771519899 53.362961429171264 102.85887448489666 20.743168379180133 473.51796364784241 33.549905449151993 933.78264430910349 4470.2903025746346 79.161710388958454 202.97027263324708
leaf_count=18069 4149 3852 227 1611 1358 69 5107 9875 38477 7319 2961 12657 750 421 8125 171 1658 1228 120985 2433 2681 392 3628 377 475 161 919 145 959 112 490 6145 4253 74 828 370 155 2569 25 307 274 914 337 48548 18256 1178 3396 2265 2359 175 170 4075 370 151 312 65 330 127 1130 1159 67 1674
internal_value=0.0243447 0.0409176 0.0343468 0.0272795 0.0124863 0.00596212 0.0129933 0.0159288 0.0148884 0.00773638 0.0176995 0.0159132 0.0275815 0.0141216 0.0211516 0.0423387 0.00150311 0.0317235 0.0104343 0.020447 0.0442837 0.0203574 0.037644 0.0424622 0.0113803 0.0479084 0.0393066 0.0571333 0.0270022 0.0231848 0.00883546 -0.0636192 0.0308931 0.0467595 -0.00554395 0.0209259 -0.0177629 0.0513319 0.054174 0.0288562 -0.0320691 0.0271228 0.0118422 0.0146608 0.00529011 0.0437554 -0.0165683 -0.00405434 0.0067033 0.0223956 -0.0100382 0.0475349 0.0590036 -0.0384445 0.0238237 -0.0197754 0.0269868 0.0248425 0.0254183 0.05502 0.0517349 -0.0485337
internal_weight=121189 40813.5 25027.4 13284.7 5474.17 4777.32 4339.68 80375.3 74390.9 20991.1 53399.7 47368.6 6302.88 41065.8 14126.7 11742.7 534.083 6031.09 26939.1 5138.07 11208.6 1052.13 7810.54 6061.71 18255 2081.16 1590.85 696.85 992.212 3949.93 1381.33 437.64 2568.6 10156.5 148.185 1748.83 236.488 15786.1 12058.8 5984.46 116.724 5717.21 18129.6 12675.1 5454.47 5966.86 2736.17 1142.19 846.878 423.111 171.276 10008.3 1164.8 94.8509 4852.36 70.5455 1512.34 4749.5 4715.95 11942.1 7471.79 282.132
internal_count=353899 45868 36248 24838 17038 15470 9256 308031 295366 101024 194342 184218 16210 168008 46602 11410 2174 10124 121406 15090 9236 1578 7800 5334 74935 2308 2147 1568 1186 7816 3451 6214 4365 7658 902 2466 525 9620 5768 12665 299 12358 74460 55867 18593 4806 26089 8020 5755 516 341 6756 1120 528 11444 1423 1941 11132 11005 5469 4310 1741
is_linear=0
shrinkage=0.05


Tree=33
num_leaves=63
num_cat=0
split_feature=27 30 27 9 25 29 29 1 27 1 27 26 26 29 25 27 29 12 27 0 10 1 1 29 27 1 1 29 12 29 7 10 9 9 26 1 26 10 29 29 27 16 25 15 20 25 10 20 10 27 29 27 29 22 27 25 29 29 21 20 26 16
split_gain=6491.83 1188.95 516.974 487.637 576.895 471.627 695.898 469.786 746.184 461.23 860.287 451.207 448.469 424.972 647.2 406.506 484.301 474.078 333.748 274.488 270.302 239.112 230.93 229.584 223.27 238.078 221.2 204.743 189.949 168.648 150.513 142.458 141.26 828.165 136.903 136.347 133.785 122.793 142.062 465.509 308.784 115.236 134.651 125.862 107.451 100.859 98.575 91.527 232.989 95.3112 80.1695 75.2382 87.9393 71.1833 70.7078 128.799 86.1093 69.7564 59.6046 59.3704 95.4398 58.9531
threshold=5.7099997997283944 6.3502688407897958 7.2500000000000009 2.8000000715255742 59.500000000000007 2.7050000429153447 2.3050000667572026 95.013999938964858 5.0050001144409189 23.005000114440922 5.2650001049041757 216.50000000000003 213.50000000000003 3.9999998807907109 74.500000000000014 5.0850000381469735 1.9999998807907107 1.2905514240264895 6.9500000476837167 4.1949999332427987 5.055000066757203 57.004999160766609 218.004997253418 2.8050000667572026 5.6199998855590829 181.004997253418 8.3004999160766619 3.00000011920929 1.406250059604645 4.2000000476837167 2.7749999761581425 4.0025000572204599 3.8050001859664921 3.4999998807907109 982.50000000000011 129.81500244140628 2.5000000000000004 4.5650000572204599 5.4500000476837167 3.8949999809265141 7.5499999523162851 0.90061727166175853 88.500000000000014 32.500000000000007 0.2561976313591004 10.500000000000002 2.7849999666213994 0.75709015130996715 2.6924999952316289 8.1500000953674334 3.00000011920929 6.6499998569488534 2.1000000238418584 17.037085533142093 5.8500001430511483 21.500000000000004 2.9999998807907109 3.6000000238418584 0.0022577879717573528 0.28053472936153417 228.50000000000003 0.66605165600776683
decision_type=2 2 2 2 2 2 2 2 2 2 2 2 2 2 2 2 2 2 2 2 2 2 2 2 2 2 2 2 2 2 2 2 2 2 2 2 2 2 2 2 2 2 2 2 2 2 2 2 2 2 2 2 2 2 2 2 2 2 2 2 2 2
left_child=3 2 13 4 5 6 15 8 -8 10 -7 19 41 21 18 16 -1 -17 29 23 -12 32 -9 51 25 -11 58 -28 45 -15 -14 -5 33 -2 47 -20 -21 38 39 57 -41 42 44 53 -6 -23 -45 -13 -49 -50 -26 52 -3 -43 55 -38 -56 -4 -25 60 -16 -40
right_child=1 11 37 31 12 9 7 22 -10 24 20 34 30 14 59 17 -18 -19 35 36 -22 28 -24 26 50 -27 27 -29 -30 -31 -32 -33 -34 -35 -36 -37 54 -39 61 40 -42 43 -44 46 -46 -47 -48 48 49 -51 -52 -53 -54 -55 56 -57 -58 -59 -60 -61 -62 -63
leaf_value=0.011524905301048365 0.043367334225377523 -0.008007692308816353 0.039898391303365741 -0.061198598468684487 0.034188676478182849 0.13686093353721956 0.024294804031887232 -0.054121674375642796 -0.025169845583021072 0.02254122087006552 -0.043431127908965105 0.046508474947549637 0.047734491196317182 0.0071084551236703722 -0.07333968642609634 0.025659195692917854 0.023569710377248202 -0.05373469934069685 -0.07876915177414319 -0.041411961118236557 0.068375102039983995 -0.01222027830102128 0.020300766412298259 -0.013385141244533395 0.081403179089948999 0.069067254328661398 0.05531811522005281 0.0085183582896414273 -0.081628257314020222 0.051285035253148571 -0.046763509939617823 0.032702576147149068 0.058600240480323341 -0.01554332427304043 -0.050392792968096491 0.081182772786128538 -0.012113201255610115 0.056188749992550135 0.037566005108365615 -0.06356461311485738 0.025680150410456265 0.063842437225474544 0.055087407991837527 0.060788374060010898 -0.045075724474415491 0.035781410671992031 -0.038448993714744785 0.062333248763011467 -0.04407893010503923 0.058361465839105078 0.043247788974947673 0.040827528534668756 -0.066418831261141939 0.026222290888229239 0.034071257669621838 0.056363237187650218 0.016060263884929569 0.058076627908925628 -0.071351157155696801 -0.063369730839232849 0.037114469634983431 0.061829372108514247
leaf_weight=51432.426347297616 13485.907336995471 104.23802709579468 713.15873050689697 266.38633292727172 79.492655606940389 90.841080348938704 1681.2813863921911 636.8953545242548 1393.3347500041127 1031.8567166291177 436.86861079186201 2218.7027917150408 54.480881984345615 304.17899315804243 34.479303903877735 10162.823673237115 9964.1136860689148 190.62541427463293 88.457675885409117 72.331103041768074 60.731910586357117 174.01694844663143 123.93978315591812 86.072401255369186 471.13677981495857 375.06078353524208 264.23499096930027 1975.6698995046318 52.502151839435101 750.01952050626278 174.86547641921788 46.852002114057541 1211.7869909559377 623.58690558141097 39.00264952564612 14.788353681564329 264.26893772184849 7213.1992956399918 304.50323390960693 102.77163207158446 1473.3495588307269 1228.0083526587114 167.72742314822972 41.380091190338135 90.185915346257389 291.44924043118954 60.093184118159115 143.9966049734503 126.59178786445409 26.67952074110508 201.09397925436497 27.788940265774727 169.96204926073551 142.75600553303957 2408.8532893061638 91.646599948406219 921.49063560552895 2181.0471155196428 92.30556689016521 234.73832390969619 42.591792561113834 1619.6166400611401
leaf_count=223531 9754 248 501 11173 229 93 4759 2543 6028 2150 2146 2499 276 566 174 18875 25410 783 462 268 63 347 226 314 115 183 275 4535 199 418 6749 82 991 1520 2420 3 607 2388 224 412 2838 566 321 9 818 276 344 188 2763 8 291 31 641 268 2801 49 1337 670 575 4119 75 372
internal_value=0.0232569 0.0397379 0.044401 0.0150881 0.0153313 0.0146466 0.0139169 -0.00683107 0.00187621 0.0353078 -0.00376076 0.0237755 0.0415837 0.0386613 0.0129215 0.0150262 0.0134801 0.0241919 0.0301487 0.0167525 -0.0296654 0.0410477 -0.041981 0.00465037 0.0463639 0.0349881 0.00978899 0.0140636 0.00760779 0.0385619 -0.0241842 -0.0470782 0.0421773 0.0407624 0.0415687 -0.0552516 0.0255065 0.051698 0.0466235 0.041708 0.0198211 0.0499304 0.0234524 0.0559752 -0.00792914 0.0178373 0.00216881 0.0430158 0.0168621 -0.0259523 0.0700778 -0.036379 -0.0443416 0.0599502 0.0268318 0.00561367 0.0290955 0.0536144 -0.0436393 -0.0509027 -0.0125418 0.0580137
internal_weight=120555 39950 30916.1 80605.3 80292 78253 75585.4 3835.45 3074.62 2667.59 588.442 9033.84 2038.99 17308.5 1469.25 71750 61396.5 10353.4 1157.44 6478.86 497.601 15839.2 760.835 2720.27 2079.15 1406.92 2418.28 2239.9 517.968 1054.2 229.346 313.238 15321.3 14109.5 2554.97 103.246 3758.59 13607.6 6394.45 4470.33 1576.12 1809.64 337.406 1472.24 169.679 465.466 101.473 2515.97 297.268 153.271 672.231 301.989 274.2 1370.76 3686.26 355.916 3330.34 2894.21 178.378 311.809 77.0711 1924.12
internal_count=353899 45868 26309 308031 296776 287196 282155 13556 10787 5041 2302 19559 9580 18904 5817 268599 248941 19658 1449 11681 2209 13087 2769 6619 2739 2333 5699 4810 822 984 7025 11255 12265 11274 7878 465 5062 7405 5017 4421 3250 2555 1368 1187 1047 623 353 5458 2959 2771 406 920 889 834 4794 656 4138 1171 889 4368 249 596
is_linear=0
shrinkage=0.05


Tree=34
num_leaves=63
num_cat=0
split_feature=28 7 23 26 25 28 4 4 20 12 28 26 29 6 11 26 29 4 26 25 29 8 23 12 13 11 20 29 29 29 29 29 12 11 20 29 20 29 9 18 29 8 13 23 20 18 26 9 30 23 26 26 19 29 29 8 17 7 8 2 26 16
split_gain=4970.88 1644.4 633.384 555.043 710.096 401.828 607.691 353.084 655.489 345.681 328.358 453.783 1378.08 383.354 326.033 318.542 392.279 379.02 284.895 383.12 277.906 239.771 234.187 265.622 206.904 195.529 185.628 167.811 157.626 344.203 144.66 174.452 138.37 130.885 129.603 155.71 443.628 403.867 195.242 124.061 112.307 102.29 100.509 99.6811 98.1862 92.5442 87.2942 76.0456 67.6242 91.6356 67.2095 66.7241 62.9581 62.0016 79.5792 78.2396 54.1981 48.0395 39.4727 31.5851 26.0272 57.6854
threshold=26.500000000000004 5.4400000572204599 8020.3815917968759 213.50000000000003 55.500000000000007 112.50000000000001 46.500000000000007 137.50000000000003 0.59376224875450145 1.936491906642914 4.5000000000000009 21.500000000000004 1.6000002622604372 10.500000000000002 5.5000000000000009 109.50000000000001 5.6500000953674325 14.500000000000002 95.500000000000014 29.500000000000004 5.6500000953674325 5.3200001716613778 2.3308875991718301e+17 1.7272728085517886 -0.028571412898600098 7.5000000000000009 1.1790803670883181 1.7050000429153445 4.2999999523162851 5.4500000476837167 0.89499986171722423 2.3999999761581425 1.0769230723381045 3.5000000000000004 0.19075892120599749 5.4500000476837167 0.31792026758193975 3.6849998235702519 1.8400000333786013 0.26793208718299871 5.4500000476837167 5.6250000000000009 0.040000045672059066 0.033846857026219375 0.27565376460552221 436.53811645507818 65.500000000000014 4.2500000000000009 674.76190185546886 2.3935047388076787 44.500000000000007 395.50000000000006 5.8993740081787118 2.7549999952316289 3.4999998807907109 4.8949999809265146 43.174999237060554 4.2650001049041757 4.0850000381469735 127.50000000000001 801.50000000000011 0.45984147489070898
decision_type=2 2 2 2 2 2 2 2 2 2 2 2 2 2 2 2 2 2 2 2 2 2 2 2 2 2 2 2 2 2 2 2 2 2 2 2 2 2 2 2 2 2 2 2 2 2 2 2 2 2 2 2 2 2 2 2 2 2 2 2 2 2
left_child=1 3 5 4 10 6 15 8 14 34 18 13 -13 -12 22 30 17 -17 19 -1 42 25 23 -3 -11 27 33 -6 51 32 50 -32 -30 52 57 36 38 -38 -36 -24 -26 -16 47 -20 -34 48 -23 -8 -5 -50 -2 53 -10 55 -55 -7 -43 58 -4 -35 61 -31
right_child=2 7 9 45 21 28 20 -9 26 24 11 12 -14 -15 41 16 -18 -19 43 -21 -22 46 39 -25 40 -27 -28 -29 29 60 31 -33 44 59 35 -37 37 -39 -40 -41 -42 56 -44 -45 -46 -47 -48 -49 49 -51 -52 -53 -54 54 -56 -57 -58 -59 -60 -61 -62 -63
leaf_value=0.011028039262627617 0.053176991946133262 0.030107484634801496 0.044116520808796696 -0.056144927971496117 -0.053318577428671812 0.024606634697636656 -0.067910716122904807 0.059500195160922337 -0.073561560454839456 0.044865876199606518 0.02424428322367439 -0.010741170134043276 0.020631983215923744 -0.093897080715929962 0.06559283015597582 0.01386344600026972 0.060344580985224841 -0.049070087090512443 0.0041716969507564023 0.048534838439736869 0.061612933801398789 0.037630749287683188 0.047689329472772109 -0.011551626901552176 -0.072525625616026559 -0.078846066952986293 0.071939428207574027 0.04893977087216906 0.025083423011908558 0.0064139800851365841 0.023545326112107537 0.042654280688834728 -0.1406880255579909 -0.084155068511715517 0.052960220328681529 0.060781081373953938 0.045789365914467584 -0.069701011553155223 0.033487837726645688 0.032554543675868984 0.058565173494591394 -0.12497168800964208 0.041778261229295156 -0.047932861968617853 -0.038994813458919544 0.031408539703215707 -0.076517457845826573 0.047219116047119529 -0.044594496601722884 0.2162587020663613 0.11363975997032012 0.060692861454202565 0.049592609947595165 0.020249895124503051 0.044138059223692509 0.05701903920132223 0 0.055874077584345067 -0.0029213835179098357 0.017465158181340486 0.061191005885357641 0.049640569103786017
leaf_weight=45367.95586000476 115.27416005730629 2719.8830345645547 188.63371966779232 349.11014126706868 40.059860514476895 220.12217689864337 280.32599634397775 1339.4803229006939 13.822156403213738 89.170572070404887 16137.230276852846 4791.8970580771565 12977.50518025551 67.982132613658905 10.128144122660158 1619.4363773353398 377.14839178323746 279.67351891286671 138.31173787079751 690.41117213852704 61.104720592498779 22.97801847755909 3223.1260214466602 444.51968308538198 111.13037715898827 30.395516507327557 28.757298238575459 2138.2905775438994 47.402396596968174 120.34777660667896 2064.6380069218576 2854.6192890927196 37.808411963284016 176.89425816014409 3102.58641204983 1295.5459275394678 137.78417330235243 165.57669994747266 2217.6416701748967 2360.9753090143204 18.310115814208984 45.486068978905678 24.517663580365479 270.0494682341814 64.623132790904492 35.856025572866201 55.760926157236099 14.384148113895206 7.9016204401850683 4.5175023693591356 80.31645093858242 811.35151233244687 33.633182061836123 446.48642821609974 1648.4793781638145 1314.1037314236164 10.634671144187449 6214.449557967484 57.905239105224609 7.5788102000951758 127.30765636265278 217.28411175310612
leaf_count=196338 88 3265 166 11306 1039 377 12551 1197 94 108 28574 22411 27841 288 37 6024 117 2640 1108 1447 13 32 1985 1205 2810 166 12 2411 77 166 3353 2165 178 1281 1483 310 111 1268 1923 2437 4 204 40 5163 1847 106 417 56 606 5 40 318 88 524 1022 481 85 2232 96 31 30 102
internal_value=0.02221 0.0168 0.041359 0.014453 0.0147364 0.0333817 0.0262363 0.0355288 0.031984 0.04888 0.0139548 0.0176912 0.0121711 0.0237426 0.0342964 0.0294092 0.0138374 0.00457192 0.0112225 0.0115914 -0.0353263 0.042203 0.0351365 0.024252 -0.0134139 0.0452639 -0.0460206 0.0470333 0.044358 0.0205686 0.036334 0.0346416 -0.0451141 -0.0609143 0.049899 0.0451182 0.0414987 -0.0172516 0.0448523 0.0412982 -0.0536369 -0.0754349 -0.054032 -0.0303058 -0.0775763 -0.0444245 -0.0430892 -0.0621339 -0.0520252 0.058964 0.0784823 0.047645 0.0128409 0.0447107 0.0390614 0.052391 -0.101676 0.0550104 0.0330812 -0.0798815 0.041798 0.0343118
internal_weight=119967 93541.1 26425.5 83126.2 82728.8 12826.8 7771.44 10414.9 9075.44 13598.7 80441.3 33974.6 17769.4 16205.2 8814.75 7391.11 2276.26 1899.11 46466.7 46058.4 380.333 2287.48 8748.5 3164.4 218.611 2208.75 260.686 2178.35 5055.32 614.773 5114.85 4919.26 149.834 231.928 13380.1 6919.13 5623.59 303.361 5320.23 5584.1 129.44 66.2489 319.228 408.361 102.432 397.385 78.7389 294.71 361.529 12.4191 195.591 4440.54 47.4553 3629.19 2094.97 1534.23 56.1207 6460.99 246.539 184.473 464.94 337.632
internal_count=353899 311179 42720 299258 287235 32209 27087 11921 10724 10511 283170 79114 50252 28862 9218 14427 8781 8664 204056 197785 12660 4065 8892 4470 2922 3616 1506 3450 5122 2400 5646 5518 2102 1494 7589 5095 4785 1379 3406 4422 2814 326 12647 6271 2025 12023 449 12607 11917 611 128 2722 182 2404 1546 858 289 2494 262 1312 298 268
is_linear=0
shrinkage=0.05


Tree=35
num_leaves=63
num_cat=0
split_feature=27 27 30 25 16 0 1 29 5 20 29 29 29 25 0 27 29 1 25 29 27 25 30 25 16 1 6 29 30 29 9 1 20 20 0 16 29 29 25 5 27 29 27 29 22 27 29 30 16 24 15 20 13 29 15 25 20 15 20 9 29 27
split_gain=5938.46 1242.73 615.933 417.813 463.564 393.615 383.566 449.495 364.203 639.618 413.521 358.38 353.321 607.367 327.176 302.43 298.721 291.185 283.665 280.845 247.044 307.959 222.585 206.044 203.928 362.138 192.469 187.372 176.657 193.9 174.675 173.13 171.827 170.203 155.395 134.302 145.277 143.205 157.435 134.052 131.409 131.094 184.635 125.745 129.79 122.974 118.421 306.551 117.492 116.31 133.505 116.115 114.277 106.569 95.1943 104.375 92.4598 85.9527 94.4103 86.9291 84.1853 81.2832
threshold=5.6199998855590829 7.2500000000000009 13.591565608978273 58.500000000000007 0.90061727166175853 4.5050001144409189 188.98899841308597 1.8899999856948855 18.500000000000004 0.73609229922294628 0.095000028610229506 0.80500006675720226 3.9999998807907109 74.500000000000014 3.5949999094009404 6.9500000476837167 2.50000011920929 31.914999961853031 15.500000000000002 1.4999998807907107 6.7500000000000009 53.500000000000007 107.96775436401369 5.5000000000000009 0.49975961446762091 131.004997253418 3.5000000000000004 4.2999999523162851 0.27084971964359289 3.1999999284744267 3.3999997377395634 111.00500106811525 0.82034966349601757 0.16964628547430041 5.8500001430511483 0.1208852417767048 4.1500000953674325 5.4500000476837167 41.500000000000007 10.500000000000002 5.0850000381469735 2.1749999523162846 5.0850000381469735 1.6000000238418581 16.495227813720707 7.1499998569488534 2.5949999094009404 109.9496421813965 0.042518425732851035 0.094082619994878783 19.500000000000004 1.5677910447120669 -0.078787889331579194 2.6999999284744267 6.5000000000000009 10.500000000000002 0.22486343234777453 32.500000000000007 1.3977960348129275 2.4999998807907109 3.6999999284744267 8.0000002384185809
decision_type=2 2 2 2 2 2 2 2 2 2 2 2 2 2 2 2 2 2 2 2 2 2 2 2 2 2 2 2 2 2 2 2 2 2 2 2 2 2 2 2 2 2 2 2 2 2 2 2 2 2 2 2 2 2 2 2 2 2 2 2 2 2
left_child=3 2 12 5 26 6 8 19 10 11 14 -10 18 15 -1 27 -12 -11 28 39 30 -22 -21 -9 35 61 41 -14 -2 -30 -20 -17 45 -27 43 -3 60 38 -38 -8 -25 51 -43 54 52 49 57 -48 -34 50 -4 -5 -45 -46 55 -7 -28 -6 59 -59 -37 -26
right_child=1 24 32 4 46 34 7 23 9 17 16 -13 13 -15 -16 31 -18 -19 20 22 21 -23 -24 40 25 33 56 -29 29 -31 -32 -33 48 -35 -36 36 37 -39 -40 -41 -42 42 -44 44 53 -47 47 -49 -50 -51 -52 -53 -54 -55 -56 -57 -58 58 -60 -61 -62 -63
leaf_value=-0.033072868203338206 0.037235806182488063 0.044789016258742397 0.015567367941217776 -0.055152449792508024 0.060245732042298994 0.0200621940708781 0.015555257732723982 -0.010498521263758135 0.062185031822124662 0.0036217968345939548 0.012764717770035459 -0.023855549985841523 0.0096798842822452894 -0.045819872653664398 0.002430880587343795 -0.076934296190518572 -0.0072845496316103972 0.044863169970130845 0.045422995836978723 -0.052495600376686873 0.032051230212665087 -0.028565983063852052 0.013226993817702846 0.035960352665387926 0.048865722275168257 0.013553983752436894 0.069669493456134407 0.051503404023473254 0.022711987934666396 -0.020170351023528807 0.029515934874700306 0.069964944963515796 0.044789284036318398 -0.09785853866749411 0.04150593223923979 0.0019548406229794712 0.01815216174574779 0.024190227150388197 -0.080066310723037867 0.06350542060693809 0.0629845649203781 0.052760676991452343 -0.033257964703499489 0.072551587088490882 -0.074352310276953784 -0.075947632900124407 -0.063354316678861669 0.084055549238353122 -0.05681213652329338 0.032734536854827807 -0.067729003898933965 0.073721629430028565 0.0032748431457799211 0.027558575582666174 -0.053448091351372323 0.045913958683290117 -0.060127053434551464 -0.072869802943266948 0.061202265803804091 0.07153126470384634 0.046308972721737535 0.057541051527932097
leaf_weight=805.42384848371148 2189.82023845613 1379.9247529823333 4740.1206646254286 90.881782862357795 1150.2677808459848 9801.9516173675656 4329.8182026445866 188.20030504465103 126.10316095780581 1193.3853648845106 47133.071358165704 2541.5573180681095 425.87569791637361 354.09332919633016 3320.2464667744935 96.286345910280943 1933.1406384557486 666.76945188827813 9605.5610673339106 274.28122013807297 978.30068470537663 265.63608226180077 241.35712919384241 1533.4798655807972 7618.0669128922746 93.877989545464516 14.281378373503683 724.47457055747509 2695.8974740058184 291.27252632379532 2115.8761958112009 24.392685614526272 35.71105181099847 52.760619670152664 839.78755554556847 141.12478221952915 69.919914424419403 196.98403398692608 95.702360494062304 150.05167582631111 641.92692352831364 251.78176092263311 81.984815811272711 63.852570809423923 89.801131594926119 33.975592575967312 72.21576433070004 67.04496157169342 127.1208951738663 1104.2356173899025 47.607878697570413 20.642446165904403 729.36595702636987 35.056936003267765 42.047632217407227 406.70263900980353 144.4195053409785 38.310392790473998 48.553352832794189 13.258809089660643 445.49195218086243 4284.7089384198189
leaf_count=10465 1877 989 9241 3210 571 25824 11419 572 416 9769 171048 18750 752 5315 20820 525 6632 1497 6620 1019 882 588 667 2087 4970 127 4 394 3340 611 3452 18 140 219 922 201 105 200 1226 115 429 1764 2246 82 367 210 795 30 3667 1505 764 49 1800 66 178 523 10418 303 11 2 253 1303
internal_value=0.0209855 0.0366238 0.0300682 0.0130286 0.035625 0.0124437 0.0109085 0.021659 0.0095374 -0.00407416 0.0106962 -0.0197647 0.0343516 0.0120029 -0.00450537 0.0281389 0.0119746 0.0184235 0.0363524 0.013153 0.0403055 0.0190902 -0.0217568 0.0396212 0.0484093 0.0510311 -0.000940441 0.036046 0.0264453 0.0185236 0.0425547 -0.0468697 0.0161579 -0.0268897 0.0207617 0.0348277 0.0203094 -0.0045543 -0.0387118 0.0171763 0.0439623 0.015909 0.0315803 0.0191979 0.00146277 0.0175525 0.0515105 0.00767158 -0.0343618 0.0181053 0.0147241 -0.030811 0.00894211 -0.045707 0.0207855 0.021097 -0.0480523 0.056379 0.01175 -0.0349937 0.0356685 0.0519936
internal_weight=119316 40234.8 25856.3 79081 1993.64 77087.4 65078.8 7359.12 57719.7 4527.82 53191.9 2667.66 19767.5 1625.12 4125.67 1271.03 49066.2 1860.15 18142.4 4995.51 12965.4 1243.94 515.638 2363.61 14378.6 12049.4 603.992 1150.35 5176.99 2987.17 11721.4 120.679 6088.77 146.639 12008.6 2329.15 949.223 362.606 165.622 4479.87 2175.41 445.291 333.767 11168.8 918.077 5925.94 1389.65 139.261 162.832 5891.96 4787.73 111.524 793.219 124.858 10250.7 10208.7 158.701 1250.39 100.123 51.5692 586.617 11902.8
internal_count=354364 49494 39901 304870 19403 285467 255705 16308 239397 30432 208965 19166 24374 7004 31285 1689 177680 11266 17370 13220 11542 1470 1686 3088 9593 6619 17691 1146 5828 3951 10072 543 15527 346 29762 2974 1985 1531 1331 11534 2516 7269 4010 28840 2315 11720 1712 825 3807 11510 10005 3259 1882 433 26525 26347 10422 887 316 305 454 6273
is_linear=0
shrinkage=0.05


Tree=36
num_leaves=63
num_cat=0
split_feature=27 27 30 25 16 0 1 25 27 5 10 11 28 27 25 25 28 1 28 25 5 28 28 1 16 1 5 10 27 27 28 10 0 4 5 27 13 0 19 16 27 27 2 1 1 24 28 28 10 27 0 24 28 28 1 6 27 27 10 27 22 4
split_gain=5644.73 1228.03 586.72 400.869 434.107 353.774 347.905 411.722 342.476 326.624 438.584 319.93 309.892 486.459 307.037 282.131 271.311 276.832 263.857 342.666 254.051 246.366 236.133 203.998 200.773 340.892 200.149 195.384 180.049 168.074 167.277 162.684 161.563 152.252 149.304 147.248 144.078 138.711 133.935 125.405 124.91 603.808 121.956 119.329 114.185 113.413 109.781 96.5672 95.1429 136.995 427.497 91.087 120.963 120.926 89.4528 89.0682 87.0524 88.5956 66.367 66.0066 63.372 96.8847
threshold=5.6199998855590829 7.2500000000000009 14.044305801391603 58.500000000000007 0.90061727166175853 4.5050001144409189 188.98899841308597 10.500000000000002 7.1499998569488534 18.500000000000004 2.9499999284744267 2.5000000000000004 88.500000000000014 6.7500000000000009 28.500000000000004 291.50000000000006 13.500000000000002 23.005000114440922 1.5000000000000002 2.5000000000000004 199.50000000000003 6.5000000000000009 24.500000000000004 34.905000686645515 0.49975961446762091 131.004997253418 37.500000000000007 3.3025000095367436 5.4400000572204599 6.1499998569488534 13.500000000000002 2.7324999570846562 5.8500001430511483 6.5000000000000009 8.5000000000000018 5.7850000858306894 -0.041365871205925935 4.2950000762939462 0.049542916938662536 0.1208852417767048 4.680000066757203 5.0850000381469735 39.500000000000007 129.81500244140628 36.00849914550782 29.54999923706055 66.500000000000014 31.500000000000004 4.6075003147125253 8.0000002384185809 3.495000004768372 -0.012195706367492674 256.50000000000006 201.50000000000003 206.47499847412112 8.5000000000000018 5.7850000858306894 6.2550001144409189 2.7849999666213994 6.5499999523162851 17.404628753662113 23.500000000000004
decision_type=2 2 2 2 2 2 2 2 2 2 2 2 2 2 2 2 2 2 2 2 2 2 2 2 2 2 2 2 2 2 2 2 2 2 2 2 2 2 2 2 2 2 2 2 2 2 2 2 2 2 2 2 2 2 2 2 2 2 2 2 2 2
left_child=3 2 8 5 21 6 9 22 12 18 14 -12 15 59 -11 20 26 35 19 -1 -2 31 28 -23 39 48 29 -20 -8 43 32 -5 38 -27 54 -18 -36 -31 -7 -3 -9 -42 60 -4 -15 -33 -37 -38 49 50 -26 52 53 -41 -32 -40 -19 -58 -44 -14 -6 -62
right_child=1 24 16 4 42 30 7 40 -10 10 11 -13 13 44 -16 -17 17 56 27 -21 -22 23 -24 -25 25 33 -28 -29 -30 37 34 45 -34 -35 36 46 47 -39 55 51 41 -43 58 -45 -46 -47 -48 -49 -50 -51 -52 -53 -54 -55 -56 -57 57 -59 -60 -61 61 -63
leaf_value=-0.001022389057037765 0.029290192098203771 0.043562786341247911 0.017727547580644445 0.058106417325130479 0.055792453341860331 -0.03855687299718058 0.012577716807345402 0.050602882976543466 -0.078671587144672595 -0.0033741951984835963 0.0042272327350980831 -0.0327312316553637 0.046526744519423582 -0.028452702223534188 0.035716555840330885 -0.062663920702859685 -0.065320541217849359 0.06045007826693205 0.015304959962436521 0.012522932935227358 0.056854428302311882 -0.053972385300289971 0.06215730003466266 0.0447668536908273 -0.025951500582441191 0.021828677717290718 -0.061126954718406283 0.0072786827132138195 -0.055811021762891835 -0.04084403287437563 0.054823073914024023 -0.035953494419437154 0.039286567162106364 -0.079920517376832478 -0.088733961660100696 0.0012154267047260916 0.0044893610735383125 0.007707443795579496 0.016649149971508782 -0.029858850974542789 -0.033552807497021657 0.059049218443763124 0.056418227273380986 -0.021708367384798713 0.046098570668398064 0.18715611025118534 0.030904382955273254 0.048929149789740729 0.056086102451147847 0.056246204655394573 0.04514501484689766 0.028978202285597422 -0.077557739184248853 0.04811638202816311 -0.0005518551803615398 -0.083278986042899211 0.015986352232816983 0.040856473506234871 -0.062054195506699487 0.061036456465923095 0.069657252838651276 -0.059918587143378665
leaf_weight=9936.716355226934 14583.959529444575 1348.6602671733126 1714.6771501563489 194.38864831440151 1241.4046347104013 111.07673048973083 5100.2230673134327 1176.3743221461773 67.277167359367013 1189.5347320176661 965.34958983771503 1485.6722366195172 2392.7949619684368 251.88931661983952 868.04772672429681 80.10614341404289 64.227826599963009 331.7623576708138 23431.580437034369 8805.3772877752781 887.62035920005292 237.09852614579722 237.74376967549324 66.159890188835561 223.57265847781673 78.019424840807915 114.46257723495364 11218.248197214678 97.094965890049934 301.04016257077456 748.37055318057537 88.336839077528566 790.78830140829086 67.890805006027222 30.182130940258503 893.9193871631287 311.55243970453739 285.99868968874216 9752.583417519927 94.514098923653364 280.37873186171055 469.48846898972988 16.506156921386719 215.00688603520393 63.46428569406271 5.0897483825683585 477.17473569698632 200.72492171451449 5187.0896326303482 2430.3625370115042 3688.4215398347005 687.33867966104299 47.187935993075371 102.71653604507446 80.573404207825661 21.360785573720932 552.19344769045711 1032.2117160465568 35.626819208264351 1197.8194633722305 26.348499149084091 29.527633152902126
leaf_count=69241 16385 989 3546 616 914 366 13554 1166 381 7284 5180 13380 1413 1636 4588 3328 334 204 64057 41958 1006 14118 138 211 1357 90 1579 33709 356 1118 604 2745 877 256 135 3765 655 581 26593 552 797 297 4 576 78 1 1493 282 1671 808 2437 1237 146 50 158 92 861 1306 495 311 6 293
internal_value=0.0200441 0.0354946 0.0289678 0.01235 0.0347926 0.0117861 0.0103325 0.0205712 0.0331658 0.00903032 -0.00389132 -0.0181771 0.0335568 0.0461556 0.0131242 0.0303893 0.0152633 0.0246957 0.0101216 0.00534151 0.0308755 -0.000934195 0.0135257 -0.0323383 0.0474205 0.0500747 0.00324187 0.0127068 0.0112886 0.00619452 0.019659 0.0321351 0.0175434 -0.0257021 0.0361004 0.00807945 0.0156525 -0.0172089 0.0157996 0.0338136 0.0404306 0.0244197 0.0504345 0.013322 -0.0133353 -0.0218925 0.0115666 0.0219733 0.0510362 0.0468972 0.0410749 0.0196653 -0.00651468 0.0107628 0.0494404 0.0164217 0.037129 0.0322075 -0.0240939 0.0513842 0.0534496 0.00124567
internal_weight=118713 39463.4 25507.6 79249.5 1940.49 77309 65261.8 7361.3 19524.9 57900.5 4508.6 2451.02 19457.7 3905.97 2057.58 15551.7 5982.67 3351.49 53391.9 18742.1 15471.6 591.074 5435.06 303.258 13955.8 11675.4 2631.19 34649.8 5197.32 2516.72 12047.2 287.815 10675.8 145.91 1371.4 1435.32 542.459 587.039 9885.02 2280.42 1926.24 749.867 1349.41 1929.68 315.354 93.4266 1371.09 512.277 11529.4 6342.36 3911.99 931.757 244.419 197.231 828.944 9773.94 1916.17 1584.41 52.133 3590.61 1297.28 55.8761
internal_count=354364 49494 39901 304870 19403 285467 255705 16308 24538 239397 30432 18560 24157 3438 11872 20719 15363 7963 208965 111199 17391 17691 14048 14329 9593 6619 7400 97766 13910 5821 29762 3362 27928 346 1834 5592 1072 1699 27051 2974 2260 1094 1712 4122 1714 2746 5258 937 6273 4602 3794 1985 748 602 762 26685 2371 2167 499 1724 1213 299
is_linear=0
shrinkage=0.05


Tree=37
num_leaves=63
num_cat=0
split_feature=22 30 22 0 10 1 23 1 5 21 10 3 14 0 23 9 1 5 12 20 4 10 15 30 18 7 23 6 3 11 1 10 0 21 22 21 21 15 20 9 24 18 12 23 3 15 23 12 0 23 30 20 22 19 9 23 19 4 30 7 22 1
split_gain=4263.95 636.169 564.558 331.133 352.265 356.965 390.86 347.71 440.917 327.78 315.648 233 243.43 210.973 210.939 321.468 204.982 199.639 379.351 252.615 244.65 225.531 195.828 191.67 241.477 174.022 145.955 145.476 141.854 139.264 138.141 219.024 219.972 130.875 352.078 208.605 187.384 495.256 162.416 128.672 122.993 136.648 119.412 119.065 109.328 108.547 126.459 101.756 101.483 101.143 97.8692 88.9273 83.1455 72.5634 69.731 97.8635 89.5567 85.3745 72.0497 58.8065 51.7626 50.6883
threshold=17.206051826477054 1.3861932158470156 15.628109455108644 4.4949998855590829 3.5525000095367436 18.785000801086429 0.0002466211590217427 4.6714999675750741 17.500000000000004 0.80445051193237316 4.5650000572204599 88.500000000000014 1.5000000000000002 3.1049998998641972 71.577869415283217 2.3000000715255742 80.005001068115249 182.50000000000003 1.8930722475051882 0.62042075395584118 291.50000000000006 2.9125000238418584 30.500000000000004 0.79565471410751354 1.761206388473511 5.0699999332427987 1775841537163264.2 11.500000000000002 7.5000000000000009 5.5000000000000009 61.004999160766609 3.9550000429153447 3.2150000333786015 217352773632.00003 18.861777305603031 143476867072.00003 45403564032.000008 8.5000000000000018 0.36144736409187322 4.3499999046325692 -0.46795362234115595 35.814695358276374 1.0400669574737551 0.069327872246503844 9.5000000000000018 7.5000000000000009 3.0127788550153837e+17 1.5638694763183596 6.3500001430511483 3740.119506835938 52.210571289062507 0.19815187901258471 18.727571487426761 140.83003997802737 1.0249999761581423 889453098827776.12 13.336407184600832 3.5000000000000004 182.92861938476565 6.4500000476837167 15.126503944396974 11.002319335937502
decision_type=2 2 2 2 2 2 2 2 2 2 2 2 2 2 2 2 2 2 2 2 2 2 2 2 2 2 2 2 2 2 2 2 2 2 2 2 2 2 2 2 2 2 2 2 2 2 2 2 2 2 2 2 2 2 2 2 2 2 2 2 2 2
left_child=2 10 3 4 5 7 16 9 -9 -1 33 12 22 -8 15 29 -7 18 45 21 52 59 23 26 -25 47 -4 -23 -12 -14 40 32 -32 35 -35 36 49 -38 39 -36 42 -42 -6 -33 -21 50 61 -16 54 -2 51 -3 -19 -52 55 58 -57 -56 -5 -20 -59 -47
right_child=1 17 11 48 30 6 13 8 -10 -11 28 -13 14 -15 25 -17 -18 20 19 44 -22 27 -24 24 -26 -27 -28 -29 -30 -31 31 43 -34 34 38 -37 37 -39 -40 -41 41 -43 -44 -45 -46 46 -48 -49 -50 -51 53 -53 -54 -55 57 56 -58 60 -60 -61 -62 -63
leaf_value=0.0095028659994439123 0.023776586789360503 0.029659108059299652 0.01776860642707985 0.021414462529368197 0.054814084329582229 0.014970542865696934 0.027764786960961393 0.0050230983703121804 -0.028327081125748183 0.045589950377241117 0.038514684634425166 -0.064429969705807916 -0.00058255741772052921 0.014528975543891496 0.016528778664896781 -0.06630118668375086 0.0053483681133596368 0.054454120494339009 0.034690646580314642 0.026859051885220721 -0.043944893775410811 -0.053316096974801809 -0.0640260333363286 -0.00064382848948747187 0.019715704915073445 -0.031364223194155487 0.036871496782547995 0.013479778008748017 0.050743096052644876 0.054198370939145292 0.016196975706160775 0.041592120979652411 -0.036796025302393724 -0.093265809356393461 0.033175276498914961 0.057783247381311104 0.021425459667863148 -0.12706574422070366 -0.068924142407297384 -0.045122624584410652 -0.010110397957482932 0.0098775464824556892 0.0046253236208111661 -0.002125900067559962 -0.07426355004208926 0.010656143498696834 0.052464580621165685 0.058480015036299238 0.049350025037538964 0.04086839843281969 -0.018625492857502684 0.016070490520081439 -0.028847837375805808 0.046980195967500443 0.093326638407870505 0.019795375354819737 -0.060068894112647035 0.050193852925841088 0.01327728638576421 0.10294304054432904 -0.041268084230599335 0.034507397132657713
leaf_weight=1852.7142269639298 1193.8937230361626 2931.2594781816006 1635.2702423082665 7884.5118722803891 225.7750617172569 12175.672323208302 6619.4218027265742 13202.715507056564 1070.4656299171038 952.82220750302076 3437.8485770523548 78.049901091028005 203.77465638052672 5534.0013765739277 167.1696631219238 103.62124817119911 10154.266927823424 971.5115709528327 84.436791134998202 30.868779530748725 70.504793784581125 141.59297482669353 68.399786171037704 1647.3481568447314 12528.559298950247 63.266302408650517 2591.253156773746 189.3949939776212 7829.8990629985929 267.77939011109993 246.93888437002897 185.44701869785786 933.95387663319707 65.964363788254559 969.87333743274212 969.91037790477276 630.15589855611324 60.635226063430309 43.247703265398741 54.56929425150156 1474.8479851074517 2031.7392872534692 249.18033065460622 944.18914832174778 176.19760753028095 380.56627689767629 744.0607025846839 1132.9713243064471 272.2561908364296 3216.4292125059292 225.97144792787731 2054.5677765551955 30.24042902328074 50.751231804490089 67.639096036553383 64.204500250518322 75.26320244371891 35.839251371100545 4170.8401011582464 51.416223661974072 25.675448753871024 542.96864683646709
leaf_count=10986 2507 3255 3373 20950 741 41915 18064 70140 14357 3419 2731 1470 1851 16279 399 1955 32775 1463 161 100 10759 547 1845 6630 27494 323 3338 584 3544 715 692 231 4073 319 896 308 745 289 483 188 6351 7030 1169 2586 1570 690 365 616 221 3936 583 3113 556 68 77 166 319 50 11302 12 100 590
internal_value=0.01915 0.0365388 0.0139583 0.0118333 0.0102333 0.0115962 0.0145241 0.00568378 0.00251973 0.0217725 0.0417855 0.0212642 0.0215953 0.02174 0.0384543 0.0130196 0.0105956 0.025364 0.0225091 -0.0132828 0.0455658 0.00711508 0.0198236 0.020139 0.0173495 0.0491632 0.0294876 -0.0151542 0.0470163 0.0305639 -0.000934628 -0.010658 -0.025706 0.0335987 0.0179714 0.0365126 0.0324567 0.00821936 0.0249294 0.0289597 0.00470797 0.00146883 0.0285586 0.0050771 -0.0591079 0.0259917 0.0371188 0.0531067 0.0191803 0.0362491 0.0224584 0.0240648 0.0519082 -0.0064495 0.0185095 0.0181185 -0.0233883 0.0549666 0.018601 0.0611221 0.0118894 0.0247064
internal_weight=118087 27148.7 90937.8 70450.4 57854.2 51562.1 34483.4 17078.7 14273.2 2805.54 18472.4 20487.5 20409.4 12153.4 1938.58 575.175 22329.9 8676.31 7604.05 673.907 1072.26 466.841 18470.8 18402.4 14175.9 1363.41 4226.52 330.988 11267.7 471.554 6292.07 2310.53 1180.89 7204.68 1133.65 6071.02 5101.11 690.791 1067.69 1024.44 3981.54 3506.59 474.955 1129.64 207.066 6930.15 1667.6 1300.14 12596.2 4410.32 5262.55 4985.83 1001.75 276.723 12324 12194.8 139.468 129.154 12055.4 135.853 61.5147 923.535
internal_count=354364 40362 314002 263993 230808 207935 109033 98902 84497 14405 15946 50009 48539 34343 5859 4521 74690 24416 11638 2974 12778 1304 42680 40835 34124 1338 6711 1131 6275 2566 22873 7582 4765 9671 1886 7785 7477 1034 1567 1084 15291 13381 1910 2817 1670 8664 1645 1015 33185 6443 7019 6368 2019 651 32964 32737 485 227 32252 173 150 1280
is_linear=0
shrinkage=0.05


Tree=38
num_leaves=63
num_cat=0
split_feature=27 27 30 14 27 29 4 0 29 0 29 4 20 4 20 9 9 20 15 23 16 2 22 20 20 0 29 3 2 24 23 29 27 0 30 0 24 29 29 27 16 29 29 20 23 12 3 24 15 30 30 2 24 30 18 30 0 29 13 4 27 30
split_gain=5201.29 1232.15 529.421 317.532 707.959 314.317 384.48 290.632 258.979 369.817 244.243 248.365 237.555 241.852 232.991 223.091 844.746 717.037 334.474 216.159 212.018 200.203 198.396 172.176 140.487 129.44 106.208 115.439 118.788 105.711 105.307 101.799 255.814 174.256 101.194 99.37 106.327 97.6994 551.044 481.787 420.408 94.2626 93.7102 145.032 144.13 91.3839 90.0525 84.8119 73.096 72.7834 71.4828 69.933 68.6541 68.6182 163.288 106.071 67.9197 67.3771 65.6989 58.4914 55.1741 53.0869
threshold=5.6199998855590829 7.2500000000000009 13.591565608978273 1.5000000000000002 5.0850000381469735 3.9999998807907109 66.500000000000014 4.5050001144409189 0.095000028610229506 3.5949999094009404 4.2999999523162851 26.500000000000004 1.8485425710678103 8.5000000000000018 1.0660797953605654 3.8050001859664921 3.4999998807907109 0.50304394960403453 2.5000000000000004 20.442395210266117 0.69592735171318065 2.5000000000000004 16.206016540527347 0.36885349452495581 0.21176354587078097 5.8500001430511483 1.7999998331069949 5.5000000000000009 1.5000000000000002 0.40486487746238714 8.1063975530895782e+17 3.8999999761581425 7.5499999523162851 4.7099997997283944 139.79563140869143 6.0499999523162851 -9.4782500267028791 5.4500000476837167 4.1500000953674325 8.2500000000000018 0.91683137416839611 4.00000023841858 3.8000000715255742 0.19533744454383853 0.031606119126081474 1.58102023601532 15.500000000000002 0.011978280730545523 6.5000000000000009 197.14991760253909 129.12417602539065 29.500000000000004 0.23407890647649768 566.71026611328136 446.90542602539068 532.65060424804699 4.6949999332427987 2.1749999523162846 -0.37000004947185511 13.500000000000002 4.9949998855590829 3.8431318998336796
decision_type=2 2 2 2 2 2 2 2 2 2 2 2 2 2 2 2 2 2 2 2 2 2 2 2 2 2 2 2 2 2 2 2 2 2 2 2 2 2 2 2 2 2 2 2 2 2 2 2 2 2 2 2 2 2 2 2 2 2 2 2 2 2
left_child=3 2 5 7 20 15 10 8 9 -1 11 -7 13 14 -10 16 18 -18 -2 31 -5 24 -15 -12 35 26 48 28 -28 30 56 42 33 -33 59 36 -4 38 -21 40 -40 -34 43 61 -45 57 -43 -14 60 -49 58 52 -17 55 -55 -11 -23 -22 -6 -26 -9 -3
right_child=1 19 21 4 50 6 -8 25 12 53 23 -13 47 22 -16 51 17 -19 -20 37 45 29 -24 -25 34 -27 27 -29 -30 -31 -32 32 41 -35 -36 -37 -38 -39 39 -41 -42 46 -44 44 -46 -47 -48 49 -50 -51 -52 -53 -54 54 -56 -57 -58 -59 -60 -61 -62 -63
leaf_value=-0.032904178114932237 0.027625807413147147 0.050417481344698756 -0.096255122192624276 -0.056530859713083276 0.081735814780039329 0.011988506062034046 -0.058508897327579516 0.015232289543842085 0.010777675288752071 0.0054363595627718135 0.044243123666496346 -0.064660575928021616 0.060069109188591707 0.004742493566846499 -0.043176646241903954 -0.062494358273218122 0.01253409797711781 -0.094117179420751346 0.042565384359061216 0.051651507492513273 -0.043194376548187072 -0.05102619182095583 -0.022993834212739539 -0.034306979840977914 0.040787760118553576 0.036770198481435909 -0.0064340120557829913 -0.079305043550057588 0.04751581365530988 0.038263040744486415 0.015691162593258094 -0.075664687087883584 -0.0442349197979333 0.055254299635028918 -0.02616365528696776 0.067994382479514046 0.011625102095230669 0.05890089707855705 0.043157555114874263 0.059763327353520745 -0.038008903785856765 0.037524907709089915 0.058552037157804299 0.016345768434669197 -0.10295804906129996 0.055638962213720701 -0.006442983889637959 0.060486257978923777 -0.039955487467469956 -0.052876391776445042 0.048205849437773694 0.057146409030563942 0.046887143952712679 0.067331947695196917 -0.021055533765618001 0.058889224206352231 0.033939110964580424 0.040288038534801632 -0.059374485366871788 0.017385933892791628 0.022885800627753212 0.018301250720784552
leaf_weight=802.21938279643655 8867.9105449193157 457.27450546622276 21.9688710719347 46.059752522967756 7.7124966382980338 457.24588233605027 182.06237709242851 6907.0170061793178 57558.601208961569 3340.2012325674295 719.54737121239305 136.35996211785823 314.42513431049883 2042.8518695216626 199.79095379821956 24.049765914678574 498.28560882806778 229.33091800194234 6505.7420409778133 7254.7113494575024 40.839846869930625 261.13050045771524 940.74970677588135 76.434293138794601 903.51102336868644 826.00377401709557 580.37273098155856 44.30813314113766 122.73889484070241 70.254510036669672 101.16698016272858 97.531265914440155 39.625388875603676 33.39471098780632 73.516692323610187 77.08000673353672 4110.2878401428461 2069.0724417716265 239.65100334957242 367.37058378756046 472.31739408476278 1182.1025563282892 584.26977401971817 86.985735490918159 34.561822161078453 1161.4148613959551 128.66162550915033 23.044850166887045 54.00952688511461 33.427464472129941 17.741152618546039 1087.490679810755 32.570952817797661 57.29036670923233 503.80029833316803 94.505064606666565 25.081981564406306 56.206770703196526 210.26327802985907 383.32219803519547 3591.2073888070881 181.89474239945412
leaf_count=10600 9206 212 97 928 3 806 4524 20672 200558 20010 560 696 445 19064 1995 101 684 1296 5056 2994 207 4408 5305 418 1011 921 1502 231 180 116 678 435 95 18 461 29 7817 564 175 93 2144 1143 174 99 121 570 1118 60 218 348 141 1010 17 296 3127 316 48 60 11071 862 6042 208
internal_value=0.0182647 0.0334634 0.0268972 0.0109925 0.0334696 0.0310284 0.00961044 0.0105483 0.00923913 -0.00194522 0.0185746 -0.00568964 0.0101173 0.00987312 0.0105902 0.0329794 0.0314588 -0.0211565 0.0339505 0.045791 0.0478795 0.0139959 -0.00400606 0.0366605 0.0166088 0.0176629 0.0162626 -0.00194298 0.00303076 -0.017761 -0.0280066 0.0334988 0.0244202 -0.0420681 0.0305764 0.0120875 0.0110272 0.0491265 0.0466925 0.013339 -0.0106588 0.0308966 0.0434683 0.0318151 -0.0181006 0.0517468 0.0332037 0.0499635 0.0175527 -0.00628158 -0.046123 0.0543283 6.20793e-05 0.00427571 -0.0119181 0.00692527 -0.0434707 0.00502315 -0.0540084 0.0338396 0.0178528 0.0413285
internal_weight=117651 38073.8 24844.4 79576.8 1540.24 18817 1571.65 78036.6 65910.9 4798.02 1389.59 593.606 61112.9 60742 57758.4 17245.4 16101.3 727.617 15373.7 13229.4 1304.52 6027.32 2983.6 795.982 5569.69 12125.7 11299.7 747.42 703.112 457.634 387.379 2826.3 1481.32 130.926 1360.35 4209.34 4132.26 10403.1 8334.05 1079.34 711.968 1350.39 1344.99 760.717 121.548 1258.46 1310.76 370.897 10552.2 56.4723 235.717 1144.11 56.6207 3995.8 561.091 3434.71 286.212 97.0466 217.976 1286.83 10498.2 639.169
internal_count=354364 49494 39901 304870 12980 24374 7004 291890 262124 34349 2480 1502 227775 226922 202553 17370 16242 1980 14262 9593 1765 15527 24369 978 10277 29766 28845 1913 1682 5250 5134 3623 2809 453 2334 7943 7914 5970 5406 2412 2319 2356 814 640 220 837 2261 853 26932 408 11215 1128 118 23749 3423 20326 4456 267 11074 1873 26714 420
is_linear=0
shrinkage=0.05


Tree=39
num_leaves=63
num_cat=0
split_feature=27 27 27 25 10 25 26 27 27 3 1 26 5 20 26 23 26 1 25 27 25 1 1 16 21 23 1 22 12 21 22 2 27 27 1 26 23 22 26 27 1 25 3 17 21 27 20 23 16 10 5 10 26 26 27 5 12 16 26 1 1 1
split_gain=4933.96 1216.37 432.928 373.186 446.846 367.475 510.837 359.918 299.884 658.929 281.626 359.698 346.356 555.72 520.219 411.502 311.468 622.667 548.139 365.221 319.085 294.643 268.927 508.37 251.105 216.795 310.328 206.014 198.114 296.878 198.043 188.206 174.569 557.381 361.748 261.041 146.958 167.055 143.002 137.08 145.033 126.821 109.374 105.728 98.3378 89.9913 537.328 244.33 80.772 151.31 121.416 80.6364 77.9803 91.4779 272.83 148.261 143.353 87.261 86.6572 75.5305 97.2952 73.2883
threshold=5.6199998855590829 7.2500000000000009 7.1499998569488534 12.500000000000002 4.5025000572204599 58.500000000000007 213.50000000000003 6.6499998569488534 6.4500000476837167 46.500000000000007 188.98899841308597 32.500000000000007 18.500000000000004 0.72823780775070202 57.500000000000007 0.022455303929746154 59.500000000000007 72.075000762939467 22.500000000000004 4.8949999809265146 9.5000000000000018 87.005001068115249 23.005000114440922 0.58359211683273327 143476867072.00003 190.3188171386719 131.004997253418 14.434754371643068 1.4952363371849062 1582609793024.0002 16.600038528442386 42.500000000000007 5.0850000381469735 4.680000066757203 512.20498657226574 91.500000000000014 2.7048210068783764e+18 18.084965705871586 7.5000000000000009 5.4400000572204599 536.47497558593761 50.500000000000007 2.5000000000000004 5.8603897094726571 6436948992.000001 8.0000002384185809 0.30361397564411169 7039236649779201 0.90061727166175853 2.7600001096725468 22.500000000000004 5.8999998569488534 81.500000000000014 219.50000000000003 7.4500000476837167 46.500000000000007 1.6881944537162783 0.1208852417767048 768.50000000000011 64.005500793457045 525.00000000000011 33.004999160766609
decision_type=2 2 2 2 2 2 2 2 2 2 2 2 2 2 2 2 2 2 2 2 2 2 2 2 2 2 2 2 2 2 2 2 2 2 2 2 2 2 2 2 2 2 2 2 2 2 2 2 2 2 2 2 2 2 2 2 2 2 2 2 2 2
left_child=5 2 3 7 8 10 31 36 24 -10 12 30 16 14 44 -16 18 20 21 -19 -18 -1 23 -15 -5 52 45 -24 41 -30 39 48 33 35 -35 -13 37 -2 -28 40 -12 -6 -8 -20 -14 46 -27 -48 49 -7 -51 -38 -3 54 56 -56 -54 -55 -59 61 -61 -9
right_child=1 25 -4 4 28 6 42 59 9 -11 11 32 13 22 15 -17 17 19 43 -21 -22 -23 27 -25 -26 26 38 -29 29 -31 -32 -33 -34 34 -36 -37 51 -39 -40 -41 -42 -43 -44 -45 -46 -47 47 -49 -50 50 -52 -53 53 57 55 -57 -58 58 -60 60 -62 -63
leaf_value=0.012050343866437292 0.0079610315073836962 0.047214301160004662 -0.07823674507731343 0.026539981248674849 0.036557946653991688 0.052639319390129016 0.021815386618117411 0.034181266458442036 0.019383429396437737 -0.057603623128244907 0.008676622544895797 0.018805144384614027 -0.05802399563714572 -0.030485207743784326 0.045426841938566789 -0.014787432074143956 0.030944509000310257 0.025017135053532411 0.04304279728109188 -0.027241797554823144 -0.02080212578111694 0.0028479408157697991 -0.023920279278390064 0.036887636283712576 0.051818305762314866 0.048702442301021928 0.04931357508785586 0.049338794158406293 -0.10756222448262301 0.033757625810705454 -0.096933988849133471 -0.061716582620274144 0.058519949594503753 -0.049986332591896401 0.068017998543475511 0.063746438478102185 -0.082395349771529403 0.027000587916691333 -0.074031993266369014 -0.041015846420636888 0.025534029473111952 0.052216745986241681 -0.05132083409189156 0.087960297914403227 -0.0014889224572020359 0.056067810313250248 0.038035535746807403 -0.074455665888515141 0.052148680302306377 0.031126637537310032 -0.0656513345455461 0.014276780789439145 -0.079225845872712863 0.04698780128403017 0.038716419599833296 -0.031125671556956697 0.056946975121755034 0.027222309668594253 -0.056696141530703716 -0.020416267731550079 0.045546309497488613 0.058482884346658326
leaf_weight=47503.683349570259 4542.3969820253551 789.79644037038088 98.404512631706893 6715.3838435956277 2689.3249625265598 181.10133509617299 68.759683693293482 873.28936801850796 3083.5991332209669 304.46428844938055 4052.9657780975103 605.61023658514023 724.88004864566028 599.51120242662728 340.15000711753964 1684.6558795170859 330.27425744570792 2210.838172737509 574.21341928094625 392.92618840187788 2959.9282912453637 10650.690967291594 111.04747954942286 523.58544511627406 1152.3591132983565 5859.2369098216295 33.340577155351639 677.94786786194891 53.081932052969933 117.79661153256893 40.295900121331215 40.545878192409873 603.59960642457008 308.31253935396671 81.250468954443932 695.54121418297291 62.456783547997475 1543.9214947149158 74.022070877254009 114.48705826699734 1863.4674244895577 2525.0174261331558 192.16480516642332 171.47502879053354 86.297386832535267 3473.951538875699 75.353223974816501 130.69121096003801 1209.6469951951876 62.734352711588144 65.004163560457528 32.161168441176414 100.06565131247044 826.40655820816755 500.01949838548899 88.715331740677357 23.086793884634972 815.8389593353495 31.018890582025051 115.0175437182188 106.90350949764252 489.19798837602139
leaf_count=176832 8340 453 586 11663 1985 250 557 822 5827 6351 11662 1070 3988 8404 982 14428 895 5670 915 1203 16486 33769 496 1086 518 2796 19 1489 194 97 165 574 394 998 32 393 199 1645 265 375 3349 1009 15916 59 327 1132 206 1268 1033 207 866 44 378 570 359 208 13 953 973 280 82 259
internal_value=0.0174466 0.0324492 0.0259179 0.0263412 0.0305656 0.0104224 0.0326281 0.0172851 0.0248931 0.0124486 0.00990319 0.0185711 0.00886016 -0.00417351 -0.0182174 -0.00465205 0.00981538 -0.00114248 0.010912 0.0171215 -0.0155984 0.0103651 0.0166522 0.000924305 0.0302492 0.0449287 0.0486633 0.0390044 0.042414 -0.0104835 0.0121928 0.0434644 0.0354347 0.0271603 -0.0252504 0.0428632 0.0118302 0.0127953 -0.0355803 0.0129387 0.0139904 0.0441502 -0.0320189 0.0534825 -0.0520249 0.0496156 0.0459106 -0.033307 0.0463149 0.0233549 -0.0182108 -0.049678 0.0335681 0.0290295 0.0139782 0.0281486 -0.0534048 0.0354179 0.0240794 0.0385412 0.0113985 0.0429469
internal_weight=117054 37326.3 24504.8 24406.4 16641 79727.6 1819.96 7765.34 11255.8 3388.06 77907.6 8365.53 69542.1 4748.08 2835.98 2024.81 64794 5893.97 58900.1 2603.76 3290.2 58154.4 1912.09 1123.1 7867.74 12821.5 9646.6 788.995 5385.22 170.879 6071.22 1559.03 2294.31 1690.71 389.563 1301.15 6180.94 6086.32 107.363 6030.92 5916.43 5214.34 260.924 745.688 811.177 9539.23 6065.28 206.044 1518.49 308.84 127.739 94.618 3174.95 2385.15 711.887 588.735 123.152 1673.26 846.858 1584.41 221.921 1362.49
internal_count=354364 49494 39901 39315 27644 304870 19403 11671 24359 12178 285467 18438 267029 31200 19725 15410 235829 24254 211575 6873 17381 210601 11475 9490 12181 9593 5686 1985 3285 291 15551 2930 2887 2493 1030 1463 10228 9985 284 15386 15011 2994 16473 974 4315 5402 4270 1474 2356 1323 1073 243 3907 3454 958 567 391 2496 1926 1443 362 1081
is_linear=0
shrinkage=0.05


Tree=40
num_leaves=63
num_cat=0
split_feature=28 2 0 21 28 4 26 16 20 23 12 23 0 15 26 28 26 22 0 26 4 22 25 0 28 0 22 25 26 20 26 26 30 12 25 12 3 20 28 5 22 12 30 25 28 26 28 12 0 23 23 28 0 5 2 5 14 25 20 25 28 0
split_gain=4143.28 1207.83 595.526 509.721 458.195 531.504 401.197 394.791 356.82 434.249 711.693 301.221 272.767 259.589 258.119 255.047 312.386 274.685 240.131 290.966 266.607 205.488 319.451 175.937 151.366 157.495 134.249 156.359 129.28 127.832 119.813 115.294 122.584 113.932 133.638 398.085 112.771 118.72 112.271 102.02 239.696 92.875 91.9946 84.4608 73.104 71.0908 64.2823 62.3715 60.6223 57.8793 69.8237 56.5622 55.6531 52.1801 51.5928 44.0282 42.2117 40.6156 71.4613 39.9416 41.706 34.6235
threshold=22.500000000000004 6.5000000000000009 4.1949999332427987 958644512.00000012 112.50000000000001 137.50000000000003 133.50000000000003 0.54774570465087902 1.0431783795356753 2.5059965941055493e+18 2.00000011920929 2017.7620849609377 5.8500001430511483 7.5000000000000009 422.50000000000006 1.5000000000000002 10.500000000000002 14.604373931884767 3.0949999094009404 111.50000000000001 56.500000000000007 18.727571487426761 46.500000000000007 4.4949998855590829 6.5000000000000009 5.0950000286102304 13.644620418548586 31.500000000000004 982.50000000000011 0.19231788069009784 145.50000000000003 2.5000000000000004 0.43141666054725653 1.3333333134651186 38.500000000000007 1.5275252461433413 59.500000000000007 0.19231788069009784 126.50000000000001 22.500000000000004 17.76981353759766 1.3000888228416445 0.38692820072174078 7.5000000000000009 11.500000000000002 174.50000000000003 37.500000000000007 1.0250240564346316 7.2500000000000009 190.3188171386719 20.442395210266117 1.5000000000000002 3.8850001096725468 1.0000000180025095e-35 8.5000000000000018 5.5000000000000009 1.0000000180025095e-35 21.500000000000004 2.0044389963150029 291.50000000000006 186.50000000000003 4.5950000286102304
decision_type=2 2 2 2 2 2 2 2 2 2 2 2 2 2 2 2 2 2 2 2 2 2 2 2 2 2 2 2 2 2 2 2 2 2 2 2 2 2 2 2 2 2 2 2 2 2 2 2 2 2 2 2 2 2 2 2 2 2 2 2 2 2
left_child=1 3 4 6 5 14 12 51 9 10 13 36 15 -9 18 16 -1 -17 20 -20 -2 -11 -23 -12 25 31 27 -8 52 -13 41 32 -5 54 35 -35 38 -38 39 46 -41 -28 49 -33 -29 -36 -4 -44 53 50 -26 56 -6 -14 -31 -49 -3 58 -10 60 -54 -40
right_child=2 7 11 24 28 -7 26 8 57 21 23 29 48 -15 -16 17 -18 -19 19 -21 -22 22 -24 -25 42 -27 30 44 -30 33 -32 43 -34 34 45 -37 37 -39 61 40 -42 -43 47 -45 -46 -47 -48 55 -50 -51 -52 -53 59 -55 -56 -57 -58 -59 -60 -61 -62 -63
leaf_value=-0.00021158997537075268 0.043969785835794084 -0.052701068491406267 0.026646113645603986 0.013454777152881315 0.049686984470402984 -0.064796196350702592 -0.064636900785617069 0.013496821276862062 -0.064098487184680739 0.058713038762412198 -0.077486758056952001 0.050804731592957064 0.012284991324835258 0.038445084314142029 -0.050249369300893514 0.013573745429077778 0.011405376563690693 0.0059203150175098319 0.025640749277083309 0.000184822214816709 -0.038502543254848427 0.035933950795172864 -0.076392007669818573 0.050766688796241313 0.034235044428792653 0.039329127113143292 -0.032619797595214842 0.040061535553162796 -0.05090995666788161 0.033024623058600731 -0.054768495067726464 0.019544609792372956 -0.043507649001275552 -0.15769553567657629 0.023427435925648527 0.030970623031618984 0.054753648036031402 -0.095095005674972213 0.035181621156738889 -0.00074749653934579291 0.035207914351409707 0.039918113285689866 0.042505482475589135 -0.01670642173844087 -0.065038209324196142 0.047001453558094791 0.042220052871471306 0.025491512607603045 0.066564393867005495 0.047454084902772163 -0.031723624001139053 -0.063065076933327233 0.038866164804990999 0.040793790896765769 0.050380569715506973 -0.00083186366920333778 0.037374035638117718 0.056560487974885644 0.059007378132291469 0.055746344906990278 0.014187468887754346 0.04681083670621769
leaf_weight=13763.924402542412 1429.5811422299594 21.450322315096855 1327.4941563755274 197.11866070330143 1547.3089810074307 190.69049992389046 58.042395821772516 2688.370815849863 18.920910283923149 1253.3222891166806 225.99391215853393 5648.7250553965569 244.86509183049202 1705.161976704374 128.20450579794124 33939.366372328252 9982.8909076424316 17918.278627357446 2827.4970002807677 1861.8900029370561 104.38289159256965 698.73632211238146 68.631313843186945 29.565917539875954 185.0214213989675 653.2756412923336 119.86017558164895 158.94915956724435 35.608284300658852 588.63960243016481 389.25606532581151 1836.6143691763282 179.55371560156345 36.611212700605392 798.27026424556971 108.00816637277603 20.394294261932373 33.920620514079928 1260.9452887745574 832.35042405920103 1044.1856280989014 68.493121949024498 266.95534814894199 175.16808573901653 17.517668509855866 539.23171991365962 1346.2447487860918 353.92640964686871 145.99950613081455 1141.11592631042 50.232988223433495 121.2600202052854 408.52518001012504 474.59728822112083 1682.6459585949779 286.78219500556588 29.917005566414446 1320.0782386800274 27.871744424104691 167.92035894701257 298.51778665557504 1363.7318214373663
leaf_count=86218 1408 770 1617 378 1474 14737 543 5714 128 361 1640 2539 411 2694 3227 84664 45582 48280 4712 8176 541 600 686 48 205 593 1538 669 1369 520 10195 2979 600 170 914 97 6 347 1026 1859 846 326 259 483 146 447 1062 429 44 708 115 3722 361 458 873 524 390 1160 19 71 368 724
internal_value=0.016773 0.0117622 0.0345258 0.00994414 0.0241593 0.0172385 0.00891276 0.030053 0.0316618 0.0268835 0.018464 0.0401336 0.00928418 0.0231871 0.019712 0.00896428 0.00467211 0.0109295 0.0211619 0.0155369 0.038333 0.0462336 0.025795 -0.0624895 0.0249051 0.0175877 -0.0260233 0.00584748 0.042564 0.0460389 -0.0389592 0.011625 -0.0137284 0.0388536 0.0280263 -0.0175119 0.0324473 -0.0387664 0.0329925 0.0282252 0.0192651 -0.00614407 0.0346358 0.016379 0.0292925 0.0329634 0.0345024 0.022228 0.037182 0.0427926 0.0200553 -0.0445667 0.0439606 0.0311284 0.0459012 0.0137184 -0.000432764 0.0549376 0.00882449 0.0337831 0.0284885 0.0412414
internal_weight=116449 90817.1 25631.5 82607.8 9000.13 6542.25 77282 8209.28 8036.65 6669.78 4649.09 16631.4 76469.9 4393.53 6351.56 75604.5 23746.8 51857.6 6223.35 4689.39 1533.96 2020.69 767.368 255.56 5325.76 3041.73 812.119 234.509 2457.88 9402.13 577.609 2388.45 376.672 3753.41 1482.12 144.619 7229.27 54.3149 7174.95 4550.27 1876.54 188.353 2284.03 2011.78 176.467 1337.5 2673.74 907.664 865.462 1376.37 235.254 172.627 2422.27 719.462 2271.29 640.709 51.3673 1366.87 46.7927 874.963 707.043 2624.68
internal_count=353770 304279 49491 286347 36444 32801 279074 17932 13050 11743 10096 13047 265657 8408 18064 264744 131800 132944 14837 12888 1949 1647 1286 1688 7273 5033 13417 1358 3643 5560 12059 4440 978 3021 1628 267 7487 353 7134 5384 2705 1864 2240 3462 815 1361 2679 1212 913 1028 320 4882 2274 869 1393 953 1160 1307 147 800 729 1750
is_linear=0
shrinkage=0.05


Tree=41
num_leaves=63
num_cat=0
split_feature=27 2 27 29 29 4 28 29 29 29 28 1 0 27 17 29 27 30 28 11 29 29 1 29 20 3 21 8 29 20 28 26 0 29 29 27 26 27 19 26 8 26 0 5 30 20 29 20 20 1 26 29 29 18 18 26 26 29 26 26 19 1
split_gain=4631.43 744.512 641.45 673.576 572.452 540.224 494.706 397.171 371.784 400.194 651.189 367.876 327.431 400.72 320.328 312.236 843.903 278.812 309.098 261.417 388.118 507.261 290.572 250.498 712.966 620.642 345.487 409.161 219.318 218.662 213.044 203.231 201.953 189.501 186.798 182.096 179.3 166.532 162.972 175.487 161.024 160.486 150.455 142.559 133.245 118.573 268.912 331.679 124.435 115.35 101.01 87.3894 480.387 79.1457 92.187 72.3546 110.562 86.5011 71.0464 65.6407 53.1408 51.6792
threshold=6.2550001144409189 7.5000000000000009 7.6499998569488534 3.9999998807907109 3.6000002622604375 57.500000000000007 23.500000000000004 3.4999998807907109 4.6000001430511483 4.2999999523162851 8.5000000000000018 206.47499847412112 4.3949999809265146 2.804999947547913 26.016129493713382 0.98499989509582531 4.8949999809265146 52.210571289062507 12.500000000000002 6.5000000000000009 2.50000011920929 2.8050000667572026 28.868000030517582 3.6000000238418584 0.21393819898366931 11.500000000000002 217352773632.00003 7.2500000000000009 1.8899999856948855 0.70049449801445018 262.50000000000006 129.50000000000003 5.8500001430511483 2.8050000667572026 2.7549999952316289 4.4949998855590829 367.50000000000006 5.3949999809265146 859.49984741210949 119.50000000000001 2.6950000524520878 93.500000000000014 3.495000004768372 8.5000000000000018 3.3678292036056523 0.196650005877018 5.4500000476837167 0.28053472936153417 0.63440737128257763 93.81000137329103 29.500000000000004 5.2000000476837167 4.4500000476837167 337.31416320800787 456.70266723632818 35.500000000000007 77.500000000000014 0.8999997377395631 437.50000000000006 85.500000000000014 147.16119384765628 199.0100021362305
decision_type=2 2 2 2 2 2 2 2 2 2 2 2 2 2 2 2 2 2 2 2 2 2 2 2 2 2 2 2 2 2 2 2 2 2 2 2 2 2 2 2 2 2 2 2 2 2 2 2 2 2 2 2 2 2 2 2 2 2 2 2 2 2
left_child=1 6 3 17 14 8 7 11 9 10 -5 12 13 -1 19 55 35 23 53 20 22 -22 -3 24 34 -26 29 -28 43 -25 33 -11 -14 -18 -2 41 -21 -30 39 -9 -40 -17 -20 -13 -32 -4 47 51 -49 -41 -42 52 -47 -19 -55 -8 -57 -58 -48 -7 -44 -37
right_child=2 4 45 5 -6 59 15 38 -10 31 -12 28 32 -15 -16 16 30 18 42 36 21 -23 -24 26 25 -27 27 -29 37 -31 44 -33 -34 -35 -36 61 -38 -39 40 49 50 -43 60 -45 -46 46 58 48 -50 -51 -52 -53 -54 54 -56 56 57 -59 -60 -61 -62 -63
leaf_value=-0.01905819168002067 0.041575872156579236 0.038297555546511874 0.051854840960292095 0.051620090436164827 -0.085072692568618019 0.030666488517708836 0.039685120414192421 -0.10330632925602397 -0.084345317033312481 0.046129873125512894 -0.039468810057751373 0.015740440755893009 0.012226822880161935 0.0064776124956840084 -0.085912337303824804 0.055399010154563826 0.021557534100999934 -0.0845415730248784 -0.075928379913775768 0.053710783452312109 -0.070190416609115514 0.015623037875039925 -0.039240329616583663 0.049156585114340061 0.012768134577605117 -0.093710140061290373 -0.12531696134490311 0.036200230629663481 0.038178289989193641 -0.037126804206931791 -0.17850575191347895 0.0031173565646626018 0.037371415641629234 0.043882941866090465 0.026432916929650049 -0.061118235449971296 -0.049345855780416566 -0.014510366374437728 -0.080110052975146923 -0.072886581391852071 0.067185033122848903 -0.030815236779622886 0.0089206782305574633 -0.031161015256204752 -0.0094673663965970049 0.032580109275975912 0.058122823584091668 -0.073271437584271168 0.047363453634708022 0.061012498211248656 -0.026964535580516282 0.058016332799803831 -0.1239478392768308 0.04869205335800357 -0.056552526895476143 0.091645706853475672 0.061373844935233707 -0.060343279789710914 0.034183632008653368 -0.060369641501791249 0.044948943157806009 0.069488108546284816
leaf_weight=1583.0633706003428 4480.1414040774107 3017.8972640559077 4881.1864036470652 299.05731633491814 109.68721238384023 20.54784083366394 249.80246961116791 142.06797352619469 89.594293959438801 1068.1716339550912 565.89457856258377 5131.4609927684069 18559.546480766498 50933.182262761053 58.378610631451011 80.010624781250954 2875.6816406184807 94.234260689467192 34.237289138138294 1289.9485585521907 197.47368774889037 1300.2444908584002 125.02507323771715 4384.9429054260254 442.87527529895306 196.89468112587929 62.772411987185478 100.91013535857201 1806.0159948915243 73.927639458328485 18.211952365934849 370.09506348334253 833.98374551534653 1423.5961826220155 3754.87657443434 347.83581314515322 42.836436908924952 162.8868360221386 49.731044732034206 29.714199346490204 65.182369992136955 160.74172706436366 164.55705820443109 166.32826642692089 30.1275385171175 843.61503572016954 1264.7288620769978 113.56982876546681 25.495202362537384 32.762702388688922 49.174202499911189 231.48704242706299 51.051695793867111 31.731293424963951 56.217911303043365 239.43290840089321 37.518959667533636 22.51776229403913 419.41289147734642 296.18509154906496 274.07601441442966 6.9146695137023917
leaf_count=17153 3044 6154 2051 354 933 52 246 672 597 796 2178 12737 48417 200108 341 206 6124 438 376 730 2332 3471 724 2391 581 685 275 77 2239 1990 96 1106 852 1592 3614 3081 9014 393 228 323 41 1869 262 504 52 709 374 1531 100 30 161 65 206 46 219 101 64 194 323 7888 259 1
internal_value=0.0160198 0.0108174 0.0352285 0.0297324 0.0276291 0.00688812 0.00960289 0.00860046 0.0150182 0.0189205 -0.00794579 0.00884181 0.00775807 0.00570741 0.0296931 0.0241157 0.0201318 0.0341049 0.00223675 0.030838 0.0252205 0.00426594 0.0352 0.0356509 0.0307256 -0.0200888 0.045097 -0.0260962 0.0195631 0.0477169 0.0277791 0.0350752 0.0133102 0.0289597 0.0346759 -0.0356435 0.0503602 0.0338117 -0.0431078 -0.072775 -0.00587885 -0.00203184 0.0235629 0.0142614 -0.0755812 0.0470575 0.0391014 0.0216505 -0.0509391 -0.00273653 0.0267739 0.030656 0.0235143 -0.0529159 -0.0184045 0.0598571 0.0764788 0.0153992 0.0521879 -0.0543701 0.031495 -0.0583703
internal_weight=115871 91179 24692.5 16861.9 6141.49 2709.55 85037.5 79545.1 2392.81 2303.22 864.952 79176.5 71909.8 52516.2 6031.8 5492.39 4943.12 14152.4 655.054 5973.43 4640.64 1497.72 3142.92 13497.3 8874.79 639.77 4622.55 163.683 7266.69 4458.87 4347.62 1438.27 19393.5 4299.28 8235.02 595.503 1332.78 1968.9 368.632 204.545 164.088 240.752 472.87 5297.79 48.3395 7830.55 2949.36 1265.22 139.065 62.4769 114.357 1126.15 894.667 182.183 87.9492 549.272 299.47 60.0367 1684.14 316.733 438.633 354.75
internal_count=353770 321183 32587 27228 23699 12971 297484 283858 5031 4434 2532 282403 266530 217261 22766 13626 13021 14257 1600 22425 12681 5803 6878 12657 7924 1266 4733 352 15873 4381 7864 1902 49269 7716 6658 5157 9744 2632 1455 1025 430 2075 897 13241 148 5359 3308 2611 1631 353 202 980 915 703 265 605 359 258 697 7940 521 3082
is_linear=0
shrinkage=0.05


Tree=42
num_leaves=63
num_cat=0
split_feature=22 29 10 29 25 14 4 29 10 14 25 26 10 8 2 21 25 9 25 29 29 5 24 7 10 5 29 9 10 21 29 29 4 17 4 15 7 9 7 29 5 23 29 8 26 21 16 29 12 29 26 7 8 22 29 25 14 25 24 8 12 2
split_gain=3461.26 729.716 517.645 629.815 518.993 459.055 421.722 418.55 402.53 624.713 380.235 292.082 349.569 332.07 274.39 274.228 250.988 247.035 246.118 227.059 371.651 261.222 203.556 196.097 284.933 183.255 177.114 163.848 163.07 189.045 172.979 590.83 148.907 355.323 140.402 131.371 117.841 114.763 112.427 104.745 89.8926 89.7273 89.464 88.3388 84.0478 177.129 81.911 81.754 79.1897 75.5068 74.64 72.1418 75.3031 354.59 72.9785 112.641 70.6555 68.2421 66.6143 64.718 64.6964 62.8338
threshold=17.206051826477054 2.7050000429153447 4.5650000572204599 3.6999999284744267 22.500000000000004 1.5000000000000002 70.500000000000014 2.7549999952316289 2.717499971389771 2.5000000000000004 11.500000000000002 145.50000000000003 4.3999998569488534 2.8249999284744267 5.5000000000000009 217352773632.00003 15.500000000000002 3.6050001382827763 62.500000000000007 2.3050000667572026 2.3000000715255742 7.5000000000000009 0.13282173871994021 6.7500000000000009 2.9499999284744267 77.500000000000014 1.7000001668930056 4.3499999046325692 3.0025000572204594 12724758528.000002 3.9000003337860112 5.2000000476837167 8.5000000000000018 3.4599359035491948 51.500000000000007 22.500000000000004 8.1500000953674334 1.8999999761581423 5.7099997997283944 5.4500000476837167 54.500000000000007 0.10790562629699708 2.8050000667572026 5.0050001144409189 5.5000000000000009 6436948992.000001 0.99965035915374767 1.8899999856948855 1.58102023601532 3.50000011920929 93.500000000000014 5.0699999332427987 6.7500000000000009 19.750806808471683 1.8999999761581423 76.500000000000014 4.5000000000000009 162.50000000000003 -0.17459788173437116 5.0699999332427987 1.4000000357627871 7.5000000000000009
decision_type=2 2 2 2 2 2 2 2 2 2 2 2 2 2 2 2 2 2 2 2 2 2 2 2 2 2 2 2 2 2 2 2 2 2 2 2 2 2 2 2 2 2 2 2 2 2 2 2 2 2 2 2 2 2 2 2 2 2 2 2 2 2
left_child=1 5 3 8 26 11 7 41 38 17 37 18 13 47 -7 28 -15 25 19 20 -1 -21 57 24 -17 -10 32 50 29 35 46 -32 44 -34 39 -5 -29 42 -2 -12 -20 -3 -9 48 45 -4 -30 -13 60 51 -25 54 -53 -54 55 -6 -36 -11 -35 -45 -16 -26
right_child=2 6 4 15 49 14 -8 10 9 22 34 12 -14 16 43 23 -18 -19 40 21 -22 -23 -24 27 61 -27 -28 36 30 -31 31 -33 33 58 56 -37 -38 -39 -40 -41 -42 -43 -44 59 -46 -47 -48 -49 -50 -51 -52 52 53 -55 -56 -57 -58 -59 -60 -61 -62 -63
leaf_value=0.008853906608293426 -0.048667754650686845 0.14600166208796606 -0.064899531062785454 0.036674440699313297 -0.086016057400222681 -0.056301511326621048 -0.058966284360211042 -0.014761690620952084 0.015444633891773592 -0.09007588618459185 0.027820928970811849 -0.052937722192277971 0.04749349930189644 0.10485074627234528 0.043650691543687545 0.083000996822917839 -0.054024769132844409 -0.10277048507601166 0.050189558118706415 0.0060978208845256319 0.029448048189351057 -0.020449933769646499 0.01253485862893905 0.036812996385672481 -0.0016458264267280071 -0.052132523846662185 0.03223459714286292 -0.08687722194068126 0.030418866576281674 -0.09239986152053993 -0.0020792244076703608 0.051335961352333696 -0.11805347985816346 0.06267243868423622 -0.056088126074443447 -0.058709480784424187 0.05575005257323188 -0.068923570365450312 0.058532989997444135 0.049475633219305815 -0.025210608847917822 0.068737315759579906 0.011972242981694721 0.053777438013211512 0.02982105869563554 0.014388374337570781 0.053556597863925616 0.035297352202513267 0.052581052048403548 0.052527983669913639 -0.019790858659802266 0.046966571214016407 -0.05661473520749271 0.043949048403872835 0.030864260761907486 0.054558573270118219 0.053493185794502573 -0.03841804457223344 -0.016097961405709481 -0.061325016302870287 -0.036847691585538821 -0.086910201975508028
leaf_weight=70960.376686671749 24.922127046156675 72.6236552298069 79.773194164037704 204.50026027578861 35.500189401209354 69.457390574738383 152.89205748983659 363.73300100117922 4428.2284526452422 199.0150889204815 6862.8293026257306 29.520076522603631 172.19322453439236 24.946144635789096 51.503503318410367 37.409605829976499 635.83846695022658 44.819795567542315 463.18344278074801 2899.1730849929154 2259.9784822799265 1360.5980290528387 89.615009032189846 502.95089182630181 26.846882194280624 101.65911763440818 3399.0293043479323 53.301212440244853 463.25534132122993 43.070130086038262 834.88332876353525 1360.5572060411796 70.155186057090759 56.711322873830795 70.222782569006085 42.822896899655461 18.923302888870239 48.187128942459822 504.99181297421455 609.8498433381319 42.519671216607094 84.647747918963432 2201.7855319231749 18.428361177444458 656.68206901848316 549.33889426290989 2363.6062909215689 188.74323281832039 1003.074686604552 3299.1064757332206 65.094798400998116 3756.7630030736327 102.29437355697155 580.34408172219992 231.33689032495022 22.467354036867619 17.643314230255783 97.970029260963202 49.41070444881916 31.970188287086785 46.565095901489258 113.1782643776387
leaf_count=253165 5363 20 278 1454 121 661 4668 989 6821 1219 11077 557 103 151 226 80 16042 248 409 7762 4692 4635 128 449 46 568 3018 630 442 225 3473 943 306 19 1190 2330 5 251 175 284 275 88 4230 6 800 822 902 465 827 1332 201 2003 263 339 190 8 15 4423 102 224 363 669
internal_value=0.0153064 0.0108028 0.0319783 0.024321 0.0388799 0.00918189 0.0232082 0.0244304 0.0120179 0.00758701 0.023172 0.00871149 -0.0174554 -0.0302231 0.0395954 0.0353368 -0.0478699 0.0127493 0.0090645 0.00883715 0.00949002 -0.00238334 -0.0533615 0.00836199 -0.038003 0.0139158 0.025975 0.0212579 0.0394853 0.00302585 0.0415914 0.0310292 0.0114071 -0.0315591 0.0288549 0.0199691 -0.0491886 0.00672659 0.0533997 0.0295952 0.0438028 0.105145 0.00817575 0.0454277 0.0173214 0.00423947 0.0497787 0.0231538 0.0483916 0.0466894 0.0302944 0.0426046 0.0441831 0.0288113 0.0182968 -0.0314454 -0.0336738 -0.0732378 0.0261421 -0.0189128 0.00539172 -0.0707256
internal_weight=115253 90742.5 24510.5 11621.6 12888.9 80258.1 10484.4 10331.5 5491.22 4961.31 10174.3 79037.1 1051.24 879.048 1221 6130.4 660.785 4574.71 77985.8 77480.1 73220.4 4259.77 386.6 817.705 177.435 4529.89 4861.1 640.27 5312.7 290.393 5022.3 2195.44 1462.07 176.277 7560.55 247.323 72.2245 2613.71 529.914 7472.68 505.703 157.271 2565.52 1151.54 1285.79 629.112 2826.86 218.263 1101.14 8027.81 568.046 4728.71 4439.4 682.638 289.304 57.9675 87.8661 296.985 106.122 50.3985 98.0686 140.025
internal_count=353770 313375 40395 30794 9601 290563 22812 18144 18945 13407 18036 288256 17318 17215 2307 11849 16193 7637 270938 270254 257857 12397 5770 2080 795 7389 5345 1285 9769 4009 5760 4416 2327 427 12566 3784 635 5470 5538 11361 684 108 5219 1646 1900 1100 1344 1022 1416 4256 650 2924 2605 602 319 129 1205 5642 121 230 589 715
is_linear=0
shrinkage=0.05


Tree=43
num_leaves=63
num_cat=0
split_feature=27 25 27 29 25 9 0 29 1 29 1 29 25 27 29 29 27 25 20 30 12 29 27 29 0 5 11 5 21 29 20 29 20 5 9 21 10 29 20 29 24 20 2 12 24 15 20 8 1 12 1 0 0 30 0 18 25 25 24 29 25 25
split_gain=4207.92 673.794 627.99 609.973 824.654 489.555 398.572 535.719 467.967 339.36 539.695 336.271 330.116 326.113 291.292 356.337 276.883 276.759 266.565 257.053 294.859 291.773 247.144 221.281 216.98 205.775 191.845 319.816 188.028 176.296 167.164 182.898 623.637 153.634 146.461 136.281 133.629 214.626 344.495 162.911 205.657 130.469 124.441 123.051 125.817 122.02 114.813 113.299 111.007 106.509 94.3504 87.9537 136.365 134.451 86.3386 86.254 79.4535 77.5285 75.6216 73.0233 82.2182 177.123
threshold=6.2550001144409189 61.500000000000007 7.6499998569488534 3.9999998807907109 74.500000000000014 3.3999999761581425 4.1949999332427987 1.0000000180025095e-35 185.004997253418 4.2999999523162851 17.005000114440922 4.6000001430511483 17.500000000000004 5.7850000858306894 3.6000002622604375 2.8050000667572026 4.2950000762939462 30.500000000000004 0.4854539036750794 0.27084971964359289 1.5337899327278139 3.8200001716613774 6.7500000000000009 3.6000002622604375 5.8500001430511483 334.50000000000006 5.5000000000000009 102.50000000000001 45403564032.000008 1.4049999713897707 0.70049449801445018 3.6000000238418584 0.22857597470283511 1.5000000000000002 2.3000000715255742 85.594623565673842 4.5650000572204599 5.4500000476837167 0.28053472936153417 3.8949999809265141 -1.0000000180025095e-35 0.30361397564411169 5.5000000000000009 1.7966102957725527 0.65488094091415416 4.5000000000000009 0.63440737128257763 6.4500000476837167 42.004999160766609 1.0746511220932009 36.00849914550782 3.6950000524520878 3.7050000429153447 554.93103027343761 4.0950000286102304 0.027441666461527351 189.50000000000003 1.5000000000000002 2.5532499551773076 5.7000000476837167 103.50000000000001 255.50000000000003
decision_type=2 2 2 2 2 2 2 2 2 2 2 2 2 2 2 2 2 2 2 2 2 2 2 2 2 2 2 2 2 2 2 2 2 2 2 2 2 2 2 2 2 2 2 2 2 2 2 2 2 2 2 2 2 2 2 2 2 2 2 2 2 2
left_child=1 6 3 17 9 23 7 51 14 10 49 48 24 16 15 -9 -10 19 -7 -2 21 -21 -12 25 28 26 27 -3 29 -8 31 32 -19 -6 35 58 37 38 39 -4 -41 -22 -28 44 -36 -37 -40 -33 -11 -5 -35 55 53 -53 -54 -1 -52 -57 -14 -39 -61 -62
right_child=2 5 36 4 33 18 12 8 13 11 22 -13 34 -15 -16 -17 -18 30 -20 20 41 -23 -24 -25 -26 -27 42 -29 -30 -31 -32 47 -34 50 43 45 -38 59 46 40 -42 -43 -44 -45 -46 -47 -48 -49 -50 -51 56 52 54 -55 -56 57 -58 -59 -60 60 61 -63
leaf_value=0.13250127282769353 0.038071691495750522 0.031367284979115388 0.050005002351024466 -0.0079204505907658831 0.052526217546885301 0.031102671122919104 0.012201058942951664 0.0046066528693836156 -0.030597940769581417 0.044924350671319224 0.044667450107179096 -0.092595547378560641 0.017460374885768744 -0.083245181227049089 -0.085298447899540303 0.02058855532524155 0.028198018622073363 0.035307493707218703 -0.085724440167181781 0.021757096147026225 -0.065962297059733499 -0.1069192934446806 -0.025422568947563062 -0.084088179545570851 0.035095475947191375 -0.050169906521564736 -0.030996100258660217 -0.066416126526596703 0.034700276532392722 0.0025928271190686757 -0.035713992198389347 0.050001628893126066 -0.090823177090555651 -0.062201835302622126 -0.094633051591363038 0.053194702991574465 0.052111559416288193 0.05523864202028507 -0.072461711438914736 -0.019230742290969785 0.033338935394244165 0.0052376485008486457 0.052663512611372892 0.033755697162788922 0.029120599837986372 0.011576012436403294 0.044398771277501373 0.0061120499239950797 -0.02037292745070253 -0.091973093659449612 -0.047934725515749094 -0.010476881279865272 -0.03071289778618352 0.095517736033343098 -0.00099703814294679395 -0.034396389177675409 0.047185426232264432 0.11328185471118131 0.054449670302485542 0.045852239089365587 -0.10215706943617892 0.044875839442389848
leaf_weight=6.9817539714276782 2135.9655818417668 1729.8709884360433 742.57617670297623 49.208120794966817 35.856606785207987 75.726837620139122 23644.873990762979 43420.475255386904 210.36403626948595 1183.3898640898988 363.35956554487348 47.736663874238729 1149.3357131918892 69.640246689319611 86.735015602782369 3791.7899712454528 3842.1888700649142 4086.8425973057747 134.08460317365825 3542.3751095384359 146.24072306603193 43.621509395539761 191.17059639841318 37.740422046743333 956.02316753566265 66.829721455695108 45.040857574902475 86.915881201159209 807.8795351088047 5984.4165414497256 74.242364505771548 3203.8960341084749 99.455630041658878 458.73640153813176 61.246764158830047 951.77356856875122 3796.7628918588161 1494.9597758874297 109.20917357737198 258.80045857280493 655.00876595824957 113.81717934831977 1582.2966107428074 69.438792096450925 29.995165221393108 217.24399067368358 25.19711087923497 154.70028468221426 68.212788925506175 164.82064351812005 47.873490250203758 61.911531150341034 499.77188151329756 56.443789329379797 478.36747332662344 850.74325727298856 38.848432852886617 8.0161662697792035 156.70099019259214 169.85784732550383 33.357121251523495 49.739466354250908
leaf_count=35 1547 4173 333 123 47 85 64971 181977 1131 862 392 267 2152 261 540 7086 6511 3086 998 4316 441 204 488 372 995 11833 389 2412 661 12699 2186 1713 360 8747 285 673 1577 529 1531 505 549 192 1779 89 33 422 100 212 301 1050 352 531 3720 296 2769 11083 342 67 155 89 120 26
internal_value=0.0146092 0.00973914 0.0334332 0.0279475 0.00599308 0.0304666 0.00884752 0.00615154 0.00713018 0.0207869 -0.00554105 0.036356 0.0130764 0.023286 0.00572161 0.00589073 0.0251379 0.0322226 -0.043587 0.0241633 0.0164299 0.0201611 0.0204931 0.0348573 0.0116485 0.0361609 0.0378516 0.0266526 0.0109107 0.0102607 0.0385455 0.0392816 0.0322888 -0.0465693 0.0300715 0.0330752 0.0455795 0.038557 0.0263614 0.0326158 0.0184404 -0.034881 0.0503273 -0.0160829 -0.054021 0.0454813 -0.0503509 0.0479839 0.0413482 -0.0727982 -0.0531768 -0.0194822 -0.010055 0.0404069 -0.0162011 -0.0313911 -0.00521503 -0.0328819 0.0219405 0.0510266 0.0259943 -0.0146004
internal_weight=114757 91170.9 23585.8 16250.4 2649.21 3758.51 87412.4 53383.4 51421.2 2067.9 768.559 1299.34 34028.9 4122.19 47299 47212.3 4052.55 13601.2 209.811 5982.02 3846.05 3586 554.53 3548.69 31393.2 3510.95 3444.12 1816.79 30437.2 29629.3 7619.14 7544.89 4186.3 581.315 2635.73 2475.05 7335.47 3538.71 1790.79 1656.39 913.809 260.058 1627.34 160.681 91.2419 1169.02 134.406 3358.6 1251.6 214.029 545.458 1962.24 1096.49 118.355 978.139 865.741 86.7219 858.759 1306.04 1747.91 252.954 83.0966
internal_count=353770 321183 32587 27228 12971 22041 299142 216007 197506 3483 2053 1430 83135 7903 189603 189063 7642 14257 1083 6700 5153 4520 880 20958 79326 20586 8753 6585 78331 77670 7557 5371 3446 9488 3809 3402 5359 3782 3018 1387 1054 633 2168 407 318 1095 1631 1925 1163 1173 9441 18501 7316 827 6489 11185 694 11150 2307 764 235 146
is_linear=0
shrinkage=0.05


Tree=44
num_leaves=63
num_cat=0
split_feature=27 25 27 29 25 9 16 29 29 29 17 16 27 29 27 29 25 20 24 3 17 4 29 29 10 29 20 22 21 27 3 29 27 29 15 5 22 10 29 20 29 21 29 29 10 22 20 18 15 11 5 10 17 3 16 25 25 10 25 16 24 24
split_gain=3993.24 634.444 619.508 563.544 763.047 452.247 525.921 387.685 496.492 604.73 510.33 441.268 316.667 314.517 338.779 310.358 270.912 247.291 246.205 341.67 218.65 217.708 211.18 207.577 170.603 219.358 558.52 285.422 182.302 162.793 161.334 158.418 285.773 157.37 155.417 143.042 138.861 133.843 209.536 319.046 157.998 204.859 120.035 451.057 206.432 114.133 107.857 95.9523 106.179 89.3384 144.575 87.8456 87.1428 78.2163 75.3304 105.711 135.589 62.0541 77.6118 59.6928 58.4483 56.4076
threshold=6.2550001144409189 61.500000000000007 7.6499998569488534 3.9999998807907109 74.500000000000014 3.3999999761581425 0.49975961446762091 3.4999998807907109 2.7050000429153447 2.50000011920929 3.309378027915955 0.99965035915374767 5.2650001049041757 4.2999999523162851 6.8500001430511483 4.6000001430511483 32.500000000000007 0.4854539036750794 0.17171808332204822 7.5000000000000009 1.0529115796089175 26.500000000000004 2.1000000238418584 3.6000002622604375 3.0025000572204594 3.6000000238418584 0.21393819898366931 18.727571487426761 0.037650145590305335 6.6499998569488534 3.5000000000000004 2.7549999952316289 6.7500000000000009 1.2000001668930056 1.0000000180025095e-35 1.5000000000000002 16.125547409057621 4.5650000572204599 5.4500000476837167 0.28053472936153417 3.8949999809265141 9009527808.0000019 3.6000000238418584 3.1999999284744267 3.2925000190734868 16.000020980834964 0.63440737128257763 0.42546832561492925 2.5000000000000004 5.5000000000000009 70.500000000000014 3.5325000286102299 91.500000000000014 29.500000000000004 0.64784455299377453 103.50000000000001 274.50000000000006 4.1150000095367441 216.50000000000003 0.33330106735229498 -0.12087910622358321 -6.5959999561309806
decision_type=2 2 2 2 2 2 2 2 2 2 2 2 2 2 2 2 2 2 2 2 2 2 2 2 2 2 2 2 2 2 2 2 2 2 2 2 2 2 2 2 2 2 2 2 2 2 2 2 2 2 2 2 2 2 2 2 2 2 2 2 2 2
left_child=1 7 3 16 13 6 30 8 9 10 22 36 -10 14 21 -15 29 -7 19 -14 34 -5 -1 49 28 26 -26 -27 -18 42 -3 -31 -33 -12 -11 -6 45 38 39 40 -4 -42 43 -2 -44 59 -41 60 -49 50 -8 -20 -30 -51 55 -40 -57 -37 -59 -9 -13 -16
right_child=2 5 37 4 35 17 23 11 12 20 33 47 18 15 61 -17 24 -19 51 -21 -22 -23 -24 -25 25 27 -28 -29 52 31 -32 32 -34 -35 -36 57 -38 -39 54 46 41 -43 44 -45 -46 -47 -48 48 -50 53 -52 -53 -54 -55 -56 56 -58 58 -60 -61 -62 -63
leaf_value=0.0085254018190799915 0.014231879187325269 0.010769289060205349 0.049178323604100002 0.022744850089535248 0.04999973823702919 0.029919986270737678 0.03932634467718113 -0.074199127354746916 0.11255202638822868 -0.030179575593161447 0.00025230507316963472 -0.02003013891941996 0.021053491654453079 0.040117442814268114 0.037285841945605698 -0.08979669923381986 0.035387188203583296 -0.083516770781753985 0.026196781939993277 -0.02543516129841035 -0.080976207599219432 -0.067630248327625139 -0.00030704240286550603 -0.082553542581683792 0.037304782323556093 0.054182981701942648 -0.031068687244050066 -0.0021051390734003824 -0.060279396725730711 0.046911888518886086 -0.055139852495287939 -0.055090965728916724 0.027424352337629881 0.038895717359573936 0.0066370929345780693 -0.058459323760470021 -0.11339283678038442 0.05154961909420476 0.046338544067944694 -0.071411564576563002 0.023447775907027193 -0.080888157157159177 -0.018242154164881969 -0.080963286939980811 0.043628701582803527 0.037175296548805019 0.042522606828381881 -0.11370954689185356 0.030048158062013691 0.0011706657346025125 -0.0059002303912651707 0.051626223344390237 0.05744535870071027 0.052887289568019517 0.056570447027387429 -0.070087301893006076 0.041743005159414287 -0.0458646072438125 0.067623708974595839 -0.018335299811704835 0.042724902341669695 -0.079402728116272886
leaf_weight=70768.752519020811 1791.7564030736685 183.65640568034723 717.95010490715504 533.40668197907507 35.835923004895449 74.846535786986351 1301.4365972382948 168.31375504191965 97.813724160194397 843.57607332058251 311.11275301035494 45.283044382929802 3137.5190397482365 1226.2076642327011 10.524339288473127 46.817809693515301 163.141743614804 130.85606392170303 629.04977734945714 451.22254479397088 152.06448524538428 75.133040591608733 7481.8489570906386 32.932026786729693 3552.4516631066799 2758.5238524377346 325.25990656018257 244.96125531196594 111.09121147543192 1056.4233258292079 186.0094948601909 109.07637054473162 2264.2723911851645 1728.9394010519609 433.1495372755453 465.26760757807642 106.17886562645435 3649.9795930311084 324.75693197548389 105.38626659521833 854.98456965386868 48.796669140458107 170.13256691768765 132.71362495422363 637.96931868046522 35.320178094319999 25.041530488990247 25.802702754735947 23.943759202957153 77.147461914457381 203.94432025635615 750.47846169769764 17.428131103515625 1485.7607166343369 1253.1791740134358 50.129412993788719 56.687652245163918 41.583960581570864 22.30733086168766 68.131119851022959 190.19846837222576 143.82597411610186
leaf_count=256455 2351 871 333 814 47 85 1597 868 88 3311 813 91 5727 1163 15 267 343 998 1077 1870 950 498 22277 288 2519 1047 729 424 2259 656 15240 307 2189 2479 1599 9258 510 1577 171 1531 881 173 522 475 432 40 100 123 21 204 1161 516 4 1597 413 147 33 174 9 188 139 726
internal_value=0.0139583 0.00925738 0.0325633 0.0270897 0.00579455 0.0296025 0.0338746 0.00840162 0.00869282 0.0077509 0.00832483 -0.0296533 0.0238811 0.0200645 -0.0053133 0.035269 0.031242 -0.0422726 0.022112 0.0152015 -0.0244805 0.0114859 0.00768084 0.0405941 0.0378508 0.0394381 0.0315618 0.0495913 0.000377005 0.0235439 -0.0224408 0.0307992 0.0236083 0.033008 -0.0176896 -0.045562 -0.0650191 0.0448653 0.0377523 0.0256165 0.0316748 0.0177258 0.0144276 0.00762588 0.0305902 -0.0457546 -0.0493416 0.0172543 -0.0451895 0.0419439 0.033196 0.0400617 -0.0439562 0.0503401 0.0503479 0.0321786 -0.010856 -0.0521252 -0.00573218 -0.0582681 0.0306023 -0.0712254
internal_weight=114148 91125.3 23023 15936.1 2600.91 3676.59 3470.89 87448.7 86785.5 81719.4 80290.7 663.172 5066.08 2035.92 762.89 1273.03 13335.2 205.703 4968.27 3588.74 1428.79 608.54 78250.6 3101.22 7172.86 6881.2 3877.71 3003.49 291.661 6162.34 369.666 3429.77 2373.35 2040.05 1276.73 564.995 377.944 7086.89 3436.91 1752.16 1621.73 903.781 2732.57 1924.47 808.102 271.765 130.428 285.228 49.7465 3068.29 1505.38 1379.53 128.519 1562.91 1684.75 431.574 106.817 529.159 63.8913 236.445 235.482 154.35
internal_count=353770 321183 32587 27228 12971 22041 20958 299142 297162 287884 282024 1980 9278 3483 2053 1430 14257 1083 9190 7597 5860 1312 278732 4847 7325 4719 3248 1471 2606 6932 16111 3152 2496 3292 4910 9488 1606 5359 3782 3018 1387 1054 3780 2826 954 1096 1631 374 144 4559 2758 1593 2263 1801 764 351 180 9441 183 1056 230 741
is_linear=0
shrinkage=0.05


Tree=45
num_leaves=63
num_cat=0
split_feature=27 25 27 16 28 29 27 29 29 27 29 29 25 27 0 29 26 15 2 20 26 12 28 23 29 11 7 29 28 21 12 29 29 27 28 11 23 28 28 27 20 29 23 26 10 12 16 5 26 30 30 0 5 29 10 12 26 12 5 29 29 25
split_gain=3653.75 683.511 639.348 461.659 401.521 454.359 385.15 333.329 491.405 554.992 327.561 325.847 358.138 411.166 306.707 275.331 269.857 287.965 296.216 226.652 225.946 276.33 221.976 212.986 206.904 188.381 165.711 156.136 152.112 146.786 270.215 102.835 523.899 465.965 347.945 99.6174 95.6769 91.1018 131.493 345.221 156.772 109.826 247.982 103.075 84.1823 340.141 82.2046 76.6463 55.7524 54.8559 52.7841 56.7167 83.2478 45.2376 63.1529 43.318 40.8834 40.1099 40.0845 119.685 39.403 38.3383
threshold=6.2550001144409189 62.500000000000007 7.2500000000000009 0.49975961446762091 24.500000000000004 3.4099999666213994 7.1499998569488534 2.8050000667572026 2.1000000238418584 5.2650001049041757 3.6000002622604375 3.9000003337860112 74.500000000000014 6.9500000476837167 5.4200000762939462 0.98499989509582531 147.50000000000003 7.5000000000000009 27.500000000000004 0.70668739080429088 39.500000000000007 1.8287400007247927 132.50000000000003 280.47018432617193 4.2999999523162851 6.5000000000000009 3.1149998903274541 2.7050000429153447 23.500000000000004 1581279424.0000002 1.344949007034302 5.4500000476837167 4.1500000953674325 8.2500000000000018 31.500000000000004 1.0000000180025095e-35 0.18774168938398364 31.500000000000004 206.50000000000003 7.6499998569488534 0.19533744454383853 3.8999999761581425 0.19312413036823275 422.50000000000006 2.7975000143051152 1.936491906642914 0.8004739284515382 1.5000000000000002 80.500000000000014 2.9445976018905644 176.32405853271487 5.9500000476837167 2.5000000000000004 3.50000011920929 4.5650000572204599 1.7371826171875002 288.50000000000006 1.1251167654991152 52.500000000000007 3.1999999284744267 3.8000000715255742 65.500000000000014
decision_type=2 2 2 2 2 2 2 2 2 2 2 2 2 2 2 2 2 2 2 2 2 2 2 2 2 2 2 2 2 2 2 2 2 2 2 2 2 2 2 2 2 2 2 2 2 2 2 2 2 2 2 2 2 2 2 2 2 2 2 2 2 2
left_child=1 4 6 26 14 7 11 8 15 -10 29 19 13 24 16 -6 17 18 -1 20 21 -2 47 37 -13 -22 36 -19 35 44 -31 32 53 34 -34 -18 48 49 39 40 -39 60 -43 -41 -5 -46 -24 -14 -3 -4 51 52 -16 54 -25 -55 -7 -28 -9 -60 -40 -59
right_child=2 3 23 10 5 56 -8 58 9 -11 -12 12 22 -15 50 -17 28 27 -20 -21 25 -23 46 31 -26 -27 57 -29 -30 30 -32 -33 33 -35 -36 -37 -38 38 41 43 -42 42 -44 -45 45 -47 -48 -49 -50 -51 -52 -53 -54 55 -56 -57 -58 61 59 -61 -62 -63
leaf_value=0.0065883934258680159 0.020036029007634737 0.046986663407854498 0.053635472028596858 0.05336349212959686 0.057981994126212293 -0.12427807384435755 -0.079420031381805922 0.053869247221925869 0.064564730611590557 -0.067280667692974749 -0.074935323727439523 0.0018758634788978018 0.033073536986777369 -0.069319908356188162 -0.0019104003698521843 0.01761783538464036 -0.0004763084149461446 0.016862869230764719 -0.082305241734558013 -0.0639901777745807 0.035810722776911184 -0.10919404039337986 -0.034944895885225112 0.018673812784694776 0.040417553301791004 -0.026242648548830568 -0.10627505971905718 0.0497111512959598 0.11288239141870281 0.041664670156200748 -0.089976457617614553 0.055956586234700227 0.016412929363819311 0.056066047510003485 -0.064627353380936697 -0.054295714918421757 0.064263078357814446 0.0050594884600278492 0.029283745118207822 0.040871700085231707 -0.056051939372179428 0.030869278559433239 -0.069288448909061051 -0.049940214558187021 0.0386962167568764 -0.077021135760470164 0.064811317732718296 -0.061896545233709681 -0.045500130552356473 0.014227313911807466 0.040404468002919497 0.033586943344734672 0.031696555511045582 0.051556428068694218 0.044619619639963942 0.029280087024230319 -0.017157220088347483 0.017292988255759919 -0.049264400788760279 0.058851406729576151 0.058674364642132874 -0.05453390761213122
leaf_weight=78588.589249663986 3462.2870410233736 21.653387278318405 470.30832964926958 914.85344489081763 491.12949562445283 55.422496445477009 89.570414530113339 841.97790317237377 106.01962970755994 313.7369462903589 64.407866979250684 600.09075939143077 22.181283462792635 126.88420627266169 423.68915143609047 3007.9342743065208 121.56997938267887 1111.5896943481639 92.823730802163482 65.64295830973424 5832.0151871126145 40.875477410852909 29.808836206793785 285.77304989099503 829.87907657399774 124.15416193008423 32.562302618287504 537.16779727861285 16.288699842989445 102.72295755147934 61.452091675251722 1576.8580034598708 267.47149932011962 279.84552475810051 260.60921696200967 294.4045374286361 57.684996309690177 219.01195225119591 162.11700714379549 535.14301723241806 199.99439095519483 632.08371653407812 67.514617078006268 32.305420479271561 2062.2633477956988 64.590913953259587 62.312239095568657 299.55546667356975 57.335655500181019 110.20481650531292 540.05991960689425 576.39859753847122 324.59823732823133 3580.4161851257086 1382.1154512986541 238.30422102659941 11.126734175719319 20.82865542685613 38.176405999343842 73.03026407584548 420.14885926246643 138.91711612557992
leaf_count=271275 4074 15 202 664 537 259 575 466 359 1554 713 1407 39 702 965 8209 912 3638 564 2307 4805 185 667 301 640 370 504 617 124 72 464 550 368 92 1865 8394 223 338 137 349 1114 528 196 783 3401 469 30 7298 595 156 650 593 380 1554 771 208 78 291 140 21 115 14217
internal_value=0.0133114 0.0088731 0.0314498 0.0302254 0.00799505 0.0218434 0.0233022 0.0236254 0.0171652 -0.0338938 0.0359056 0.0241099 0.00559657 0.01659 0.00716703 0.0232997 0.00670384 0.00691607 0.00648241 0.0279387 0.0285839 0.018496 -0.0356867 0.0402513 0.0242595 0.0345122 -0.0261626 0.0275916 -0.0326499 0.0381567 -0.00782585 0.0444951 0.0416146 0.00401173 -0.0236178 -0.0386177 0.0158447 0.0285124 0.0239652 0.01022 -0.0241615 0.0345227 0.0211113 0.0356141 0.040642 0.0351451 0.0324496 -0.0552514 -0.0198136 0.0462001 0.0272107 0.0218016 0.0126841 0.0471492 0.040191 0.0501756 -0.106961 -0.0559707 0.0501343 0.0215832 0.0505641 -0.0450882
internal_weight=113470 91165 22305.5 3599.27 87565.7 4938.55 11585.3 4872 3918.82 419.757 3270.29 11495.7 1970.71 1556.85 82627.2 3499.06 80762.4 80330.2 78681.4 9524.97 9459.33 3503.16 413.858 10720.2 1429.97 5956.17 328.982 1648.76 432.263 3205.88 164.175 7871.39 6294.54 807.926 528.081 415.975 136.674 2848.83 2268.32 986.455 419.006 1281.86 699.598 567.448 3041.71 2126.85 92.1211 321.737 78.989 580.513 1864.75 1324.69 748.287 5486.61 1667.89 3818.72 66.5492 192.308 953.185 111.207 582.266 159.746
internal_count=354089 321363 32726 21628 299735 11623 23099 11286 10659 1913 5783 22524 10783 2749 288112 8746 285524 276094 271839 11741 9434 4259 8034 9627 2047 5175 15845 4255 9430 5070 536 5709 5159 2325 2233 9306 833 3918 3560 2584 1452 976 724 1132 4534 3870 697 7337 610 358 2588 1938 1345 2834 1072 1762 337 15012 627 161 252 14508
is_linear=0
shrinkage=0.05


Tree=46
num_leaves=63
num_cat=0
split_feature=28 2 16 23 28 26 0 28 5 0 5 11 1 30 3 1 0 1 26 5 1 26 22 4 23 15 30 8 1 28 28 5 1 11 23 0 1 5 13 8 28 12 1 13 26 1 7 1 1 24 1 26 28 0 22 30 26 0 28 12 1 7
split_gain=3053.08 942.539 427.543 393.899 372.595 466.048 313.536 604.008 328.697 292.346 230.204 229.301 237.981 286.553 221.507 210.146 344.114 290.327 263.7 230.817 228.325 198.788 184.242 204.952 199.034 181.871 178.087 177.032 171.579 185.994 155.941 154.501 152.594 148.135 235.769 141.787 132.14 203.021 118.188 105.317 97.2274 96.7453 91.8845 90.4312 87.5399 76.1133 71.1246 69.2709 107.855 67.7682 62.1301 61.672 60.6469 100.144 104.497 49.2872 47.4666 40.7784 40.6371 37.034 30.1723 22.0169
threshold=41.500000000000007 3.5000000000000004 0.29412288963794714 2017.7620849609377 5.5000000000000009 19.500000000000004 3.5349999666213994 19.500000000000004 44.500000000000007 5.4200000762939462 4.5000000000000009 7.5000000000000009 9.9984998703002947 2.2311311960220341 58.500000000000007 10.321499824523928 3.1950000524520878 4.6714999675750741 10.500000000000002 70.500000000000014 238.0100021362305 147.50000000000003 18.813791275024418 22.500000000000004 2.5059965941055493e+18 7.5000000000000009 0.43141666054725653 3.8950001001358037 464.92500305175787 128.50000000000003 9.5000000000000018 21.500000000000004 112.01499938964845 3.5000000000000004 1.0000497102737429 4.1949999332427987 48.004999160766609 1.5000000000000002 0.029999996535480026 7.6499998569488534 265.50000000000006 1.936491906642914 10.704999923706056 0.5000000298023225 330.50000000000006 67.005001068115249 6.2049999237060556 49.003000259399421 89.95999908447267 0.06598201766610147 195.91499328613284 712.50000000000011 118.50000000000001 4.1949999332427987 18.251743316650394 2.9445976018905644 2.5000000000000004 6.7500000000000009 1.0000000180025095e-35 1.062500059604645 218.004997253418 4.5850000381469735
decision_type=2 2 2 2 2 2 2 2 2 2 2 2 2 2 2 2 2 2 2 2 2 2 2 2 2 2 2 2 2 2 2 2 2 2 2 2 2 2 2 2 2 2 2 2 2 2 2 2 2 2 2 2 2 2 2 2 2 2 2 2 2 2
left_child=1 4 46 14 9 26 8 31 21 15 -9 12 22 27 28 16 19 -18 42 -1 -20 -7 24 -24 -4 -15 36 -14 29 33 35 -8 41 45 -35 -28 59 -38 -32 -16 44 52 -17 -10 -31 -2 60 56 -49 -43 -34 -42 53 54 -5 -55 57 -11 -50 -6 -3 -30
right_child=3 2 11 32 5 6 7 10 43 47 -12 -13 13 25 39 18 17 -19 20 -21 -22 -23 23 -25 -26 -27 30 -29 61 40 38 -33 50 34 -36 -37 37 -39 -40 -41 51 49 -44 -45 -46 -47 -48 48 58 -51 -52 -53 -54 55 -56 -57 -58 -59 -60 -61 -62 -63
leaf_value=-0.012177439512619195 0.024757020401648341 -0.059355403673746948 0.02993777200535367 0.032260965345556412 0.047534052829629858 0.016490078340874053 -0.014582179436018109 0.031370451762593704 -0.044262781170758894 0.01821807112455838 0.0064521547852951239 -0.068631868140157412 0.076740271336419696 -0.0035324777694995253 -0.068229965553723737 0.054068640810533475 0.030394706597952514 0.0020535128627234226 0.0098767561184895207 0.073755401803866402 0.051881030804855115 -0.022983219687523319 0.028795339944389625 -0.076618247911522344 0.057918741083264114 0.026015635168215243 0.023527469359511517 0.023081158021194023 0.062506003746203007 0.032584480663472352 0.024192159701833117 0.0099346253594255647 0.025288610363149458 -0.031618364644257491 0.018472830889440257 0.0068142324043606707 0.036184653793698014 -0.087796424216739485 -0.044474022290874826 0.052966712203757482 0.011375624798374624 -0.059314578225549835 0.0017372859977181276 0.12764596608907117 0.054536089325732007 -0.018680666636493624 0.045269165218264663 -0.092918196117497853 -0.03278929962133164 0.043636127033398746 -0.091517146449690778 0.047726606589088283 0.047957828630638903 0.044676322890779038 -0.01051230380644063 0.024872426668174272 0.042450808752090036 0.055465198724930859 0.024192615473204518 0.028933006162226285 0.03409901987844445 0.037572837894868719
leaf_weight=5211.2906245002523 2480.5848516821861 195.98564869584516 3028.1162045684177 750.55936104222201 823.05250699818134 8608.408912576735 4457.3676936496049 1348.2021348960698 276.07191098714247 614.34429617226124 2965.648602578789 67.203910644399002 156.70440011285245 1859.0928536041174 89.481124100508168 83.303478017449379 996.97801856976002 9567.0064143068157 17872.310552618001 78.333697727415711 328.61713021993637 330.27364800777286 110.80940690264106 77.490986882941797 806.65001676231623 722.20035163126886 1789.9147761613131 6557.3767084360588 338.88761675357819 1776.9940569233149 5254.410814575851 749.84774083411321 17.646592691540718 365.55200157104991 653.0972778792493 4363.9431852996349 87.971102491021156 51.50540030002594 62.489284992218018 21.513862133026123 647.22819270938635 39.122164613567293 17051.387025687844 6.9090701853856435 615.9027082300745 104.29186811111867 18.402201011776924 25.644399046897888 37.256625458598137 25.610657854937017 29.098196119070053 141.85735200345516 3156.8402906456031 3161.1886025322601 175.56664092512801 354.91527397930622 552.29380614310503 83.139285430312157 171.28673979640007 408.88557409495115 8.3462479114532453 129.73148843646049
leaf_count=36778 4042 9903 8661 1268 643 19766 14188 1798 4044 1065 8336 3465 79 6385 4592 360 4190 41554 58772 595 577 2958 114 1167 235 2534 3650 8898 103 1588 7749 2841 18 3010 985 8289 101 183 171 8 802 1967 67774 19 1276 297 9 109 114 23 127 72 1700 1931 492 390 507 37 254 418 8 100
internal_value=0.0127103 0.00948349 0.021693 0.0336552 0.00751126 0.0118051 0.00677665 0.000411468 0.0133472 0.00493624 0.0142465 0.0228376 0.0233046 0.0189026 0.0253776 0.00430159 -0.00048092 0.00473132 0.0064474 -0.0108902 0.0106382 0.0150286 0.0334671 -0.0147345 0.0358385 0.0047395 0.0191425 0.0243455 0.0264524 0.0244232 0.0171029 -0.0110495 0.041557 0.0166341 0.000478845 0.0116793 0.036173 -0.00986213 0.023376 -0.0444309 0.0332347 0.0421083 0.00199514 -0.0396133 0.0382571 0.022996 -0.0468643 0.0268073 0.00181944 -0.0184633 -0.0477111 0.0179691 0.0426273 0.0388281 0.0241444 0.0426864 0.0314804 0.0227381 0.0138809 0.0413928 -0.0553663 0.0557089
internal_weight=112942 97866.5 13608.4 15075.7 84258.1 31584.9 18742.7 9521.07 9221.66 52673.2 4313.85 13385.6 13318.4 9295.37 7365.12 51189.2 15853.6 10564 35335.6 5289.62 18200.9 8938.68 4023.07 188.3 3834.77 2581.29 12842.2 6714.08 7254.13 6785.51 11470.8 5207.22 7710.55 3603.53 1018.65 6153.86 1371.41 139.477 5316.9 110.995 3181.98 7663.8 17134.7 282.981 2392.9 2584.88 222.734 1483.97 234.188 64.7328 46.7448 789.086 7599.07 4442.23 926.126 3516.1 1249.78 697.484 208.543 1231.94 204.332 468.619
internal_count=354089 329298 41458 24791 287840 75154 53950 27163 26787 212686 10134 31538 28073 17896 16875 210600 83117 45744 127483 37373 59349 22724 10177 1281 8896 8919 21204 8977 12275 12072 19859 17029 7916 8334 3995 11939 1345 284 7920 4600 3738 7771 68134 4063 2864 4339 9920 2086 477 1990 145 874 5781 4081 1760 2321 1609 1102 368 1061 9911 203
is_linear=0
shrinkage=0.05


Tree=47
num_leaves=63
num_cat=0
split_feature=25 10 29 16 29 29 29 7 20 25 0 30 29 6 10 10 17 25 29 29 5 23 5 0 24 0 23 29 9 20 30 30 7 20 7 29 25 5 16 2 6 14 29 29 0 8 9 29 29 19 14 29 29 0 24 29 24 29 9 23 15 16
split_gain=2629.26 955.09 584.783 557.926 383.419 379.851 468.618 368.34 363.935 345.603 330.471 316.817 245.439 423.791 249.035 225.207 225.071 222.681 237.958 241.89 215.776 318.764 252.708 288.082 224.156 213.375 200.877 187.901 177.491 157.145 156.013 142.938 156.113 135.402 165.864 127.451 125.324 120.45 110.523 107.784 106.877 105.458 101.87 99.2608 243.505 123.711 201.847 114.515 100.811 94.1419 86.4174 85.5891 75.1015 66.115 65.6915 65.5558 75.9205 59.4521 120.489 196.107 106.342 195.314
threshold=32.500000000000007 4.5025000572204599 2.7000001668930058 0.58359211683273327 2.8050000667572026 5.4500000476837167 3.9999998807907109 3.2050000429153447 0.36527650058269506 76.500000000000014 5.2049999237060556 0.15924943983554843 3.6999999284744267 15.500000000000002 3.0025000572204594 4.3999998569488534 3.309378027915955 12.500000000000002 2.9999998807907109 3.6000000238418584 7.5000000000000009 315789332709376.06 1.5000000000000002 3.8249999284744267 -1.0000000596046446 3.4050000905990605 1.4450450865057696e+19 1.2000001668930056 2.7050000429153447 0.19075892120599749 1.6314120888710024 1.061962962150574 4.0050001144409189 1.6639853119850161 5.2650001049041757 5.4500000476837167 40.500000000000007 70.500000000000014 0.66605165600776683 6.5000000000000009 1.5000000000000002 1.0000000180025095e-35 1.9999998807907107 3.1999999284744267 3.7949999570846562 5.5050001144409189 1.4999998807907107 4.3499999046325692 3.4999998807907109 343.85569763183599 1.0000000180025095e-35 3.8200001716613774 1.300000071525574 6.7500000000000009 -1.5999999642372129 2.9050000905990605 -0.3714285939931869 3.50000011920929 2.6000000238418584 3.082704489135106e+19 2.5000000000000004 0.96979832649230968
decision_type=2 2 2 2 2 2 2 2 2 2 2 2 2 2 2 2 2 2 2 2 2 2 2 2 2 2 2 2 2 2 2 2 2 2 2 2 2 2 2 2 2 2 2 2 2 2 2 2 2 2 2 2 2 2 2 2 2 2 2 2 2 2
left_child=2 3 10 4 7 6 12 52 26 39 16 55 13 -5 -14 49 20 43 28 30 22 24 23 -1 -22 -24 -8 33 37 -23 -20 32 -29 34 -18 -11 -10 -19 -33 51 -21 -30 53 45 47 46 -13 -45 -46 -9 -47 -6 -2 -12 -54 56 -4 58 -3 60 61 -60
right_child=1 57 11 5 9 -7 8 15 36 35 42 17 14 -15 -16 -17 27 18 19 40 21 29 25 -25 -26 -27 -28 31 41 -31 -32 38 -34 -35 -36 -37 -38 -39 -40 -41 -42 -43 -44 44 48 50 -48 -49 -50 -51 -52 -53 54 -55 -56 -57 -58 -59 59 -61 -62 -63
leaf_value=-0.00085385083834026154 -0.056052400934948725 0.043692787502977636 -0.073414242551724948 0.029978010362682325 0.039209249571342197 0.05432512305201137 0.016720504607838509 -0.05851995524478535 0.033670496366581253 -0.038323472623474068 0.016974604824988623 0.0099311388817891495 -0.020775816200840735 -0.005229520404322837 0.04553405273722605 0.044828236009380899 -0.082258970484362592 0.039760977639062119 0.020528733763895631 0.0088302520656245061 0.015057726785665146 -0.0080052355185729306 0.01618797673080789 0.0083624238472799397 -0.0010696085335413538 0.0072976600025623888 -0.079492617109030217 0.10036484472320045 -0.12685627962724164 -0.056441046825778364 -0.011407855052706559 -0.069522583981903946 0.032193956059266775 0.057156724246869975 0.018013685697036517 0.015031812086477024 -0.055592958709523743 0.10541540259345383 0.012420139393434265 -0.041869244643140152 0.036009754857148794 0.0039166513803402169 0.044369914638618391 -0.041464222430366487 -0.017424692535786778 0.023726469252911008 -0.065077347167721622 0.034471645008721803 0.022985485545990544 -0.017304788068275446 0.076663451363413654 0.01586901648908717 -0.067458006602058793 0.04758944477537403 0.019980627593283253 0.040009826819680835 0.021395824015044574 0.050064307138476684 -0.0078160353750070799 0.043044667791418786 0.0097819008615903438 -0.16873885028227575
leaf_weight=14596.19703152962 36.734645412303507 3220.5725974813104 22.269852604717016 3966.0570986811072 1006.6494505889714 1132.3013420253992 1123.3878500647843 521.41226354194805 43.995056293904781 319.90874887770042 2200.5976167917252 1658.1981719713658 149.99161828146316 1088.8001614706591 2353.334703207016 71.888842798769474 99.6018768241629 1281.7094543278217 624.68479629047215 516.17116455733776 2697.3221952496096 324.00944995507598 11296.326926562935 20227.194305889308 10689.777191945352 16781.152985729277 56.003440693020821 89.63076813146472 21.703083576634526 347.04184976965189 982.44056618865579 45.088038984686136 1216.9853638075292 43.063873313367367 69.259156286716461 171.0280164629221 323.55107540986501 73.483065201900899 382.79351553879678 52.841535804793239 1218.1368649490178 47.640317844226956 495.58737518638372 438.14060482755303 211.23036652058363 380.07927365228534 93.809891736134887 55.143209010362625 564.96418206393719 190.54950815066695 96.511440135538578 648.64755866723135 21.33669616933912 191.42783406376839 569.44162573479116 1894.6302544139326 227.44782809726894 2713.906192690134 52.964679889380932 280.55015949159861 108.53459779918194 28.429399929940701
leaf_count=74029 661 1943 71 7513 1130 435 1913 12212 73 13355 3880 3429 1433 2534 1350 40 564 1320 755 1074 7846 647 38487 64818 40032 39800 303 39 165 1265 2312 339 1338 20 96 198 6614 74 904 408 1092 185 385 1521 428 517 490 76 654 4441 55 1292 210 122 3705 1348 289 1324 87 172 137 140
internal_value=0.0121314 0.0284438 0.00854792 0.0210561 0.00415313 0.0270158 0.0236135 -0.0161771 -0.00145598 0.0172047 0.00712718 0.0197104 0.0287446 0.0223939 0.0415523 -0.0390122 0.0065189 0.0152624 0.0222934 0.0149885 0.00609393 0.000493275 0.00734556 0.00449937 0.00218034 0.0108751 0.0120841 0.0233074 0.039402 -0.0331085 0.00100774 0.0287385 0.0369473 -0.0210461 -0.0412383 -0.0197331 -0.0448322 0.0433998 0.00363179 0.0278293 0.0279331 -0.0381631 0.0237388 0.00567796 -0.00547618 0.0120335 0.00587718 -0.0329128 0.0119737 -0.0475359 0.034595 0.0300812 0.012356 0.0194456 0.0167056 0.0368347 0.0126616 0.0444098 0.0402385 0.0165395 -0.0226064 -0.0654498
internal_weight=112454 20252.8 92201.5 13847.9 3610.44 10237.4 9105.12 1411.36 1546.94 2199.08 81793.1 10408.4 7558.18 5054.86 2503.33 783.851 78905.4 8264.05 4765.97 3341.43 76959 14058.2 62900.9 34823.4 13387.1 28077.5 1179.39 1946.42 1424.54 671.051 1607.13 1734.5 1306.62 211.925 168.861 490.937 367.546 1355.19 427.882 1708.14 1734.31 69.3434 2887.61 3498.08 1269.48 2228.6 1752.01 493.284 776.195 711.962 476.591 1655.3 627.513 2392.03 590.778 2144.35 249.718 6404.96 3691.05 470.479 189.929 81.3941
internal_count=354089 63623 290466 59820 37652 22168 21733 21269 8903 16383 274611 15855 12830 10047 2783 16693 270224 14147 6977 5233 266924 49790 217134 138847 47878 78287 2216 3300 1744 1912 3067 2620 1377 680 660 13553 6687 1394 1243 2830 2166 350 4387 7170 2679 4491 3919 1597 1082 16653 572 2422 4576 4002 3915 1708 360 3803 2479 536 364 227
is_linear=0
shrinkage=0.05


Tree=48
num_leaves=63
num_cat=0
split_feature=27 27 25 16 9 27 28 28 27 26 12 28 24 20 0 1 26 27 26 1 1 27 26 27 1 27 10 28 1 16 28 7 28 26 1 26 27 0 27 2 28 28 27 26 14 1 3 10 27 16 28 11 10 27 27 16 18 19 20 24 0 0
split_gain=3135.57 611.354 585.761 388.947 402.535 353.25 342.854 286.992 463.971 312.397 694.525 448.085 254.602 249.571 244.045 247.59 1263.67 347.428 344.145 502.327 234.527 221.456 566.167 336.174 348.393 302.041 210.012 195.774 187.272 226.551 166.992 150.735 140.252 130.717 122.795 119.354 113.755 323.838 248.397 285.69 165.437 113.385 171.153 457.66 111.768 109.29 106.126 92.9594 89.0355 84.7626 79.085 78.851 75.9864 165.345 67.8036 92.2054 74.6257 89.5956 65.4064 64.9702 58.7636 76.6306
threshold=6.2550001144409189 7.2500000000000009 62.500000000000007 0.49975961446762091 3.3999999761581425 7.1499998569488534 24.500000000000004 114.50000000000001 6.7500000000000009 117.50000000000001 2.0347852706909184 70.500000000000014 -0.0026097343070432539 0.48875580728054052 5.5199999809265146 18.785000801086429 88.500000000000014 6.0499999523162851 116.50000000000001 74.70999908447267 91.005001068115249 4.8949999809265146 95.500000000000014 4.3949999809265146 199.0100021362305 4.9949998855590829 4.5650000572204599 31.500000000000004 27.802000045776371 0.99965035915374767 4.5000000000000009 3.1149998903274541 188.50000000000003 28.500000000000004 43.004999160766609 102.50000000000001 8.1500000953674334 3.495000004768372 7.3500001430511483 23.500000000000004 29.500000000000004 55.500000000000007 8.2500000000000018 259.50000000000006 5.5000000000000009 26.925000190734867 65.500000000000014 4.6075003147125253 5.9500000476837167 0.68427395820617687 28.500000000000004 1.5000000000000002 2.7975000143051152 4.680000066757203 7.6499998569488534 0.90061727166175853 1.392033636569977 0.038703611120581634 0.2561976313591004 20.377502441406254 7.2500000000000009 6.1499998569488534
decision_type=2 2 2 2 2 2 2 2 2 2 2 2 2 2 2 2 2 2 2 2 2 2 2 2 2 2 2 2 2 2 2 2 2 2 2 2 2 2 2 2 2 2 2 2 2 2 2 2 2 2 2 2 2 2 2 2 2 2 2 2 2 2
left_child=2 5 6 31 44 7 14 9 -9 30 11 -11 -12 -6 15 16 17 -1 20 -20 -17 22 23 -8 -25 27 36 50 29 -27 33 51 45 -2 -16 -29 37 40 58 -40 -3 -38 43 -43 52 -10 -46 -32 -30 -44 -23 -4 -5 -54 55 56 57 -28 -39 -24 61 -36
right_child=1 26 3 4 13 -7 21 8 32 10 12 -13 -14 -15 34 18 -18 -19 19 -21 -22 25 59 24 -26 28 54 35 48 -31 47 -33 -34 -35 60 -37 41 38 39 -41 -42 42 49 -45 46 -47 -48 -49 -50 -51 -52 -53 53 -55 -56 -57 -58 -59 -60 -61 -62 -63
leaf_value=0.0028451082257789123 0.0027943887277877637 0.019284046048269551 -0.02354283359049629 0.052589003237822764 0.034300324589167049 -0.078595598771102324 0.088680139659272197 0.050597821722638429 -0.11728762513619073 -0.070619278218135878 0.049269096068719626 0.0081341754364046871 -0.06520993817216536 -0.080884803960055054 0.032595574204246996 0.010121543780477324 -0.05431577245078293 0.031283396887798721 -0.020554325130697933 0.055448554747484773 0.0031746237423355183 -0.082181636762568358 -0.052399236023882217 -0.062429499326635468 0.053285340530283568 -2.62524326753095e-05 0.019816871870186901 0.055817471540804658 0.039723517389566067 0.033984870397866442 0.020268517260389037 -0.055582677757042488 0.0098349956148582971 -0.078879889264649172 0.0016605129917462884 0.12093560077723593 0.055055142566806541 0.030818330362979648 0.02129695248110389 -0.080531413821440023 -0.062452283970388933 -0.12972826758607087 0.017592286308649074 0.027969147493262958 0.029930313785651724 -0.01194298869191421 -0.065262019142172986 0.032583361087846173 0.0066909898302865301 0.052999774424470382 0.032969148413414147 0.052506051716386143 -0.061843489294862102 0.036716917167327105 0.050085360050004336 0.041781072782783764 0.021545613457960251 -0.12036000441990569 0.052720065590662439 0.066782558177445328 0.052713183290115054 -0.066189645848566431
leaf_weight=28385.424255874939 427.66904054582119 105.33869388699532 67.277168305590749 842.50594645645469 76.38380765914917 87.411443239077926 172.95908740907907 1482.3635106235743 55.422954177716747 414.44225168530829 492.53219751920551 319.02699357760139 52.969122858718038 119.32968945335597 1243.7956488057971 28573.450165374205 960.838391891215 1115.2882718518376 295.32640097849071 817.44658039044589 21142.245668701828 23.722218222916126 367.03758058324456 121.8741572201252 137.21437375247478 1494.3244324969128 21.648966178297997 157.20688134431839 1214.767612632364 727.02262721210718 5372.1500913966447 176.44984598038718 113.51202912628651 54.30585762578994 197.6460834890604 132.15991502441466 831.65715043246746 536.65075904875994 1592.5224566361867 71.004772830288857 147.61467050341889 55.724601820111275 242.87970806658268 242.51163439452648 69.91942752012983 44.327201840467751 48.86475488753058 2153.2194859087467 246.12347646430135 568.98801057785749 36.588192798197269 67.107189083471894 42.623107410036027 1890.1749673821032 3158.9877080842853 1147.4733137860894 138.75012014806271 22.403413519263268 969.86517995689064 10.943093018606303 38.945781633257866 51.653273671865463
leaf_count=119405 745 157 315 504 72 575 147 674 999 4608 1635 1754 2872 970 1450 86516 16531 1157 3030 1119 58337 136 4082 612 80 3826 22 118 1298 701 6848 15012 161 368 385 129 306 466 2085 449 2223 262 267 221 150 120 789 1740 368 238 60 518 881 2417 1549 720 138 87 437 66 19 163
internal_value=0.0115773 0.0290312 0.00756665 0.0279247 0.0332889 0.020963 0.00677656 0.021763 0.0406791 0.0183045 -0.00463566 -0.0363937 0.0380449 -0.0359587 0.00602026 0.00564738 0.00208258 0.00392142 0.00778358 0.0352728 0.0071675 0.0197082 -0.00413889 0.0349166 -0.00115796 0.0245003 0.0380909 0.0688583 0.020269 0.0111133 0.0219693 -0.0253165 -0.0281563 -0.00654206 0.0257855 0.0858896 0.0313982 0.0258956 0.0302415 0.0169018 -0.0284528 0.0410775 0.0305612 -0.00181452 0.0379843 -0.0711072 -0.00940553 0.0237967 0.0341702 0.042448 -0.0128438 0.0145039 0.040017 0.03451 0.0460789 0.0365307 0.00349831 -0.0524501 0.0449472 -0.0487684 -0.00359411 -0.0125859
internal_weight=111988 20923.4 91064.6 3400.64 3089.8 11069.4 87664 10981.9 1695.63 9286.32 1278.97 733.469 545.501 195.713 82822.1 81290 30461.6 29500.7 50828.5 1112.77 49715.7 4841.94 810.028 432.048 259.089 4031.92 9854.02 349.677 3682.24 2221.35 8007.34 310.834 213.262 481.975 1532.04 289.367 5364.76 3423 3170.04 1663.53 252.953 1941.76 1110.1 298.236 2894.09 99.7502 118.784 7525.37 1460.89 811.868 60.3104 134.384 2775.3 1932.8 4489.26 1330.28 182.802 44.0524 1506.52 377.981 288.245 249.299
internal_count=354089 32726 321363 21628 5783 23099 299735 22524 1954 20570 10869 6362 4507 1042 288112 286095 137093 120562 149002 4149 144853 11623 4987 839 692 6636 9627 443 6193 4527 9701 15845 1280 1113 2017 247 7111 5817 3437 2534 2380 1294 988 483 4741 1119 939 8588 1666 505 196 833 3802 3298 2516 967 247 109 903 4148 567 548
is_linear=0
shrinkage=0.05


Tree=49
num_leaves=63
num_cat=0
split_feature=27 27 11 28 27 15 15 4 3 28 27 26 23 28 22 16 5 27 26 27 13 4 28 27 27 23 0 26 20 16 27 28 27 28 30 30 28 16 20 10 27 20 23 23 10 28 28 27 5 26 16 27 10 18 30 11 26 28 5 0 28 11
split_gain=2958.19 595.206 529.743 427.738 326.622 296.3 344.76 286.064 284.851 276.871 437.024 284.098 664.809 407.535 297.275 254.41 246.749 260.904 507.885 301.318 241.971 276.674 226.494 323.206 221.025 216.711 215.039 236.437 205.532 191.741 174.192 172.954 169.152 153.436 228.842 128.543 127.361 121.705 111.79 103.996 133.591 269.979 191.599 173.982 98.218 91.6275 123.327 307.639 148.423 90.9245 90.4317 141.936 89.6272 76.1535 61.2606 52.7006 52.6326 44.0918 41.4063 38.9288 38.3984 38.3361
threshold=6.2550001144409189 7.2500000000000009 6.5000000000000009 24.500000000000004 7.1499998569488534 7.5000000000000009 31.500000000000004 10.500000000000002 29.500000000000004 114.50000000000001 6.7500000000000009 117.50000000000001 2.5059965941055493e+18 70.500000000000014 18.727571487426761 0.2544755637645722 56.500000000000007 4.8949999809265146 95.500000000000014 4.3949999809265146 0.00052212577429600071 33.500000000000007 92.500000000000014 5.9500000476837167 4.9949998855590829 280.47018432617193 5.4200000762939462 7.5000000000000009 0.82034966349601757 0.9874607026576997 5.1949999332427987 31.500000000000004 4.5450000762939462 4.5000000000000009 0.30601347982883459 208.84674835205081 188.50000000000003 0.71473780274391185 2.2891137599945073 4.6075003147125253 8.0000002384185809 0.30361397564411169 7039236649779201 93633.457031250015 4.9699997901916513 32.500000000000007 206.50000000000003 7.6499998569488534 24.500000000000004 422.50000000000006 0.13893903046846393 8.0000002384185809 2.6725000143051152 3.7116180658340459 3.6017084121704106 2.5000000000000004 268.50000000000006 185.50000000000003 54.500000000000007 4.9949998855590829 80.500000000000014 7.5000000000000009
decision_type=2 2 2 2 2 2 2 2 2 2 2 2 2 2 2 2 2 2 2 2 2 2 2 2 2 2 2 2 2 2 2 2 2 2 2 2 2 2 2 2 2 2 2 2 2 2 2 2 2 2 2 2 2 2 2 2 2 2 2 2 2 2
left_child=2 4 3 5 9 7 15 26 52 11 -11 33 13 -13 -14 -7 17 18 19 -5 21 -9 29 57 31 45 27 -1 -22 38 -26 -19 -17 34 -2 -35 44 -10 -18 40 41 43 -43 -27 -12 54 47 48 -47 -49 -48 -52 -4 59 -3 -28 -38 -24 -55 -8 -54 -39
right_child=1 25 8 16 -6 6 53 20 37 10 36 12 14 -15 -16 32 22 24 -20 -21 28 -23 23 -25 30 39 55 -29 -30 -31 -32 -33 -34 35 -36 -37 56 61 -40 -41 -42 42 -44 -45 -46 46 50 49 -50 -51 51 -53 60 58 -56 -57 -58 -59 -60 -61 -62 -63
leaf_value=0.0015873030196017766 0.026236624313488124 0.051128963768664673 0.038984787398863796 0.083301824440663808 -0.076766534755665791 -0.048444259010619238 -0.075160302488194733 -0.01351677490559575 -0.050006280544965413 0.049851466943397933 -0.088073965873982044 -0.065996712486772274 0.053839752619902752 0.008748228682654938 -0.063653017387913763 0.0038408435906783604 -0.077115528030854127 -0.011906996018546665 -0.047821394772577804 -0.001707229119432857 -0.01811904580578054 -0.071077736745017051 0.047176280440579373 -0.12924734200630547 -0.030005495702084013 -0.034922590043677253 0.020354694610512886 0.0074306118658167171 0.038443884053824727 0.018045990806809947 0.026433439512122549 0.081741672092546444 0.03958398318242809 0.023495725596998487 -0.042785572023459596 -0.048681967430377546 0.036086872413029887 0.054118303850307595 0.11637283597780007 0.048873235755641273 0.048799013281549383 0.036765607490384315 -0.071123938226471825 0.036766075228307056 0.051058523530153103 0.0055586072561711599 0.042807034673827099 0.037584624391556444 -0.055136426400816951 -0.050016579679342435 0.042302646235649936 -0.011580466812735491 -0.071854769895593903 0.053851923592122465 0.0082812068049581706 0.051003139727826954 -0.033414044855534793 -0.0078933853972869162 -0.062202094820248299 0.050011248317015769 -0.2090608488772531 0.025729996219305815
leaf_weight=26109.84713787958 254.11611981317401 451.23942106962204 17.467775522731245 174.92932391166687 85.101963564753532 101.2365411252249 110.89012512285262 1450.2061501140706 30.331275835400447 1430.6599791869521 85.204158736392856 431.34841488231905 445.28584592300467 314.85349410935305 60.331997202476487 414.94311457732692 191.78565070684999 58.960417790338397 353.64471615944058 255.44103179126978 282.01869052555412 243.12608391977847 218.55235030828044 31.423535563051701 140.59968997165561 87.2182677090168 1629.4371166042984 51391.578595552128 370.40192970633507 89.441565290093422 4056.9821723802015 290.17254536785185 1645.9877721469384 7372.5331905791536 225.86913295090199 61.26339328289032 69.797566041350365 898.99821711494587 6.8860487937927237 3074.5203826129436 1403.2417629286647 65.148779819719493 108.26585909677669 2182.5718932524323 14.150182425975798 192.2530937101692 681.17783224582672 480.33464495837688 209.87152674049139 30.669300256762654 236.12073738127947 251.30432366579771 45.931786966975778 22.83788687735796 103.17119669169188 153.43237316608429 43.27325414121151 43.064506977796555 10.360450403532012 5.8612751816399387 5.3168247248977414 141.04736916348338
leaf_count=110498 264 212 68 147 575 3230 2466 6742 8918 674 1114 6361 251 2085 2172 2670 3236 187 3752 699 1701 2205 345 134 652 199 2414 159003 1723 149 5330 256 2807 8373 849 215 54 633 1 1604 753 204 1315 1634 5 320 401 347 1119 783 148 427 599 13 161 117 107 80 318 7 37 226
internal_value=0.0110562 0.028239 0.00719399 0.00676411 0.0202453 0.00584836 0.0234963 0.00534815 0.0410638 0.0210166 0.0399171 0.0176238 -0.00450301 -0.0344825 0.0397123 0.0285873 0.0197627 0.0231355 -0.00349315 0.0329472 -0.0118557 -0.0218213 -0.011153 0.0197564 0.0277281 0.0373471 0.00585736 0.00546214 0.0139957 -0.0425679 0.0245351 0.0659235 0.0323953 0.0211247 -0.00625454 0.0228938 -0.0268866 0.0474105 -0.0698349 0.0419971 0.0364883 0.0293986 -0.0305847 0.033995 -0.0678974 0.0251259 0.0202932 0.00650817 -0.0261643 0.0322298 0.0310456 0.0145448 -0.0569868 -0.0495826 0.0431936 0.0230222 0.00938465 0.0380967 0.0167281 -0.0684625 -0.0899138 0.0503016
internal_weight=111444 20450.9 90993.1 89854 10893.8 83942.2 2312.12 81630 1139.09 10808.7 1643.09 9165.6 1251.82 746.202 505.618 2162.17 5911.88 5330.73 784.015 430.37 2345.75 1693.33 581.154 293.04 4546.71 9557.11 79284.3 77501.4 652.421 288.113 4197.58 349.133 2060.93 7913.78 479.985 7433.8 212.425 1070.38 198.672 6920.97 3846.45 2443.2 173.415 2269.79 99.3543 2636.14 2081.73 913.129 402.125 511.004 1168.6 487.425 68.7164 149.95 554.411 1782.87 113.071 261.617 33.1983 116.751 51.2486 1040.05
internal_count=354089 32726 321363 310882 23099 295914 11511 284403 10481 22524 1954 20570 10869 8446 2423 8707 14968 11023 4598 846 12371 8947 3945 559 6425 9627 272032 269501 3424 3386 5982 443 5477 9701 1113 8588 1280 9777 3237 5709 4105 3352 1519 1833 1119 3918 3545 2569 1439 1130 976 575 704 2804 373 2531 161 425 331 2473 636 859
is_linear=0
shrinkage=0.05


Tree=50
num_leaves=63
num_cat=0
split_feature=27 27 28 15 23 15 28 27 9 27 23 28 1 26 0 15 9 10 17 10 26 28 1 27 27 27 7 1 0 10 28 26 27 0 27 14 28 1 23 6 23 23 21 30 10 6 27 4 24 13 1 24 15 27 26 1 0 1 18 0 10 26
split_gain=3070.86 531.91 519.439 660.634 338.765 390.229 308.162 324.222 287.786 284.976 282.562 267.899 266.09 450.668 288.62 225.271 217.605 200.489 190.662 206.545 188.537 184.903 179.595 240.068 652.146 224.188 169.876 164.325 155.202 317.004 196.26 133.3 104.281 364.187 165.597 201.432 135.69 103.568 95.0363 127.104 122.705 94.253 90.2244 89.5274 80.4122 256.83 86.379 179.269 76.3125 123.308 70.3701 70.069 64.5174 96.6925 58.5809 58.2711 74.1214 55.4352 53.7129 59.0306 53.6082 49.8756
threshold=6.2550001144409189 7.2500000000000009 24.500000000000004 7.5000000000000009 19929003720704.004 11.500000000000002 113.50000000000001 6.7500000000000009 3.4999998807907109 7.1499998569488534 1.2662426018041039e+18 15.500000000000002 9.004399776458742 75.500000000000014 3.1750000715255742 56.500000000000007 2.4300000667572026 4.6000001430511483 54.420000076293952 4.6499998569488534 228.50000000000003 265.50000000000006 167.02400207519534 4.8949999809265146 4.3949999809265146 4.9949998855590829 4.9100000858306894 23.005000114440922 4.4949998855590829 3.5025000572204594 8.5000000000000018 23.500000000000004 8.1500000953674334 3.495000004768372 7.3500001430511483 1.0000000180025095e-35 23.500000000000004 26.005000114440922 847.26358032226574 21.500000000000004 0.38689637184143072 0.0014300907496362927 143476867072.00003 4.5973682403564462 4.3999998569488534 15.500000000000002 5.8500001430511483 1.5000000000000002 -0.071253549307584749 -0.066066011786460863 55.003499984741218 -0.2938131839036941 19.500000000000004 5.7850000858306894 37.500000000000007 44.004999160766609 4.0950000286102304 8.3004999160766619 49.195226669311531 5.4200000762939462 3.9550000429153447 259.50000000000006
decision_type=2 2 2 2 2 2 2 2 2 2 2 2 2 2 2 2 2 2 2 2 2 2 2 2 2 2 2 2 2 2 2 2 2 2 2 2 2 2 2 2 2 2 2 2 2 2 2 2 2 2 2 2 2 2 2 2 2 2 2 2 2 2
left_child=2 6 3 8 5 22 9 -8 12 15 -10 16 13 14 -1 18 26 32 19 -2 37 43 23 24 -4 -25 31 42 29 -14 -30 -5 33 36 61 -36 -3 -9 39 -34 -41 -15 -13 -22 45 46 47 -6 49 -18 -19 -28 -46 -54 -24 -40 -57 -47 59 60 -7 -35
right_child=1 17 4 11 44 58 7 20 10 -11 -12 27 28 41 -16 -17 48 50 -20 -21 21 -23 54 25 -26 -27 51 -29 30 -31 -32 -33 38 34 35 -37 -38 -39 55 40 -42 -43 -44 -45 52 57 -48 -49 -50 -51 -52 -53 53 -55 -56 56 -58 -59 -60 -61 -62 -63
leaf_value=-0.0096976014951319044 0.012287218176868869 0.02094057758242792 0.051866015683574976 -0.07527370605125476 0.04769414222308381 -0.059474950263828832 0.049377601271846594 -0.13055853056165764 -0.089150272006981529 -0.075176800477438188 0.046474793610506632 -0.069260593323700465 0.0062668290140634368 -0.0043780146587566121 0.010281320405296444 -0.069202493934216056 0.078644393011930117 0.047670567079543459 0.050825092867866087 0.029941583870388696 0.053127425599772897 -0.13382255886233738 0.024982474101257479 0.068250289341064779 -0.052952584508479839 0.014532512872800184 0.044542014551576248 0.032531329021762943 0.0069008631883016721 -0.0031674980485079706 0.019574370491785786 0.025927857062111967 0.034257400979983241 0.035702518079889507 0.028461812788815322 -0.011862597149001258 -0.060239746825089806 -0.01262206121488544 0.052752685903060148 0.012052529255849754 -0.10989191456250413 -0.051139166079137245 0.05541176967674756 -0.083621173561101061 0.04583751434752683 -0.014549900311698172 0.045322937758578638 -0.1360782654952406 0.05052343357229408 -0.056946134787539085 0.0033482874504324497 -0.073911253057827503 -0.077599318029919873 0.033686997878882324 0.064205665688019983 0.04856963155979957 -0.035827491516104842 -0.14354490654502139 0.051707486883322024 0.034173870347842472 -0.13007328834229157 0.054682580628913069
leaf_weight=3821.9383348077536 6359.4683106937446 75.39942555129528 230.22890940215439 32.332540936768055 32.936173133552074 102.03131916746497 1407.6143049821258 42.199321016669273 150.75835018418729 82.14290117751807 50.654523373581469 129.84587892261334 45204.081024792977 133.574985682033 3428.1599821075797 72.784992693806998 26.612602831795812 3332.5335220769048 434.40096623147838 2241.9090594798326 112.77702525397763 16.660401895642281 166.83753672242165 206.89506613183767 413.27112484863028 2994.9600349403918 14.689804717898367 81.853814037516713 13170.028940198943 11086.497842684854 3978.2610542047769 1422.1236640317366 680.67955204099417 887.27458059415221 1792.209613406565 373.56585160968825 157.93549588043243 33.300607644021511 1100.7619761228561 62.039401330053806 29.738492995500565 566.22908794693649 15.52755284309387 12.450552212772889 1426.6662122309208 12.477256648242472 232.19842199981213 20.819944225251675 1220.060820588842 41.684653793927282 92.437178626656532 63.879244934767485 25.746262542903423 71.204246118664742 228.73580539599061 61.613103754818439 43.52768412232399 26.252308119088411 8.8216031901538354 11.823811280075459 38.02789818495512 583.46969859395176
leaf_count=24361 13816 99 737 178 35 10030 678 191 899 566 58 2358 162529 862 14112 4217 8 1830 432 1945 455 75 189 378 4104 6368 16 174 35799 32003 5660 8625 533 699 1829 1058 2261 89 489 76 118 8862 4 455 889 42 131 103 1229 181 130 299 145 55 64 34 129 135 6 12 194 249
internal_value=0.0103809 0.0280718 0.00647037 0.00544299 0.0203797 0.0128296 0.0205339 0.0406042 0.00458883 0.0169807 -0.0549553 0.0282921 0.00473692 -0.00395161 -0.000249899 0.0178205 0.0324995 0.0368598 0.0185296 0.0168923 -0.0161475 0.0178221 0.0157339 0.0124245 -0.015421 0.0180254 0.0197442 -0.0238416 0.00567758 0.00440861 0.00984227 0.0236245 0.0312196 0.0264281 0.0303156 0.0215018 -0.0340085 -0.0794508 0.0405718 0.0268075 -0.0281654 -0.0422398 -0.0556224 0.038937 0.0383405 0.015661 0.0321256 -0.0245756 0.0476462 -0.00366753 0.0464771 -0.0514201 0.0431568 0.00359215 0.0477802 0.049355 0.0135742 -0.103525 -0.0634068 -0.07042 -0.079465 0.0432677
internal_weight=110978 20088.9 90888.7 84638.8 6249.93 4401.63 10815.7 1625 81590.2 9190.71 201.413 3048.61 81388.8 7949.9 7250.1 9108.56 2821.38 9273.19 9035.78 8601.38 217.388 141.888 4240.93 3845.36 643.5 3201.86 1533.03 227.227 73438.9 56290.6 17148.3 1454.46 5848.21 3869.85 3636.52 2165.78 233.335 75.4999 1978.36 772.457 91.7779 699.804 145.373 125.228 1848.3 324.684 285.955 53.7561 1288.36 68.2973 3424.97 78.569 1523.62 96.9505 395.573 1205.9 105.141 38.7296 160.705 151.883 140.059 1470.74
internal_count=354287 32453 321834 298217 23617 22082 22919 1943 285145 20976 957 13072 284188 48197 38473 20410 10536 9534 16193 15761 1265 985 11840 11587 4841 6746 9118 2536 235991 194532 41459 8803 7574 6195 3835 2887 2360 280 1379 727 194 9724 2362 910 1535 446 269 138 1418 189 1960 315 1089 200 253 652 163 177 10242 10236 10224 948
is_linear=0
shrinkage=0.05


Tree=51
num_leaves=63
num_cat=0
split_feature=25 19 0 16 26 0 26 0 0 26 19 0 25 25 0 0 26 12 26 12 22 0 9 4 9 16 25 16 14 11 22 24 26 22 3 25 26 25 6 13 30 12 9 30 24 16 24 5 30 26 30 19 30 12 26 22 12 2 2 17 26 8
split_gain=2309.88 591.631 469.334 323.052 311.959 278.071 383.306 321.664 287.711 203.271 216.869 206.385 198.542 194.5 176.086 162.053 155.16 147.657 134.612 239.035 184.575 221.559 171.602 131.396 126.214 122.524 122.417 118.827 174.948 115.594 114.13 135.251 100.645 94.6091 88.8551 86.3012 108.228 83.0334 77.9146 71.7062 71.6677 61.7084 61.596 60.9747 60.7865 71.8593 59.9448 59.7107 59.2795 56.1003 54.1743 52.5056 51.4297 50.6634 50.0455 47.7843 47.7358 46.9604 53.5009 43.492 42.0982 38.4791
threshold=43.500000000000007 0.53024861216545116 4.2049999237060556 0.68427395820617687 222.50000000000003 4.1949999332427987 8.5000000000000018 3.4050000905990605 3.0049999952316289 288.50000000000006 859.49984741210949 4.0950000286102304 80.500000000000014 17.500000000000004 4.5950000286102304 5.4200000762939462 49.500000000000007 1.9704241752624514 222.50000000000003 2.0849295854568486 18.727571487426761 3.8850001096725468 3.8000000715255742 13.500000000000002 0.29999983310699468 0.77842378616333019 5.5000000000000009 0.99965035915374767 1.0000000180025095e-35 5.5000000000000009 17.650494575500492 0.052095359191298492 2.5000000000000004 17.106002807617191 27.500000000000004 73.500000000000014 75.500000000000014 12.500000000000002 2.5000000000000004 -0.0087403785437345487 1.1647402644157412 1.9781917929649355 1.2000001668930056 3.1491069793701176 2.00000011920929 0.17395024746656421 0.12362525612115861 2.5000000000000004 83.041095733642592 79.500000000000014 15.465311050415041 0.049542916938662536 159.80610656738284 2.1673028469085698 3.5000000000000004 19.323180198669437 1.5945946574211123 3.5000000000000004 4.5000000000000009 4.1702897548675546 263.50000000000006 8.1500000953674334
decision_type=2 2 2 2 2 2 2 2 2 2 2 2 2 2 2 2 2 2 2 2 2 2 2 2 2 2 2 2 2 2 2 2 2 2 2 2 2 2 2 2 2 2 2 2 2 2 2 2 2 2 2 2 2 2 2 2 2 2 2 2 2 2
left_child=1 14 3 9 5 6 8 29 42 10 11 60 48 15 17 24 -9 26 19 20 22 -22 -5 49 -7 -21 46 28 -28 -8 31 39 -10 38 -35 36 -12 44 -14 -20 -4 -25 -3 -13 45 -16 54 -17 56 -15 -37 -47 57 -32 -1 -27 -11 -6 -59 -29 -2 -55
right_child=2 4 40 18 52 13 7 16 32 12 35 43 33 23 37 47 -18 -19 30 25 21 -23 -24 41 -26 55 27 59 -30 -31 53 -33 -34 34 -36 50 -38 -39 -40 -41 -42 -43 -44 -45 -46 51 -48 -49 -50 -51 -52 -53 -54 61 -56 -57 -58 58 -60 -61 -62 -63
leaf_value=-0.016541428916093934 -0.059458046611134643 -0.018150549279308946 0.041462581308815423 0.023459375963361954 0.038080367887311485 0.0084527702351405217 0.0085834158541262268 0.0029551445652708764 -0.0086760237659066156 0.040205799804881114 0.041917448977202683 0.032061186931432881 -0.01045435663061408 0.036324549633034338 -0.049208270274716276 0.015629050592776438 -0.0080022874729166055 -0.086291843168487231 0.023877872737352934 0.051770562421521074 -0.044406248686750076 0.020655982673724288 0.055218045226182115 0.0046314431574019264 -0.00089131721749498977 -0.068555427476011108 0.01777456520235263 0.017698654278139998 -0.030254975452804662 -0.057342072262050785 0.045738922352073969 0.038170853830367502 0.0039473995725630845 0.029297337989711944 -0.053864015594552866 -0.024614391511666139 -0.036722220075832597 0.038184130396668098 -0.07241293775530179 -0.047372662671458787 0.029924465181327676 0.060754433597344018 -0.072153868828061588 -0.03887260784073944 -0.037166156291443597 0.008432795948938681 -0.051197366136953096 0.034774292350790922 -0.053838106485104259 0.017594793789038481 0.061819985961274693 0.02935031359046435 -0.024161509431611338 -0.050139929240792691 0.0095390549606379979 -0.00026643820446055805 -0.034833473513201887 0.019594414499708269 -0.1061407732811325 0.034494537112010303 -0.01198714296734852 0.060121066081793698
leaf_weight=255.0264616087079 347.21453999029472 2714.269960116595 4669.6399525480811 3559.5125603741035 928.35461529903114 25264.210220575333 28747.406488895882 9715.6345303878188 2356.9657233282924 595.98103286232799 72.675221927464008 119.00465534860268 157.26623086351901 1173.1827519908547 32.318557038903236 1097.0357812568545 4838.904825466685 35.741080168634653 53.116996589116752 32.772664949297905 206.3393113873899 353.64949576556683 483.3468411937356 976.8515460267663 4215.7724300660193 117.18008426483721 837.50206449162215 621.09163498133421 243.97863963618875 65.642915023490787 1340.4649507636204 218.72489779442549 4778.4260395094752 184.68010801123455 37.854448437923566 20.917880524415523 106.69919263804331 1466.4223922863603 74.384937188122422 101.09391479683109 1916.9089696439914 50.60650909692049 53.049421899020672 39.548237892799079 41.126434095203876 381.63910830765963 54.807646259665489 651.52509775012732 17.370905555319041 613.05947237089276 112.58305644663051 1431.9180448129773 36.340461186133325 23.79063426645007 651.96061626821756 32.904045483563095 21.171289212070405 27.911696507595479 10.976437910459934 1038.9814084656537 54.921019260771573 10.63572311401367
leaf_count=809 5698 24688 3499 6059 1125 67502 98241 27382 15885 1200 89 189 5112 1097 83 1804 20318 163 195 23 828 447 175 1619 8346 1178 1602 887 779 618 2170 370 20194 215 10229 65 1599 1107 3086 1829 2270 27 329 256 96 581 185 676 818 1221 312 1651 531 2909 1408 390 318 92 171 947 593 2
internal_value=0.0099093 0.00703469 0.0280916 0.0203201 0.00591867 0.00559978 0.00334386 0.00537063 -0.00553126 0.00252472 -0.0154279 -0.0340192 0.0169352 0.00912956 0.0209279 0.00799435 -0.000687797 0.0134588 0.0256628 0.0213149 0.0235446 -0.00334503 0.0272703 0.0217199 0.00711637 -0.0346057 0.0144458 0.0198286 0.00691669 0.00843106 0.037546 0.012951 -0.000222306 -0.00828528 0.014951 0.017875 -0.00477715 0.029248 -0.030597 -0.0228029 0.0381104 0.00745698 -0.0192133 0.0142039 0.0222844 0.0236311 -0.000896994 0.0227813 0.0349802 0.0299125 0.0481573 0.0249583 0.0336242 0.0441995 0.0021901 -0.0537179 0.0375713 0.0358231 -0.0175411 0.0282281 -0.053033 -0.0151991
internal_weight=110491 95408.6 15082.4 8495.8 88316.1 87312.5 53270.3 43367.6 9902.71 1962.27 873.564 560.688 1088.71 34042.2 7092.51 31228.5 14554.5 3739.09 6533.53 4785.71 4602.85 559.989 4042.86 2813.7 29480 182.857 3703.35 2741.55 1081.48 28813 1747.83 372.936 7135.39 454.186 222.535 312.875 179.374 3353.42 231.651 154.211 6586.55 1027.46 2767.32 158.553 1887 1845.88 961.795 1748.56 634.523 1786.24 133.501 1813.56 1003.58 1374.89 906.987 150.084 617.152 967.243 38.8881 1660.07 402.136 34.4264
internal_count=354287 302164 52123 46354 291866 289947 207655 146559 61096 29779 8801 6736 20978 82292 10298 78328 47700 6780 16575 9100 7509 1275 6234 3964 75848 1591 6617 4215 2381 98859 7475 2394 36079 18642 10444 2065 1688 3518 8198 2024 5769 1646 25017 445 2411 2315 2402 2480 2336 2318 377 2232 1919 5081 2217 1568 1518 1388 263 1834 6291 2911
is_linear=0
shrinkage=0.05


Tree=52
num_leaves=63
num_cat=0
split_feature=27 27 11 29 23 9 29 27 27 29 15 4 3 1 27 9 1 29 29 1 4 10 3 10 29 29 24 27 1 21 29 8 8 15 0 20 23 10 27 16 23 15 0 3 16 13 1 19 13 18 29 27 24 10 10 29 7 23 7 13 1 27
split_gain=2734.45 512.031 466.685 388.721 338.228 451.369 327.651 407.796 369.704 733.331 355.205 346.886 298.052 287.036 405.334 310.63 286.202 339.963 282.398 272.325 244.27 231.768 209.869 203.06 200.099 485.442 359.189 207.879 201.349 192.225 166.131 153.622 136.267 134.077 131.881 122.803 381.386 110.951 105.027 101.371 96.4169 304.073 87.5643 84.4044 82.0324 72.7249 70.135 62.0625 72.2857 60.5851 56.557 55.4035 46.6545 110.043 45.6681 45.6102 43.9102 42.9712 37.3548 36.3953 30.4907 27.6706
threshold=6.2550001144409189 7.2500000000000009 6.5000000000000009 3.6000002622604375 7039236649779201 3.4000003337860112 2.7549999952316289 6.6499998569488534 6.4500000476837167 3.6000000238418584 22.500000000000004 67.500000000000014 29.500000000000004 18.785000801086429 6.0499999523162851 0.99999988079071056 19.005000114440922 4.2000000476837167 1.1999999284744265 67.005001068115249 8.5000000000000018 3.0025000572204594 1.5000000000000002 4.6000001430511483 5.4500000476837167 3.8949999809265141 -9.6312753157690154e-05 7.5499999523162851 88.509998321533217 0.099008280783891692 3.6999999284744267 4.9100000858306894 5.1949999332427987 1.0000000180025095e-35 4.3949999809265146 0.20495671778917315 3.7597478848246586e+17 4.6549999713897714 5.8500001430511483 0.71473780274391185 2.7048210068783764e+18 4.5000000000000009 4.2950000762939462 22.500000000000004 0.69592735171318065 -0.030000007711350914 55.003499984741218 18.818341255187992 0.015388744883239271 47.059953689575202 3.3499999046325688 6.7500000000000009 -0.0041853960137814275 2.6999999284744267 4.6549999713897714 3.00000011920929 3.0949999094009404 2.3935047388076787 4.5850000381469735 0.0071165743283927449 48.004999160766609 7.6499998569488534
decision_type=2 2 2 2 2 2 2 2 2 2 2 2 2 2 2 2 2 2 2 2 2 2 2 2 2 2 2 2 2 2 2 2 2 2 2 2 2 2 2 2 2 2 2 2 2 2 2 2 2 2 2 2 2 2 2 2 2 2 2 2 2 2
left_child=2 6 3 4 5 13 7 35 9 22 21 16 56 14 -1 -15 17 -10 20 -18 34 -11 49 24 25 30 28 -28 -27 42 33 -31 -12 -3 -6 40 45 50 39 -14 43 -42 -20 -2 47 -37 57 48 -26 -8 -13 -9 53 -41 -53 -24 -4 -25 -22 -56 -32 -59
right_child=1 23 12 -5 18 -7 8 51 11 10 32 37 38 15 -16 -17 19 -19 29 -21 58 -23 55 46 44 26 27 -29 -30 31 60 -33 -34 -35 -36 36 -38 -39 -40 52 41 -43 -44 -45 -46 -47 -48 -49 -50 -51 -52 54 -54 -55 59 -57 -58 61 -60 -61 -62 -63
leaf_value=-0.0003009582843026817 0.02543382120681046 0.036008205143880277 0.023258435382303919 -0.074605606949429526 -0.023775580305896535 -0.097921720169746249 0.022659665249544807 0.053197126210809735 -0.019945532040055572 -0.0018185637245146252 0.030689164480785514 -0.1424609614833435 -0.049455021857988793 0.0056889321237516789 0.03239984466987144 0.018430425871002274 0.025119804758893735 0.029693250575189695 -0.021062349764587956 -0.035165681915503309 0.004208245148692993 0.046816601026433785 -0.052060395679914412 0.024653178744684232 -0.056822342774543233 -0.056908650128186279 -0.047962520551342369 0.024061409145332363 0.018731959783473941 0.042406406296318554 0.051780846617309501 0.020675698023528939 -0.089215982026386309 0.00045376449545825949 0.0099875206345674608 0.045838955862802268 -0.19907343336982575 0.041539160645601342 -0.074499276092799896 0.058198931783682219 -0.074865902486496091 0.036336883463258772 0.013803427554258419 -0.040265160794539713 0.054013635770055392 -0.026953833937342343 0.0021007846830774796 0.038355151902564145 0.028613019638995985 -0.0502754008530093 -0.059834723852021633 0.046359274432472397 0.054319647777475978 -0.055344506233586457 -0.0011340893367237325 -0.14439018604168644 -0.087200963696973388 0.040390347243411756 -0.086575147592453106 0.051954135316222984 0.032687547293614914 0.051424535581833714
leaf_weight=28238.48363939696 1674.5307171717286 726.69366054981947 10.404111177194862 150.45387782389298 348.64325277507305 106.13618266582489 47.790708042681217 1363.1655368581414 1395.0279404199682 281.88288565631956 33.783542928053066 23.651755094528198 25.162976819090545 47469.233501737006 979.52085398882627 5319.403241910506 1911.3689385224134 457.10829019220546 328.74136106483638 206.72991095576435 12.755435831844805 1855.4727153331041 19.01169741153717 209.91848608106375 41.526482708752155 317.69194513349794 109.93649962358177 1035.1040187617764 120.84118922054768 1057.8117082063109 1223.9175379276276 3542.6580549459904 74.825310873799026 417.65838198363781 1672.0747950524092 64.826602399349213 25.601909533143044 24.137834802269936 16.931800502585247 56.30341625213623 103.64773894846439 147.99966589361429 395.70318567752838 49.433755062520504 978.77562160044909 70.65623427927494 90.933495491743088 296.64708230644464 58.239266201853752 67.592669367790222 169.69286077504512 230.24431861191988 845.98435255885124 33.019714565016329 128.71884567290545 64.129688337445259 49.843696150463074 824.52992398291826 88.286826103925705 41.997145637869835 262.50495517253876 2083.012163862586
leaf_count=142084 1757 540 88 1168 980 536 60 592 3659 1027 579 110 8903 142186 984 11750 2469 841 1051 620 36 1101 50 200 109 2028 468 2214 162 1101 547 5180 1490 596 3258 40 142 14 400 15 310 111 583 110 435 141 130 206 52 209 6821 157 367 163 196 297 610 560 391 16 217 1070
internal_value=0.0094521 0.026526 0.00581472 0.00542877 0.00556411 0.00463858 0.0190848 0.0305834 0.0123174 0.0277646 0.0359138 0.00329469 0.0391392 0.00477257 0.000796222 0.00697329 0.00666961 -0.00768254 0.0157671 0.0192197 0.00033907 0.0404022 -0.0641216 0.0354311 0.0296626 0.0242456 0.00236677 0.0171061 -0.0360587 0.0219124 0.0374077 0.0256816 -0.0519333 0.0230479 0.00415087 0.0158789 -0.0259723 -0.0580416 0.0458097 0.048011 0.0193053 -0.00956022 -0.00201844 0.0235248 0.0462299 0.0079205 0.0454668 0.0269112 -0.00710996 -0.0200883 -0.0706491 0.0483715 0.0506886 0.0160224 0.0318616 -0.124206 -0.0679759 0.046729 -0.0751368 0.0121233 0.0484365 0.0483121
internal_weight=110079 19331 90747.6 89709.9 89559.5 82112.8 10533 3900.82 6632.21 2444.49 2245.96 4187.72 1037.65 82006.6 29218 52788.6 3970.24 1852.14 7446.67 2118.1 2121.76 2137.36 198.525 8797.93 5589.54 4214.35 1583.57 1145.04 438.533 5324.91 2630.77 4600.47 108.609 1144.35 2020.72 2136.7 161.085 217.482 977.402 960.47 1975.61 251.647 724.445 1723.96 1375.19 135.483 3208.39 396.413 99.7657 115.383 193.345 1764.13 935.307 89.3231 400.96 83.1414 60.2478 3117.46 101.042 170.716 1486.42 2907.54
internal_count=354287 32453 321834 311288 310120 297540 22919 3572 19347 4813 4197 14534 10546 297004 143068 153936 7589 4500 12580 3089 4665 2128 616 9534 7574 6772 4872 2682 2190 7915 1900 6281 2069 1136 4238 2611 323 6945 9848 9448 2288 421 1634 1867 802 181 1960 367 161 269 6931 961 545 178 369 347 698 1830 427 212 764 1630
is_linear=0
shrinkage=0.05


Tree=53
num_leaves=63
num_cat=0
split_feature=27 25 27 29 29 29 27 29 29 26 28 29 27 27 29 15 4 28 22 23 9 23 23 27 1 27 28 17 28 30 23 1 22 23 29 28 11 21 2 23 9 7 27 29 23 1 26 28 29 28 29 27 7 30 29 23 1 24 4 11 25 19
split_gain=2564.98 519.69 496.837 337.092 354.638 505.84 491.763 426.25 547.362 507.975 370.758 306.257 393.426 345.394 669.842 329.117 323.065 334.654 491.434 285.474 267.831 344.154 256.555 232.707 270.711 303.002 234.892 202.017 193.748 186.075 175.45 274.699 175.002 198.678 146.644 146.083 219.08 166.459 142.236 139.893 126.284 116.208 112.281 710.477 291.422 109.598 107.533 98.5132 91.0302 90.0531 124.558 349.393 272.073 141.857 140.932 189.018 89.3605 89.2062 80.3537 69.1385 67.3386 60.2804
threshold=6.2550001144409189 54.500000000000007 7.2500000000000009 3.4999998807907109 2.7050000429153447 2.3050000667572026 5.3949999809265146 2.3000000715255742 2.1000000238418584 38.500000000000007 19.500000000000004 2.7549999952316289 6.6499998569488534 6.4500000476837167 3.6000000238418584 22.500000000000004 67.500000000000014 36.500000000000007 19.323180198669437 0.35519781708717352 3.3999999761581425 8.1063975530895782e+17 7648041500672.001 5.2650001049041757 14.00500011444092 6.0499999523162851 22.500000000000004 0.15821565687656405 155.50000000000003 76.20908355712892 537.64157104492199 131.004997253418 14.036071300506594 0.011792631819844248 3.6000002622604375 76.500000000000014 3.5000000000000004 52175005696.000008 37.500000000000007 2.7048210068783764e+18 2.6000002622604375 6.0499999523162851 8.0000002384185809 4.1500000953674325 3537691010400256.5 496.46501159667974 367.50000000000006 13.500000000000002 1.289999842643738 30.500000000000004 3.8999999761581425 7.7500000000000009 5.6250000000000009 0.20865208655595782 3.4999998807907109 16.884238243103031 17.724999427795414 -0.12087910622358321 9.5000000000000018 3.5000000000000004 23.500000000000004 0.20668333768844607
decision_type=2 2 2 2 2 2 2 2 2 2 2 2 2 2 2 2 2 2 2 2 2 2 2 2 2 2 2 2 2 2 2 2 2 2 2 2 2 2 2 2 2 2 2 2 2 2 2 2 2 2 2 2 2 2 2 2 2 2 2 2 2 2
left_child=1 3 11 4 5 7 10 8 -1 -9 -7 12 35 14 27 29 17 18 -15 28 34 -22 32 -6 25 -25 -26 47 59 -16 49 42 33 -5 46 36 39 -38 -19 -2 -17 -8 43 -32 -45 -33 48 -13 -21 -4 54 53 -53 -52 55 -51 -23 58 -24 -3 -47 -18
right_child=2 19 30 22 23 6 41 9 -10 -11 -12 13 -14 16 15 40 61 38 -20 20 21 56 57 24 26 -27 -28 -29 -30 -31 31 45 -34 -35 -36 -37 37 -39 -40 -41 -42 -43 -44 44 -46 60 -48 -49 -50 50 51 52 -54 -55 -56 -57 -58 -59 -60 -61 -62 -63
leaf_value=0.0053266609495655872 0.019530008133563939 0.0078206119280274863 0.042347948866645981 -0.066061654759422356 0.095052344256622318 -0.0080719179640173586 -0.055436859997481408 0.0008799025862992251 -0.017060365581987962 0.04788260290253419 0.07529975470010683 -0.090715198496126692 0.04749856841674982 -0.029599343044958093 0.042125997323473913 0.029492532622002677 -0.0011519803686457413 0.022074628215681413 0.023386683467053911 -0.059564879572476782 -0.08227495348479108 -0.035441773698724831 0.017517785733171434 -0.017968334256674167 0.016494131171713444 0.039438999268847981 0.047079921203482332 -0.14025204132203559 -0.13532263755029234 -0.04251655442870142 0.042854964531669135 -0.11998058198288644 -0.088169805220195449 0.053615991603362348 -0.079203792592994163 0.037898548174963881 -0.083166023372094958 0.0080988764177692477 -0.059650171915789398 -0.037195560301985529 -0.086721232302439236 0.01173574897423932 0.050527826926977271 0.020619506188625968 -0.068707515644056513 0.036169326385155097 -0.046675200125981475 -0.0015204402380036616 0.034968389283284225 -0.10212566269547559 0.019321039078672057 0.024974327498133331 -0.11178065839839468 -0.086316536214800663 0.038203385626094918 0.04030485786240047 0.058496610424485986 0.023398431400091249 -0.12495364827570371 -0.045986767359435486 -0.059679714630929942 -0.069874334831649162
leaf_weight=72342.986587248277 1268.3846299797297 202.02159880381078 525.12750916182995 82.131603881716728 95.648048736155033 3232.0696579981595 687.89496543258429 1064.6415869742632 2836.41158283595 1249.079431431368 138.08294390700758 43.518955931067467 1708.3997560068965 1134.4169991556555 2016.8753692058381 33.445949190994725 39.407123123761266 2056.0220907418989 711.02607877738774 24.774293613154441 120.21209136745892 33.246039283461869 17.884738281369209 916.77122165681794 2646.0733190700412 305.64169756695628 823.32839498668909 55.683330833911896 32.414611128158867 66.26237871684134 3479.4966385811567 30.119867482222617 213.30878418311477 58.519406892359257 28.393917134264484 531.50409585237503 107.56631061434746 92.085037536919117 53.686547292396426 117.89025977998972 73.199121380923316 70.543379962444305 1990.7611295357347 160.59908168204129 209.29906973452307 39.282358601689339 40.793345813639462 102.12238042056561 3047.8410768932663 42.875351533293724 42.238097050227225 896.26692213024944 36.91674643009901 122.71773474337533 887.70121408253908 48.755243003368378 97.499803406186402 183.10082259401679 20.430084943771362 83.557224119082093 32.6093759983778 170.89777589542791
leaf_count=258165 1512 1474 346 361 76 11012 2779 2828 9000 2316 122 187 961 3606 1752 579 614 2887 921 628 953 182 20 3390 4733 268 539 250 170 376 2245 132 1085 81 280 380 335 118 175 266 1490 99 1067 309 1634 29 4447 179 5965 149 75 1555 146 1067 626 32 35 215 92 10519 122 6331
internal_value=0.00902182 0.00552769 0.0257636 0.00474572 0.00499993 0.00422394 -0.0128269 0.00513257 0.00448175 0.0262665 -0.00463318 0.0184104 0.0296522 0.0118464 0.0269893 0.0350201 0.00314835 0.0063661 -0.00918017 0.0238504 0.028097 -0.0215296 -0.0333645 0.018225 0.0166378 -0.0035901 0.0237654 -0.0600781 -0.0213876 0.0394121 0.0346943 0.0394396 -0.0597143 -0.0162062 0.0320682 0.0152353 0.00761772 -0.0412165 0.0199653 0.0146791 -0.0502925 -0.0491752 0.0408624 0.0358507 -0.0299598 -0.0415739 0.0331097 -0.0286436 0.0341854 0.0238471 0.01915 0.00757119 0.0194451 -0.0592837 0.0321075 -0.0266696 0.0344843 0.00881558 -0.0595691 -0.00801092 -0.00746055 -0.0570871
internal_weight=109622 90695.3 18927.2 86984.5 86409.2 81621.7 4128.59 77493.1 75179.4 2313.72 3370.15 10382.4 3825.83 6556.56 2391.11 2189.78 4165.46 3955.15 1845.44 3710.75 3392.76 250.958 575.375 4787.46 4691.81 1222.41 3469.4 201.325 317.993 2083.14 8544.77 5942.17 353.96 140.651 3141.8 2117.43 1585.93 199.651 2109.71 1386.27 106.645 758.438 5840.16 3849.39 369.898 102.012 3113.41 145.641 3072.62 2602.6 2077.47 1098.14 933.184 164.956 979.332 91.6306 130.746 221.416 38.3148 285.579 71.8917 210.305
internal_count=354287 321834 32453 297181 295327 286321 14012 272309 267165 5144 11134 22919 3572 19347 4813 4197 14534 7589 4527 24653 12490 1170 1854 9006 8930 3658 5272 616 12163 2128 9534 5538 1527 442 11320 2611 2231 453 3062 1778 2069 2878 5255 4188 1943 283 11040 366 6593 3996 3650 2843 1701 1142 807 181 217 327 112 11993 151 6945
is_linear=0
shrinkage=0.05


Tree=54
num_leaves=63
num_cat=0
split_feature=25 10 29 29 29 29 10 5 9 17 10 25 29 29 1 26 29 10 10 15 16 8 7 29 12 23 26 12 9 29 3 7 26 1 29 17 29 15 29 23 29 29 16 23 25 25 26 10 8 16 1 18 23 16 16 24 26 26 18 10 29 29
split_gain=1947.68 688.982 623.778 348.371 426.058 404.845 291.972 363.677 272.087 271.086 270.823 223.991 260.369 207.956 179.489 273.606 448.019 245.086 177.844 177.842 177.76 175.116 257.808 173.151 226.777 171.059 144.166 145.355 184.104 143.968 136.255 133.487 132.624 568.261 179.058 128.991 126.321 96.9025 135.737 88.9644 146.58 125.391 84.4983 70.1225 67.9577 93.5202 195.146 66.6526 59.5508 57.2535 52.5968 84.7752 52.1759 49.0119 50.5349 44.8353 43.1512 88.4991 47.1179 40.0544 70.4987 172.472
threshold=43.500000000000007 4.5650000572204599 2.8050000667572026 5.4500000476837167 3.9999998807907109 3.6999999284744267 2.7975000143051152 69.500000000000014 2.7050000429153447 3.1844292879104619 4.4600000381469735 61.500000000000007 5.2000000476837167 2.8999999761581425 9.004399776458742 59.500000000000007 2.5949999094009404 3.242499947547913 3.0025000572204594 5.5000000000000009 0.49975961446762091 6.5499999523162851 6.7500000000000009 4.2999999523162851 1.20408171415329 2.5059965941055493e+18 8.5000000000000018 1.3077563643455508 2.1649998426437382 5.3999998569488534 268.50000000000006 5.2650001049041757 116.50000000000001 110.00049972534181 2.1000000238418584 1.6881944537162783 1.2000001668930056 10.500000000000002 3.50000011920929 0.53047439455986034 3.4999998807907109 2.9999998807907109 0.69592735171318065 16776.462890625004 103.50000000000001 274.50000000000006 462.50000000000006 4.3500001430511483 6.6499998569488534 0.90061727166175853 52.004999160766609 0.18832916766405108 31637.875000000004 0.095380242913961424 0.11541633307933809 0.020500509999692444 21.500000000000004 77.500000000000014 307.86895751953131 4.6499998569488534 2.6999999284744267 3.1000002622604375
decision_type=2 2 2 2 2 2 2 2 2 2 2 2 2 2 2 2 2 2 2 2 2 2 2 2 2 2 2 2 2 2 2 2 2 2 2 2 2 2 2 2 2 2 2 2 2 2 2 2 2 2 2 2 2 2 2 2 2 2 2 2 2 2
left_child=2 3 8 4 5 6 20 -8 9 14 13 23 35 56 15 17 -17 -1 30 21 -2 25 -23 24 -6 -15 31 36 -29 -14 -7 -11 34 -34 -16 -13 -28 49 -39 40 41 -12 44 -25 -5 46 -46 -10 -20 -21 -41 -52 -53 -42 -55 -33 -4 58 -58 60 -3 -62
right_child=1 59 10 42 11 18 7 -9 47 26 39 12 29 19 32 16 -18 -19 48 37 -22 22 -24 43 -26 -27 27 28 -30 -31 -32 55 33 -35 -36 -37 -38 38 -40 50 53 -43 -44 -45 45 -47 -48 -49 -50 -51 51 52 -54 54 -56 -57 57 -59 -60 -61 61 -63
leaf_value=-0.0051054070717643394 -0.0007846096149527025 0.045716056439522042 0.072307249903788798 0.04012393066632431 0.02429260871145654 -0.040080503119730646 0.01295443494820611 -0.027724318186243286 -0.071643719930780003 -0.077324326658903028 0.00073287731421380086 -0.024686918085590082 0.047528723953544044 0.0075610744017880595 0.0055861809464077053 -0.039226509151274513 0.054448862737472487 0.016738184926605022 0.0447187544845793 0.025154327409085471 0.046161326206356754 -0.11700647213784786 -0.0052743420307609879 0.044529613411322826 -0.089862061595990653 0.047913274896044487 -0.005152101807257236 -0.033446173346834793 0.02338638454271217 -0.040674557630705169 0.048747171462545175 -0.01432735580898719 -0.0022741304023842987 0.055378798408637048 -0.0017470310976269805 -0.074442319394316975 0.041162650739337878 -0.050716920420647217 0.025595995503276622 0.036029944901473404 0.039013930379397432 -0.13142252657016507 0.053327712574264288 -0.01231227896931476 0.031072232474911962 0.038649596166993982 -0.14526046522140942 -0.20633870262342147 0.014729799497661931 0.052202821397421606 -0.064523998950536982 -0.019120987988710217 0.03853448645241174 0.037544958674843934 -0.052586968184004185 0.030973936423354494 -0.061695207174817537 0.058699397579264526 0.034694542993482839 0.04614744853309536 -0.049625262167317101 0.032523969767983135
leaf_weight=4786.195725120604 265.74376053537708 814.05728589743376 147.07546558603644 210.98623502999544 102.56807537376881 121.2676464158576 2943.0242539537139 674.48860856262036 28.665597163140774 60.521531276404858 41.032448321580887 668.53319203015417 177.22056100331247 5458.7018625335768 63373.570328916423 931.40703022107482 146.95004604244605 1753.8352849818766 1903.5268564447761 398.72168729174882 831.78190450230613 64.781386688351631 240.9345201049 338.11512362584472 74.094517850782722 275.03203680366278 167.35654416773468 196.64239135291427 509.6497972086072 61.567542400676757 65.731124366866425 120.70002081245184 1208.3022424960509 660.15359487012029 9581.3413991574198 161.68207054911181 1199.0966141177341 78.90629168972373 214.13459750637412 2325.3447837904096 162.82463631778955 30.787152245640755 808.35530964285135 63.987625933252275 33.80213239043951 57.100494980812073 27.777150496840477 14.140587016940115 183.22685127705336 392.14370379596949 31.170404963195324 52.962883628904819 144.03166239708662 26.7016886100173 34.483213499188423 98.05064383149147 28.611306302249432 114.11755807697773 21.24217626452446 2830.0658946335316 70.743172466754913 586.89954874664545
leaf_count=29569 12065 487 76 142 141 1789 8882 9441 281 288 59 7775 130 10491 203207 9901 469 5683 1188 561 980 283 468 249 540 177 519 738 821 1400 674 224 8914 740 23700 2804 1314 305 319 1856 109 134 389 160 27 37 126 82 223 196 89 106 114 18 86 90 109 47 21 1779 178 517
internal_value=0.00860803 0.0259661 0.00603899 0.0186236 0.0151927 0.0205847 0.0122219 0.0053629 0.00462907 0.00469343 0.0176682 -0.00767248 -0.0212321 0.0126409 0.00421569 -0.00309502 -0.0264179 0.000753272 0.0379114 0.0108881 0.0347994 0.00753734 -0.029271 0.0173576 -0.0237935 0.00950555 0.0214282 0.0259717 0.00753136 0.0246913 -0.00873727 -0.012248 0.00496015 0.0181116 0.00462301 -0.0344606 0.035487 0.0295297 0.00492783 0.0307746 0.00477987 -0.0568768 0.0446204 0.0354637 0.0231577 -0.00704582 -0.0494381 -0.119948 0.0420963 0.0386214 0.0337811 0.0107832 0.02299 0.0247347 -0.0132009 0.00600384 0.0526013 0.0345645 -0.0206514 0.0426408 0.0358673 0.0236176
internal_weight=109197 14076.3 95120.3 9774.58 8636.56 6988.79 4715.04 3617.51 84836.6 84793.8 10283.7 1647.77 1069 7434.4 82441.8 7618.39 1078.36 6540.03 2273.75 7123.36 1097.53 6039.45 305.716 578.765 176.663 5733.73 2352.02 2072.75 706.292 238.788 186.999 279.272 74823.4 1868.46 72954.9 830.215 1366.45 1083.91 293.041 2849.34 295.829 71.8196 1138.02 402.103 329.666 118.68 61.5793 42.8062 2086.75 790.865 2553.51 228.165 196.995 224.01 61.1849 218.751 311.047 163.971 49.8535 4301.77 1471.7 657.643
internal_count=354287 52123 302164 49162 48441 35242 31368 18323 286540 286177 15624 13199 12109 13053 282183 45622 10370 35252 3874 12800 13045 11419 751 1090 681 10668 3994 3392 1559 1530 2463 602 236561 9654 226907 10579 1833 1381 624 2571 406 193 721 409 332 190 153 363 1411 757 2165 309 220 213 104 314 253 177 130 2961 1182 695
is_linear=0
shrinkage=0.05


end of trees

feature_importances:
r100_max_mag_30d=368
r100_mag_range_30d=366
r100_n_30d=251
trigger_depth=248
r100_n_m4_30d=246
r100_n_7d=182
trigger_mag=175
median_mag_7d=150
moment_accel=123
n_events_30d=116
b_value_14d=113
active_ratio_7d_30d=104
r100_hours_since_m4=93
mag_range_7d=84
rumble_ratio=80
moment_7d_log=67
depth_to_peak=64
n_events_7d=62
depth_trend_7d=58
hours_since_last=52
n_events_72h=47
max_mag_7d=47
max_mag_72h=46
n_events_24h=43
energy_ratio_24h_48h=43
hours_since_m4=35
consec_up=32
mag_trend_72h=29
double_tap_count=29
n_m4_events_7d=20
rate_accel_6h_24h=18

parameters:
[boosting: gbdt]
[objective: binary]
[metric: auc]
[tree_learner: serial]
[device_type: cpu]
[data_sample_strategy: bagging]
[data: ]
[valid: ]
[num_iterations: 500]
[learning_rate: 0.05]
[num_leaves: 63]
[num_threads: 0]
[seed: 0]
[deterministic: 0]
[force_col_wise: 0]
[force_row_wise: 0]
[histogram_pool_size: -1]
[max_depth: 7]
[min_data_in_leaf: 50]
[min_sum_hessian_in_leaf: 0.001]
[bagging_fraction: 0.8]
[pos_bagging_fraction: 1]
[neg_bagging_fraction: 1]
[bagging_freq: 5]
[bagging_seed: 3]
[bagging_by_query: 0]
[feature_fraction: 0.7]
[feature_fraction_bynode: 1]
[feature_fraction_seed: 2]
[extra_trees: 0]
[extra_seed: 6]
[early_stopping_round: 0]
[early_stopping_min_delta: 0]
[first_metric_only: 0]
[max_delta_step: 0]
[lambda_l1: 0.1]
[lambda_l2: 1]
[linear_lambda: 0]
[min_gain_to_split: 0]
[drop_rate: 0.1]
[max_drop: 50]
[skip_drop: 0.5]
[xgboost_dart_mode: 0]
[uniform_drop: 0]
[drop_seed: 4]
[top_rate: 0.2]
[other_rate: 0.1]
[min_data_per_group: 100]
[max_cat_threshold: 32]
[cat_l2: 10]
[cat_smooth: 10]
[max_cat_to_onehot: 4]
[top_k: 20]
[monotone_constraints: ]
[monotone_constraints_method: basic]
[monotone_penalty: 0]
[feature_contri: ]
[forcedsplits_filename: ]
[refit_decay_rate: 0.9]
[cegb_tradeoff: 1]
[cegb_penalty_split: 0]
[cegb_penalty_feature_lazy: ]
[cegb_penalty_feature_coupled: ]
[path_smooth: 0]
[interaction_constraints: ]
[verbosity: -1]
[saved_feature_importance_type: 0]
[use_quantized_grad: 0]
[num_grad_quant_bins: 4]
[quant_train_renew_leaf: 0]
[stochastic_rounding: 1]
[linear_tree: 0]
[max_bin: 255]
[max_bin_by_feature: ]
[min_data_in_bin: 3]
[bin_construct_sample_cnt: 200000]
[data_random_seed: 1]
[is_enable_sparse: 1]
[enable_bundle: 1]
[use_missing: 1]
[zero_as_missing: 0]
[feature_pre_filter: 1]
[pre_partition: 0]
[two_round: 0]
[header: 0]
[label_column: ]
[weight_column: ]
[group_column: ]
[ignore_column: ]
[categorical_feature: ]
[forcedbins_filename: ]
[precise_float_parser: 0]
[parser_config_file: ]
[objective_seed: 5]
[num_class: 1]
[is_unbalance: 0]
[scale_pos_weight: 29.4394]
[sigmoid: 1]
[boost_from_average: 1]
[reg_sqrt: 0]
[alpha: 0.9]
[fair_c: 1]
[poisson_max_delta_step: 0.7]
[tweedie_variance_power: 1.5]
[lambdarank_truncation_level: 30]
[lambdarank_norm: 1]
[label_gain: ]
[lambdarank_position_bias_regularization: 0]
[eval_at: ]
[multi_error_top_k: 1]
[auc_mu_weights: ]
[num_machines: 1]
[local_listen_port: 12400]
[time_out: 120]
[machine_list_filename: ]
[machines: ]
[gpu_platform_id: -1]
[gpu_device_id: -1]
[gpu_use_dp: 0]
[num_gpu: 1]

end of parameters

pandas_categorical:null
