tree
version=v4
num_class=1
num_tree_per_iteration=1
label_index=0
max_feature_idx=24
objective=binary sigmoid:1
feature_names=trigger_mag trigger_depth n_events_24h n_events_72h n_events_7d n_events_30d n_m4_events_7d max_mag_72h max_mag_7d mag_range_7d median_mag_7d consec_up rumble_ratio mag_trend_72h double_tap_count depth_to_peak active_ratio_7d_30d rate_accel_6h_24h hours_since_last hours_since_m4 b_value_14d energy_ratio_24h_48h moment_7d_log moment_accel depth_trend_7d
feature_infos=[2.5:8.1999998092651367] [-3.6500000953674316:750] [0:1149] [0:1532] [0:1892] [0:6444] [0:231] [0:8.3000001907348633] [0:8.3000001907348633] [0:5.6999998092651367] [0:8.1999998092651367] [0:12] [0:2.5698325634002686] [-2.0999999046325684:1.8499999046325684] [0:36] [0:1554] [0:1] [0:404] [0:999] [0:999] [0:9.3670949935913086] [0:143919371255808] [0:21.56031608581543] [0:1.8118396476502154e+21] [-199.09500122070312:283.5]
tree_sizes=6686 6733 6739 6779 6810 6788 6801 6853 6839 6859 6840 6853 6876 6874 6890 6878 6866 6877 6870 6897 6866 6864 6873 6855 6885 6890 6873 6871 6885 6866 6893 6872 6869 6888 6880 6882 6880 6885 6846 6885 6884 6893 6899 6876 6880 6849 6871 6860 6900 6911 6887 6881 6906 6877 6897

Tree=0
num_leaves=63
num_cat=0
split_feature=22 0 22 22 0 19 2 10 0 2 6 19 4 19 19 6 19 8 1 0 19 22 1 19 1 6 23 8 23 1 5 9 5 18 16 4 16 5 23 0 0 4 16 5 0 10 17 19 0 23 4 9 23 0 1 19 0 19 18 19 1 2
split_gain=1.1159e+06 49897.8 35525.7 23642.8 11295 7877.38 6604.83 5592.32 5472.33 5247.8 4980.23 4601.28 4591.63 4226.41 4199.15 3456.07 3184.61 3115.18 2810.72 2548.71 2275.79 2149.71 1934.32 1908.78 1754.19 1707.41 1655.19 1528.1 1562.16 1347.85 1187.42 1318.06 1015.7 973.768 949.468 1004.32 888.43 846.876 844.266 835.631 748.927 739.429 734.077 726.699 713.592 705.338 692.786 681.625 679.924 665.964 542.365 922.562 454.42 440.709 413.905 374.04 335.583 322.752 298.216 296.895 290.315 280.216
threshold=16.319012641906742 4.5950000286102304 17.20800876617432 15.780285358428957 5.2049999237060556 53.031343460083015 362.50000000000006 2.7474999427795415 4.1949999332427987 9.5000000000000018 2.5000000000000004 5.1176152229309091 133.50000000000003 7.6898515224456796 321.41220092773443 5.5000000000000009 7.3109166622161874 4.2900002002716073 46.004999160766609 4.3949999809265146 709.12850952148449 16.562634468078617 54.003999710083015 284.60154724121099 35.001499176025398 4.5000000000000009 43.91089057922364 4.3900001049041757 0.35637168586254125 39.004999160766609 1232.5000000000002 2.505000233650208 104.50000000000001 6.2027976512908944 0.96779951453208934 95.500000000000014 0.99965035915374767 434.50000000000006 0.22953422367572787 5.7099997997283944 4.305000066757203 18.500000000000004 0.071526959538459792 190.50000000000003 4.805000066757203 2.6875000000000004 3.9018073081970219 541.80725097656261 6.2500000000000009 1979.334655761719 170.50000000000003 2.6999999284744267 12.796310901641847 4.4949998855590829 47.002500534057624 29.670197486877445 2.8950001001358037 640.58712768554699 1.4242204427719118 678.70220947265636 232.02500152587893 16.500000000000004
decision_type=2 2 2 2 2 2 2 2 2 2 2 2 2 2 2 2 2 2 2 2 2 2 2 2 2 2 2 2 2 2 2 2 2 2 2 2 2 2 2 2 2 2 2 2 2 2 2 2 2 2 2 2 2 2 2 2 2 2 2 2 2 2
left_child=1 3 10 8 14 6 7 43 9 20 13 25 16 40 22 -13 36 -12 44 42 32 34 55 61 39 -9 38 52 -29 33 31 -23 -1 -10 35 -19 37 -5 -11 -6 41 58 -15 -4 57 -28 -22 -31 -26 50 51 -7 -18 -35 -21 -3 -51 -16 -2 -20 -24 -14
right_child=2 4 5 12 24 49 -8 11 29 26 17 15 23 19 18 -17 27 21 59 54 46 30 60 -25 48 -27 45 28 -30 47 -32 -33 -34 53 -36 -37 -38 -39 -40 -41 -42 -43 -44 -45 -46 -47 -48 -49 -50 56 -52 -53 -54 -55 -56 -57 -58 -59 -60 -61 -62 -63
leaf_value=-2.3324635058612264 -2.0471582909130985 -1.9898002476590528 -2.018045727437026 -2.1670753722460807 -1.9695402804674709 -1.9891930016470591 -2.3879277890440558 -1.8613137461774141 -2.1239715525291585 -2.1459261658898443 -2.3749380893617005 -2.0161758303873882 -2.0506470707631395 -1.9372127403677981 -2.1250972136199699 -1.8588852238211608 -2.3221373610865905 -2.1085297921995108 -2.2460222425396195 -2.0103989338454289 -2.3668506689061601 -1.9085644797977186 -2.1730511763385025 -2.3861213753177144 -2.152593959580146 -1.8001430613480505 -1.819909256232235 -2.1025307060465646 -2.2377870002934204 -2.2781007856497966 -1.7952139598997161 -2.0437050974608568 -2.2435818444716236 -2.2811391806544079 -1.9244875058970461 -1.8905781808291078 -2.0216495575329327 -1.8810481122497578 -2.3416461650512663 -1.8462720647487085 -1.9175239561446453 -1.9007541574346107 -2.2853185525650668 -1.7698921811118788 -2.1271092237194669 -2.0938367247123169 -2.1944593628236007 -2.3378637167653964 -1.9183432665453077 -2.3304832160084858 -1.8091857403360119 -2.3437879908303971 -2.1527282759447934 -2.2266648296763401 -2.1793013823715399 -2.0701707417997892 -2.1286783324997773 -2.2137641297051611 -2.189388676998782 -2.3303306217375619 -2.3079231943156322 -1.8252938842324271
leaf_weight=4844.6076738387346 177.22906699031591 275.70105000585318 33.903909616172314 340.87635889649391 343.52132058143616 86.875227309763432 48.473943963646889 1419.8441069051623 127.64774626493454 124.40634095668793 39.561998464167118 417.04450695216656 20.493551895022392 15.098611287772654 120.37756790965796 2477.1820836365223 408.00846552848816 300.81504362076521 139.99181771278381 191.27280485630035 12275.241002202034 2058.9276877343655 199.85934539884329 18.842031374573708 136.66885241121054 8429.5178586021066 38.074839897453785 314.30592284351587 671.10375184565783 771.03197382390499 218.06716161221266 208.3174220174551 343.2832890599966 1375.7729360237718 175.71596724539995 65.352743171155453 254.74055690318346 27.540013022720814 98.067095048725605 262.43886643648148 329.59815621376038 83.643575377762318 267.92699392139912 7715.135464400053 509.33397814631462 69.078315980732441 57.579929053783417 1248.3206853494048 40.763386562466621 26.247311554849148 27.563256233930588 23.081031814217567 42.873133406043053 510.73729626089334 48.429117016494274 372.92889495939016 96.286489620804787 779.15613407641649 50.925283566117287 403.55923769623041 50.452946424484253 126.32059220969677
leaf_count=55206 1101 1429 188 2863 1656 445 602 4088 970 995 482 2364 124 57 917 7030 4573 2207 1375 1061 147506 7690 1699 234 1110 14998 72 2272 6498 8028 359 1282 3359 14401 700 215 1467 81 1134 677 1278 293 2824 9510 3911 485 510 14347 152 298 44 268 346 4842 415 2478 739 7206 446 4583 552 273
internal_value=-2.07851 -2.29691 -1.83647 -2.32295 -2.12424 -1.80959 -1.80612 -1.80474 -2.33874 -2.35062 -1.96874 -1.82534 -2.1677 -2.05731 -2.17054 -1.88143 -2.18823 -1.93522 -2.21183 -2.16337 -2.35435 -1.92946 -2.08112 -1.91502 -1.95613 -1.80891 -2.15328 -2.22931 -2.19445 -2.28615 -1.90961 -1.92085 -2.32656 -2.25721 -2.02113 -2.06851 -2.09386 -2.14451 -2.23187 -1.91543 -1.97129 -2.02928 -2.2654 -1.77094 -2.17459 -1.9926 -2.36603 -2.31503 -2.09672 -2.08449 -2.00874 -2.06309 -2.30565 -2.26634 -2.04372 -2.03552 -2.17148 -2.20167 -2.07811 -2.30849 -2.2 -1.85458
internal_weight=52775.7 27743.7 25032 24109 3634.75 20801.2 20541.1 20492.6 21883.8 17850.3 4230.88 12743.6 2225.1 1164.12 2851.36 2894.23 2059.45 3066.76 1952.42 522.728 17520.7 3027.2 898.942 165.656 783.392 9849.36 329.627 1436.29 985.41 4033.51 2485.31 2267.25 5187.89 2014.16 541.884 366.168 623.157 368.416 222.473 605.96 641.396 311.798 283.026 7749.04 1408.87 107.153 12332.8 2019.35 177.432 260.053 137.52 109.956 450.882 1886.51 239.702 648.63 122.534 899.534 228.154 543.551 250.312 146.814
internal_count=359315 298331 60984 270586 27745 40574 38780 38178 251855 209267 20410 28480 18731 7475 24150 9394 18100 12935 17992 4357 206581 12453 6158 631 3595 19086 2686 13689 8770 42588 9331 8972 58565 20213 3122 2422 4411 2944 2129 2333 3118 1840 2881 9698 12034 557 148016 22375 1262 1794 757 713 4919 19243 1476 3907 1037 8123 1547 5958 2251 397
is_linear=0
shrinkage=1


Tree=1
num_leaves=63
num_cat=0
split_feature=8 0 6 2 0 7 19 19 0 2 3 20 0 0 9 20 4 5 5 19 0 12 3 0 19 20 10 19 12 24 4 3 4 5 8 7 18 0 19 21 21 12 5 2 20 7 18 0 0 0 20 3 7 2 12 20 8 20 20 5 21 0
split_gain=520915 29467.7 18922.5 13133.4 7036.87 5923.42 5748.64 4254.71 4182.12 2760.18 1824.75 2515.4 1674.68 1606.27 1433.22 2089.35 1373.73 1512.41 1170.33 1118.71 1043.08 957.334 1274.12 919.563 852.79 843.233 1763.47 766.504 706.427 651.67 693.996 630.575 619.896 596.389 573.168 545.808 536.183 533.989 514.581 495.177 481.215 465.634 461.963 427.749 377.501 358.736 354.991 339.86 338.188 335.447 331.034 453.104 315.88 315.235 404.78 304.926 294.118 294.078 271.302 305.649 256.783 294.327
threshold=4.4749999046325692 4.4049999713897714 2.5000000000000004 6.5000000000000009 5.0050001144409189 4.8949999809265146 2.5118931531906132 659.88781738281261 4.305000066757203 362.50000000000006 48.500000000000007 0.28102600574493414 3.8850001096725468 4.0950000286102304 1.300000071525574 1.3180825710296633 133.50000000000003 64.500000000000014 102.50000000000001 678.70220947265636 3.8850001096725468 2.37049412727356 317.50000000000006 5.6199998855590829 640.58712768554699 1.1002740859985354 4.2550001144409189 4.8409395217895517 1.5638694763183596 -0.0094575351104140264 612.50000000000011 32.500000000000007 231.50000000000003 325.50000000000006 4.055000066757203 4.5850000381469735 3.3964555263519292 5.1099998950958261 41.336420059204109 17740919808.000004 223414280.00000003 1.4244499206542971 2.5000000000000004 69.500000000000014 0.38667273521423345 4.0850000381469735 0.2055783346295357 4.6949999332427987 4.1949999332427987 4.6949999332427987 1.0434039235115053 64.500000000000014 4.2650001049041757 2.5000000000000004 1.919459402561188 0.82003796100616466 5.1949999332427987 0.79613265395164501 1.169720530509949 15.500000000000002 141021104.00000003 4.5950000286102304
decision_type=2 2 2 2 2 2 2 2 2 2 2 2 2 2 2 2 2 2 2 2 2 2 2 2 2 2 2 2 2 2 2 2 2 2 2 2 2 2 2 2 2 2 2 2 2 2 2 2 2 2 2 2 2 2 2 2 2 2 2 2 2 2
left_child=1 3 6 7 19 10 20 13 36 21 11 49 46 18 15 40 17 34 45 42 53 25 32 -6 -17 26 -7 -15 -19 35 57 44 -23 -26 -16 -12 58 38 -10 -22 -5 -20 60 -32 -13 -1 -9 -21 -38 52 51 -18 -4 56 -55 -33 -2 -31 59 -8 61 -3
right_child=2 4 5 14 23 9 8 12 37 -11 29 31 -14 27 16 24 50 28 41 47 39 22 -24 -25 33 -27 -28 -29 -30 30 43 55 -34 -35 -36 -37 48 -39 -40 -41 -42 -43 -44 -45 -46 -47 -48 -49 -50 -51 -52 -53 -54 54 -56 -57 -58 -59 -60 -61 -62 -63
leaf_value=-0.0043300786420273074 0.098577167217034828 0.050799265861920739 0.19701829752032862 0.020304561081057312 0.20313353913972759 0.30657098291205354 0.18251385291106553 0.025713529681312009 0.24611529767906504 -0.053332978529410761 0.019287702693493322 0.18879881668064635 0.0068650190961897922 0.17066621634771331 -0.0020560562575070124 -0.05250730210967916 -0.024116353939551565 0.012296399798414471 0.051089600782873758 0.060372716702422169 0.27380600825221524 0.048405488135195067 -0.056224636843829223 0.29112719808771009 0.21935450850352797 0.34294241136178227 0.33848371546514805 0.054762914892318618 0.20829184139780269 0.27617620987871361 -0.032914472495923323 0.18256079287847829 0.33319232240823393 0.44939268852453929 0.28245910510579419 0.26202687655259782 0.054120136024175869 0.30397544119636682 0.1697467152847516 0.33622939022675497 0.24364487066196816 0.1609592072829388 0.1719650147171474 0.28381287016518475 0.11108321794382625 0.030924215768054583 -0.035274444117302427 0.099882174315632774 0.12715800047149728 0.31779790063329538 0.34105913268082683 0.31981950769839118 0.27500165152615841 0.26209046204942865 0.095966026366201412 0.28587712133341536 0.22522831643520091 0.33785662037692343 0.24672486125746187 0.085743276016190278 0.2301922008592038 0.12365213039246964
leaf_weight=3829.9832217395306 95.995084002614021 194.15018030256033 165.9424874484539 340.67476782202721 794.78089712560177 7554.2842510417104 141.91392560303211 243.30331513285637 517.3470621779561 46.36932136118412 33.298639930784702 291.11879516392946 3276.6318636313081 156.49448627978563 19.458215452730656 18.787493884563446 16.672898672521114 159.89873650670052 290.57073985785246 1195.7480903640389 903.75061812251806 23.837771512567997 35.284190014004707 492.12581690400839 81.486949443817139 11760.146068699658 10743.784686788917 1554.5402167141438 63.641606688499451 278.97979051619768 22.657102942466736 154.08096263557673 104.64686341583729 46.100446209311485 189.72694916278124 76.681958995759487 620.48791556060314 202.21073923259974 408.24172817915678 546.67633256316185 24.988670654594898 144.68412752449512 552.01397648453712 18.788117237389088 352.98848716169596 888.02753461897373 10633.177012689412 1012.4568518772721 213.79046228528023 432.53158786892891 185.44532327353954 21.010799214243889 935.70657797157764 329.09592535346746 43.088106274604797 151.02645250409842 92.310750797390938 1068.5656524375081 55.330271176993847 199.4643551632762 42.385312162339687 505.17545164376497
leaf_count=43909 704 1890 826 3471 4283 13881 851 2713 2189 602 249 1447 36874 1057 203 209 153 1647 2807 11447 2928 163 298 1268 422 9454 12827 15485 365 738 198 708 125 72 834 227 5696 581 2557 798 116 1063 3664 38 2354 9331 131827 8564 1641 967 250 32 2865 1174 264 421 350 1477 247 1583 195 3736
internal_value=0.193154 0.0245529 0.310908 0.000270396 0.137022 0.323415 0.212824 -0.00880121 0.159745 0.330975 0.26588 0.239309 -0.0244679 0.0234992 0.163395 0.100384 0.212354 0.159728 0.00955606 0.100228 0.274971 0.331567 0.208552 0.236987 0.259349 0.33223 0.325326 0.0654601 0.0687974 0.309708 0.319086 0.174973 0.281176 0.30536 0.256086 0.189414 0.095892 0.229289 0.212657 0.297553 0.0362037 0.0879083 0.137175 0.113852 0.146454 0.0023096 -0.0339075 0.078527 0.0729725 0.278972 0.313222 0.170828 0.263449 0.216101 0.24318 0.234485 0.161552 0.325305 0.143774 0.126402 0.11108 0.103535
internal_weight=65594.6 26974.1 38620.4 22185.3 4788.84 34250.7 4369.7 21017.4 2358.79 30268.4 3982.37 2483.4 14153.1 6864.3 1167.89 512.038 655.855 432.726 5153.27 3501.93 2010.92 30222 163.769 1286.91 146.375 30058.2 18298.1 1711.03 223.54 1498.97 1388.99 949.215 128.485 127.587 209.185 109.981 1230.99 1127.8 925.589 1450.43 365.663 435.255 1293.72 41.4452 644.107 4718.01 10876.5 2208.2 834.278 1534.18 223.129 37.6837 1101.65 560.49 372.184 305.107 188.306 1347.55 396.709 341.378 741.711 699.326
internal_count=359315 287887 71428 252840 35047 49865 21563 245066 15345 37350 12515 9588 171414 73652 7774 4290 3484 3049 57110 29496 6218 36748 586 5551 703 36162 26708 16542 2012 2927 2451 4930 288 494 1037 476 10018 5327 4746 3726 3587 3870 9485 236 3801 53240 134540 20011 7337 4658 435 185 3691 2492 1438 1129 1054 2215 2681 2434 5821 5626
is_linear=0
shrinkage=0.05


Tree=2
num_leaves=63
num_cat=0
split_feature=8 0 2 6 0 0 17 0 7 8 23 2 0 11 23 8 11 18 11 23 5 15 17 10 10 0 2 2 0 4 3 5 0 5 5 5 11 0 4 18 10 2 0 7 3 15 16 14 23 0 6 23 7 16 4 2 0 18 23 2 8 5
split_gain=321716 23324.1 10435.5 10148.3 4414.79 3491.17 3262.91 2390.92 2150.49 1766.88 3185.79 1460.73 1383.56 1071.19 1097.58 968.448 949.214 938.53 871.401 748.17 726.26 697.28 635.714 611.869 593.115 556.338 528.67 580.559 734.946 479.335 479.116 454.626 439.174 422.801 415.748 414.187 404.094 399.437 376.847 376.109 591.119 498.51 350.941 346.565 333.957 292.88 284.87 252.471 297.575 250.362 244.072 242.801 237.256 296.764 236.967 235.62 228.409 212.87 209.165 188.943 176.175 174.645
threshold=4.4749999046325692 4.4049999713897714 6.5000000000000009 3.5000000000000004 5.0050001144409189 4.0450000762939462 0.51747024059295665 4.3949999809265146 5.0699999332427987 3.7949999570846562 0.080826193094253554 343.00000000000006 4.2950000762939462 6.5000000000000009 183.75904846191409 4.2249999046325692 8.5000000000000018 2.7052166461944585 5.5000000000000009 2507710473961472.5 2.5000000000000004 11.500000000000002 1.4902593493461611 2.7975000143051152 3.0900000333786015 5.9500000476837167 128.50000000000003 37.500000000000007 4.3949999809265146 504.50000000000006 33.500000000000007 2025.0000000000002 4.805000066757203 1.5000000000000002 2.5000000000000004 44.500000000000007 5.5000000000000009 4.0950000286102304 47.500000000000007 0.63903889060020458 4.2550001144409189 21.500000000000004 4.6949999332427987 3.8249999284744267 1.5000000000000002 7.5000000000000009 0.85608786344528209 1.5000000000000002 4.6653428077697763 3.6950000524520878 1.5000000000000002 0.080826193094253554 4.0850000381469735 0.11120926588773729 77.500000000000014 1.5000000000000002 4.2950000762939462 33.174798965454109 0.05624093301594258 1.5000000000000002 5.9500000476837167 179.50000000000003
decision_type=2 2 2 2 2 2 2 2 2 2 2 2 2 2 2 2 2 2 2 2 2 2 2 2 2 2 2 2 2 2 2 2 2 2 2 2 2 2 2 2 2 2 2 2 2 2 2 2 2 2 2 2 2 2 2 2 2 2 2 2 2 2
left_child=1 2 5 6 20 9 7 21 26 33 35 39 18 14 15 23 30 46 22 -12 42 37 49 -4 -24 59 27 28 29 -5 -15 -13 51 -1 -19 -11 -17 -2 45 -10 41 -41 44 -23 -3 -16 56 48 -20 -8 -39 -9 53 -22 -35 60 -7 -53 -36 -6 -14 -45
right_child=3 4 13 8 25 17 12 32 11 10 19 31 55 16 38 36 -18 34 47 -21 52 43 24 -25 -26 -27 -28 -29 -30 -31 -32 -33 -34 54 58 -37 -38 50 -40 40 -42 -43 -44 61 -46 -47 -48 -49 -50 -51 -52 57 -54 -55 -56 -57 -58 -59 -60 -61 -62 -63
leaf_value=-0.036094553162505406 0.045892403606215416 0.058921554797321599 0.10774991088807723 0.19961251852694753 0.16682646038184007 0.01530394317978818 0.096299217361533476 0.227740782988333 0.25551073055121754 0.071340270431253502 -0.010234542676595518 -0.053960661416872849 0.20325427962776785 0.026829604898999548 0.15579526291304235 0.11146909205933751 -0.053949128339055942 0.017041524049328214 0.23327348412760462 0.15778465450531742 0.14762059152756482 -0.025315164571084681 0.12687907908656557 -0.0011074444814245198 0.2062942470367557 0.2416387198506231 0.026195244187390377 0.25019818609805328 0.23868032221567162 -0.03325527841940077 0.26006769945627461 0.24291295781394423 0.22045876678380788 -0.018509417854026853 0.07786886415001458 0.17037075598634477 0.24767953485909555 0.068881882398098934 -0.023323854770533434 0.18773049339443035 0.25117046291418255 0.23903066225969588 0.095377836089592535 0.26073876854063188 0.26983920380030291 0.27698535510332989 0.19581403080620532 0.25961825936148092 -0.0079928242220266218 0.16241688765541207 0.1518014805322784 0.17716502670532963 0.18588217441671398 0.072115630745613807 0.29476269601135224 0.24711629860146253 0.152971122620531 0.12255180310266092 0.032091182290716634 0.28409271746451975 0.25256662104159922 0.14124311956364372
leaf_weight=6543.9232110306621 655.22683764249086 1633.4205070063472 218.78759415447712 3062.6279351189733 1116.458449319005 64.755830816924572 381.27591586112976 118.35638383030891 26539.542289219797 166.99593198299408 2724.5666387826204 51.36248417943716 861.70759762078524 24.247209765017033 96.061683237552643 140.26103398948908 29.543470613658428 3127.9614108353853 31.046381615102291 66.905461549758911 322.49457996338606 17.323187574744225 330.50882466137409 312.54077973216772 879.16310606151819 377.01651339232922 35.264572650194168 1393.8896517306566 1796.3907868117094 21.95490474998951 274.73063795268536 16.113244295120239 488.84747797250748 6711.248418815434 479.80041611939669 298.12329516559839 91.842793092131615 176.84206869453192 16.429495371878147 805.61410337686539 5476.0583173036575 1264.5998161956668 1425.5018687397242 76.910586066544056 18.086238741874695 117.66466952115297 97.280160129070282 360.32814198732376 21.086185246706009 237.44811820983887 184.14291644096375 360.61281244456768 166.92345950752497 224.08830960839987 5.0434659123420706 1399.6496166288853 55.903457723557949 383.62379721552134 524.93393678218126 36.832953408360481 261.03376410156488 58.707475379109383
leaf_count=83340 5456 14428 1518 8235 4859 594 2332 381 21301 1671 31194 654 2400 201 506 901 325 33508 97 471 1906 160 1596 3223 2496 624 187 1625 3087 177 433 10 1393 81849 4364 2009 252 1414 159 1991 5534 1654 10618 238 53 256 490 476 172 996 965 1402 791 1700 23 2204 336 2206 5217 68 304 285
internal_value=0.158927 0.0227318 0.000185438 0.237396 0.116739 -0.00844784 0.183002 0.136884 0.247183 -0.0189443 0.0140506 0.25216 0.207372 0.136355 0.110267 0.0812124 0.21467 0.0313951 0.178558 -0.00615064 0.0877579 0.0844074 0.163546 0.0438261 0.184723 0.188416 0.220204 0.221289 0.212983 0.197943 0.241321 0.019372 0.182182 -0.0270484 0.0260419 0.135055 0.16622 0.0692883 0.205851 0.25262 0.242422 0.21917 0.0771666 0.183731 0.0613963 0.223518 0.132299 0.244537 0.13728 0.121902 0.111497 0.160253 0.133254 0.116862 -0.0182296 0.232886 0.0798616 0.149223 0.0540125 0.170819 0.214938 0.21046
internal_weight=75257.6 27510.4 22189.6 47747.3 5320.82 20867.4 7283.84 2520.59 40463.4 16516.8 3256.59 34153.3 4763.25 1322.11 993.588 763.432 328.521 4350.64 2240.86 2791.47 3790.51 1169.15 1828.4 531.328 1209.67 1530.31 6310.13 6274.86 4880.97 3084.58 298.978 67.4757 1351.44 13260.2 4132.7 465.119 232.104 1016.21 230.156 34085.8 7546.27 2070.21 3077.01 152.941 1651.51 213.726 217.939 412.461 52.1326 618.724 360.985 862.593 713.506 546.583 6716.29 2522.39 120.659 744.237 1004.73 1153.29 1122.74 135.618
internal_count=359315 287887 252840 71428 35047 245066 26973 13900 44455 200557 35345 31144 13073 7774 6815 5894 959 44509 8165 31665 29496 8518 7420 4741 4092 5551 13311 13124 11499 8412 634 664 5382 165212 43089 3680 1153 7835 921 30480 9179 3645 25099 683 14481 762 1420 745 269 3328 2379 3989 4397 3606 81872 4908 930 3608 9581 4927 2704 523
is_linear=0
shrinkage=0.05


Tree=3
num_leaves=63
num_cat=0
split_feature=22 0 22 2 1 0 22 1 7 23 0 1 0 3 23 2 22 10 3 3 6 8 3 0 14 0 17 17 1 0 23 9 2 8 22 23 3 0 10 10 22 12 22 6 1 10 10 0 21 12 10 23 0 12 10 9 1 10 1 6 10 0
split_gain=225081 21247.7 7946.65 5163.28 4188.87 2327.38 2259.95 1723.92 1690.33 1632.17 1568.07 1136.38 1014.56 1117.68 1013.74 921.44 896.744 807.633 890.322 751.429 740.103 678.062 639.692 631.993 668.625 617.755 576.378 566.423 509.569 509.085 500.806 497.613 496.521 481.978 462.425 616.224 433.717 432.058 423.81 421.129 419.053 406.986 371.542 367.793 321.487 352.252 300.877 289.904 285.723 273.427 268.665 253.501 253.433 243.887 240.885 231.94 226.1 218.56 178.304 173.559 175.892 163.49
threshold=15.999980926513674 4.305000066757203 16.769082069396976 9.5000000000000018 43.004999160766609 5.0050001144409189 15.099993705749513 67.005001068115249 4.5350000858306894 0.091604102402925505 3.8850001096725468 1.9959999918937685 4.1949999332427987 38.500000000000007 264.58412170410162 343.00000000000006 15.324227333068849 2.8125000000000004 26.500000000000004 11.500000000000002 3.5000000000000004 4.2900002002716073 19.500000000000004 3.9850000143051152 4.5000000000000009 5.6199998855590829 0.26818889379501348 1.2845683693885805 43.004999160766609 4.6949999332427987 0.11691549420356752 1.4999998807907107 62.500000000000007 5.8500001430511483 13.794303894042971 0.0079432837665081042 42.500000000000007 3.8850001096725468 2.682500004768372 2.7525000572204594 18.700008392333988 1.7966102957725527 17.319483757019047 20.500000000000004 80.005001068115249 3.5924998521804814 3.6999999284744267 5.1099998950958261 0.061193911358714111 1.1304348111152651 2.7925000190734868 1.1053053140640261 5.4200000762939462 2.0256592035293584 3.2925000190734868 1.485000014305115 9.3530001640319842 2.6525000333786015 43.004999160766609 1.5000000000000002 4.0025000572204599 4.1949999332427987
decision_type=2 2 2 2 2 2 2 2 2 2 2 2 2 2 2 2 2 2 2 2 2 2 2 2 2 2 2 2 2 2 2 2 2 2 2 2 2 2 2 2 2 2 2 2 2 2 2 2 2 2 2 2 2 2 2 2 2 2 2 2 2 2
left_child=1 3 7 6 5 16 10 12 17 19 34 -5 13 21 22 20 29 18 -4 39 28 55 -11 24 54 44 -16 -23 41 56 -13 -15 -33 -20 -1 -36 49 -30 -38 -8 -26 -10 48 -17 -6 -46 -9 59 -22 -32 -35 -25 -7 -44 -19 -2 -3 -21 -53 -14 -61 -12
right_child=2 4 8 11 25 52 9 46 15 14 61 30 47 31 26 43 -18 23 33 57 42 27 -24 51 40 -27 -28 -29 37 -31 36 32 -34 50 35 -37 38 -39 -40 -41 -42 -43 53 -45 45 -47 -48 -49 -50 -51 -52 58 -54 -55 -56 -57 -58 -59 -60 60 -62 -63
leaf_value=-0.033986923567947219 -0.043872867814316888 -0.034485989226518042 -0.055924191937371442 0.23229620883674792 0.057902276460123185 0.15018381998195535 0.24326270999250729 -0.048641647746206572 0.19469116955472426 -0.0078028706105261296 -0.0012881958422677623 -0.0088530685769537248 0.14323081355304021 -0.035517437658885508 0.018352867584352305 0.20218946166648311 0.15897921963703707 -0.038403355953511104 0.21776809705393682 0.21434177323412171 0.14207813575233705 0.093446118464245484 0.13832398244824673 0.19743833897698904 0.18029633769348816 0.14245955768993809 0.11771285881345205 0.1501620978396537 0.004347469359440477 0.11252303559392821 -0.052466279641916795 0.18683218393123818 -0.038508657292645847 0.17174359176149445 0.07445406269042823 -0.017596597577930029 0.22325042695227745 0.14962376662262303 -0.022015068135286611 0.10742183222657807 -0.036854122341129419 0.14604868949101679 0.20798429308778471 -0.053652640430188615 0.0048947989223576431 0.066538254388321783 0.064838558573994981 0.21233627030799332 0.1937468010173593 0.1497658514008928 -0.058828692418856847 0.1489932903438061 0.19358110989858149 0.19546916824192978 0.063471551278639834 0.15512576656229513 0.073039434554246593 -0.032785558887198168 0.056396023608313854 0.1220201206434834 0.18078523524461465 0.019966540474744832
leaf_weight=8611.4574650898576 94.025777861475945 49.729423306882381 33.410207979381084 181.37645310163498 775.94408034533262 644.26841634511948 66.261075735092163 67.178735002875328 2902.428358592093 2594.3189469575882 1736.8643182292581 107.29562218487263 718.19021008163691 27.151431247591972 286.73055204749107 18.519814014434814 513.86735741794109 78.735331013798714 661.2716730684042 8.7225914224982244 306.73434370756149 1228.5108276754618 76.119001120328903 271.54621609300375 179.98581247776747 133.80064089596272 297.50336326658726 695.47099689394236 64.447168081998825 1188.6264422088861 17.119678698480129 857.36338719725609 24.803564265370369 23.513418555259705 190.81412110477686 3487.6237884312868 20.816050045192242 250.09728211909533 90.599089741706848 419.59647784382105 24.934349186718464 525.42787234485149 35348.300878107548 49.136514320969582 1109.9583959728479 292.04378513246775 413.96910198777914 379.24592768400908 3330.5478475689888 320.75790792703629 25.25303128361702 284.06037849932909 780.40243336558342 4737.2815354540944 213.32021310180426 16.311247922480106 1690.3387797251344 111.23387674987316 65.865614078938961 152.53938208520412 1240.9229935333133 1886.200025215745
leaf_count=112096 1068 504 298 237 6299 2401 276 627 4878 28800 20185 958 2667 287 2932 10 2172 627 600 42 769 7341 511 462 352 430 1958 2624 421 7261 189 1758 166 51 1890 43027 14 656 881 3274 195 1544 25357 654 10577 2134 2581 559 4878 1440 173 857 1418 5343 1229 101 13757 1088 348 649 3051 19383
internal_value=0.136332 0.0199612 0.194589 -0.00595126 0.0939883 0.120308 -0.0108004 0.139772 0.201151 0.0235136 -0.0191263 0.123813 0.147804 0.127815 0.00947265 0.202987 0.09801 0.154192 0.194719 0.0987991 0.20325 0.107108 -0.00358553 0.127099 0.084766 0.0385438 0.0690722 0.114017 0.18166 0.0872601 0.0880987 0.173968 0.180454 0.206581 -0.0276479 -0.0128013 0.111231 0.119982 0.0253425 0.12642 0.153799 0.187281 0.205094 0.018232 0.032095 0.0177773 0.0489159 0.171364 0.189431 0.13938 0.0534615 0.160753 0.174078 0.20651 0.0359527 -0.0132807 0.0699456 -0.013151 0.131789 0.163906 0.174448 0.00977829
internal_weight=83000.9 27690.4 55310.5 20511.4 7178.98 4867.23 19773.4 5915.68 49394.8 3860.49 15913 737.965 5434.54 2943.64 3254.67 47532.9 3442.56 1861.9 743.448 605.814 47465.3 2034.32 2670.44 1118.45 496.976 2311.75 584.234 1923.98 3742.4 2928.69 556.588 909.318 882.167 710.038 12289.9 3678.44 449.293 314.544 111.415 485.858 204.92 3427.86 43722.9 67.6563 2177.95 1402 481.148 2490.9 3637.28 337.878 48.7664 621.472 1424.67 40085.6 292.056 110.337 1740.07 119.956 349.926 2111.65 1393.46 3623.06
internal_count=359315 286134 73181 239181 46953 27513 235462 23479 49702 38881 196581 3719 20271 13345 34201 44510 23694 5192 1122 4680 43846 11134 29311 4070 2403 19440 4890 9965 7499 21522 3482 2211 1924 824 157013 44917 2524 1077 895 3550 547 6422 36347 664 19010 12711 3208 6926 5647 1629 224 1667 3819 30700 1856 1169 14261 1130 1205 6367 3700 39568
is_linear=0
shrinkage=0.05


Tree=4
num_leaves=63
num_cat=0
split_feature=22 0 22 19 1 3 0 1 7 19 5 15 0 20 5 20 0 20 8 8 0 23 8 19 20 3 19 6 3 23 23 5 22 12 23 5 23 0 1 23 0 7 14 23 20 1 8 1 19 1 20 19 1 21 23 0 0 6 1 0 13 1
split_gain=168400 17860.9 6425.81 3838.55 3196.2 1908.36 1797.92 1309.58 1207.71 1047.05 1037.24 936.57 916.555 887.22 828.704 798.641 783.319 982.086 874.317 800.381 771.052 754.949 1164.83 677.645 656.662 1682.38 944.443 620.788 525.443 523.148 515.471 450.444 437.335 395.526 388.67 596.258 387.347 361.52 351.794 349.458 341.745 338.496 329.038 305.159 295.755 277.605 260.342 249.7 232.859 226.487 224.999 207.737 203.688 197.828 181.984 176.524 176.512 154.531 146.484 195.697 137.533 134.648
threshold=15.932507514953615 4.305000066757203 16.769082069396976 859.49984741210949 45.00849914550782 27.500000000000004 4.805000066757203 70.001998901367202 4.5350000858306894 5.1176152229309091 486.50000000000006 7.5000000000000009 3.8850001096725468 1.3533977866172793 2.5000000000000004 0.82003796100616466 4.2049999237060556 1.0660008788108828 4.2249999046325692 4.9100000858306894 3.9850000143051152 0.099801037460565581 3.8950001001358037 649.87545776367199 1.0815762281417849 490.50000000000006 11.151716709136965 7.5000000000000009 31.500000000000004 0.046773338690400131 4.6653428077697763 270.50000000000006 18.429264068603519 1.3930578231811526 2.0514693260192876 325.50000000000006 2501058509144064.5 5.4200000762939462 11.002319335937502 783.26550292968761 5.0950000286102304 4.1849999427795419 1.5000000000000002 56149443346432.008 0.32614877820014959 9.9984998703002947 5.8500001430511483 43.004999160766609 709.12850952148449 67.005001068115249 0.20985237509012225 859.49984741210949 2.8810000419616704 8887602.5000000019 1.1053053140640261 3.6950000524520878 5.1099998950958261 6.5000000000000009 222.56999969482425 3.8850001096725468 -0.049999941140413277 80.005001068115249
decision_type=2 2 2 2 2 2 2 2 2 2 2 2 2 2 2 2 2 2 2 2 2 2 2 2 2 2 2 2 2 2 2 2 2 2 2 2 2 2 2 2 2 2 2 2 2 2 2 2 2 2 2 2 2 2 2 2 2 2 2 2 2 2
left_child=1 3 7 5 6 9 23 16 15 30 29 12 43 55 40 20 17 18 42 -20 41 22 -11 -3 25 26 32 -28 -17 -7 -1 39 -10 -31 35 -15 -23 48 -25 -19 51 -4 -2 60 50 -43 -30 -14 -8 -16 58 -6 -32 -45 -22 -13 -18 -48 59 -9 -5 -53
right_child=2 4 8 11 14 10 37 44 24 21 -12 13 47 34 49 28 56 31 19 -21 54 36 -24 38 -26 -27 27 -29 46 33 52 -33 -34 -35 -36 -37 -38 -39 -40 -41 -42 45 -44 53 -46 -47 57 -49 -50 -51 -52 61 -54 -55 -56 -57 -58 -59 -60 -61 -62 -63
leaf_value=0.017355517974439693 -0.033126054066161502 0.11120826365042145 -0.0030555338119019025 0.0076778637877871845 0.030178268940395415 -0.0051763582456395693 0.14999964426210999 -0.025069350104771671 0.16644327621812582 0.013150998332744994 -0.04203008994313974 -0.04016364401410679 0.015135242696736956 -0.043490779874847632 0.13987383883218402 -0.015824907167256711 0.14150988366020462 0.040398162025494816 0.1139685609440293 0.0098990922705511145 0.16709303614099463 -0.013600679812824326 0.094206442721889397 0.076105218661935231 0.18077444136293835 -0.058573215639062252 0.11746105255751778 0.16008992328120294 0.18413217372180113 0.22272240552893041 -0.053813614266703072 0.18820801873934892 0.17878439943576405 0.087856974400993396 0.21248290793991631 0.25798073281455947 0.074785148941427446 0.16372343065328923 0.030520055384525447 0.22466716478658977 0.068765100635212434 -0.013013831321449327 0.12165949043567006 -0.014913555422154223 -0.055939888585590972 0.11456561707811055 -0.055959644022641364 -0.016161602001174249 0.10610151590419117 0.066871811181208426 0.15471836475554612 0.015923472650077083 0.12005328155516698 0.059442705895098473 0.11401201590826862 0.19576731038670842 0.17740825679079486 0.12037129197712165 -0.0019166833052970218 0.083668964039870564 -0.035143815014665757 -0.024190843080886679
leaf_weight=224.91817995160818 162.05795888602734 1098.8461680263281 168.7003782466054 190.83657997846603 553.70193886011839 39.600594684481621 484.61406370252371 49.797539673745632 14562.01435547322 2998.6633447855711 73.444165013730526 138.04088746756315 1411.6409598141909 49.193698331713676 140.00655178725719 37.042362578213215 2155.8519372791052 105.71122820675373 2593.2827662155032 199.24786922335625 304.09898430109024 2700.4449205100536 519.27364372462034 1399.1674674600363 19095.530746117234 80.498154908418655 1264.3122107610106 2749.974703066051 813.4244698882103 215.50703486055136 17.050722599029541 520.11049059033394 14985.534465909004 75.284203685820103 89.029545940458775 23.423469603061676 128.91912918537855 878.38143995404243 610.05160094052553 33.323531210422516 256.36724918335676 53.559325605630875 42.491580538451672 260.91253468394279 64.626323200762272 203.27610774338245 14.871953278779982 1160.1710071787238 859.65390641242266 455.55958868563175 52.043376617133617 337.77040772140026 375.35865096747875 134.85231573879719 376.37322188168764 7.4166628196835509 431.79095023870468 60.819756932556629 118.20111636817455 230.95938205718994 9304.33102145046 545.85911554098129
leaf_count=2152 1777 5623 1339 2332 4693 345 1569 461 16032 32954 723 1588 15259 610 696 295 5716 557 10993 1276 461 30622 3696 10290 9663 795 3584 3599 662 278 167 727 10837 342 154 20 979 1436 5041 38 1348 318 271 3275 631 640 109 13531 3952 3091 177 3190 2108 1432 1209 49 567 159 846 1260 124892 5879
internal_value=0.12004 0.0178057 0.16616 -0.00686615 0.0830021 0.021869 0.104222 0.120124 0.171839 0.0157314 0.127407 -0.0234477 -0.0255752 0.0626764 0.0335648 0.133827 0.12645 0.111467 0.0992447 0.106551 0.104949 0.00967837 0.0251402 0.079616 0.173301 0.169054 0.169602 0.146698 0.168157 0.1651 0.0778433 0.166796 0.172708 0.188244 0.142933 0.0558677 -0.00954664 0.138576 0.0622889 0.085888 0.0157009 0.0519639 -0.000512301 -0.0324889 0.0434191 0.0879941 0.175836 0.00101417 0.12203 0.0842473 0.0577601 0.00619145 0.112368 0.0104958 0.137951 -0.0268452 0.147568 0.0853826 0.0447444 0.0643439 -0.0342819 -0.00885069
internal_weight=89287.8 27758.3 61529.5 20138.3 7619.98 7368.46 5330.71 6759.5 54770 6964.63 403.836 12769.8 12462.7 307.104 2289.26 2032.17 6243.87 3656.23 2997.08 2792.53 1106.01 6347.3 3517.94 3108.07 52737.9 33642.3 33561.8 4014.29 926.159 330.392 617.328 659.145 29547.5 290.791 161.647 72.6172 2829.36 2222.65 2009.22 139.035 1693.7 425.536 204.55 9890.93 515.628 256.835 889.116 2571.81 1344.27 595.566 451.001 1437.33 392.409 395.765 680.472 145.458 2587.64 75.6917 398.958 280.757 9495.17 883.63
internal_count=359315 284316 74999 237508 46808 74366 27911 25297 49702 72678 1688 163142 160721 2421 18897 5192 21922 15639 14317 12269 3967 68251 36650 20954 44510 34847 34052 7183 1225 965 4427 1322 26869 620 784 630 31601 6957 15331 595 15110 2297 2048 131931 3375 958 930 28790 5521 3787 2744 13762 2275 4707 1670 1637 6283 268 2567 1721 127224 9069
is_linear=0
shrinkage=0.05


Tree=5
num_leaves=63
num_cat=0
split_feature=7 0 2 6 19 0 0 19 0 7 0 9 1 1 9 1 1 7 18 2 4 5 17 5 1 1 16 18 0 5 11 0 23 24 19 4 1 1 0 19 15 1 0 7 1 15 2 1 6 23 18 11 9 7 5 19 23 16 5 1 16 6
split_gain=127796 13821.4 7579.26 5208.06 3109.84 2055.95 1977.52 1444.8 1311.68 1040.52 911.263 1011.83 784.452 759.093 645.736 1162.28 520.125 469.086 454.951 448.38 426.096 482.005 415.493 413.338 411.394 399.161 393.126 360.556 403.188 355.188 348.9 504.297 406.752 355.256 341.143 317.753 309.003 306.781 299.344 282.642 243.084 253.545 250.959 230.048 228.079 224.016 221.284 212.126 205.839 204.969 201.17 196.543 194.601 204.638 183.348 180.932 170.87 165.197 162.137 158.661 151.931 142.252
threshold=4.1849999427795419 4.4049999713897714 9.5000000000000018 2.5000000000000004 659.88781738281261 4.2950000762939462 4.805000066757203 7.3109166622161874 3.8850001096725468 4.9949998855590829 4.0950000286102304 1.0900000333786013 35.844999313354499 46.004999160766609 1.5050001144409182 3.8504999876022343 35.001499176025398 4.9100000858306894 0.2205111160874367 334.50000000000006 91.500000000000014 393.50000000000006 2.9880000352859502 2025.0000000000002 51.004999160766609 47.002500534057624 0.10675156861543657 0.72247153520584118 4.0050001144409189 2.5000000000000004 5.5000000000000009 4.0950000286102304 783.26550292968761 -0.0094575351104140264 678.70220947265636 58.500000000000007 6.3904998302459726 33.854999542236335 5.4200000762939462 550.74133300781261 8.5000000000000018 20.005000114440922 3.8850001096725468 2.9450000524520878 10.315000057220461 29.500000000000004 21.500000000000004 12.00500011444092 1.5000000000000002 0.069724176079034819 0.2205111160874367 5.5000000000000009 3.4000003337860112 3.7549999952316289 300.50000000000006 1.1807445883750918 0.58142751455307018 0.76750472187995922 50.500000000000007 42.004999160766609 0.24007504433393481 1.5000000000000002
decision_type=2 2 2 2 2 2 2 2 2 2 2 2 2 2 2 2 2 2 2 2 2 2 2 2 2 2 2 2 2 2 2 2 2 2 2 2 2 2 2 2 2 2 2 2 2 2 2 2 2 2 2 2 2 2 2 2 2 2 2 2 2 2
left_child=1 2 4 5 10 7 13 18 22 17 11 49 38 34 15 -4 55 30 59 27 21 -17 35 -21 61 50 -13 -11 46 -15 31 32 -5 36 58 -6 -32 -35 -8 -14 42 51 -9 -24 -36 -43 -29 -44 56 -1 -10 -42 53 54 -16 -7 -20 -50 -3 60 -2 -12
right_child=3 6 14 9 8 16 12 40 25 19 24 26 39 29 52 20 -18 -19 48 23 -22 -23 43 -25 -26 -27 -28 28 -30 -31 33 -33 -34 37 44 -37 -38 -39 -40 -41 41 45 47 -45 -46 -47 -48 -49 57 -51 -52 -53 -54 -55 -56 -57 -58 -59 -60 -61 -62 -63
leaf_value=0.005846203863541192 0.045255377268337359 0.090818784429754496 0.16221869657908583 0.091566712678716772 -0.032412672028262778 0.14903593225753217 0.11044957186348044 0.0023647333258074821 0.15486473461083919 0.15635908464371123 0.059892344360419819 0.1117334208757209 0.098538556404714109 0.007067579523738831 0.14704726793820599 0.010063292584107434 0.091215214549307908 -0.062411501626266574 0.13142468989599285 -0.054350610199279663 -0.048214120415425887 0.15209715347583999 0.21289081308382288 0.1563847076338058 0.025286849902679372 -0.015221167308242085 0.033371144995703476 0.11460909348135682 0.15170890925025268 0.069802035147883454 -0.0047426348844977189 0.14052240507338079 0.13713522733346831 0.15881029907665972 0.070543807074768344 0.14411549670538934 0.12364900396015849 0.051241945219717158 0.14699817726303463 0.037681538224344002 -0.0022739376970058139 0.1823117169456662 0.11748184471987307 0.029770511376323795 0.029090528428532287 -0.05329349013412589 0.14298220829925912 0.026456965751549141 0.065483029156124931 -0.017384599916241045 0.017678778746647927 0.094584143623061723 0.025004831476373779 0.15622868908681112 0.01480768213741044 0.12522841947509594 0.048909510561040155 0.12904015112515413 0.17636534395172532 0.037150497001531266 0.13861208888809054 0.10409643382433956
leaf_weight=1944.644217081368 47.545580610632896 875.2205967605114 231.82563944160938 1342.1789480149746 9733.3426405191422 1771.1878873407841 1417.7255961000919 634.47480018436909 26.122645370662212 39296.897999674082 730.69941670447588 181.31589242070913 368.40978787839413 856.76896672695875 50.648579195141792 172.68295538425446 738.34221785515547 29.655153408646584 71.478863470256329 49.713544763624668 140.49072742462158 90.515810333192348 20.314495429396629 42.103793382644653 982.49855499714613 1406.9551141560078 1334.638128131628 1350.1913740932941 8029.4636113196611 305.52498552203178 61.175991244614124 2982.0658221915364 785.12860932946205 2343.2259601056576 1132.495621137321 24.581441141664982 197.27404251694679 69.57476332783699 959.97262433171272 399.57132754474878 111.39714653044939 67.721629373729229 99.371385507285595 90.70051421970129 472.82406377792358 11.329087495803831 1493.5929118916392 179.46043512225151 169.11778654158115 1853.39582914114 1965.3718771338463 97.611702501773834 35.287057101726532 670.40561953932047 53.917839646339417 1574.4029720500112 501.58881034702063 274.83717284351587 59.725935772061348 46.175417639315128 800.96211106330156 246.51727022230625
leaf_count=21944 234 4068 303 4800 133708 2474 5239 5559 169 23903 5805 973 1567 7916 126 1367 2985 173 324 666 1523 254 127 19 8884 16476 11113 2401 6544 1844 314 4984 1528 2117 7447 104 414 237 1339 2572 880 265 571 946 3636 94 1529 1518 794 21568 20228 382 195 861 326 3934 2682 715 124 229 1996 1090
internal_value=0.107549 0.0198845 0.000563753 0.146277 -0.00722645 0.106122 0.0819054 0.0754668 -0.021631 0.151251 0.0190465 0.00829432 0.11106 0.0571114 0.111176 0.0732409 0.129465 0.134192 0.102463 0.153899 0.0218569 0.0593194 -0.030856 0.0428741 0.0481806 0.0051575 0.0428144 0.154102 0.145928 0.0236083 0.13495 0.127191 0.108444 0.149735 0.0724234 -0.0319527 0.0933379 0.155733 0.125263 0.0669721 0.0324545 0.0724356 0.0197734 0.0649255 0.0583632 0.14824 0.129558 0.0592186 0.0794243 -0.00549041 0.0195576 0.0431721 0.140797 0.146024 0.0796938 0.137875 0.0594214 0.105042 0.0964716 0.128529 0.133446 0.0711436
internal_weight=94104.4 28835.1 21986.9 65269.2 20541.1 7197.01 6848.24 3113.07 13267.4 58072.2 7273.71 5313.99 3145.68 3702.56 1445.77 635.515 4083.93 7810.28 1911.71 50262 403.689 263.199 9868.94 91.8173 1959.72 3398.45 1515.95 50170.1 10873.2 1162.29 7780.62 5109.37 2127.31 2671.25 2540.27 9757.92 258.45 2412.8 2377.7 767.981 1201.37 288.06 913.307 111.015 1605.32 79.0507 2843.78 278.832 1017.02 3798.04 1991.49 209.009 810.259 774.972 104.566 3345.59 573.068 443.955 934.947 894.683 848.508 977.217
internal_count=359107 283842 248090 75265 243135 25636 35752 16243 171758 49629 71377 55598 10717 25035 4955 3447 9393 14567 6974 35062 3144 1621 134885 685 15779 36873 12086 34377 10474 9760 14394 11312 6328 3082 15275 133812 728 2354 6578 4139 9269 1621 7648 1073 11083 359 3930 2089 4515 43512 20397 1262 1508 1313 452 6408 3006 1509 4192 2459 2230 6895
is_linear=0
shrinkage=0.05


Tree=6
num_leaves=63
num_cat=0
split_feature=8 0 7 3 19 1 1 0 0 3 0 19 0 18 10 17 19 1 16 12 20 19 10 5 1 12 1 15 3 1 3 24 1 8 19 20 12 20 15 10 3 10 0 19 19 18 18 0 5 11 0 0 7 1 0 1 5 1 1 1 1 3
split_gain=107542 11875.1 4345.03 3567.26 2233.38 1707.86 1479.16 1241.33 900.039 867.295 1181.41 840.99 756.38 687.689 743.083 665.492 616.229 491.683 457.851 414.021 404.959 815.684 427.942 400.625 376.405 371.612 365.091 363.318 361.852 360.497 345.319 321.589 337.087 307.764 298.745 297.981 297.234 408.343 291.023 267.715 911.666 499.711 259.225 244.433 232.35 209.658 191.026 176.397 177.811 175.463 174.884 171.462 161.777 160.126 158.997 153.186 148.229 268.204 145.371 132.852 128.174 117.289
threshold=4.3900001049041757 4.4949998855590829 4.8949999809265146 22.500000000000004 659.88781738281261 60.010000228881843 35.001499176025398 3.8850001096725468 5.1099998950958261 45.500000000000007 4.0950000286102304 5.1176152229309091 4.0950000286102304 1.0461295843124392 4.2550001144409189 2.6148351430892949 670.05950927734386 1.3450000286102297 0.54774570465087902 1.3825343847274782 1.3180825710296633 82.639579772949233 3.4499999284744267 57.500000000000007 20.005000114440922 1.0164179205894472 47.002500534057624 4.5000000000000009 31.500000000000004 30.925000190734867 119.50000000000001 -0.010586480144411324 14.605000019073488 3.3149999380111699 640.58712768554699 1.6703642010688784 2.3993241786956792 0.76417863368988048 3.5000000000000004 2.7600001096725468 463.50000000000006 3.4974999427795415 4.3949999809265146 17.925115585327152 678.70220947265636 8.7988066673278826 218.85085296630862 4.805000066757203 2.5000000000000004 2.5000000000000004 5.8500001430511483 5.6199998855590829 4.1849999427795419 1.3450000286102297 4.7099997997283944 72.049999237060561 18.500000000000004 73.415000915527358 13.973999977111818 118.15500259399415 195.0100021362305 41.500000000000007
decision_type=2 2 2 2 2 2 2 2 2 2 2 2 2 2 2 2 2 2 2 2 2 2 2 2 2 2 2 2 2 2 2 2 2 2 2 2 2 2 2 2 2 2 2 2 2 2 2 2 2 2 2 2 2 2 2 2 2 2 2 2 2 2
left_child=1 3 5 4 11 9 8 15 44 10 24 18 19 36 30 46 51 -5 52 -13 21 22 -19 42 28 -16 45 -26 -2 31 43 32 -11 -23 61 -17 39 -38 -20 -4 41 -41 -7 49 -3 -9 -6 48 -12 -15 59 55 -1 -45 -46 -8 57 -27 -14 -18 -25 -22
right_child=2 6 13 17 7 23 16 26 -10 29 47 12 58 14 25 35 50 20 38 -21 34 33 -24 60 27 56 -28 -29 -30 -31 -32 -33 -34 -35 -36 -37 37 -39 -40 40 -42 -43 -44 53 54 -47 -48 -49 -50 -51 -52 -53 -54 -55 -56 -57 -58 -59 -60 -61 -62 -63
leaf_value=-0.021933016128130867 0.051655498203730665 0.093609932512728464 0.14314971866824991 0.15401838246576163 -0.023731661062033553 0.0046260763832515163 0.083594466308093418 0.093252183099394939 0.120871957787479 0.027810247017689999 0.090336289161090141 -0.006257481581592843 0.064675523383812591 0.045049816178609425 0.093674884123194441 0.028225524381618045 0.018457947411775231 0.11876321743340019 0.072866532050118712 0.04571341622588293 -0.055242440290253214 0.16783805926178186 -0.05377302993304281 0.04016390400265895 0.071302288367539032 0.12901206319400127 -0.014658403916378333 0.13450060963848295 0.10262475962378709 -0.0087635723108811289 0.13528522195308354 0.13810553008716372 0.16908565327291203 -0.032922151629918815 0.16908605768792381 0.17850437822127424 0.12257004650504372 -0.063897165466021019 0.16822977689217689 0.12523325156374693 -0.026702486507619846 0.14062087979861931 0.057726373093775311 0.13899467923609907 0.052970966431773264 0.015126072157430549 -0.038037735504862238 0.13273648279045791 0.11648618602796129 0.10720500200120164 0.095273150409788954 0.12856216144738952 0.055158197952980659 0.052622448993519935 0.080602412512628355 0.041383821985216833 0.14096464364798031 0.031347829546810181 0.029517977983105632 -0.020418349157683275 0.16484069097538909 0.12690165442106233
leaf_weight=122.66912394016981 1597.7698060050607 973.51973881572485 21598.610948465765 218.33803471177816 4176.0464326441288 477.43803457915783 366.72415120154619 88.945595249533653 1449.6270335912704 137.71003498136997 905.3618114516139 4258.0282781273127 382.19270946085453 125.65685702860355 595.45082740485668 128.65231651067734 703.33060416579247 314.04524696618319 230.10564649105072 420.09839125722647 24.217109814286232 19.72493951767683 39.944440975785255 29.051187038421631 483.49127127975225 3442.4362793788314 1389.7694062441587 437.74017833918333 447.06617926061153 44.943179734051228 613.84021592140198 2733.109849691391 60.301971770823002 241.45367862284184 139.38109401613474 43.653633505105972 91.426665246486664 42.237924307584763 124.58715630322695 7644.9065995663404 86.006393142044544 17927.378526709974 442.92861796170473 60.371550850570202 1309.6230012103915 1939.1493192240596 5319.0701823011041 1137.1629048064351 2557.3481822088361 1454.4480269700289 57.457986503839493 97.711489871144295 150.50422841310501 468.08598243445158 879.97527790814638 529.62060751020908 4646.778536811471 72.663030676543713 1289.6477821618319 318.38227491080761 78.490528337657452 12.606636032462118
leaf_count=1292 8181 3966 9710 197 57204 3824 1821 670 2637 568 2991 48667 2898 493 1630 1248 5740 887 1365 3271 223 77 481 124 2494 3731 16480 1218 1078 205 500 2725 56 2396 193 76 101 252 331 8340 753 12084 2203 61 8720 19752 76720 1691 5451 2457 164 203 1079 1705 4149 3631 3005 274 11437 3144 57 26
internal_value=0.0977495 0.0143966 0.130596 -0.00402487 -0.0086419 0.10256 0.0724501 -0.0208236 0.0882176 0.10856 0.0995276 0.014201 0.00873639 0.136104 0.125059 -0.0299797 0.0373407 0.087629 0.0693576 -0.00158063 0.0691348 0.0498328 0.0991834 0.0409803 0.0748682 0.132173 0.0050742 0.101451 0.0628462 0.131479 0.102134 0.133633 0.0714924 -0.0171588 0.135832 0.0671378 0.138777 0.0635725 0.106756 0.138988 0.135479 0.136026 0.0302211 0.0924206 0.0732174 0.0185992 -0.0317495 0.115408 0.109679 0.102297 0.0111545 0.0657243 0.0205682 0.062743 0.0641097 0.0587331 0.134969 0.127004 0.037592 0.00633046 0.131887 0.00868898
internal_weight=98199 27758.8 70440.2 21072.8 20063.1 11569.9 6685.97 13085.3 4612.75 10542 7565.94 6977.83 6349.97 58870.3 11479.7 9667.42 2073.23 1009.71 627.866 4678.13 791.373 615.168 353.99 1027.91 2966.07 8757.33 3417.86 921.231 2044.84 2976.07 2722.4 2931.12 198.012 261.179 176.205 172.306 47390.6 133.665 354.693 47256.9 25658.3 25572.3 920.367 2108.56 3163.12 2028.09 9495.12 4599.87 3462.71 1580.1 1079.17 994.056 273.173 528.458 2189.6 896.345 8161.88 3515.1 1671.84 1021.71 107.542 36.8237
internal_count=359107 281145 77962 246970 242490 32866 34175 172150 19472 26658 23104 70340 66273 45096 13856 135248 14703 4480 4067 51938 4283 3841 1368 6208 12971 8640 36902 3712 9259 3554 5216 3349 624 2473 442 1324 31240 353 1696 30887 21177 20424 6027 4716 16835 20422 133924 10133 8442 2950 9048 5655 2371 1766 12869 5452 7010 4005 14335 8884 181 249
is_linear=0
shrinkage=0.05


Tree=7
num_leaves=63
num_cat=0
split_feature=22 22 19 1 5 1 1 1 19 23 21 4 15 20 3 19 6 5 20 1 10 2 1 20 23 16 10 20 16 23 9 10 22 15 23 12 10 9 19 13 20 2 16 10 20 23 1 3 23 19 1 15 3 23 9 15 1 1 5 23 3 22
split_gain=90242.5 4863.99 2500.55 1397.63 1228.48 1016.25 923.185 907.004 819.508 716.699 891.717 886.708 673.005 646.886 986.869 726.072 673.709 585.219 533.049 429.38 380.666 656.101 421.404 531.936 353.219 336.025 325.594 314.536 679.37 310.012 298.001 283.577 251.808 247.57 486.49 247.286 242.12 233.991 231.139 230.069 228.838 225.4 222.121 211.014 198.165 207.208 184.082 182.852 261.727 177.735 175.37 169.137 164.696 155.587 154.778 233.514 147.715 143.593 134.838 131.693 127.245 124.092
threshold=15.832268238067629 16.769082069396976 859.49984741210949 36.895000457763679 1.0000000180025095e-35 7.9995000362396249 64.005500793457045 10.315000057220461 54.629438400268562 0.0069284511264413604 49999248.000000007 60.500000000000007 7.5000000000000009 0.96131548285484325 490.50000000000006 2.2203239202499394 6.5000000000000009 486.50000000000006 1.3793429732322695 72.049999237060561 4.1524999141693124 6.5000000000000009 20.005000114440922 0.28642667829990393 0.031622812151908881 0.92356377840042125 4.1250000000000009 1.0434039235115053 0.1861589998006821 0.099801037460565581 2.5799999237060551 3.8999999761581425 17.268469810485843 2.5000000000000004 43.91089057922364 1.1112784743309023 2.992499947547913 0.1999999284744263 249.66017913818362 0.049696974456310279 0.89812183380126964 5.5000000000000009 0.61556267738342296 3.4524999856948857 0.22920235991477969 183.75904846191409 49.003000259399421 1.5000000000000002 0.26683394610881811 23.825433731079105 5.5510001182556161 2.5000000000000004 99.500000000000014 8.8779945373535174 1.7199999094009402 3.5000000000000004 613.19500732421886 35.001499176025398 1.5000000000000002 0.34576587378978735 11.500000000000002 14.743645668029787
decision_type=2 2 2 2 2 2 2 2 2 2 2 2 2 2 2 2 2 2 2 2 2 2 2 2 2 2 2 2 2 2 2 2 2 2 2 2 2 2 2 2 2 2 2 2 2 2 2 2 2 2 2 2 2 2 2 2 2 2 2 2 2 2
left_child=2 6 9 4 5 -4 20 -7 13 19 11 26 36 14 15 43 -17 24 61 38 21 22 23 -2 -13 37 29 28 -23 -11 40 -8 -32 34 -15 -24 -6 59 39 60 44 -20 -38 -3 45 -10 -28 48 -22 58 -40 -34 -29 -39 55 -27 -21 -50 -33 -12 -1 -14
right_child=1 8 3 -5 12 7 31 -9 30 10 25 17 18 33 -16 16 -18 -19 41 56 47 27 35 -25 -26 54 46 52 -30 -31 32 49 51 -35 -36 -37 42 53 50 -41 -42 -43 -44 -45 -46 -47 -48 -49 57 -51 -52 -53 -54 -55 -56 -57 -58 -59 -60 -61 -62 -63
leaf_value=0.078884335645958217 0.078673488826554033 0.11585987385647836 -0.029927450397203816 -0.020420378990837838 -0.021606745424702284 0.045905573939411928 -0.02714902832123833 0.0057895463819763052 0.11120838575479011 0.017811592805084982 0.10437945182148059 -0.038629403702711763 0.11403908470930745 0.12772088964655726 -0.059172666117055933 0.088962267295279673 0.11668245663340389 -0.055161919253979667 0.0083854040060820211 0.021201086744671763 0.1216040842148855 -0.029230205935278693 0.0003728438115353401 0.015546421526075705 0.14841162937052468 0.079465612814414999 0.066059207589871174 0.12522956168475749 0.093204394501643084 -0.01111113714539399 -0.053250172301475621 -0.036126525337089828 0.017430465681548823 0.13092322735579967 -0.059208085499580398 0.099539640478445338 -0.01209818724429629 -0.017376610847867291 -0.017290856134860196 0.19608123573265987 0.13691101636127784 0.14105573976141847 0.026452289793358025 0.12770332612197008 -0.00378628842465226 0.037567958752383057 0.01235716608022947 0.112959063557677 0.086637674532349218 0.02783343545792993 0.051942728411896046 0.10827662650668145 0.016012053286439936 0.061931834407621622 -0.058538076867943316 0.17203019957196683 0.1501908200912401 0.040875513703837719 0.093427438034910507 0.034065979714289811 -0.00044664475460329278 -0.036643980347796895
leaf_weight=771.96093299984932 581.27097219228745 4779.7886956930161 770.64208942651749 5392.4606589898467 3066.0777158439159 3795.1501254811883 154.85811187326908 2241.6714587658644 306.5315255895257 1525.8992771059275 130.03212248533964 28.076665736734867 14.560944490134714 106.14015251398087 76.042350821197033 2750.0116709321737 11222.337141111493 53.075298652052879 40.691373124718666 1294.0355752184987 538.54554250836372 122.96216493844986 69.750074401497841 783.80645606666803 217.6539906039834 435.5436430349946 313.29006871581078 859.29280891269445 1373.5297622159123 2355.1320332437754 63.375210896134377 21.502619855105877 110.11117453128099 24093.490565903485 50.795396625995636 646.05995763838291 989.76416164636612 223.04905608296394 95.152450054883957 39.798740454018116 226.20258522778749 152.9128605723381 598.86847428232431 20651.322814211249 67.195525899529457 140.94006326049566 325.88134593516588 1753.2325966432691 1491.4888573437929 413.05410378426313 2057.9456131607294 95.836525969207287 36.399005688726902 84.409126430749893 16.425842069089413 81.349740453064442 21.630763061344624 197.19864824414253 221.12860269099474 138.94581757485867 53.937651924788952 111.49823375046253
leaf_count=4579 2317 4644 10655 68380 41034 28253 1389 23180 620 14816 596 244 146 55 780 5724 11253 553 502 11686 1101 770 572 5186 395 2096 1815 1259 4004 25628 449 135 632 10653 251 2492 12812 2192 1067 168 127 239 6863 13032 338 599 2747 3078 4201 2582 14391 248 146 557 113 101 124 879 865 1075 419 1300
internal_value=0.0897807 0.118496 0.0123297 0.000660405 0.0103103 0.0241105 0.0845885 0.0310134 0.123346 0.0318543 0.0205498 0.0112371 -0.00857545 0.124056 0.120085 0.120433 0.111234 0.0945101 0.0614884 0.0473074 0.0894769 0.0794112 0.0588215 0.0424685 0.126951 0.0609383 0.0057116 0.0972874 0.0831282 0.00026074 0.078506 0.033551 0.0332708 0.130514 0.0671941 0.0898976 -0.0134003 0.0343688 0.0576975 0.0795547 0.0948762 0.113383 0.00243858 0.125482 0.0761621 0.0881605 0.0387491 0.100764 0.0911162 0.0479141 0.0488741 0.0600483 0.12082 0.0045106 0.0895285 0.0943473 0.0234381 0.0813241 0.0818243 0.0683369 0.0737031 -0.0184389
internal_weight=101442 74004.2 27437.5 17174.3 11781.8 6807.46 9264.08 6036.82 64740.1 10263.2 5928.76 4819.01 4974.37 63729.9 39479.5 39403.5 13972.3 298.806 319.663 4334.46 8453.54 4473.07 2080.89 1365.08 245.731 1109.76 4520.2 2392.18 1496.49 3881.03 1010.19 810.543 269.323 24250.4 156.936 715.81 4654.71 576.436 3018.8 865.697 740.87 193.604 1588.63 25431.1 514.667 447.472 639.171 3980.47 2227.23 655.685 2153.1 205.948 895.692 307.458 533.319 516.893 1315.67 1688.69 242.631 268.978 825.899 126.059
internal_count=359107 80381 278726 193364 124984 62088 30976 51433 49405 85362 52928 46198 62896 46392 35433 34653 16977 1192 2187 32434 26005 16746 10567 7503 639 6730 45006 6179 4774 40444 3013 4971 1329 10959 306 3064 60709 4420 20624 5166 1684 741 19675 17676 1557 1219 4562 9259 6181 3582 15458 880 1405 2749 2310 2197 11810 5080 1000 1671 4998 1446
is_linear=0
shrinkage=0.05


Tree=8
num_leaves=63
num_cat=0
split_feature=8 0 2 6 19 0 19 1 0 7 0 15 0 1 0 12 1 19 1 9 20 21 16 0 12 7 18 12 2 19 0 14 20 19 2 5 20 21 21 20 1 5 4 1 24 19 0 18 1 1 19 1 2 21 16 19 20 20 16 16 19 5
split_gain=76471.1 9638.78 4217.05 3209.78 1965.84 1601.15 1047.1 772.01 769.296 723.703 617.226 520.78 567.027 464.281 460.556 520.945 439.752 403.543 385.341 440.417 519.505 529.935 347.497 329.656 299.436 295.452 293.032 275.297 251.355 250.642 247.55 243.41 239.527 414.33 386.223 255.123 235.445 218.643 212.672 306.41 398.924 207.946 184.381 178.465 177.859 177.576 172.12 165.539 154.364 149.911 145.949 157.104 138.704 138.596 129.347 125.242 113.866 140.816 107.824 102.15 101.719 125.192
threshold=4.4749999046325692 4.305000066757203 6.5000000000000009 3.5000000000000004 859.49984741210949 4.805000066757203 1.4713264107704165 55.003499984741218 3.8850001096725468 5.0699999332427987 4.805000066757203 9.5000000000000018 3.8449999094009404 203.004997253418 4.0950000286102304 1.1304348111152651 67.005001068115249 649.87545776367199 1.9959999918937685 1.5050001144409182 1.3180825710296633 281311280.00000006 0.10675156861543657 5.5199999809265146 2.37049412727356 3.7549999952316289 0.15464583039283755 2.449944376945496 128.50000000000003 640.58712768554699 3.3950001001358037 1.0000000180025095e-35 0.96131548285484325 11.151716709136965 287.50000000000006 347.50000000000006 0.59580639004707348 0.099526826292276396 958644512.00000012 0.93826279044151317 5.0009999275207528 3.5000000000000004 170.50000000000003 10.315000057220461 -0.0084461718797683698 6.6227431297302255 6.4500000476837167 218.85085296630862 46.004999160766609 15.994999885559084 393.83860778808599 11.402499675750734 2.5000000000000004 12716971520.000002 0.75066137313842785 6.2966234683990487 0.4142207950353623 0.44315767288208013 0.24993529170751574 0.42776788771152502 58.264444351196296 51.500000000000007
decision_type=2 2 2 2 2 2 2 2 2 2 2 2 2 2 2 2 2 2 2 2 2 2 2 2 2 2 2 2 2 2 2 2 2 2 2 2 2 2 2 2 2 2 2 2 2 2 2 2 2 2 2 2 2 2 2 2 2 2 2 2 2 2
left_child=1 2 4 6 14 7 30 17 26 28 11 12 42 -14 15 55 23 60 -4 20 21 -20 -17 -7 32 54 59 37 38 -22 52 45 33 34 -11 -35 -27 -26 39 40 -5 -9 -8 -19 -33 -21 -18 -28 -10 -41 51 -16 -2 -32 -13 -1 -40 -58 -54 -6 -3 -62
right_child=3 5 18 9 8 16 10 41 48 24 -12 25 13 -15 50 22 46 43 19 31 29 -23 -24 -25 27 36 47 -29 -30 -31 53 44 -34 35 -36 -37 -38 -39 56 49 -42 -43 -44 -45 -46 -47 -48 -49 -50 -51 -52 -53 58 -55 -56 -57 57 -59 -60 -61 61 -63
leaf_value=0.025396596180206201 0.036374914814270562 0.0952580213315012 0.11761951521639268 0.053404977673620707 -0.026128717556171951 0.08080702253326856 0.029416681852858523 0.0024411172289610732 0.010858010981772226 0.11603054479960016 0.10591652131951124 -0.040931226904149631 0.075573119630665667 -0.015069775312038495 0.069544100414957344 0.07837197138142904 0.028087871734168431 0.050602934981668263 -0.014703900465664312 0.090733794116583028 -0.054002327439687116 0.13570551243680931 0.015257551131770944 0.11649667050612918 -0.034215570260751497 -0.012571661278046584 -0.023702239240211056 -0.065517666073817191 -0.0097970957745527609 0.11214295700025662 0.099740650976425843 0.050258914986425852 0.12088197381439142 0.096247075682081476 0.0018200904962112551 -0.0012169277194522959 0.10978398602301849 0.10321173901862608 0.12367753552999224 0.11872984559036628 0.097889136192268258 0.049025555546563786 0.13263403341539629 0.021554660505766928 0.11474908277907155 -0.030242911262506285 0.12620986951290794 -0.037560570986116995 -0.013943033422548146 0.041677643956059655 0.0054931377295586101 0.030108090288627428 -0.0098018635059588487 0.11862316603440304 0.11724728544253696 -0.011299825139230281 0.11764120506449259 -0.020320082630973436 0.092150263263913942 0.053360623838415083 0.062103518011890596 0.15210385254294712
leaf_weight=249.03609649091959 165.7340776771307 428.30413511395454 334.62553048878908 556.78396508842707 56.183055028319359 2010.1984818056226 1452.7502103447914 1223.7049218863249 1518.5545918419957 27385.442744195461 1123.387080848217 52.640074037015438 2636.6753626465797 148.84916175156832 343.93775625526905 247.64572574943304 398.89342579990625 1628.6058232039213 464.23702373355627 51.996123343706131 24.862837456166744 65.993049062788486 1786.2947185784578 969.14032347500324 33.332541327923536 40.817173711955547 3771.1826835423708 35.120771586894989 49.755209967494011 205.53270778805017 2322.3247091770172 143.39226414263248 23269.772351950407 2178.9870337247849 74.345017485320568 69.146806001663208 907.00924234092236 197.20737196132541 1380.5062706023455 2010.5766577422619 5809.239471770823 296.98759784549475 43.731489397585392 787.19524517655373 452.48431308567524 70.026398465037346 49.570002868771553 5062.4148697927594 1067.5934094414115 66.808355659246445 385.02713441848755 960.48459641635418 26.768957152962685 1777.9091712236404 16.025209166109562 3314.6876063644886 42.110154949128628 31.851445481181145 626.60349871963263 137.98088855296373 965.4488119110465 39.916659794747829
leaf_count=2011 638 1263 404 1400 754 6815 7659 11608 15576 17150 1762 349 7752 996 2006 1466 2463 10235 4364 156 256 131 17324 1181 185 220 53690 188 182 458 3622 617 9698 2663 602 218 1475 269 1143 1459 8698 1869 31 6239 890 513 72 76045 13156 183 3548 7840 115 1294 36 38592 41 134 1136 1528 4655 84
internal_value=0.0830811 0.0149591 -0.0036637 0.110054 -0.0106525 0.0588013 0.0855413 0.0417449 -0.0234248 0.114452 0.0722164 0.0650517 0.0573853 0.070724 0.0097031 0.00279441 0.0855012 0.0536584 0.0691539 0.0581095 0.0315248 0.00422703 0.0229793 0.0924533 0.116772 0.0972536 -0.0303117 0.0633992 0.102023 0.0940361 0.102917 0.0861865 0.117039 0.114024 0.115722 0.0932479 0.104502 0.0832583 0.102587 0.0995005 0.0940083 0.0115685 0.0325229 0.0411524 0.0993487 0.0215854 0.0392014 -0.0316482 0.000616473 0.116276 0.0325756 0.0405553 0.0775833 0.107956 -0.00279041 -0.00872764 0.120419 0.0586832 0.087957 0.030318 0.0746849 0.0658294
internal_weight=104044 29512.1 20714.2 74532.2 18901 8797.97 11341.2 5370.16 11613.9 63191 6421.89 5298.5 4282.01 2785.52 7287.11 5597.66 3427.8 3849.47 1813.15 1478.52 760.626 530.23 2033.94 2979.34 53243.4 1016.49 9027.76 265.661 9947.63 230.396 4919.34 717.899 52977.7 29707.9 27459.8 2248.13 947.826 230.54 9897.88 8443.41 6366.02 1520.69 1496.48 2415.8 595.877 122.023 448.463 8833.6 2586.15 2077.39 1689.45 1304.42 819.107 4100.23 68.6653 3563.72 1454.47 73.9616 653.372 194.164 1433.67 1005.37
internal_count=359107 287809 241325 71298 233536 46484 27085 35953 160749 44213 20280 18518 16438 8748 72787 59393 10531 22476 7789 7385 5209 4495 18790 7996 30973 2080 132017 642 13240 714 6805 2176 30331 20633 17752 2881 1695 454 13058 11740 10098 13477 7690 16474 1507 669 2535 129735 28732 1642 13394 9846 1889 4916 385 40603 1318 175 1251 2282 6002 4739
is_linear=0
shrinkage=0.05


Tree=9
num_leaves=63
num_cat=0
split_feature=22 0 22 0 12 1 1 23 23 19 18 0 19 22 0 19 12 5 5 0 6 23 24 11 1 19 18 5 7 0 23 3 0 6 0 0 1 6 17 1 23 23 0 18 17 23 24 3 23 9 18 1 23 19 13 18 5 23 1 23 19 0
split_gain=66514.2 9276.78 4347.76 2054.76 1893.66 917.885 797.97 740.206 971.513 506.295 502.929 732.056 485.573 427.125 375.323 338.026 324.107 318.031 309.886 431.577 426.115 306.03 493.24 308.676 304.879 302.431 302.134 286.866 385.735 265.524 264.074 288.405 261.513 243.346 227.966 224.485 215.138 205.301 330.913 200.232 194.785 184.705 171.516 171.508 169.071 155.194 383.016 146.581 230.432 136.905 132.085 129.763 129.148 128.654 127.348 124.567 122.495 119.641 117.812 114.656 114.025 106.964
threshold=15.832268238067629 4.1949999332427987 17.235943794250492 4.805000066757203 1.1333333849906924 64.005500793457045 57.004999160766609 0.17437475174665454 34.252059936523445 859.49984741210949 1.5084208250045779 4.1949999332427987 61.899600982666023 15.100024700164797 5.5199999809265146 688.66018676757824 2.3993241786956792 444.50000000000006 600.50000000000011 3.8249999284744267 4.5000000000000009 1979.334655761719 -0.0084461718797683698 5.5000000000000009 46.004999160766609 649.87545776367199 8.7988066673278826 486.50000000000006 3.6250000000000004 2.5049999952316289 0.18338191509246829 21.500000000000004 4.3949999809265146 13.500000000000002 3.5949999094009404 4.1949999332427987 10.000500202178957 5.5000000000000009 23.10000038146973 37.004999160766609 0.39771561324596411 0.35397322475910192 5.2049999237060556 0.14394056051969531 2.9880000352859502 86.142211914062514 0.0024815582437440757 33.500000000000007 0.25118926167488104 0.79999983310699474 18.65506744384766 23.005000114440922 0.069724176079034819 2.3680639266967778 0.00055217885528691124 622.96820068359386 3.5000000000000004 79338863067136.016 103.01499938964845 23.180235862731937 382.00004577636724 4.0950000286102304
decision_type=2 2 2 2 2 2 2 2 2 2 2 2 2 2 2 2 2 2 2 2 2 2 2 2 2 2 2 2 2 2 2 2 2 2 2 2 2 2 2 2 2 2 2 2 2 2 2 2 2 2 2 2 2 2 2 2 2 2 2 2 2 2
left_child=1 4 5 6 9 10 25 13 47 61 21 30 16 29 24 56 18 33 19 20 -4 22 35 -24 -5 -3 54 28 -15 52 51 -32 41 -18 43 -2 -27 38 -23 -29 -13 58 -42 57 -43 -20 -47 49 -49 -9 -36 -12 -6 -21 -10 -45 -8 -11 -7 -14 -31 -1
right_child=2 3 12 14 7 32 15 8 26 34 11 40 59 27 -16 -17 17 -19 45 53 -22 37 23 -25 -26 36 -28 39 -30 60 31 -33 -34 -35 50 -37 -38 -39 -40 -41 42 44 -44 55 -46 46 -48 48 -50 -51 -52 -53 -54 -55 -56 -57 -58 -59 -60 -61 -62 -63
leaf_value=-0.0089019414964509307 0.040010741389835403 0.058829331061681235 0.072304747071773687 0.075211952090055739 0.14648153140809567 -0.038029760572074509 0.015128328302715238 0.011022144892429293 0.047722373431064079 0.0024211412952641095 0.064075193821045109 0.10038139698687938 0.087204768749473 0.11064419405836068 0.1013666712079113 -0.010532387268392902 -0.049546411566840455 -0.063783175159839792 0.11258584882184053 0.11089405616943114 0.10065692669549507 0.093411846449729372 0.076809357003069262 0.10631935709371652 0.03020974925712033 0.043084736583592326 -0.025721274318393241 -0.038450352658976512 0.034279036512771456 0.024366287718381008 0.031375604831407146 0.072923008011491722 0.057973931219253372 0.10353875407489255 0.027757408159781005 0.091450625849792078 0.016701337031346665 0.11563382547213097 -0.069828957867815206 0.16762238852674849 0.07257601687067243 -0.019040113290865017 0.11034443684980669 -0.027384788002702172 0.10655308007140757 -0.042328513934446477 0.11420825114499428 0.10735190993459785 -0.032445437749643528 -0.032380281672999639 -0.017297471797776832 0.10794867409786545 -0.019068355074163219 0.10265391136870168 0.10063526325973732 -0.040927825844794534 0.04753956307264421 0.12758548447687165 0.083687948979985827 0.026599712626157304 -0.029227876048555441 0.017504167257204682
leaf_weight=3343.9412791207433 874.79962556809187 1863.3353664651513 1532.5753145813942 1900.9511967003345 47.766030788421631 24.043322391808033 866.89032688736916 218.24144858121872 230.17881287634373 117.54722280800343 674.27735651284456 1411.6420853734016 119.8810058683157 463.02990128099918 1133.4260997325182 1217.0380081310868 30.432431533932686 48.942855335772038 23780.249831110239 18075.656305179 10500.688435234129 2406.7293725311756 1976.9712426587939 1638.7399355918169 472.08767120540142 2175.8850248008966 89.33092849701643 81.780928365886211 259.14887438714504 193.27342344820499 1510.5197966173291 578.70467783510685 502.2849297747016 155.92385026812553 175.09542616456747 281.03792518377304 1201.9326121881604 1393.4542490243912 30.73682302236557 12.744769804179667 2417.734583415091 360.98904439806938 348.45089174807072 4089.4606653191149 27.938389830291271 56.233696311712265 123.64852350950241 54.581261426210403 61.942294113337994 1066.5838899165392 2137.4294863566756 229.54740960150957 15.185192748904226 6771.5926306024194 231.63514805585146 2924.5409794822335 439.99801248311996 21.825017958879471 100.34766643494368 225.29325599968433 201.85940283536911 432.1227548122406
leaf_count=38922 3237 9129 2900 5889 361 180 7152 2619 1496 1438 2196 2278 265 1960 1590 13711 151 288 9822 9697 8835 3839 4538 1746 2939 14613 1080 730 1850 1907 8075 1444 1925 169 2075 408 10225 1087 149 28 5362 2836 347 60969 48 565 83 161 589 12871 28627 582 191 5887 724 45485 3006 174 407 1035 2446 3769
internal_value=0.0774517 0.0109318 0.101045 0.0458804 -0.0129881 0.0784847 0.0315268 0.0213497 0.00199268 -0.0213581 0.081452 0.0716395 0.107211 0.0509686 0.0776471 0.00842232 0.107545 0.0486452 0.107772 0.104871 0.0970527 0.0896217 0.0811122 0.0902112 0.0662779 0.0426483 0.0581736 0.0726251 0.0833333 0.0122729 0.0527277 0.0429158 0.0323605 0.0783819 -0.0275327 0.0525907 0.0337059 0.100195 0.0913235 -0.00914963 0.085171 0.00722383 0.0773736 -0.0319453 -0.00975525 0.112234 0.0652816 -0.0201252 0.0333513 -0.0250012 -0.0138734 0.0753304 0.106795 0.108653 0.0744332 -0.0330374 0.0260722 0.0228262 0.0600058 0.0478537 -0.00300512 -0.00587494
internal_weight=105951 27740.8 78210.1 11271.5 16469.2 16788.9 7765.08 3227.28 1952.49 13242 15773.3 7170.88 61421.1 1274.79 3506.46 2523.93 61075.9 235.299 60840.6 36880.5 12033.3 8602.47 4771.55 3615.71 2373.04 5241.15 551.145 816.704 722.179 458.084 2993.05 2089.22 1015.6 186.356 9465.9 1155.84 3377.82 3830.92 2437.47 94.5257 4177.83 513.318 2766.19 7153.37 388.927 23960.1 179.882 1401.35 116.524 1284.83 2312.52 903.825 62.9512 24847.2 461.814 7014 1306.89 139.372 124.391 345.174 395.133 3776.06
internal_count=359107 278726 80381 68254 210472 40684 57836 29013 19540 181459 35288 20284 39697 9473 10418 23869 38397 608 37789 27319 11735 15004 9929 6284 8828 33967 3300 4568 3810 4905 12297 9519 5396 320 138768 3645 24838 5075 3988 758 7987 3471 5709 108066 2884 10470 648 16240 750 15490 30702 2778 552 15584 2220 106454 10158 1612 587 1300 4353 42691
is_linear=0
shrinkage=0.05


Tree=10
num_leaves=63
num_cat=0
split_feature=22 0 22 12 1 0 0 2 1 10 10 2 2 18 10 18 15 16 1 4 16 21 10 17 0 18 2 4 9 10 22 16 24 13 20 15 13 0 21 16 18 16 9 18 1 16 0 6 0 20 12 1 2 10 0 17 18 16 18 1 15 20
split_gain=58077.6 8202.08 3454.77 2160.27 1437.59 865.638 831.41 689.02 635.189 472.982 619.251 525.903 516.946 396.655 465.217 384.072 377.609 361.25 328.435 373.906 319.538 311.355 299.389 296.209 276.767 273.541 264.789 239.471 237.025 224.11 215.74 206.122 418.473 234.212 228.541 226.988 240.23 201.337 199.273 197.231 233.326 194.393 263.207 192.039 183.664 179.036 173.696 161.355 153.828 152.111 149.952 131.594 119.447 125.038 118.272 138.876 98.7753 98.4484 95.3079 93.7988 91.1625 90.0666
threshold=15.932507514953615 4.2950000762939462 17.235943794250492 1.1333333849906924 46.004999160766609 3.9550000429153447 4.805000066757203 11.500000000000002 61.004999160766609 2.7800000905990605 3.8000000715255742 33.500000000000007 316.50000000000006 1.5084208250045779 4.2550001144409189 288.63943481445318 10.500000000000002 0.55569657683372509 1.6019999980926516 91.500000000000014 0.087742626667022719 0.077911730855703368 3.7975000143051152 6.7697367668151864 5.9500000476837167 6.539701223373414 1.5000000000000002 31.500000000000004 1.5050001144409182 3.9050000905990605 15.002433776855471 0.97473672032356273 -0.0065307195764034978 0.039999986067414291 0.93141567707061779 32.500000000000007 -0.0027612580452114339 5.5199999809265146 141021104.00000003 0.40021881461143499 43.928525924682624 0.87555310130119335 3.3000000715255742 670.03222656250011 12.00500011444092 0.98390334844589245 4.4949998855590829 5.5000000000000009 4.5950000286102304 1.3180825710296633 2.0629960298538212 129.81500244140628 11.500000000000002 4.5650000572204599 4.5950000286102304 2.9880000352859502 5.2985277175903329 0.20968008041381839 22.109601020812992 52.004999160766609 10.500000000000002 0.36298181116580969
decision_type=2 2 2 2 2 2 2 2 2 2 2 2 2 2 2 2 2 2 2 2 2 2 2 2 2 2 2 2 2 2 2 2 2 2 2 2 2 2 2 2 2 2 2 2 2 2 2 2 2 2 2 2 2 2 2 2 2 2 2 2 2 2
left_child=1 3 8 5 6 15 25 20 13 41 11 21 17 31 16 38 48 -13 -9 49 27 60 -10 45 43 -3 59 30 -18 -7 -5 32 33 -2 -34 47 -37 -8 61 -16 -41 -4 -43 51 -31 -22 -27 -33 -15 -20 -23 -6 53 -28 55 57 -40 -24 -56 -12 -11 -1
right_child=2 4 9 7 24 29 37 18 22 10 26 12 -14 14 39 -17 28 -19 19 -21 23 50 54 -25 -26 46 52 -29 -30 44 -32 35 34 -35 -36 36 -38 -39 56 40 -42 42 -44 -45 -46 -47 -48 -49 -50 -51 -52 -53 -54 -55 58 -57 -58 -59 -60 -61 -62 -63
leaf_value=-0.014231279743662596 0.041033855913979018 0.08127756762918821 0.10623770976790384 0.00041159585311263924 0.03781597858388646 0.0012403978770077699 0.069569299566859796 0.11191381239676695 -0.044015585661791992 0.045829413466752927 0.089727833001751037 0.017731035443747722 -0.044769622272813926 0.031230998185281428 0.094216372572501705 -0.033506299383750798 0.010552800678983482 0.09774516612745611 0.037646401685361076 -0.041033552202666662 0.0038353563404361622 0.082702824238057374 0.068218602538512141 0.12546146104897549 0.091195723761337152 0.026705931128509521 0.092029471487883263 -0.057473039803072536 0.080921911388189202 0.081624603397467743 0.12653659578888268 0.08714589420006412 0.07407581916947148 0.10208918149947042 0.10013776363797572 0.09904619739132163 -0.02651200937019384 0.097067369624445565 0.07462596254352985 0.078359574729354051 0.040458643994281451 0.098307119978939483 -0.04185790380128928 -0.00053653879659433035 0.016074166046600641 0.045961807095165355 0.048242002536380897 0.109293028733155 0.080561908771225876 0.10126842822190812 0.054845629580999533 0.010495364709441884 0.10700153192182933 0.10325558679805423 0.1025883883684312 0.11298632117813788 -0.053237155425670674 0.010407208724868907 0.040675893192067693 0.056260930202800902 -0.011554225199618413 -0.034354293874262198
leaf_weight=5758.5581165067852 977.64874707907438 471.97720648348331 24298.831593818963 45.121754467487335 967.97994138300419 2477.9230317920446 2040.1192827522755 272.99599315226078 109.72236506640911 419.65048667043447 2659.9993344396353 144.25206509232521 64.847128000110388 1456.8381781280041 1390.2505133152008 4998.0245154760778 134.75389057397842 8003.3573300689459 214.42529306560755 102.8910671658814 2490.2641052007675 3204.2532687559724 90.871051341295242 53.849273487925529 123.13126946985722 1405.8622808232903 3798.9339121133089 29.074370168149471 1103.7026048973203 162.77437733113766 136.45204862207174 2293.7301314920187 1918.5864431038499 187.28470172733068 1534.9936515539885 70.722779206931591 80.463131561875343 1007.2844272255898 87.358279705047607 1985.1729737967253 515.69497933238745 90.485252730548382 52.058113552629948 1194.7125265300274 310.15631444007158 279.7284132540226 2838.8504334613681 1331.1755543351173 177.1252386868 169.52357089519501 580.23891341686249 811.57151955366135 11098.176103636622 7911.1105091571808 126.48068924248219 45.03211322426796 17.419953607022762 375.44475276023149 126.29001764208078 235.15248351544142 82.260162018239498 615.75781305879354
leaf_count=78086 3096 1339 9739 404 6256 26325 5946 191 957 1009 2963 331 725 6576 2186 77621 754 5936 1057 1087 25786 4001 348 181 231 10913 3183 225 2354 833 463 3356 4060 337 1390 80 342 1126 458 3540 1642 103 242 12204 2625 2084 14608 933 294 258 1237 6061 5039 4597 222 45 176 2140 501 533 257 8037
internal_value=0.07282 0.0124464 0.0951376 -0.00805334 0.0468368 -0.016882 0.0583257 0.0255122 0.074414 0.10044 0.0969469 0.0877852 0.0952114 0.0768044 0.0677587 -0.0230917 0.0524539 0.0963315 0.0680627 0.0432839 0.0148369 0.0735371 0.0329011 0.0103897 0.018027 0.0451543 0.101398 0.0741005 0.0732839 0.00726813 0.0953954 0.0840831 0.0769346 0.0509331 0.0856865 0.0928023 0.0324545 0.078689 -0.0150532 0.079039 0.0705655 0.105895 0.0471478 0.0149666 0.0387706 0.00810636 0.0411183 0.0953083 0.0366276 0.0659403 0.0784487 0.025372 0.103218 0.0996222 0.0439954 0.03005 0.0530184 0.0218055 0.0719574 0.0870316 0.0364104 -0.016181
internal_weight=107759 29083.8 78675.6 18222.3 10861.5 14428 7764.09 3794.33 16032 62643.6 38202.2 12498.9 8212.46 15158.1 6763.54 11477.1 2872.42 8147.61 759.836 486.84 3034.49 4286.4 873.841 2823.84 3097.4 4716.69 25703.4 210.648 1238.46 2950.85 181.574 8394.61 4618.51 1164.93 3453.58 3776.09 151.186 3047.4 6479.09 3891.12 2500.87 24441.4 142.543 2974.26 472.931 2769.99 4244.71 3624.91 1633.96 383.949 3784.49 1779.55 22808.2 11710 764.119 511.348 104.778 466.316 252.771 2895.15 501.911 6374.32
internal_count=359629 284581 75048 225897 58684 194161 33932 31736 35153 39895 29811 13496 6992 30940 17346 164378 9978 6267 2593 2402 29143 6504 4213 28051 24752 26860 16315 1092 3108 29783 867 13594 8883 3433 5450 4711 422 7072 86757 7368 5182 10084 345 24521 3458 27870 25521 4289 6870 1315 5238 12317 12819 7780 3256 2533 634 2488 723 3496 1266 86123
is_linear=0
shrinkage=0.05


Tree=11
num_leaves=63
num_cat=0
split_feature=22 0 22 12 0 1 3 1 17 23 5 20 3 0 22 12 0 18 11 12 21 14 23 16 23 0 7 18 0 5 1 1 7 1 0 23 23 20 7 1 21 11 20 20 1 16 5 23 5 24 12 22 24 18 7 5 12 20 3 21 0 1
split_gain=51472.1 7154.77 3240.08 2316.12 1440.31 761.624 590.122 534.04 532.467 701.265 504.85 488.885 701.869 434.384 473.385 1080.23 364.935 393.483 364.355 696.701 528.783 359.152 353.516 349.515 441.299 341.447 306.57 293.75 292.217 264.254 260.779 257.297 256.676 217.147 215.034 211.574 218.264 204.836 197.879 173.544 160.255 150.202 139.404 133.123 125.88 114.307 112.809 106.217 104.46 104.437 104.332 98.9696 91.7254 91.489 90.789 90.4971 88.2344 78.5924 76.4457 75.1184 74.1271 75.9596
threshold=15.981917858123781 4.1949999332427987 17.235943794250492 1.1304348111152651 4.805000066757203 59.004999160766609 21.500000000000004 61.004999160766609 4.3656418323516855 0.12941765040159228 486.50000000000006 1.1368962526321413 463.50000000000006 3.804999947547913 18.429264068603519 1.9704241752624514 3.8850001096725468 263.01986694335943 5.5000000000000009 1.707591235637665 958644512.00000012 1.0000000180025095e-35 223607204610048.03 0.97156059741973888 9978108287385602 4.0950000286102304 4.5850000381469735 6.2027976512908944 5.5199999809265146 1.5000000000000002 22.005000114440922 21.505000114440922 4.4949998855590829 46.004999160766609 4.4949998855590829 0.046773338690400131 0.37713336944580084 0.33383926749229437 4.6649999618530282 28.861500740051273 141021104.00000003 1.5000000000000002 0.20985237509012225 0.56830048561096203 214.0100021362305 0.59990844130516063 131.50000000000003 0.088593959808349623 2.5000000000000004 -10.745800018310545 1.1842840909957888 17.694078445434574 0.004279494285583497 5.8997471332550058 4.305000066757203 1066.5000000000002 1.28430712223053 0.28102600574493414 39.500000000000007 1010718.1250000001 6.4500000476837167 67.005001068115249
decision_type=2 2 2 2 2 2 2 2 2 2 2 2 2 2 2 2 2 2 2 2 2 2 2 2 2 2 2 2 2 2 2 2 2 2 2 2 2 2 2 2 2 2 2 2 2 2 2 2 2 2 2 2 2 2 2 2 2 2 2 2 2 2
left_child=1 3 7 16 5 27 8 18 9 30 35 12 13 14 15 -4 17 40 19 20 25 32 -11 31 -25 -2 -16 -3 33 -7 -5 -21 57 59 56 58 -37 42 -15 43 47 -22 44 -23 50 -10 -41 -1 -36 -31 -9 -40 -14 -51 -42 -12 -29 -20 -8 -6 61 -30
right_child=2 4 11 6 28 29 10 37 45 22 55 -13 52 38 26 -17 -18 -19 21 23 41 39 -24 24 -26 -27 -28 34 60 49 -32 -33 -34 -35 48 36 -38 -39 51 46 54 -43 -44 -45 -46 -47 -48 -49 -50 53 -52 -53 -54 -55 -56 -57 -58 -59 -60 -61 -62 -63
leaf_value=-0.0066746651570158315 0.050366984024524934 0.072089153556840091 0.081811623894870233 0.023882595948616317 0.060934635824338182 -0.0062781855667533651 -0.037301615600011065 0.049225007977343825 0.0034417029083556139 -0.017476288759810468 -0.050818291155870589 0.10043824226196396 -0.052991248743701959 0.069433204634283291 0.026032893645752665 0.01741721812062241 -0.0010635753042488522 -0.033659090984842897 0.10732946699644404 -0.01152825514297565 0.06869008104660862 0.057876240312863814 0.044954365509228961 0.11958820317662187 -0.0078995975669393561 0.072169281868562848 0.093612148517535576 0.022637166588862404 0.084500989177017469 0.13541190743381135 0.078014125383946226 0.078800430770283356 0.078774024265216888 0.027359935370028388 0.039932455176249604 0.10726349894036198 0.049300460748380286 -0.050269761838702659 0.089213312610474382 0.082667615168177416 0.10462355874129683 0.0917003877633598 0.081279774262854904 0.097277577473507154 -0.0098386229703282344 0.10561116808194526 -0.057091657150410015 -0.020698282614585645 0.064603552047735491 -0.046248621177377491 -0.027805425498918668 0.097625269629012926 0.093740582715865745 0.026788212304006093 0.0095442833329191026 0.090789325116316724 0.12118122864376574 -0.048205899775134606 0.073454823510251607 0.095071672766612214 0.10952914044321255 0.038234192355852355
leaf_weight=2146.7311763130128 3040.3567322045565 615.27705286443233 4891.3547578305006 630.8315905816853 1933.1347292661667 1537.9863978177309 52.413345210254192 412.46563147008419 32.423451900482178 1662.2824963703752 104.90276949107647 23245.369045689702 94.893051587045193 725.53334787487984 172.61360634863377 752.23077716678381 2291.0766430273652 4814.7978948019445 7.9517085850238791 497.05992352217436 960.29721054434776 241.16532226651907 261.54287894070148 173.97683615982533 110.59381157159805 4442.6228743642569 7901.1790012344718 2203.1728453934193 851.39404729008675 20.429952003061771 344.28096631914377 92.657456859946251 98.607632927596569 507.37735960632563 2646.8098730221391 410.54624784737825 273.78253582865 70.525303296744823 4406.3292688578367 25.000141426920891 40.121674612164497 2945.37722684443 150.64481844753027 2481.7391412779689 164.04717409610748 181.00840876996517 31.463121592998505 3650.0267365314066 516.58974117040634 43.828410416841507 48.45589354634285 20935.641320168972 11.039450500160454 1017.231288343668 65.395348399877548 11.685431838035582 22.035504885017872 90.886388063430786 20.990974269807339 179.62793475389481 278.32646097242832 102.18149769306183
leaf_count=28424 10196 1824 5324 5053 5670 16135 448 1677 237 19460 1150 9205 863 1235 595 1907 25237 77550 12 2027 1745 492 1636 133 436 8003 5629 17556 1080 90 2375 228 139 3019 14319 589 1141 636 3487 41 203 3136 332 2318 948 467 135 51265 1794 348 373 11640 10 7443 402 22 97 779 78 283 201 352
internal_value=0.0685617 0.0121469 0.0895473 -0.00896077 0.0409 0.0295384 0.0243767 0.069503 0.0141689 0.00854019 0.0606505 0.0946529 0.0912791 0.0916215 0.0843865 0.073234 -0.0191794 -0.0230512 0.0716506 0.067824 0.0711266 0.0873843 -0.00896734 0.0247657 0.0701704 0.0633195 0.0921714 0.0393523 0.0663191 0.00703619 0.0430602 0.00276526 0.0220605 0.0568255 0.0356008 0.0755453 0.084187 0.0307789 0.0954252 0.0920135 -0.0143928 0.0860631 0.0382102 0.0938122 0.0277072 0.0902019 0.00506404 -0.0155078 0.043982 0.0259635 0.0410734 0.0961664 -0.0369196 0.0237259 0.0463869 -0.0359313 0.0236693 -0.034693 -0.00500053 0.063883 0.0864445 0.0795937
internal_weight=108692 29470.2 79222.1 16994.8 12475.4 8623.36 3986.69 16085.9 3112.37 2898.94 874.321 63136.2 39890.8 39784.9 13717.4 5643.59 13008.1 10717.1 15239.8 12262.9 11388.7 2976.81 1923.83 874.288 284.571 7482.98 8073.79 6003.89 3852.04 2619.48 975.113 589.717 197.446 2620.14 5388.61 757.733 684.329 846.139 26067.5 2779.37 5902.27 3905.67 775.614 2722.9 624.969 213.432 56.4633 5796.76 3163.4 1081.49 460.922 25342 105.933 1061.06 105.517 116.588 2225.21 98.8381 73.4043 2112.76 1231.9 953.576
internal_count=359629 285948 73681 215737 70211 59606 32656 33786 29228 28524 3428 39895 30690 29817 13455 7231 183081 157844 29820 25904 23080 3916 21096 2824 569 18199 6224 35590 10605 24016 7428 2255 930 8972 33766 2256 1730 3966 16362 2986 80294 4881 3330 2810 2998 704 176 79689 16113 7881 2050 15127 873 7791 605 1172 17653 791 526 5953 1633 1432
is_linear=0
shrinkage=0.05


Tree=12
num_leaves=63
num_cat=0
split_feature=22 0 22 12 0 23 23 18 10 10 6 20 8 0 24 8 0 23 16 22 18 17 0 18 23 23 16 7 8 9 11 12 23 16 6 4 11 18 10 23 17 24 23 6 0 9 20 20 0 20 23 18 9 0 18 23 23 23 12 24 9 18
split_gain=46046.8 6395.98 3317.86 1914.21 1273.96 614.048 801.27 534.859 513.155 552.499 439.953 421.721 913.964 400.134 357.246 354.856 344.512 341.3 346.268 313.047 281.342 280.167 271.834 280.996 251.405 247.11 262.238 230.959 225.897 469.479 226.381 537.419 249.053 219.777 215.021 195.31 186.932 186.303 182.044 175.962 169.548 164.398 264.475 161.39 161.279 158.112 173.481 155.321 149.426 145.926 135.901 205.964 135.029 134.613 114.245 111.009 107.503 103.887 95.3191 88.5175 86.3969 85.744
threshold=15.932507514953615 4.1949999332427987 17.235943794250492 1.1333333849906924 5.0050001144409189 0.17782814055681231 23.180235862731937 1.5084208250045779 2.7800000905990605 4.2550001144409189 7.5000000000000009 0.56830048561096203 5.3200001716613778 4.3949999809265146 -0.0044553140178322783 4.0850000381469735 4.5950000286102304 0.14313883334398272 0.92356377840042125 15.100024700164797 6.8723540306091317 0.9925418794155122 3.8850001096725468 381.31312561035162 512.40774536132824 28.084390640258793 0.81821101903915416 5.7850000858306894 4.2249999046325692 1.485000014305115 5.5000000000000009 1.707591235637665 0.89849010109901439 0.25010785460472112 2.5000000000000004 866.00000000000011 4.5000000000000009 0.35718056559562689 3.6525000333786015 0.099801037460565581 1.4902593493461611 0.32051375508308416 0.011946235317736866 7.5000000000000009 5.9500000476837167 1.9049999713897707 0.64276379346847545 1.4288153648376467 5.5199999809265146 1.3629077672958376 0.89849010109901439 43.928525924682624 1.5000001192092898 2.5049999952316289 16.524444580078129 1.464158356189728 79338863067136.016 0.15360077470541003 1.6249999403953554 -10.745800018310545 0.19499993324279788 6.8723540306091317
decision_type=2 2 2 2 2 2 2 2 2 2 2 2 2 2 2 2 2 2 2 2 2 2 2 2 2 2 2 2 2 2 2 2 2 2 2 2 2 2 2 2 2 2 2 2 2 2 2 2 2 2 2 2 2 2 2 2 2 2 2 2 2 2
left_child=1 3 7 15 16 14 38 28 24 10 11 37 -13 17 19 22 21 45 36 53 47 59 23 56 -4 26 -12 -26 29 -2 31 33 -33 -30 -20 -27 -19 -10 49 -17 60 57 -43 54 -6 58 -47 -8 50 -7 -15 -52 -21 -5 -11 -42 -1 -16 -9 -3 -41 -18
right_child=2 4 8 5 44 6 20 13 9 43 25 12 -14 48 41 39 61 18 34 52 -22 -23 -24 -25 27 35 -28 -29 30 -31 -32 32 -34 -35 -36 -37 -38 -39 -40 40 55 42 -44 -45 -46 46 -48 -49 -50 -51 51 -53 -54 -55 -56 -57 -58 -59 -60 -61 -62 -63
leaf_value=-0.018728971236557809 -0.051560515949649527 0.12337663645724238 0.095710204427308168 0.10689525503602498 0.061340347025745305 -0.026291915584232124 0.048183334694302776 0.07746917298103724 0.082181193947557435 0.08585870339544939 0.066809292244891003 0.10014023701213089 -0.014747935253935231 0.076113064136802105 -0.0062201089814027813 0.084000639150130924 0.06788849790247245 0.010800132454139468 0.025422050883189242 0.094656957591235769 -0.015953430325831335 0.06060113066044806 -0.0036285962188963442 -0.034410715157080343 0.082492187451330273 0.085674493807586072 -0.022729886045387532 -0.05206505878793382 0.041487338640447888 0.088820497892613745 0.087714356790222492 -0.028793252936042096 0.043940790643382438 0.076985645444228215 0.070608322956899117 0.0005967435807452279 0.04745014681230858 0.054125741712694846 0.063236165342129586 0.012800231843967232 -0.051671831415558492 0.12627728938464303 0.014998114767072296 0.093361510341134379 0.089993473119273693 0.078971605660656599 0.011464020531701027 0.10850704053400442 0.10118270979895011 0.019115979453535339 0.06422246798258878 0.026369808142051906 0.028763009727403407 0.00046241067854608842 0.061089072284036594 0.1082624345373014 0.013819392013445751 0.074666730578644286 0.17714141934357394 0.018145156569843789 -0.021084542996623545 0.03863720967671315
leaf_weight=5689.6162459850311 108.6524151340127 19.107389912009239 24375.720196828246 34.118622079491615 2049.1198768168688 1227.7881977558136 463.91161131113768 719.60051220655441 1649.5214018076658 5265.4735478460789 815.52097061276436 278.46002212166786 454.16497055441141 1375.4310279041529 413.41807363927364 75.757808811962605 269.37198376655579 1263.9662000909448 393.61702244728804 546.79580024629831 141.2438226826489 427.24790450185537 1920.9218749701977 4009.1521543189883 73.876235373318195 11207.785802479833 90.300233140587807 54.613645114004612 480.55465210974216 129.45581406354904 2325.962786026299 163.4939249753952 413.40697107464075 5229.0636975690722 806.45218432694674 67.999628499150276 479.82670099288225 939.79759333282709 68.273499242961407 429.60398902744055 12.655979365110396 79.898107632994652 158.37521124258637 17516.392705157399 656.11894889175892 170.05607017874718 215.8853093162179 139.58349080383778 294.43092650175095 205.82394320517778 1600.2550346627831 466.61135236173868 92.149302214384079 193.51808840036392 525.05191818624735 57.153939738869667 264.65618933737278 42.898738648742437 24.606481090188026 5312.9090048745275 333.01198281347752 3917.388983309269
leaf_count=82007 1089 90 9691 257 5026 14766 2487 1733 1463 3976 988 161 1573 2182 3423 475 660 6605 1893 1772 1515 1445 22060 67135 139 9085 275 254 1323 197 2264 630 1007 7552 1430 352 1655 1808 575 3991 136 384 1494 9106 646 322 679 132 254 1713 2761 1556 544 2061 1024 239 3370 239 21 42511 3848 19580
internal_value=0.0648002 0.01112 0.0844336 -0.00929034 0.0379005 0.0218258 0.00508005 0.0645711 0.0896592 0.0860686 0.0787301 0.0625471 0.0289895 0.0550142 0.045902 -0.0185537 0.0296195 0.0441501 0.0351585 0.067303 0.0474509 0.0216769 -0.0208559 -0.024176 0.0953423 0.0831373 0.0578625 0.0253006 0.0729974 0.0247939 0.0743264 0.069359 0.0233051 0.0740066 0.0558251 0.085162 0.0209091 0.0720252 -0.0159446 0.0115569 0.00486498 0.0191362 0.0527051 0.0909463 0.0683223 0.0675157 0.0413498 0.0623004 0.0668425 -0.0197604 0.0638753 0.0556962 0.0852213 0.0168344 0.0836245 0.0788768 -0.0172793 0.00151984 0.0810047 0.0185463 -0.00199794 0.0405362
internal_weight=109228 29251.6 79976 16600.3 12651.3 3807.8 2246.62 16661.3 63314.7 38810.5 15503.6 3321.94 732.625 7810.74 1561.17 12792.5 9946.03 4074.01 2943.86 866.582 744.739 5759.26 11884.3 9963.42 24504.2 12181.6 905.821 128.49 8850.59 238.108 8612.48 6286.52 576.901 5709.62 1200.07 11275.8 1743.79 2589.32 1501.89 908.184 832.426 694.59 238.273 23306.9 2705.24 1130.15 385.941 603.495 3736.73 1433.61 3442.3 2066.87 638.945 227.637 5790.53 69.8099 5954.27 456.317 744.207 5332.02 762.616 4186.76
internal_count=359629 284581 75048 214623 69958 31362 21188 35153 39895 29811 15705 5005 1734 21091 10174 183261 64286 14338 11583 4634 4134 44046 174572 152512 10084 10700 1263 393 14062 1286 12776 10512 1637 8875 3323 9437 8260 3271 17054 8689 8214 5540 1878 14106 5672 2755 1001 2619 6753 16479 6499 4317 2316 2318 5000 375 85377 3662 1754 42601 7839 20240
is_linear=0
shrinkage=0.05


Tree=13
num_leaves=63
num_cat=0
split_feature=8 6 19 1 7 2 19 18 23 16 1 1 18 1 19 10 11 10 18 20 3 19 20 4 10 10 20 4 1 2 20 2 4 1 1 11 11 23 19 20 10 21 16 14 23 23 21 4 23 1 16 23 19 1 6 1 18 24 9 18 1 1
split_gain=41320.8 3044.62 2078.16 984.799 746.328 718.841 695.365 660.462 658.302 651.038 520.34 478.368 458.883 361.615 340.661 304.57 299.322 435.697 296.529 287.673 590.341 371.714 273.045 268.352 215.585 213.363 208.971 201.646 197.63 192.923 189.875 176.809 207.19 175.185 175.082 163.169 170 223.004 216.047 197.737 146.881 142.794 131.8 122.384 164.682 131.936 120.449 131.252 116.5 111.181 103.04 98.7026 92.6611 89.2068 86.0956 84.3624 81.3296 79.3645 75.1405 71.0191 96.1096 69.6333
threshold=4.4749999046325692 3.5000000000000004 709.12850952148449 37.004999160766609 5.0699999332427987 9.5000000000000018 1.1807445883750918 859.49902343750011 0.076996866613626494 0.66419699788093578 72.049999237060561 8.3004999160766619 9.5618000030517596 10.68650007247925 168.52339172363284 4.0025000572204599 5.5000000000000009 4.3999998569488534 12.080500125885012 0.95530068874359142 463.50000000000006 12.575942039489748 1.3725674748420718 66.500000000000014 2.6525000333786015 4.4600000381469735 0.83860415220260631 14.500000000000002 22.005000114440922 129.50000000000003 0.88303846120834362 44.500000000000007 554.50000000000011 6.0004999637603769 38.004999160766609 8.5000000000000018 6.5000000000000009 7.9432756900787362 640.58712768554699 0.78725951910018932 4.4600000381469735 20119283712.000004 0.22451341152191165 1.5000000000000002 2.55617368221283 0.34576587378978735 0.92522484064102184 54.500000000000007 0.35397322475910192 595.94750976562511 0.69592735171318065 20.192837715148929 45.484958648681648 17.005000114440922 1.5000000000000002 34.905000686645515 13.011324882507326 0.004279494285583497 2.2000001668930058 859.49902343750011 74.70999908447267 48.004999160766609
decision_type=2 2 2 2 2 2 2 2 2 2 2 2 2 2 2 2 2 2 2 2 2 2 2 2 2 2 2 2 2 2 2 2 2 2 2 2 2 2 2 2 2 2 2 2 2 2 2 2 2 2 2 2 2 2 2 2 2 2 2 2 2 2
left_child=2 6 5 7 29 8 41 12 10 15 14 -9 22 -13 28 23 17 46 33 20 21 25 26 -10 -16 -6 -4 -24 -1 31 -23 32 40 -11 52 36 37 38 -7 -39 -3 54 49 44 45 -18 47 -8 -17 -12 -20 -36 -19 -14 58 -15 -48 -22 -2 -5 -61 -43
right_child=1 4 3 59 19 35 16 11 9 18 42 13 53 55 24 48 43 34 50 -21 57 30 27 -25 -26 -27 -28 -29 -30 -31 -32 -33 -34 -35 51 -37 -38 39 -40 -41 -42 61 -44 -45 -46 -47 56 -49 -50 -51 -52 -53 -54 -55 -56 -57 -58 -59 -60 60 -62 -63
leaf_value=0.052607886440901565 0.059757316592882741 0.066821340948036601 0.016806299130677025 -0.025347574078092003 0.081266557262186526 0.019603748922597138 0.020016576338934951 -0.019479038814014152 -0.012232959238032842 -0.011648066055656405 0.012373626461436693 0.030756739231756255 -0.021756020630371582 0.001380959618864487 0.0426909791185619 0.047188116368082358 -0.02183142339485996 0.06592425908881841 0.062858390837782385 0.091116006806200439 -0.052133351227927241 0.066232840735459236 -0.014124155955244397 0.086188261128369456 0.016572151784018743 0.089845225922440167 -0.038786397924832239 0.082532011268944133 0.10379416401766657 -0.021167119075314482 -0.036333726216425243 0.087635801484596376 -0.035574329572366108 0.061348418925808924 0.050118341290856898 -0.059006516852499469 0.090155976605115679 0.10828473149033524 0.11166607213747151 0.010610974661598566 0.081330824924136388 0.086309764296971181 -0.027178912198460838 0.085624255650205774 -0.043082207670319637 0.12960204056088742 0.039746514746957812 -0.046766681802149684 0.0091188625303201595 0.083074382925778956 0.00076889739428617765 0.017462223126698092 0.046805600357008578 -0.004349137093378439 0.072517537894922823 0.026944683236511474 -0.002487405731686244 0.083294303260995878 0.019643642590375824 -0.0021617434876251541 -0.020617770012781644 0.049383556412215604
leaf_weight=539.1156303063035 1179.9322762265801 6536.7746228650212 880.45459224283695 2116.4978728033602 14301.197542309761 470.08606524765491 843.03638172149658 777.46111920103431 2773.7599073275924 90.561616793274879 1507.8277527615428 4159.2810709215701 2337.9553305096924 1851.9820136353374 2916.0919650346041 337.48169218748808 21.010169439017773 2273.8627836629748 75.940327115356922 24143.30314835906 90.073406327515841 2100.3282231241465 69.971430066972971 70.030370160937309 1086.9700818732381 15159.501450404525 208.13793858885765 229.78918502107263 293.9095688983798 54.086828246712685 45.456441923975945 1766.1570667549968 45.422398276627064 847.47020878642797 532.97745420783758 26.526018463075161 429.67080374062061 228.60911861807108 72.910140290856361 67.370200872421265 2428.6688811331987 1675.9593493938446 209.10968782007694 666.93571408092976 46.126185514032841 42.571836322546005 1571.3203439638019 79.613250896334648 497.20562829822302 56.814689733088017 509.57996007800102 412.16163869947195 900.08877026289701 1076.008068986237 1948.3562671840191 390.00247303768992 122.53762555122375 11.34264877438545 131.35945428907871 1166.6068191863596 1786.7333124056458 143.90763407945633
leaf_count=2239 2144 9453 10606 31438 10385 2438 3981 11656 29617 630 13245 27558 34376 19823 17319 1790 91 3907 572 9921 837 2429 782 229 9864 7438 2504 715 962 183 157 1174 222 3304 1953 219 405 297 54 228 2207 1179 2111 597 248 55 4808 429 3841 324 3749 1673 2379 15020 2444 3324 650 10 356 13604 23264 212
internal_value=0.061439 0.0803892 0.0116248 0.000116568 0.0846482 0.0265943 0.057829 0.00793348 0.0227124 0.0094029 0.0331833 0.0175344 -0.00641808 0.022033 0.0416785 -0.00198157 0.0481518 0.0447478 0.0368762 0.0869814 0.0838302 0.0842169 0.0178086 -0.00977806 0.035606 0.0856839 0.00614659 0.0599815 0.0707763 0.0726099 0.0640418 0.0730829 0.0702206 0.0542908 0.0548863 0.061948 0.0645254 0.0513014 0.032157 0.0861799 0.070761 0.0721277 0.0100082 0.0775711 0.0282381 0.0799214 0.0287704 0.0142042 0.0245551 0.0149955 0.0089237 0.0359163 0.0605205 -0.0162741 0.0657973 0.00584013 0.0366886 -0.0362725 0.0557607 -0.0183533 -0.0133323 0.0834213
internal_weight=109432 79274.1 30157.9 17050.9 66682.3 13107 12591.8 11981 11811.9 5202.03 6609.84 7178.73 4802.32 6401.27 4836.09 3678.48 7512.24 6735.6 1523.55 55851.2 31707.9 31606.5 1388.35 2843.79 4003.06 29460.7 1088.59 299.761 833.025 10831.1 2145.78 10777 9010.87 938.032 4119.09 1295.17 1268.65 838.976 542.996 295.979 8965.44 5079.51 1773.75 776.644 109.708 63.582 2616.51 922.65 834.687 1564.64 585.52 945.139 3173.95 3413.96 3259.65 2241.98 1693.86 101.416 1311.29 5069.84 2953.34 1819.87
internal_count=359629 71522 288107 194670 44416 93437 27106 126364 89796 43732 46064 62361 64003 50705 30384 35477 20771 19780 8255 31177 21256 20409 14607 29846 27183 17823 13110 1497 3201 13239 2586 13056 11882 3934 9912 3641 3422 3017 2492 525 11660 6335 15680 991 394 146 9868 4410 5631 13569 4321 3626 6286 49396 4944 23147 5458 847 2500 68306 36868 1391
is_linear=0
shrinkage=0.05


Tree=14
num_leaves=63
num_cat=0
split_feature=22 0 22 22 0 1 23 23 20 3 6 20 9 0 18 18 22 18 24 23 15 5 0 20 2 15 16 3 20 20 15 18 5 1 3 16 9 7 22 20 0 1 1 1 1 5 0 24 23 1 2 5 3 9 20 23 1 5 23 1 18 16
split_gain=37901 5490.5 2703.69 1973.59 966.306 674.984 663.402 671.161 553.904 563.312 530.53 786.615 735.426 428.356 417.558 378.948 352.915 335.293 329.719 268.793 253.281 273.423 248.768 227.655 282.175 209.829 204.969 255.135 255.022 202.867 211.023 202.778 196.086 212.334 169.195 325.148 384.625 258.842 175.534 169.126 168.175 165.936 261.026 161.324 156.941 147.923 141.432 138.323 137.581 129.489 121.168 117.2 100.092 84.7685 79.8284 178.482 77.6583 74.3615 123.277 89.3016 71.0711 60.8782
threshold=16.077147483825687 4.2049999237060556 17.235943794250492 15.099993705749513 5.0050001144409189 59.004999160766609 0.17782814055681231 8.8779945373535174 1.0815762281417849 490.50000000000006 7.5000000000000009 0.59580639004707348 2.8150000572204594 3.8850001096725468 229.03364562988284 1.5084208250045779 15.813388824462892 1.1826319694519045 -1.0000000180025095e-35 0.13403186202049258 7.5000000000000009 40.500000000000007 4.805000066757203 0.20671743899583819 10.500000000000002 18.500000000000004 0.9566781520843507 2.5000000000000004 0.28642667829990393 1.0815762281417849 1.0000000180025095e-35 0.35718056559562689 1.5000000000000002 11.802000045776369 81.500000000000014 0.75066137313842785 2.7050000429153447 4.4049999713897714 16.645270347595218 1.3629077672958376 5.9500000476837167 20.89949989318848 47.002500534057624 4.9005000591278085 35.001499176025398 2.5000000000000004 4.4949998855590829 -0.014155631419271229 0.076996866613626494 12.00500011444092 1.5000000000000002 76.500000000000014 30.500000000000004 1.1000000238418581 1.1897729039192202 3.6503616571426396 6.0004999637603769 1.5000000000000002 0.017278578132390979 10.68650007247925 1.6965061426162722 0.052651667967438705
decision_type=2 2 2 2 2 2 2 2 2 2 2 2 2 2 2 2 2 2 2 2 2 2 2 2 2 2 2 2 2 2 2 2 2 2 2 2 2 2 2 2 2 2 2 2 2 2 2 2 2 2 2 2 2 2 2 2 2 2 2 2 2 2
left_child=1 3 15 13 5 32 18 16 9 10 11 31 -13 14 20 34 39 51 29 43 48 -22 26 -12 -25 -19 28 -28 -21 30 -5 -4 33 60 35 37 50 38 -2 -8 44 49 -43 -17 -6 -7 -35 -39 -1 -20 -37 -9 -18 -47 -36 -56 -15 59 -59 -58 -3 -45
right_child=2 4 8 6 40 45 7 17 -10 -11 23 12 -14 56 -16 19 52 25 41 22 21 -23 -24 24 -26 -27 27 -29 -30 -31 -32 -33 -34 46 54 36 -38 47 -40 -41 -42 42 -44 61 -46 53 -48 -49 -50 -51 -52 -53 -54 -55 55 -57 57 58 -60 -61 -62 -63
leaf_value=-0.0034211111936687452 0.032119175963761064 0.066832513789708711 0.078817336532789981 0.10931646338293113 0.062525084048310961 -0.0012164616791752588 -0.024738399586104062 0.061143538017880021 0.087682743898095397 -0.059459455847499149 0.086407529654528581 0.085897508237870013 -0.025021153012163146 -0.040436816474150185 -0.031665740852737816 -0.0083446865631656986 0.026352999822735746 0.0038608507785703088 0.018195948266827598 0.041401723654802873 0.0892945962401058 -0.0096428243186898153 0.067848320560549263 0.062154545494461949 0.080235658992065251 0.10120867234957005 0.027617131106673076 0.064743204354479764 0.0072243519540747926 0.088375717434412943 0.024594262541542886 0.063262838836270027 0.050629499610736962 -0.0048219217762597603 0.08114261624712521 0.049959557334078621 -0.066490578975876138 0.030246160107115883 -0.035482661152359096 0.05078543132695839 0.084350663551882837 0.0872608338926434 -0.0026895808955515969 0.095301031083649734 0.028833897257736482 0.02957377650395504 0.0270771555965253 0.063098210091485182 -0.020250989731335361 -0.040829043092356916 0.075290306434340981 -0.05486039307449371 -0.060169758532684275 -0.045140961348130254 0.095670445820002892 -0.074276409309521743 0.013981867309506688 0.029558686336263979 -0.0093286571328738375 -0.010241534978137462 0.037423066595178286 0.065629571119884975
leaf_weight=1941.6042937524617 457.61567158997059 221.19602401554585 4592.2575362324715 91.081308230757713 1770.0983458161354 1687.8299905732274 1604.5411280728877 717.16952975094318 23102.879923686385 73.756942182779312 12971.033610701561 231.22281390428543 418.2597087174654 106.30425938218832 4796.2035031877458 69.594884879887104 628.95695295184851 749.89484704658389 345.48869811370969 1473.8308817893267 125.5031406879425 155.3171624392271 889.98569309711456 2547.3699179142714 15012.555916197598 58.788406934589148 749.05894275009632 1222.4250042587519 867.87860357016325 469.29940374195576 370.60506005957723 3934.4496144801378 2034.4579060599208 496.64582155644894 1707.2296634316444 555.310816437006 50.05799225717783 410.04792922735214 120.50543770194054 76.762117829173803 689.18591506779194 186.80915823206306 141.06982211396098 201.49357877671719 433.49440874904394 702.25767590105534 1151.9697118997574 1525.7190644368529 3246.5201818794012 125.95718426629901 3566.9261099621654 21.670903198421001 34.3366514518857 39.208914466202259 34.701667875051498 26.263724766671658 546.06956785172224 541.61185442656279 325.51592510938644 1248.0709833651781 3176.3569545671344 1547.5713446959853
leaf_count=25093 1664 409 3335 498 3309 15898 19533 2509 9400 790 6402 146 1549 1232 81539 252 4382 6105 2245 4285 542 1655 1223 2915 10242 113 2391 1997 3807 838 2593 5116 7390 4214 1438 971 223 994 579 309 661 914 1208 208 1849 4182 6222 2325 48689 1196 4132 210 240 296 21 123 5191 4942 3595 14658 15908 2734
internal_value=0.058375 0.0116317 0.0769012 -0.00550969 0.0374132 0.0297094 0.0192479 0.00779031 0.08151 0.0779229 0.0781797 0.0676087 0.0145308 -0.0161914 -0.0208978 0.0581702 -0.00907627 0.0333368 0.0449982 0.0495638 -0.0114494 0.0347161 0.0437595 0.0813543 0.0776167 0.0110601 0.0387733 0.050661 0.0287456 0.0652139 0.0415192 0.0716489 0.0375112 0.0322123 0.065311 0.0616438 0.0702151 0.0473937 0.0179825 -0.0212591 0.0627186 0.0213943 0.048654 0.0661337 0.0559157 0.0069615 0.0174674 0.056161 -0.0139554 0.00236249 0.0718921 0.0576647 0.0217826 0.0255606 0.0791325 0.0223599 0.00126439 0.00294658 0.0149609 -0.00286237 0.0393583 0.0691031
internal_weight=109418 31057.9 78360 18655.2 12402.7 9509.92 5622.43 3892.12 62883.8 39780.9 39707.1 9176.19 649.483 13032.7 10265.1 15476.2 2344.6 1547.52 1730.31 7021.84 5468.94 280.82 5203.18 30531 17559.9 808.683 4313.19 1971.48 2341.71 930.986 461.686 8526.71 7080.63 5046.17 8454.38 6686.18 4172.29 2513.89 578.121 1681.3 2892.78 799.325 327.879 1818.66 2203.59 2429.3 1648.62 1935.77 5188.12 471.446 4122.24 738.84 663.294 741.467 1768.2 60.9654 2767.57 2661.27 867.128 1794.14 3397.55 1749.06
internal_count=359629 290367 69262 230029 60338 54519 42893 33401 39895 30495 29705 10146 1695 187136 157518 29367 24464 8937 9492 16897 75979 2197 13703 19559 13157 6218 12480 4388 8092 3929 3091 8451 34143 26753 12470 10888 5326 5562 2243 19842 5819 5563 2122 3194 5158 20376 10436 3319 73782 3441 5103 2719 4622 4478 1582 144 29618 28386 8537 19849 16317 2942
is_linear=0
shrinkage=0.05


Tree=15
num_leaves=63
num_cat=0
split_feature=22 22 22 23 21 10 10 23 1 1 2 3 17 20 21 1 24 5 22 20 5 5 24 23 5 12 21 6 6 12 2 23 10 15 24 24 2 1 12 3 3 9 24 15 20 2 23 1 17 10 3 12 1 12 9 1 6 9 23 23 5 5
split_gain=34667.8 2646.83 1070.38 634.838 702.99 614.414 577.052 547.937 560.691 656.568 503.566 540.233 435.727 411.37 525.923 395.137 358.953 353.568 335.19 324.978 341.32 322.885 320.233 311.613 437.367 361.796 306.593 272.322 267.733 381.885 257.381 250.907 233.958 227.88 214.106 299.273 207.254 199.346 191.297 185.179 183.129 182.156 181.555 177.922 286.041 173.485 173.47 162.918 169.92 183.832 154.508 145.838 145.715 144.927 225.695 137.599 127.272 124.904 157.145 124.726 124.244 135.553
threshold=16.077147483825687 17.20800876617432 15.099993705749513 0.1935188174247742 41759234.000000007 2.7800000905990605 4.2550001144409189 0.0079432837665081042 48.004999160766609 7.9995000362396249 21.500000000000004 400.50000000000006 3.3220045566558842 0.95530068874359142 281050624.00000006 10.315000057220461 0.0036310558207333092 2.5000000000000004 15.813388824462892 1.3919911384582522 8.5000000000000018 1.5000000000000002 0.0030606851214542989 0.15360077470541003 264.50000000000006 1.6983716487884524 0.099526826292276396 4.5000000000000009 5.5000000000000009 1.6774194240570071 5.5000000000000009 783.26550292968761 2.8600000143051152 10.500000000000002 -0.010586480144411324 -0.055946754291653626 4.5000000000000009 20.89949989318848 1.1923737525939944 11.500000000000002 83.500000000000014 3.4000003337860112 -0.25780907273292536 12.500000000000002 0.83860415220260631 6.5000000000000009 2.3643811941146855 9.004399776458742 1.8469179868698122 3.9550000429153447 25.500000000000004 1.6075282692909243 569.09851074218761 1.1143115758895876 0.60000002384185802 51.004999160766609 1.5000000000000002 1.7199999094009402 183.75904846191409 0.088593959808349623 486.50000000000006 799.50000000000011
decision_type=2 2 2 2 2 2 2 2 2 2 2 2 2 2 2 2 2 2 2 2 2 2 2 2 2 2 2 2 2 2 2 2 2 2 2 2 2 2 2 2 2 2 2 2 2 2 2 2 2 2 2 2 2 2 2 2 2 2 2 2 2 2
left_child=2 13 7 16 18 31 10 8 9 53 26 27 -9 14 23 -11 32 52 19 20 -5 -17 -13 25 33 -2 -7 -12 29 56 -8 -3 60 -25 35 -15 59 51 -39 -40 -27 -33 -31 -20 -45 -36 -14 57 49 -49 -21 -18 -10 -1 -55 -28 -16 58 -6 -34 -4 -62
right_child=1 5 3 4 47 6 30 12 17 15 11 22 46 34 28 21 37 -19 43 50 -22 -23 -24 24 -26 40 55 -29 -30 42 -32 41 36 -35 45 -37 -38 38 39 -41 -42 -43 -44 44 -46 -47 -48 48 -50 -51 -52 -53 -54 54 -56 -57 -58 -59 -60 -61 61 -63
leaf_value=-0.023199906720540474 0.061837401921103312 0.084597434667308555 0.090746231402537639 0.0078890211025353773 -0.026481068112700679 0.021674306627364893 0.072216630072686139 -0.011140654513011031 -0.012661929714535301 0.02777116051959452 0.030199229076969276 -0.064373320271449694 -0.053760154970264519 0.088557123240590063 0.046269852863664945 0.00096055025979197353 -0.018971678043247758 0.023404429059037911 0.015232369177183489 -0.053679180003569416 -0.031090215757975492 0.029326954043783122 0.060166676550041834 0.030725681500105646 -0.05101834013610599 -0.058204864612776443 0.05978748410499083 0.075373039077669263 0.081245042471317891 0.053773802860982038 0.083115835073330729 0.071860189621854281 0.06102050037450895 0.056936996184033112 0.0024053178572447987 -0.033366263340429844 -0.057454891947545467 -0.011495994506656206 0.099417538482140688 -0.057408164700399181 0.080268323161239385 -0.048013119551291054 -0.056336825064461374 0.10174950004368269 -0.016375677695671907 0.081506614476941477 0.098170597337575355 -0.0014638183486953957 0.072103214872916863 0.044855594310401661 0.097232408548912644 0.093080917181189729 0.037486350858712478 0.20673353988374399 -0.020047580972054804 0.0086130514650964666 0.064995457006382845 -0.066386290466833059 0.051969032366348512 0.028055280532828637 -0.029598519535597046 0.081339954553485805
leaf_weight=1159.3435316570103 2128.6497310623527 23439.466952741146 561.14653925597668 1100.426801096648 107.9685447588563 680.24001751840115 8834.0255213603377 5248.5012366734445 3960.7143847122788 5998.0843425542116 346.88641416281462 112.46099067851901 21.3570806235075 94.573423087596893 1362.1224566996098 3647.0057145431638 342.18676899001002 922.63818482682109 1075.481457978487 19.66023300588131 1144.9629757776856 1383.073655795306 93.692835032939911 3465.8898409903049 144.67912110686302 97.091163009405136 3859.0769555792212 10428.933326333761 1391.9393522664905 55.971010006964207 14400.435616701841 63.872671842575073 765.5374411419034 1093.2837178781629 71.995373234152794 105.42719791084528 46.994867265224457 88.292260721325874 144.75657249242067 20.908679611980915 30.590140640735626 60.970671005547047 108.28978450596333 156.77297722548246 75.436639845371246 2005.6915655508637 125.64878726750612 261.03093821555376 438.39467680826783 1186.3241934925318 100.15647975355387 30.721662513911724 149.35570850223303 16.809238955378532 28.077831923961639 136.59966938942671 2819.4328261166811 49.401690900325775 153.29308347404003 464.33340564742684 48.807346012443304 60.86274653673172
leaf_count=18031 3778 9635 1083 9266 946 1578 7417 69996 49371 39375 696 979 233 183 2869 37891 2809 8677 6126 207 13844 12763 109 10251 747 440 4767 7531 1141 148 6943 124 2927 2332 301 463 417 775 558 158 22 270 475 385 435 1665 434 1952 1400 4159 94 60 1246 78 234 357 3844 296 559 3090 394 101
internal_value=0.0553994 0.0733092 0.0108132 0.026007 0.0169207 0.077837 0.073967 0.00515053 0.00949698 0.0152762 0.0665303 0.0723884 -0.00875596 0.0544217 0.0509016 0.0191045 0.0467049 -0.00454922 0.00353483 -0.00769476 -0.0119899 0.00876547 -0.00773101 0.0416479 0.034304 0.0569337 0.052758 0.0739222 0.0621167 0.0559716 0.0789753 0.0842208 0.0572938 0.0370233 0.0740127 0.024416 0.044662 0.0137583 0.0478375 0.0793688 -0.0246244 0.0133607 -0.0186886 0.0238398 0.0634477 0.0787705 0.0758501 0.0392908 0.0448159 0.0365032 0.0721892 -0.00950272 -0.0108297 -0.0197647 0.0674226 0.0580418 0.0589094 0.00570127 0.0195525 0.0486116 0.0812281 0.0321016
internal_weight=108537 77432.3 31104.5 8443.86 5869.31 62456.7 38892.4 22660.6 17265.1 12232.4 15657.9 10982 5395.51 14975.6 12697.9 11028.2 2574.55 5032.71 3672.9 2365.21 2245.39 5030.08 206.154 6960.18 4703.85 2256.33 4675.92 10775.8 5737.76 4345.82 23234.5 23564.3 1947.68 4559.17 2277.69 200.001 1276.87 626.866 253.958 165.665 127.681 124.843 164.261 1307.69 232.21 2077.69 147.006 2196.41 1885.75 1447.36 119.817 372.908 4110.07 1204.23 44.8871 3995.68 4181.56 310.663 261.262 1229.87 670.817 109.67
internal_count=359435 69065 290370 52041 39669 40406 30377 238329 167666 108372 16017 9315 70663 28659 26047 90029 12372 59294 30357 23411 23110 50654 1088 17570 13330 4240 6702 8227 8477 7336 14360 10029 8012 12583 2612 646 6434 4360 1491 716 462 394 623 6946 820 1966 667 9312 7511 6111 301 2869 50617 18343 312 5124 6713 1801 1505 6017 1578 495
is_linear=0
shrinkage=0.05


Tree=16
num_leaves=63
num_cat=0
split_feature=22 0 3 22 0 19 20 19 11 1 23 23 17 3 5 20 19 3 1 19 20 0 6 20 2 0 19 1 0 22 20 23 22 1 1 15 3 23 22 1 0 18 1 8 5 18 17 2 11 1 5 3 3 17 2 2 20 5 3 16 2 11
split_gain=32001.2 4700.99 2613.91 1615.28 1074.31 714.048 590.664 692.26 582.434 568.223 500.745 384.028 373.688 356.539 396.929 642.868 350.049 342.861 320.46 299.186 372.081 402.61 295.203 454.014 294.808 287.202 280.395 256.846 233.47 379.336 220.262 181.391 391.508 177.08 165.204 165.029 164.782 161.019 215.683 156.095 148.463 149.665 144.615 141.632 127.955 125.685 115.072 110.171 109.574 276.027 116.374 109.333 107.722 105.62 102.419 101.525 100.476 177.76 98.4674 93.0425 92.7779 90.7727
threshold=16.403818130493168 4.1949999332427987 2.5000000000000004 17.319483757019047 4.805000066757203 859.49984741210949 1.0660008788108828 8.1048626899719256 5.5000000000000009 59.004999160766609 112069026250752.02 0.17782814055681231 4.8769736289978036 86.500000000000014 361.50000000000006 0.64888793230056774 649.87545776367199 27.500000000000004 22.005000114440922 4.6019885540008554 0.88994005322456371 4.4949998855590829 6.5000000000000009 0.72105088829994213 306.50000000000006 5.9500000476837167 541.80725097656261 22.005000114440922 3.4050000905990605 18.429264068603519 0.50505429506301891 0.069724176079034819 14.767840385437013 64.005500793457045 29.915499687194828 13.500000000000002 400.50000000000006 2.0514693260192876 17.055358886718754 9.3530001640319842 3.5949999094009404 622.96820068359386 2.4750000238418584 4.3900001049041757 7.5000000000000009 9.9902806282043475 1.9964285492897036 9.5000000000000018 5.5000000000000009 8.9640002250671404 1232.5000000000002 77.500000000000014 34.500000000000007 24.034883499145511 1.5000000000000002 2.5000000000000004 0.78725951910018932 218.50000000000003 99.500000000000014 0.3602712750434876 319.50000000000006 6.5000000000000009
decision_type=2 2 2 2 2 2 2 2 2 2 2 2 2 2 2 2 2 2 2 2 2 2 2 2 2 2 2 2 2 2 2 2 2 2 2 2 2 2 2 2 2 2 2 2 2 2 2 2 2 2 2 2 2 2 2 2 2 2 2 2 2 2
left_child=1 2 5 13 9 31 7 24 10 16 11 18 -13 14 19 30 -3 43 -4 39 21 -21 23 -9 28 27 -11 -6 29 -5 -16 32 34 -34 -1 40 42 51 -39 53 41 -7 -24 -10 46 -12 -33 -30 49 50 -15 -17 -22 -2 -42 -41 57 -50 -19 -59 -26 -45
right_child=3 4 8 6 25 35 -8 22 17 26 45 12 -14 48 15 37 -18 58 -20 20 52 -23 36 -25 60 -27 -28 -29 47 -31 -32 44 33 -35 -36 -37 -38 38 -40 55 54 -43 -44 61 -46 -47 -48 -49 56 -51 -52 -53 -54 -55 -56 -57 -58 59 -60 -61 -62 -63
leaf_value=-0.01646610612119476 0.044303224432595954 0.042064184917123638 0.013268614013471073 0.05042056167490222 0.056766512876846253 -0.022375405553829761 0.08167523128500459 0.043466292143561007 -0.021127782561998307 0.019869077565035011 0.057971808016915718 -0.01074665906060949 0.052836257098338238 -0.061180584686728282 -0.060427228818856628 -0.071087914027089347 0.021156686648778945 0.072211621026272863 0.061609928941330931 0.026243269208503523 0.030977019632580788 0.05762087004840627 0.011884536870056406 -0.062028127372705646 0.049470568107576551 0.081194591458379456 -0.011029135132069977 0.029944245956283068 0.072754877058833378 0.074714512636577787 0.078135611794957455 -0.0043124785225106431 0.069433043048560558 -0.023669668413296846 0.013446324983188008 0.26155657723724629 -0.018170584157462963 0.097484915214162499 -0.07818757214614544 0.055161416782713725 -0.014679128033733869 -0.038208026855211442 0.063988497634985805 0.072864121467950002 -0.023123302541767411 -0.016886249465144346 0.046629917916782226 0.079696568585515257 0.071824592238447074 0.072944521930953646 0.085895022351899636 0.013433678826208488 0.088160667350242611 -0.048314350204748086 0.084777682438019364 0.070419022541575935 0.083383835580098944 0.068645096189046614 -0.020963460623927985 -0.07584181297360082 -0.06032476967645705 -0.040365910786715073
leaf_weight=817.96040239930153 664.78069833666086 4111.4024664536119 1177.2924446538091 2419.0468270033598 2706.2891928255558 3718.8240755274892 22047.621603131294 1118.0982913821936 175.70134963095188 1670.7305365726352 734.21497938036919 2142.9896782711148 257.9911547228694 65.782912582159042 31.099468745291233 200.91537592560053 3911.7841091603041 904.58571525663137 483.37683975324035 2361.1447028592229 98.052795611321926 1807.6480824649334 137.92193036526442 111.30277330428362 29.271631017327309 774.39091865718365 1308.250171661377 1339.0798176825047 9790.8442162275314 4858.1567781120539 285.17493361234665 1188.7430961281061 332.97248041629791 59.693720102310181 1056.7802309952676 4.0371609665453425 63.706112809479237 44.036996245384216 27.59660954028368 1651.6088433042169 2112.3830891251564 2504.4169363230467 4587.0227752774954 89.183964870870113 1028.3118120618165 60.163434632122517 121.24251872301102 14558.664576515555 167.7399188876152 264.640340462327 15.891230717301367 46.735021993517876 576.53413639217615 31.428276374936104 25.2109130397439 3393.5686415210366 1648.9111587107182 14.878843426704405 28.776145957410336 36.772950381040573 51.934101533144712 21.271181374788284
leaf_count=9566 1167 13387 8300 2987 5617 61756 9210 2308 1650 10752 2245 21424 952 256 190 901 25244 1688 2823 6628 372 2632 294 576 37 690 14601 5247 6774 3280 312 10986 1720 512 11909 17 265 18 143 2362 30179 45524 4570 227 11992 508 497 7456 144 261 8 99 418 120 262 3304 898 13 140 225 680 112
internal_value=0.0528618 0.0134377 -0.00329533 0.0716384 0.0335798 -0.0159725 0.075161 0.0713518 0.0237664 0.0249517 0.0160003 0.00889201 -0.00389329 0.0559609 0.0523298 0.0139152 0.0318751 0.0546477 0.0273711 0.0546344 0.0454559 0.0398608 0.0557784 0.0338687 0.0743056 0.0532652 0.00629898 0.0478988 0.07455 0.0666476 0.0643474 -0.000160935 0.00991237 0.0552426 0.000390868 -0.0246768 0.061394 -0.036071 0.0295941 0.0623673 -0.0248468 -0.0287528 0.0624715 0.00671714 -0.00993105 0.0522819 0.000430529 0.0769086 0.0743237 0.0482043 -0.031811 -0.0551275 0.0799144 0.0400518 -0.0134647 0.0654371 0.0791342 0.0469388 0.0693143 -0.0336126 -0.0205665 0.0508472
internal_weight=108077 34868.1 19046.1 73208.5 15821.9 12970.6 59773.6 37726 6075.55 11002.2 4856.03 4061.65 2400.98 13434.9 11220.3 635.558 8023.19 1219.52 1660.67 10584.8 4843.38 4168.79 6018.05 1229.4 31707.9 4819.76 2978.98 4045.37 31626.7 7277.2 316.274 4605.7 2267.41 392.666 1874.74 8364.87 4788.65 319.284 71.6336 5741.39 8360.84 6223.24 4724.94 286.156 2338.3 794.378 1309.99 24349.5 2214.62 346.314 81.6741 247.65 674.587 696.209 2137.59 5045.18 1868.3 219.392 933.362 51.6518 81.2057 110.455
internal_count=359435 300527 224989 58908 75538 184920 38437 29227 40069 63984 36252 33499 22376 20471 18666 1663 38631 3817 11123 17003 10050 9260 8013 2884 21214 11554 25353 10864 20497 6267 502 47182 23707 2232 21475 137738 5129 1161 161 6953 137721 107280 4864 1989 23475 2753 11483 14230 1805 525 264 1000 790 1287 30441 5666 1280 382 1828 238 717 339
is_linear=0
shrinkage=0.05


Tree=17
num_leaves=63
num_cat=0
split_feature=22 0 12 22 0 20 19 11 19 19 16 6 19 6 20 16 0 22 12 0 20 8 16 10 19 2 0 6 10 2 12 18 8 13 18 20 0 11 19 16 15 10 10 22 20 5 20 2 5 24 12 20 18 18 20 7 0 0 16 15 13 14
split_gain=29650.8 4165.23 2655.35 1628.48 954.791 617.243 677.388 553.406 500.655 461.998 346.317 321.283 298.385 275.922 410.719 270.208 268.349 349.552 545.111 267.539 245.057 616.466 322.511 399.186 270.045 242.337 241.529 233.657 197.407 175.471 172.94 168.583 164.598 159.958 155.633 152.664 144.345 143.971 136.638 181.297 136.612 132.839 128.65 196.254 122.84 131.44 118.372 105.058 96.1854 96.1482 95.4751 93.5683 88.2969 87.9714 83.5384 82.4408 81.8676 81.584 78.2416 77.9475 74.3769 74.0327
threshold=16.403818130493168 4.1949999332427987 1.1304348111152651 17.319483757019047 4.805000066757203 1.0660008788108828 8.1048626899719256 5.5000000000000009 859.49984741210949 541.80725097656261 0.99965035915374767 2.5000000000000004 11.642106533050539 6.5000000000000009 0.72105088829994213 0.090983003377914443 3.5149999856948857 18.429264068603519 1.9486236572265627 5.9500000476837167 0.93141567707061779 5.2449998855590829 0.98852765560150158 4.060000181198121 19.040555953979496 306.50000000000006 4.9100000858306894 7.5000000000000009 3.6525000333786015 5.5000000000000009 2.3993241786956792 18.65506744384766 3.7949999570846562 -0.24999998509883878 11.650138854980471 0.80419212579727184 2.995000004768372 8.5000000000000018 27.267919540405277 0.27287158370018011 1.5000000000000002 3.0900000333786015 2.717499971389771 16.450043678283695 0.36298181116580969 96.500000000000014 0.37224116921424871 9.5000000000000018 43.500000000000007 0.004279494285583497 1.7606388926506045 0.20671743899583819 703.24029541015636 0.031398611143231399 0.27638398110866552 4.2650001049041757 4.5950000286102304 4.0950000286102304 0.3602712750434876 32.500000000000007 -0.28535711765289301 1.0000000180025095e-35
decision_type=2 2 2 2 2 2 2 2 2 2 2 2 2 2 2 2 2 2 2 2 2 2 2 2 2 2 2 2 2 2 2 2 2 2 2 2 2 2 2 2 2 2 2 2 2 2 2 2 2 2 2 2 2 2 2 2 2 2 2 2 2 2
left_child=1 2 8 11 9 6 16 10 44 38 15 12 60 14 -8 32 17 18 -5 52 22 42 23 27 59 -19 40 -13 -17 55 35 33 -4 -10 50 -15 -33 49 54 48 -14 -32 43 -22 45 57 -26 51 -40 -31 -12 -18 -6 -35 -3 -9 -11 -1 -25 -24 -2 -36
right_child=3 4 7 5 19 -7 13 29 31 56 34 20 26 30 -16 28 47 25 -20 -21 21 -23 24 58 46 -27 -28 -29 -30 37 41 36 -34 53 61 -37 -38 -39 39 -41 -42 -43 -44 -45 -46 -47 -48 -49 -50 -51 -52 -53 -54 -55 -56 -57 -58 -59 -60 -61 -62 -63
leaf_value=-0.0037045865590964741 0.010143041962486825 0.046513988158240129 -0.027626467708424765 0.059252419534908618 0.051873735817535439 0.079138838750672402 0.040939157381221822 -0.019990939896996632 0.18579694009750311 0.0085027389106440594 0.050077973004973721 0.011994187398787172 0.014758936472835507 0.054826504046579405 -0.060571086650807154 0.0029597541477764124 0.072051130484877296 0.07202663585323249 0.00024178876997336276 0.076843568114295768 0.091005586279782114 -0.075604671092390219 0.069861283262123194 0.068062775447594301 0.039424357273390088 -0.026377322699597357 0.064633511437607247 0.044029057114340721 0.042842980061071678 0.072740971825345099 -0.059425579825915155 -0.035141417628660819 0.067317443507139613 0.057828566366368711 -0.036119721665786857 0.07639017339703609 -0.020597267225079693 -0.058994457978836214 0.032534522390203602 0.010923695427995393 -0.035894980870804852 0.077710542339388122 0.080209719175715885 -0.065940938130307117 -0.02860183687300601 0.11981603950154476 -0.027387525100342786 0.077016585518157821 0.073154051276311721 0.036082352374245993 0.1485768835281239 0.057259919636106993 0.0371225287571358 -0.0097046107602887163 0.0037426111423839513 0.06441293960421908 0.021300831536230146 0.016149602690642983 0.049565237093865594 0.026141318672958887 0.05243649623850391 0.072540424654019567
leaf_weight=3442.5592950694263 111.04665622860193 1881.3642328754067 53.368824504315853 2175.8380691409111 2134.53735614568 21627.153453677893 1127.5682082772255 106.18929346650839 9.9644996002316457 3538.2677818089724 713.69746050238609 1025.1983814425766 649.3525265827775 3616.0116711556911 108.37974333763123 3409.3098213598132 8320.2380789220333 5318.2372073978186 477.34378862380981 777.29551750421524 39.704452440142632 67.027717754244804 3315.5653505623341 1208.4423248022795 239.82857848703861 62.766142465174198 208.14819827675819 1283.0498192682862 340.39221397042274 789.82175517827272 53.2097532376647 2737.5723095871508 293.56547284126282 49.832480475306511 76.389962516725063 1075.7745729535818 4554.6127346865833 23.433090917766094 2383.6878157109022 1125.7508416026831 166.34552101045847 25.198578894138336 1927.8591914251447 38.014816358685493 414.03831972926855 21.743779726326466 90.576410517096519 13719.800048470497 155.31255992501974 236.12155845761299 24.855364769697189 1259.7627790719271 1972.7494868710637 936.12701876461506 121.9992965683341 38.62031164765358 1934.8909360319376 607.88590997457504 1126.9209183380008 107.1784989386797 1843.6940607503057 18.66500910371542
leaf_count=37415 302 4541 477 2183 4896 9210 2308 978 102 29836 2362 2846 2484 4077 576 29108 5421 3592 1090 690 21 278 2841 1284 430 616 282 2273 1858 1306 288 49611 862 559 800 746 74613 202 12110 5640 936 18 1212 156 5206 84 302 7103 402 843 15 1209 5968 13973 479 129 10976 4389 1581 226 3017 97
internal_value=0.0505739 0.0127327 -0.00316793 0.0688235 0.0314831 0.0724056 0.0685036 0.023897 -0.016145 0.0233977 0.0164919 0.0531118 0.0385911 0.0530968 0.031992 0.0105066 0.0714549 0.0635391 0.0486416 0.0499154 0.0572385 0.0726737 0.0534198 0.0445856 0.0643339 0.0708732 0.0166948 0.0298144 0.00659208 0.0544257 0.0585561 -0.0234269 0.0526604 -0.00412039 0.0458519 0.0597871 -0.0260621 0.0615395 0.0334028 0.0276445 0.00439164 -0.0148667 0.077667 0.0143124 -0.00268863 -4.63097e-05 0.0210663 0.0741814 0.035049 0.0643522 0.053596 0.0701128 0.0448006 -0.00623114 0.043915 0.00277242 0.0130311 -0.000720409 0.059164 0.0685017 0.0500428 -0.0141981
internal_weight=107340 34924.6 18898.8 72415.2 16025.9 58967.3 37340.1 6124.43 12774.3 11141.3 4930.24 13448 2978.59 6006.14 1235.95 4096.64 31334 8034.19 2653.18 4884.58 10469.4 2072.61 8396.76 4643.61 3753.15 5381 1023.85 2308.25 3749.7 1194.19 4770.19 8288.11 346.934 995.924 833.608 4691.79 7292.19 1049.38 5668.11 3664.75 815.698 78.4083 2005.58 77.7193 4486.23 4072.19 330.405 23299.8 2539 1025.94 738.553 9580 4107.29 985.959 2003.36 144.81 5473.16 4050.45 2335.36 3422.74 1954.74 95.055
internal_count=359435 300527 224989 58908 75538 38437 29227 39037 185952 63984 35579 20471 7021 8013 2884 32305 21214 7481 3273 11554 13450 1667 11783 7984 3799 4208 3702 5119 30966 3458 5129 138858 1339 14634 3274 4823 124224 2351 23172 18152 3420 306 1389 177 47094 41888 732 13733 12512 2149 2377 6630 10864 14532 5020 1107 40812 41804 2865 3067 3319 897
is_linear=0
shrinkage=0.05


Tree=18
num_leaves=63
num_cat=0
split_feature=22 22 22 1 2 12 1 15 1 3 12 5 15 15 16 2 2 6 7 16 3 13 22 2 16 1 16 21 17 4 6 11 12 1 5 12 22 18 1 6 22 17 24 21 24 12 5 1 1 16 16 5 4 1 16 7 13 11 1 12 24 5
split_gain=27584.6 1708.59 1640.98 674.635 521.854 488.153 466.63 651.119 443.848 338.665 378.683 524.864 315.391 305.634 305.584 303.202 275.135 269.605 250.909 219.799 457.385 266.487 227.77 249.515 218.239 211.237 228.958 187.082 185.984 182.07 177.265 164.147 234.774 164.079 176.878 155.959 339.173 153.727 152.777 151.244 163.471 148.339 144.499 142.453 151.104 140.634 135.378 135.034 191.203 136.95 132.75 155.252 142.611 124.873 124.512 115.996 105.817 101.564 243.878 110.081 107.305 102.357
threshold=16.403818130493168 15.813388824462892 17.319483757019047 48.004999160766609 88.500000000000014 2.0629960298538212 9.9984998703002947 9.5000000000000018 10.315000057220461 86.500000000000014 1.707591235637665 361.50000000000006 9.5000000000000018 12.500000000000002 0.54774570465087902 1.5000000000000002 33.500000000000007 5.5000000000000009 4.1849999427795419 0.9962335228919984 317.50000000000006 0.00087299678125418733 18.281077384948734 114.50000000000001 0.35717304050922399 10.68650007247925 0.13123141974210742 49999248.000000007 1.0425278544425967 45.500000000000007 21.500000000000004 5.5000000000000009 1.1000849008560183 569.09851074218761 2.5000000000000004 1.4244499206542971 15.250007629394533 168.37437438964847 49.003000259399421 3.5000000000000004 17.677547454833988 2.9880000352859502 0.0036310558207333092 17761735.000000004 0.0097100608982145804 1.6391165852546694 81.500000000000014 19.997500419616703 61.004999160766609 0.49975961446762091 0.25010785460472112 145.50000000000003 66.500000000000014 5.0009999275207528 0.42776788771152502 3.0349999666213994 -0.011188815347850321 5.5000000000000009 8.9640002250671404 1.58102023601532 -0.0027755271876230832 1232.5000000000002
decision_type=2 2 2 2 2 2 2 2 2 2 2 2 2 2 2 2 2 2 2 2 2 2 2 2 2 2 2 2 2 2 2 2 2 2 2 2 2 2 2 2 2 2 2 2 2 2 2 2 2 2 2 2 2 2 2 2 2 2 2 2 2 2
left_child=1 3 9 6 5 15 7 35 43 10 18 12 56 -14 -7 45 38 -18 -2 -6 22 30 23 -21 42 31 -27 46 54 47 -22 32 -3 34 -5 41 -37 -36 -16 40 -17 -1 -9 44 -8 -4 -10 49 -49 -28 52 -52 -34 -30 -20 -26 -12 58 61 60 -59 -11
right_child=2 25 4 33 19 14 8 24 27 57 11 -13 13 -15 16 39 17 -19 28 20 21 -23 -24 -25 55 26 29 -29 53 -31 -32 -33 50 -35 37 36 -38 -39 -40 -41 -42 -43 -44 -45 -46 -47 -48 48 -50 -51 51 -53 -54 -55 -56 -57 -58 59 -60 -61 -62 -63
leaf_value=-0.015859330857070683 0.024230546890074048 0.049005338973425926 0.0550789198333878 -0.013641773228685575 0.076971393632058543 -0.064693583144720915 0.023555849453728666 0.039068863400692475 0.0043442221038249539 -0.059708436485574473 0.021599674750800449 -0.047744247651154807 0.090536661122995299 0.01987162406761403 0.028995269093262319 0.036132259849906118 -0.018136157455495756 0.06354757432229996 0.056721141165280209 0.056723391524048573 0.074165585990570174 0.079273506819630898 0.072932584463914374 -0.097288620541542928 0.18970075758024207 0.063881120221272167 -0.019926940325491645 0.037177234474745476 0.024136723370448039 -0.026321760613584336 -0.066938869119922417 0.066952506643979878 -0.031604195517875008 0.03221321123867122 -0.004636553502865042 0.12824971753844291 -0.016456568484700757 0.021572634095609288 -0.073367419140015058 0.070498699036189369 0.065134434876785136 0.042995540014511092 -0.036885309929731686 0.049939922050713237 -0.026681732333683351 0.0026759997641566109 0.030270217942426531 0.041289993441707508 0.0098569178586083786 0.025839945634243012 0.022076595059385383 0.090269874379270976 0.04376007088430578 0.063289343813798221 0.04081953344827785 0.065458670009166595 -0.03286736464911471 -0.056189549479336347 0.066707448803058872 0.076821664684098789 0.052160194524352721 0.07893644942512755
leaf_weight=3294.4936512261629 854.78880738466978 1837.6129167824984 2969.0190926343203 4493.5275314934552 22081.654127374291 60.372219495475292 6639.9914799295366 178.63830023631454 7967.2196585647762 65.268967591226101 222.27869667112827 227.29708919674158 334.26068297028542 283.1856379956007 798.88920768350363 660.81134390085936 106.62015122175217 1768.1795033738017 1944.2031637206674 68.477590262889862 25.863279774785042 60.519094169139862 1544.2522209733725 41.313901796936989 19.531755518168211 345.9103901386261 308.09661241620779 508.63674302399158 218.03600800037384 189.97303982824087 131.32177328318357 597.02360103279352 207.11563932150602 269.55430427193642 2145.7620110027492 61.202891662716866 115.34665887057781 755.6357811614871 37.22854271531105 25664.789116799831 1893.9759434238076 109.67263991013169 95.138918004930019 505.69104159623384 152.24472076818347 134.11969505250454 536.64770485088229 1380.1078081130981 746.55957347899675 345.84936109930277 693.03504103422165 94.211829073727131 88.8774783462286 3601.244066759944 3430.4114011451602 291.80109557509422 147.46436661481857 27.835000991821289 263.55418867617846 1690.5443145185709 110.30351169407368 15.715656980872152
leaf_count=46098 2644 3668 3434 56461 9734 217 43603 1030 85120 256 696 935 184 634 1595 1111 311 1514 2840 61 15 28 922 159 59 738 2057 2666 443 997 1037 920 1146 1902 24129 260 899 7008 185 16065 1645 763 873 1873 1634 404 3278 4303 4156 1088 2607 206 284 3713 5969 701 608 167 261 968 145 8
internal_value=0.0484565 0.0120696 0.0662591 0.00662266 0.0699052 0.0659217 0.011359 -0.00357458 0.0151735 0.0505032 0.0470055 0.020604 0.0363784 0.0582195 0.0457684 0.0677031 0.0482531 0.0588924 0.0501936 0.0755718 0.0590257 -0.00904557 0.0679883 -0.00154034 0.0452789 0.0344927 0.0254219 0.00774919 0.052604 0.0209218 -0.0433678 0.0430332 0.0381211 -0.00603013 -0.00742899 -0.0115693 0.0341191 0.00219269 0.0243494 0.0693379 0.0576519 -0.0139497 0.012618 0.0243391 0.0224253 0.0528172 0.00598427 0.0241596 0.0302677 0.00427244 0.0196243 0.030348 -0.00888668 0.0610624 0.0465822 0.0738515 -0.000139949 0.0685984 0.0434405 0.0733092 0.0300448 -0.0321078
internal_weight=106459 34975.1 71483.8 28140.7 58047.4 34094 20476.3 4165.83 16310.4 13436.4 11263.2 1214.49 987.189 617.446 2771.29 31322.7 2710.92 1874.8 10048.7 23953.4 1871.75 217.704 1654.04 109.791 585.11 6834.37 3316.5 9012.5 9193.89 2970.59 157.185 3517.88 2920.85 7664.48 7394.93 3580.72 176.55 2901.4 836.118 28219.6 2554.79 3404.17 273.777 7297.93 6792.24 3103.14 8503.87 2780.61 2126.67 653.946 1083.24 787.247 295.993 3819.28 5374.61 311.333 369.743 2173.22 344.539 1828.68 138.139 80.9846
internal_count=359435 300527 58908 278357 38437 26481 188857 50683 138174 20471 18666 3057 2122 818 3822 22659 3605 1825 15609 11956 2222 1080 1142 220 2663 22170 13339 91064 12965 12601 1052 8831 7911 89500 87598 48020 1159 31137 1780 18821 2756 46861 1903 47110 45237 3838 88398 11604 8459 3145 4243 2813 1430 4156 8809 760 1304 1805 525 1280 312 264
is_linear=0
shrinkage=0.05


Tree=19
num_leaves=63
num_cat=0
split_feature=8 0 6 12 10 19 0 19 23 23 19 4 23 0 10 3 15 10 3 3 12 4 0 17 23 23 3 24 3 19 18 0 9 24 0 10 10 15 10 5 0 15 13 6 23 19 8 0 0 17 23 6 0 17 5 12 13 17 0 5 24 6
split_gain=25265.5 3168.23 2768.94 1669.26 813.625 833.335 696.109 551.599 498.653 819.389 493.653 362.556 343.937 411.306 311.522 301.626 294.485 289.231 308.124 271.905 269.531 249.45 226.747 221.942 203.425 199.673 198.559 194.579 188.495 179.992 175.492 164.501 164.286 164.075 161.215 160.279 154.711 150.693 149.171 141.982 137.462 134.581 129.881 128.95 112.652 173.305 107.578 106.82 104.815 104.494 103.757 103.28 110.234 101.379 101.256 88.6984 89.1707 81.8751 81.8099 78.9733 78.5523 65.3341
threshold=4.4749999046325692 4.2049999237060556 3.5000000000000004 1.1304348111152651 2.7975000143051152 5.6891684532165536 5.1099998950958261 1.4713264107704165 0.20919195562601092 11.220189571380617 709.12850952148449 67.500000000000014 2.55617368221283 4.3949999809265146 4.4600000381469735 14.500000000000002 5.5000000000000009 4.4600000381469735 88.500000000000014 387.50000000000006 1.3825343847274782 68.500000000000014 3.5949999094009404 1.8469179868698122 20.192837715148929 3223.5991210937505 376.50000000000006 -0.0044553140178322783 83.500000000000014 688.66018676757824 622.96820068359386 3.3950001001358037 2.3999999761581425 -0.0075125624425709239 3.9850000143051152 4.060000181198121 2.9025000333786015 10.500000000000002 3.6525000333786015 486.50000000000006 6.3500001430511483 57.500000000000007 -0.24999998509883878 3.5000000000000004 0.076996866613626494 172.04351806640628 5.9500000476837167 4.6949999332427987 4.5950000286102304 3.4635279178619389 2507710473961472.5 1.5000000000000002 5.3150000572204599 2.4932321310043339 4.5000000000000009 1.0769230723381045 0.041534671559929855 1.9964285492897036 5.1099998950958261 32.500000000000007 -0.060143988579511636 33.500000000000007
decision_type=2 2 2 2 2 2 2 2 2 2 2 2 2 2 2 2 2 2 2 2 2 2 2 2 2 2 2 2 2 2 2 2 2 2 2 2 2 2 2 2 2 2 2 2 2 2 2 2 2 2 2 2 2 2 2 2 2 2 2 2 2 2
left_child=1 3 7 10 27 14 29 31 11 38 34 15 28 25 24 20 23 18 35 -20 -5 -18 30 -11 61 49 -26 33 32 48 42 54 41 -4 44 -7 39 -27 53 -13 -8 -9 -12 -40 45 -1 58 -31 -3 -14 -46 52 -15 -10 -2 57 -57 -36 -33 -19 -34 -6
right_child=2 6 4 8 5 17 40 12 9 16 22 36 13 51 -16 -17 21 59 19 -21 -22 -23 -24 -25 26 37 -28 -29 -30 47 -32 46 60 -35 55 -37 -38 -39 43 -41 -42 -43 -44 -45 50 -47 -48 -49 -50 -51 -52 -53 -54 -55 -56 56 -58 -59 -60 -61 -62 -63
leaf_value=0.060145462933294841 0.0051614488947797459 0.022220670858592501 -0.069727364678450213 0.017014557891065176 0.041722001516105632 0.029882405033132654 0.047315373957444763 0.040248039111048538 -0.028394187522845112 -0.015150338578954568 0.13192203149433643 0.081210039840655293 -0.013569410896369552 0.021874543747768968 0.071913771302159188 -0.033086602693405867 0.07505758196577815 0.056022637051894621 0.060623027138867927 -0.03325029703391956 0.069072704386294329 -0.061011000930673888 -0.0091918199450994522 0.048896653541057905 0.064439904976892948 0.01701752235701234 0.0084097923855320344 0.074487755554269008 0.076934094501187003 0.010800137438816887 -0.03709431895200109 0.04907440931483914 0.053538128468936755 0.057784852696269866 0.013592370650570507 0.049300882125264955 -0.037867249320222368 0.074997935683852851 0.060603885763857779 0.037828266169961475 0.081625303822782588 0.085662489127824926 -0.020175435398648765 -0.047122536682635566 -0.020378677946238918 -0.0029889088918610431 0.069299146268755815 0.025088710729304936 0.038112968866173921 0.032441659088577747 0.046482061768505882 0.049786946158834083 0.065491476864150439 0.01493005378114096 0.043448918851594222 -0.047538526119834376 0.053702918051469754 0.077637172696224277 0.072531647802135918 0.072266918128916738 -0.041533267406700658 0.066091323088823886
leaf_weight=115.78299269080162 223.52092760801315 2142.8423730432987 41.932664945721626 956.78192528709769 1552.7352931499481 2977.8360715508461 2022.1583032757044 2230.9310221597552 1240.5613862760365 308.77103412523866 13.098215613514183 549.95991239696741 866.05368110537529 953.71093291044235 14115.894115820527 216.35503452643752 477.99889471381903 1814.3621367663145 2694.5371033102274 78.745212323963642 335.65404047071934 35.457609705626965 2784.7029558196664 239.13699283823371 12839.469538770616 1319.7878985479474 160.62612893804908 22111.840523868799 423.91685108840466 3462.5375673174858 2358.7487947046757 2736.0031756162643 28.036345615983009 60.165514469146729 1363.9801180139184 1662.0155352503061 36.591440878808498 121.70439639687538 99.207434289157391 292.02117612585425 343.95104664564133 176.31345894932747 3653.0172971896827 37.538848169147968 1395.111241094768 1568.3667238876224 1349.3035357743502 2106.1404911726713 2027.3314733281732 142.86016145348549 59.573698297142982 1182.1877344250679 170.57419529557228 150.72266052290797 767.27582743763924 104.8565189614892 26.442942127585411 50.905036740005016 437.06533864140511 1322.8724514693022 85.548554979264736 339.65318295359612
leaf_count=699 597 11490 170 7974 2184 5705 4063 6034 15116 2927 129 718 4259 2383 7686 1514 903 1859 2451 366 1281 283 37536 1038 9581 4333 803 10161 231 26197 45554 3732 82 68 10809 2122 215 133 726 928 239 116 62681 250 17260 18828 893 9414 6759 334 191 1789 177 1027 1302 1012 172 133 323 836 420 239
internal_value=0.0464399 0.00813232 0.0620594 -0.00489674 0.066504 0.0621974 0.028013 0.0412797 0.0198511 0.00464831 -0.0140248 0.0363294 0.0326271 0.0243025 0.066577 0.0214323 0.0383785 0.05015 0.044748 0.0579447 0.0305812 0.0655511 -0.0209981 0.0128323 0.0615136 0.0100293 0.0637487 0.0741698 0.0460598 0.0220979 -0.0264518 0.053358 0.0408374 0.00519756 -0.000909612 0.0368484 0.0618533 0.0219648 -0.0187871 0.0662328 0.0523373 0.0436106 -0.0195948 0.0308677 -0.00741983 0.00138164 0.0574075 0.0162087 0.0299552 -0.00702371 -0.017607 0.0394535 0.0285488 -0.0236898 0.0348303 0.0122995 -0.0268595 0.0159533 0.0523289 0.0628948 -0.0177606 0.0461311
internal_weight=105564 30576.3 74987.5 18471.3 61772.7 39558.7 12105 13214.8 4976.76 2589.39 13494.6 2387.36 7701.63 4756.88 29008.4 1508.79 1061.36 10550.4 7413.13 2773.28 1292.44 513.457 8809.57 547.908 14892.5 2450.41 13000.1 22213.9 2944.75 9738.85 6024.86 5513.17 2520.83 102.098 4685.02 4639.85 878.573 1441.49 1528.03 841.981 2366.11 2407.24 3666.12 136.746 3138.83 1684.15 4522.37 5568.68 4170.17 1008.91 1454.68 2306.47 1124.29 1391.28 990.797 1546.18 131.299 1414.89 3173.07 3137.23 113.585 1892.39
internal_count=359435 288066 71369 229904 44231 33832 58162 27138 34900 22270 195004 12630 20291 13408 20493 10769 5151 13339 10644 2817 9255 1186 145900 3965 12807 9059 10384 10399 6883 53860 108364 6847 6652 238 49104 7827 1861 4466 17119 1646 4302 6150 62810 976 36978 19527 4948 35611 18249 4593 17451 4349 2560 16143 1899 12126 1184 10942 4055 2695 502 2423
is_linear=0
shrinkage=0.05


Tree=20
num_leaves=63
num_cat=0
split_feature=22 19 22 20 1 19 1 5 1 15 3 10 22 2 23 15 10 23 23 2 6 20 15 19 8 8 3 1 1 2 1 11 1 10 19 10 1 1 23 5 23 6 1 20 10 21 11 1 20 5 15 7 20 23 5 20 10 10 1 19 1 13
split_gain=24523.4 1670.16 1542.17 675.577 647.337 628.4 610.946 446.155 306.56 303.767 280.121 277.185 441.972 281.235 276.33 247.316 244.439 313.65 470.585 231.72 217.201 269.926 223.525 216.472 195.324 189.025 372.426 178.88 173.409 170.495 156.134 171.47 149.366 140.049 126.128 125.641 121.811 112.598 105.912 104.557 103.691 103.025 100.045 99.4707 91.6037 98.7355 91.1453 161.265 88.1434 178.879 85.3214 187.78 129.569 67.4467 74.8634 64.2872 143.555 63.2888 61.3293 58.7302 56.3427 48.3199
threshold=16.450043678283695 859.49984741210949 17.319483757019047 1.0660008788108828 37.004999160766609 11.151716709136965 72.049999237060561 1.0000000180025095e-35 7.9995000362396249 51.500000000000007 95.500000000000014 3.8999999761581425 18.429264068603519 126.50000000000001 79338863067136.016 193.50000000000003 4.1250000000000009 0.0092679550871253031 11.220189571380617 313.50000000000006 8.5000000000000018 0.72105088829994213 23.500000000000004 11.642106533050539 5.3200001716613778 5.0699999332427987 14.500000000000002 9.9984998703002947 10.68650007247925 8.5000000000000018 9.3530001640319842 5.5000000000000009 10.68650007247925 2.717499971389771 245.21841430664065 2.8925000429153447 582.23999023437511 70.001998901367202 1.0504661202430727 44.500000000000007 1.8975817561149599 1.5000000000000002 512.20498657226574 0.80419212579727184 3.9499999284744267 0.25118845701217657 5.5000000000000009 8.9640002250671404 0.80419212579727184 213.50000000000003 7.5000000000000009 2.9750000238418584 0.99318918585777294 1.464158356189728 541.50000000000011 1.6703642010688784 3.0475000143051152 4.2100000381469735 613.19500732421886 61.899600982666023 218.004997253418 -0.0022460427135229106
decision_type=2 2 2 2 2 2 2 2 2 2 2 2 2 2 2 2 2 2 2 2 2 2 2 2 2 2 2 2 2 2 2 2 2 2 2 2 2 2 2 2 2 2 2 2 2 2 2 2 2 2 2 2 2 2 2 2 2 2 2 2 2 2
left_child=1 6 10 5 7 11 9 8 -3 16 15 12 13 -4 50 23 17 34 -19 -14 21 59 43 30 -23 33 -27 -24 39 37 31 -2 -10 -25 -1 53 38 -13 44 -18 -30 -32 -6 -22 45 -8 47 -12 49 -48 52 -52 -9 54 -11 56 -16 -40 -44 -7 -59 -49
right_child=2 4 3 -5 42 20 36 14 32 35 46 29 19 -15 55 -17 28 18 -20 -21 22 24 27 25 -26 26 -28 -29 40 -31 41 -33 -34 -35 -36 -37 -38 -39 57 -41 -42 -43 58 -45 -46 -47 48 61 -50 -51 51 -53 -54 -55 -56 -57 -58 60 -60 -61 -62 -63
leaf_value=0.042588169067920061 0.018436456964022439 -0.021007800786964403 0.045091186266571132 0.072994807647631443 -0.017559550132750085 0.0409472610967812 0.0047120008337445604 -0.010508462750705 0.021297775044665124 0.077113760580252946 -0.031898446230255853 0.063234260902404082 0.065554395815543023 -0.045610670207603433 -0.029006785542013237 -0.071342463491014044 0.040145549650707442 0.0046927029797064305 0.034750184035059944 -0.028942886230982651 0.050980725266231333 0.079138107611733233 -0.033779833641872307 -0.048998187582480264 -0.062225438468650043 0.030293804925295282 -0.045077021706993133 0.038239604678593005 0.037196626222627392 0.071413709944499013 0.033048483008772625 0.06210481952580485 0.0055796593232606351 0.042635607419353461 0.024285795249345703 -0.04060934297966326 0.04177465688573398 0.030744712945913896 -0.034540283625125609 0.092033830683172446 0.010416048522417346 0.054499766995817114 0.033799196190959051 0.072930617069287093 0.021783571338843885 -0.024514628063411509 0.061280325661254222 0.074290015264293158 0.073966950249029079 -0.068692618457137852 0.13823200725242007 0.0019510382824156737 -0.049875000795996778 -0.0063962526177120506 0.036051897944542888 0.078347847378067492 0.041474217441365507 0.0083172549045192716 -0.054486216128744575 0.013418483708830795 -0.035207981374656194 0.017197322424408436
leaf_weight=1465.1985630318522 760.07471336424351 602.21031393110752 3376.5531213879585 20308.869634568691 4549.5332456342876 977.40106877684593 1841.4774879515171 3535.1474358253181 4632.3704711832106 455.37329130247235 62.98238605260849 8747.6554404050112 6938.0508942604065 86.861054249107838 96.844250656664371 46.033996298909187 2515.0017159804702 4636.9437213130295 1810.1727109923959 64.888881448656321 2126.392320252955 29.44239616394043 121.69974298030138 41.533031225204468 123.94090254604816 886.23378507047892 200.06261198967695 289.23863725364208 594.28671264648438 11838.256362915039 635.02193963527679 319.40445554256439 2245.9555501900613 2606.0535515770316 2657.9736487418413 29.825405955314636 189.60655923187733 278.5923488587141 292.94588223844767 100.86613009124994 924.97512874752283 5204.8993751332164 143.85422806069255 694.09863312542439 628.05459351837635 341.72251617908478 124.20812483131886 144.69853800535202 1315.8067887723446 32.646903768181801 27.279249552637339 239.12783333286643 221.36528079584241 32.723690897226334 151.05538009479642 60.921338174492121 276.04061516746879 272.65679382532835 21.80670927092433 243.8970735296607 101.06772100925446 51.006365865468979
leaf_count=5949 1650 10696 3962 9283 65799 1651 16517 54020 28598 554 206 6317 4828 271 807 173 5610 37478 6796 680 2325 12 402 194 638 2108 834 382 1655 6106 1212 332 23272 4943 15950 161 983 389 2926 107 3350 5857 1368 494 3675 3676 109 96 691 165 127 2070 3402 95 416 58 2829 1526 254 729 704 103
internal_value=0.0446999 0.011081 0.0621727 0.0656962 -0.000484311 0.0615695 0.0211949 0.00571118 0.0131718 0.0255689 0.0462253 0.0641065 0.0574418 0.0428025 -0.00681043 0.0431957 0.024066 0.0200294 0.0131369 0.0646741 0.0443016 0.0276144 0.0513882 0.0436978 -0.034721 0.0339713 0.0163795 0.0168686 0.0343761 0.0674465 0.0489401 0.0314075 0.0161677 0.0411783 0.0307996 0.0585125 0.0028554 0.0622356 0.000720796 0.0421826 0.0209126 0.0521741 -0.0161681 0.0564081 0.0049722 0.000125923 0.0649084 0.0372655 0.0697322 0.033933 -0.0109016 0.0163892 -0.0128423 0.0632019 0.0669701 0.0310559 0.0231272 -0.0171799 0.0218906 0.0354692 -0.00350264 0.0595985
internal_weight=104371 35694.4 68676.5 56245.8 16652.5 35937 19041.9 11937.3 7480.54 15374.4 12430.7 31330.9 10466.4 3463.41 4456.73 10699.3 14705.4 10570.3 6447.12 7002.94 4606.11 1374.68 3231.43 10653.3 153.383 3733.88 1086.3 410.938 4135.13 20864.5 6919.4 1079.48 6878.33 2647.59 4123.17 668.978 3667.53 9026.25 3477.92 2615.87 1519.26 5839.92 4715.19 2820.49 2811.25 2183.2 1731.35 258.687 1472.66 156.855 4022.92 266.407 3756.51 639.152 606.429 433.806 372.885 666.67 165.661 1221.3 373.725 195.705
internal_count=358570 301428 57142 38469 193300 29186 108128 125879 62566 78121 18673 22553 9741 4233 63313 17303 76895 66173 44274 5508 6633 3030 3603 17130 650 8079 2942 784 10722 12812 9051 1982 51870 5137 21899 1226 30007 6706 29024 5717 5005 7069 67421 2819 23868 20193 1370 405 965 274 59619 2197 57422 1065 970 3694 3636 5156 1622 2380 2230 199
is_linear=0
shrinkage=0.05


Tree=21
num_leaves=63
num_cat=0
split_feature=22 0 9 22 0 10 19 19 1 6 17 11 23 9 3 3 3 9 4 1 1 15 6 1 0 4 10 17 2 17 6 8 19 2 18 3 3 9 23 23 22 23 8 8 19 19 0 8 9 23 0 1 2 19 23 10 7 1 23 1 23 11
split_gain=23052.9 3205.77 1931.28 1561.16 806.961 702.659 619.457 515.74 472.434 414.196 387.53 356.216 329.209 315.369 297.049 284.385 275.364 317.252 286.359 255.847 342.983 212.612 214.504 210.541 201.659 193.519 184.631 179.872 176.966 184.486 172.287 168.894 163.042 162.444 153.311 152.274 174.166 169.779 150.127 148.307 168.068 145.536 255.694 166.863 160.905 142.424 141.805 140.6 134.445 127.793 123.599 131.496 111.131 107.303 102.41 98.1201 92.3473 91.9853 90.8735 163.272 88.7942 87.0406
threshold=16.450043678283695 4.1949999332427987 1.0000001192092898 17.319483757019047 5.1099998950958261 2.7975000143051152 2.2203239202499394 709.12850952148449 35.844999313354499 7.5000000000000009 2.6148351430892949 5.5000000000000009 1353.917175292969 2.8999999761581425 43.500000000000007 387.50000000000006 95.500000000000014 2.5799999237060551 51.500000000000007 18.005000114440922 60.010000228881843 193.50000000000003 1.5000000000000002 13.973999977111818 3.7649999856948857 45.500000000000007 4.4600000381469735 4.8769736289978036 254.50000000000003 8.9615383148193377 4.5000000000000009 4.2900002002716073 54.629438400268562 27.500000000000004 199.15116119384768 109.50000000000001 31.500000000000004 1.8999999761581423 0.20919195562601092 134.93400573730472 17.082131385803226 0.069724176079034819 3.7949999570846562 3.304999947547913 621.40216064453136 5.1176152229309091 3.495000004768372 5.6250000000000009 2.2999998331069951 3223.5991210937505 5.9500000476837167 65.005001068115249 90.500000000000014 541.80725097656261 0.12574248760938647 3.6999999284744267 3.5649999380111699 72.049999237060561 112069026250752.02 6.9744999408721933 0.062827456742525115 5.5000000000000009
decision_type=2 2 2 2 2 2 2 2 2 2 2 2 2 2 2 2 2 2 2 2 2 2 2 2 2 2 2 2 2 2 2 2 2 2 2 2 2 2 2 2 2 2 2 2 2 2 2 2 2 2 2 2 2 2 2 2 2 2 2 2 2 2
left_child=1 2 7 16 8 12 28 41 32 13 24 19 -5 -8 -15 26 17 21 39 27 25 22 48 52 34 -21 -11 38 30 -30 46 -24 -3 -25 -9 36 37 -13 -4 -19 -41 42 60 44 -43 -45 -7 -14 -2 -17 51 -6 -20 -10 -22 -55 -38 -44 59 -12 -1 -18
right_child=3 4 11 5 50 6 9 10 53 15 58 35 47 14 -16 49 61 18 23 20 54 -23 31 33 -26 -27 -28 -29 29 -31 -32 -33 -34 -35 -36 -37 56 -39 -40 40 -42 43 57 45 -46 -47 -48 -49 -50 -51 -52 -53 -54 55 -56 -57 -58 -59 -60 -61 -62 -63
leaf_value=-0.00024281717280059367 0.030085995534980228 0.038984165355035565 0.017807902072332706 0.071469820014567823 0.048241772089061621 0.033255494914191733 0.044348753715735101 -0.017689508950021311 0.015190031348178019 0.050810400967405349 0.089575252659183063 -0.019890262114784615 0.087137253602369943 0.021167131414234812 -0.056888219963750111 0.038723475416750364 0.03570134870478734 0.06359963543470025 -0.07092233559070317 0.050762423819126372 0.04103075583848529 -0.067299819478200032 -0.055071830657253962 -0.041239833652589375 -0.0055458816407138178 -0.023558985168728373 0.065293011091616088 0.042584421443357917 0.042558214123393584 -0.081209123394688706 0.06671616526593746 0.047265393067987299 0.023952923468304129 0.079800142665818946 -0.032804377550364298 -0.069005100753179435 -0.0053929023761110249 0.060037955219056083 -0.0095903743052296337 -0.027310326643565547 0.04173735049764022 -0.016973600134355619 0.058308525789881271 0.011207560199882028 0.11709119647851576 -0.016751038850326007 0.059328669207449537 -0.047650440850812228 -0.021390814559485612 -0.069465258931232357 0.06760103214590292 0.0061763521602867747 0.07880385273670959 -0.0012987999302178338 -0.028019480791562835 0.085894340119787291 0.064723200812846687 -0.021094479289026493 0.095034928075798608 -0.031702643133794312 0.066215612001133003 0.067574809557991042
leaf_weight=2121.316796220839 931.58940520882607 2467.9438467994332 792.19991263002157 20638.535744637251 1897.0967296361923 643.72408835589886 1831.0333452820778 2988.8136674501002 2689.8902118057013 6104.2875179722905 49.004093013703823 153.25013271346688 24.205279536545277 670.06123698502779 147.93650007247925 45.934603914618492 256.67309864610434 231.61550008505583 171.82108797878027 1059.8131647370756 66.905225537717342 42.080022722482681 39.671731717884541 48.642183125019073 1431.0683960467577 94.800868388265371 3483.3058892637491 287.61600829660892 119.22206119820476 39.170527640730143 18332.724339231849 8638.8818235620856 6763.3776189759374 61.921947509050369 3843.2732376791537 26.745627880096436 49.521084323525429 115.74012291431427 1351.469433862716 152.87767773866653 205.29577393829823 39.591439001262188 290.37596869468689 571.51603899896145 49.656656060367823 2228.0113192386925 2875.2937127947807 82.356822147965431 145.96202940493822 64.399763371795416 772.93296571075916 206.59643457829952 12.507109642028807 2050.3088369965553 255.87506982311606 31.780633315443993 817.96983113512397 41.078002229332924 70.674011707305908 61.45535771548748 50.476616449654102 1444.450687892735
leaf_count=23424 2131 4991 3866 9660 3235 930 2564 49799 14314 6184 240 1043 35 1536 586 61 405 396 759 4580 458 157 409 178 19291 520 2270 703 288 365 10875 11713 31625 33 75095 161 274 259 9521 541 357 447 1344 3019 89 25429 2287 339 624 489 716 908 5 20157 2867 221 1189 326 151 661 505 965
internal_value=0.0429338 0.0104937 -0.00364539 0.0601364 0.0263312 0.0637426 0.0593482 -0.0133203 0.0213729 0.0503709 -0.0210335 0.0227446 0.0710171 0.0328223 0.00699234 0.05516 0.0440861 0.0411013 0.0124012 0.0155067 0.0319104 0.0436906 0.0441767 -0.0277585 -0.0226217 0.0446407 0.0560789 0.00552776 0.0643814 0.0116017 0.0647632 0.0467907 0.0279758 0.026612 -0.0261964 0.047027 0.0498203 0.0145774 0.000535998 0.0325024 0.0122581 -0.00123845 0.00758324 -0.00888452 0.0580341 -0.0110396 0.0545714 -0.0164618 0.0230951 -0.0244358 0.0504508 0.0441179 -0.0603657 0.0085955 -0.0136089 7.02952e-05 0.0607132 0.048419 0.05112 0.022377 0.00132927 0.0627923
internal_weight=103274 35788.1 18908.2 67486.2 16879.9 55102.2 34357.1 13836.3 14003.3 12347 8444.29 5071.91 20745.1 2649.03 817.998 9697.93 12384 10682.9 884.681 3908.68 1477.39 9798.19 9756.1 294.892 8263.16 1154.61 9587.59 2431.29 22010.1 158.393 21851.7 8678.55 9231.32 110.564 6832.09 1163.23 1136.48 268.99 2143.67 589.789 358.173 5392.02 2503.25 2888.78 89.2481 2799.53 3519.02 106.562 1077.55 110.334 2876.63 2103.69 184.328 4771.98 322.78 2082.09 867.491 331.454 181.133 110.459 2171.79 1701.12
internal_count=358570 301428 225261 57142 76167 38469 28435 199820 71308 13690 145237 25441 10034 4686 2122 9004 18673 17303 2269 22515 8425 15034 14877 975 144185 5100 8454 14090 14745 653 14092 12122 36616 211 124894 2926 2765 1302 13387 1294 898 54583 25599 28984 536 28448 3217 374 2755 550 4859 4143 764 34692 3325 20378 1463 1670 1052 901 23929 1370
is_linear=0
shrinkage=0.05


Tree=22
num_leaves=63
num_cat=0
split_feature=8 6 19 2 19 11 1 1 19 12 23 21 1 15 23 12 12 19 7 16 15 11 19 1 12 12 12 12 5 24 5 8 1 2 16 19 19 6 23 17 12 5 5 23 2 5 6 15 23 7 5 16 16 1 21 6 21 12 1 11 12 12
split_gain=21078.6 1660.32 1623.5 700.094 657.782 522.659 435.617 380.703 345.077 315.068 312.912 561.913 310.874 268.701 225.245 220.88 381.706 276.653 276.418 217.326 417.276 328.109 229.685 199.241 187.284 180.797 179.699 353.912 177.433 176.591 199.629 175.624 174.105 169.987 173.565 164.335 145.98 141.845 141.493 141.171 142.214 136.498 135.044 130.562 143.635 128.688 122.165 121.94 122.008 117.26 116.879 105.009 104.785 97.0161 95.499 93.5198 93.0271 91.4583 89.8683 87.7453 110.41 81.2468
threshold=4.7599999904632577 3.5000000000000004 284.60154724121099 82.500000000000014 2.2203239202499394 5.5000000000000009 47.002500534057624 9.7009997367858904 0.53656458854675304 1.2281035184860232 0.076996866613626494 83270144.000000015 10.315000057220461 9.5000000000000018 2507710473961472.5 2.0629960298538212 2.1074177026748662 35.309854507446296 6.0499999523162851 0.9962335228919984 21.500000000000004 5.5000000000000009 0.13189041614532473 29.915499687194828 1.3333333134651186 1.0217573046684267 1.8224154114723208 1.707591235637665 319.50000000000006 -0.011703249067068098 30.500000000000004 3.6650000810623173 81.604999542236342 5.5000000000000009 0.22223133593797686 688.66018676757824 709.12850952148449 21.500000000000004 0.76025891304016124 1.2006098031997683 1.062500059604645 108.50000000000001 23.500000000000004 0.00095459495787508797 14.500000000000002 254.50000000000003 8.5000000000000018 60.500000000000007 0.41450153291225439 2.9750000238418584 8.5000000000000018 0.1846335977315903 0.66419699788093578 512.20498657226574 1262937024.0000002 1.5000000000000002 12716971520.000002 1.8930722475051882 20.005000114440922 5.5000000000000009 1.707591235637665 1.6666666865348818
decision_type=2 2 2 2 2 2 2 2 2 2 2 2 2 2 2 2 2 2 2 2 2 2 2 2 2 2 2 2 2 2 2 2 2 2 2 2 2 2 2 2 2 2 2 2 2 2 2 2 2 2 2 2 2 2 2 2 2 2 2 2 2 2
left_child=2 8 5 4 45 10 7 13 56 -7 32 14 -9 -4 25 26 18 -18 -17 61 28 -22 -23 29 -16 -12 27 -6 -21 30 -10 49 33 42 -35 -8 51 -30 -25 40 -13 -28 -1 44 -11 46 54 57 -49 -15 -38 -14 -41 -37 -3 -40 -2 -31 -32 60 -47 -5
right_child=1 3 6 19 15 9 35 12 23 43 11 39 36 31 24 16 17 -19 -20 20 21 22 -24 38 -26 -27 41 -29 37 47 58 -33 -34 34 -36 53 50 -39 55 52 -42 -43 -44 -45 -46 59 -48 48 -50 -51 -52 -53 -54 -55 -56 -57 -58 -59 -60 -61 -62 -63
leaf_value=0.030282463136340899 0.042707431137550225 0.042091182968982122 -0.014924767940523729 0.029901184238472812 0.050873643933033799 -0.030595523135791447 0.0034459257725552948 0.017976171547307233 0.028237961181327827 -0.061293738244597731 0.014900521197672788 0.029630432184634334 0.022619001859033639 0.16383310142218044 0.013891165765089919 -0.071132524220157839 0.04920871172098424 -0.028326552551632314 0.04074288340083014 0.067271547430672693 0.052106229257813566 0.023425487682381136 -0.085093670665112628 0.051339553558817232 0.063572171828300578 -0.0052071660674932905 0.041117652766902837 0.019958458434426632 0.070675196347329647 0.039731657054316666 -0.047307800594355263 -0.039924947636171569 0.0096227343320165505 -0.028642507397985701 0.041070929666006339 -0.017204954180346062 0.00076651462897198814 -0.061324566233542072 -0.0092852087194633288 0.01073460556122123 -0.0034635374545283395 0.066730675827251937 0.051351599029541332 0.059332365278719712 0.076617993273527807 0.052671435516886161 0.06613015511940723 0.011400301275132179 0.080181013688355729 0.043282154492030468 -0.024266404806324648 -0.0067493068647818165 0.050537338886465624 0.020989056081076027 0.060187847666550123 0.019642918241846927 0.05981783990248777 0.002692519816740159 0.041178976858056889 0.049686230969840199 -0.042377056345580671 0.070016276968865768
leaf_weight=1651.2406375110149 1588.2056694850326 905.32058893144131 2672.433409422636 129.50121212005615 9017.5555267632008 112.19488341361284 1601.6306499913335 6207.773927718401 682.13816900551319 47.149773463606834 1684.2562377266586 1695.8036825433373 1231.227137375623 21.595998391509056 644.96604323387146 142.73259419202805 1147.7793219089508 127.11921650916338 88.758125215768814 1591.8304616957903 195.60420446097851 84.170070566236973 113.58042477443814 213.42731738835573 268.45814003795385 3319.3668256849051 665.6004096865654 1034.2180677950382 33.236224964261055 2955.1681365072727 148.55390907078981 60.480912335216999 748.50952891260386 192.10244505852461 165.04937019944191 3786.1876482702792 4473.389824911952 49.179061390459538 494.33240777254105 196.36432837694883 400.86083571240306 2511.9899739176035 1423.791609108448 1451.330927670002 30.054755300283432 54.707239493727684 13611.800503492355 80.787413977086544 329.2855284512043 210.8626242429018 519.5024364925921 403.39103419706225 1079.3920671567321 172.96080831438303 4050.579978659749 639.71209686994553 1630.9830941110849 177.08967711031437 34.627158746123314 360.5050056874752 66.661836668848991 20579.302312746644
leaf_count=7707 2145 1043 41008 181 9296 893 14145 41631 1524 247 10196 4594 7991 53 2084 516 1256 483 116 953 196 173 854 387 526 26201 848 1826 17 5166 753 610 5361 1006 382 57367 54546 263 1848 841 1959 1577 4605 2165 20 59 7960 175 149 851 7022 4244 1882 1658 2970 1586 1279 536 94 352 201 9993
internal_value=0.0413109 0.0582664 0.0108432 0.0614371 0.0568629 0.0233852 0.00197022 0.0062062 0.0382775 0.0500265 0.0201363 0.0150201 0.00993678 -0.00993744 0.00573327 0.0489198 0.0307344 0.0414577 -0.028225 0.0682192 0.0526873 0.00631255 -0.0389932 0.0309323 0.0285516 0.00156185 0.0509877 0.0476956 0.0635695 0.0360769 0.0157938 0.03544 0.0314969 0.0362617 0.00358469 -0.0100641 0.00240421 -0.00782299 0.0140862 0.0313062 0.0233022 0.0613818 0.040053 0.0559636 -0.00724928 0.0630041 0.0636679 0.0410244 0.0667036 0.0551569 -0.00184146 0.0153687 0.044428 -0.0155303 0.0568922 0.00703161 0.0513938 0.0376407 -0.030421 0.0373362 0.000505608 0.0697671
internal_weight=102008 65536 36472.3 56561.7 33785.3 15110.9 21361.4 15800.7 8974.31 1640.73 13470.2 9289.47 12835.3 2965.37 5917.05 14735.8 1506.39 1274.9 231.491 22776.4 2067.6 393.355 197.75 5755.12 913.424 5003.62 13229.4 10051.8 1674.25 4407.65 865.319 292.94 4180.69 3432.18 357.152 5560.78 6627.51 82.4153 1347.47 3372.42 2096.66 3177.59 3075.03 1528.54 77.2045 19049.6 18567.7 3542.33 410.073 232.459 4992.89 1634.62 1275.76 3959.15 4955.9 1134.04 3219.19 3132.26 183.181 481.874 121.369 20708.8
internal_count=358570 56775 301795 41133 28503 70669 231126 157956 15642 3325 67344 48283 115434 42522 39007 15918 2371 1739 632 12630 2456 1223 1027 12218 2610 36397 13547 11122 1233 8397 2371 1514 19061 13700 1388 73170 73803 280 3821 9276 6553 2425 12312 2432 267 12585 11973 6026 324 904 61568 12235 2723 59025 4013 3434 3424 5702 847 612 260 10174
is_linear=0
shrinkage=0.05


Tree=23
num_leaves=63
num_cat=0
split_feature=22 0 19 20 19 0 3 6 1 15 0 12 20 16 6 12 20 10 5 19 3 9 19 20 20 5 3 22 1 12 22 3 20 7 7 19 1 20 19 0 1 14 19 15 22 0 20 1 1 0 1 22 5 8 20 5 1 14 1 24 5 5
split_gain=20553.7 2787.42 2261.7 1132.56 881.424 729.043 569.867 462.36 427.254 315.538 326.759 304.542 264.923 262.03 258.092 267.274 273.63 240.05 239.906 234.391 219.587 198.907 197.927 189.607 403.994 280.505 179.402 183.419 162.294 156.718 356.079 231.124 154.693 285.705 231.371 150.867 149.791 135.911 134.139 129.235 126.088 119.131 115.721 107.758 101.344 101.322 123.195 97.7556 150.075 86.6001 85.1131 83.4432 81.5441 80.6206 79.5033 78.7007 76.6594 76.3367 74.7595 68.8999 68.2598 65.28
threshold=16.769082069396976 4.2950000762939462 274.73713684082037 1.0903860926628115 11.151716709136965 5.1099998950958261 40.500000000000007 7.5000000000000009 80.005001068115249 9.5000000000000018 3.7649999856948857 2.1002959012985234 1.3238965272903445 0.69592735171318065 7.5000000000000009 1.8149416446685793 0.72105088829994213 4.4600000381469735 1.0000000180025095e-35 0.49586832523345953 1.5000000000000002 3.5000003576278691 34.292917251586921 0.81180197000503551 0.64276379346847545 169.50000000000003 457.50000000000006 18.429264068603519 70.001998901367202 1.4244499206542971 15.262008666992189 13.500000000000002 1.0513614416122439 4.6099998950958261 4.1849999427795419 1.5875423550605776 9.9984998703002947 0.60323840379714977 649.87545776367199 5.9500000476837167 35.001499176025398 3.5000000000000004 442.56677246093756 148.50000000000003 18.700008392333988 5.0950000286102304 0.93141567707061779 14.994999885559084 19.005000114440922 4.6050000190734872 42.004999160766609 14.947823047637941 1.5000000000000002 3.2649999856948857 1.264936149120331 56.500000000000007 45.00849914550782 5.5000000000000009 582.23999023437511 0.0075935537461191424 1.5000000000000002 243.50000000000003
decision_type=2 2 2 2 2 2 2 2 2 2 2 2 2 2 2 2 2 2 2 2 2 2 2 2 2 2 2 2 2 2 2 2 2 2 2 2 2 2 2 2 2 2 2 2 2 2 2 2 2 2 2 2 2 2 2 2 2 2 2 2 2 2
left_child=1 2 6 4 7 8 13 11 22 10 18 19 42 29 15 45 21 26 -4 44 56 -17 -3 24 36 -26 27 -9 -21 31 -31 -1 33 34 -8 -22 -16 -13 50 40 60 61 51 -43 -2 46 -6 -25 -49 55 -14 -11 -10 -44 -20 -24 -15 -18 -12 -35 -7 -34
right_child=3 5 9 -5 14 39 32 17 52 12 58 37 38 20 23 16 57 -19 54 28 35 -23 49 47 25 -27 -28 -29 -30 30 -32 -33 41 59 -36 -37 -38 -39 -40 -41 -42 43 53 -45 -46 -47 -48 48 -50 -51 -52 -53 -54 -55 -56 -57 -58 -59 -60 -61 -62 -63
leaf_value=0.0050257980680221276 0.051316243199914874 0.036477963428955026 -0.034991947692907449 0.068137918409630571 0.023028291668213911 0.040965794833619958 -0.033412830788424323 0.049661619018445152 -0.0067186414869415401 0.14283036113899455 -0.0029112793515743626 0.026650982867446157 -0.055834789831653832 0.0081447355347537796 0.0074540734498459828 -0.032294381875009374 -0.066007814229778874 0.065899867849290014 -0.014988549579335384 0.042160347944044392 0.049046301614234733 0.06691054027861229 0.016807719326774304 0.064726251830064738 0.045054535297491725 -0.055929853661877131 -0.02294997865663579 0.06133807099075949 -0.020619460708672443 0.11188298858904988 0.01429842048685686 -0.042036644874533673 0.033509557639155169 -0.084577897129746962 0.055089336149253113 0.021880135960240344 0.047403685163985694 -0.064107978667973631 0.062466277158279494 0.065794267963664152 0.017394808223506694 0.036998127903978509 0.075032959007996725 -0.079707649605732081 0.066791717928256486 0.059557273729123755 0.060441733216662442 0.064394553510959393 -0.074323556891982306 0.028241681506240231 0.12130227377739125 0.0087129458885914866 0.011813128273783183 -0.049814321250674747 -0.043591520814142637 0.057411762034957375 -0.034961581018487474 0.04179337420441271 0.063109061770338371 -0.0073674696692823012 0.060876939292191158 0.072948019683178114
leaf_weight=4563.8795470818877 3280.5302614718676 3307.6424744576216 2333.1857619062066 19002.43488433212 1755.2105544954538 1221.2606044560671 86.215671788901091 5896.6234116777778 1148.4789558276534 12.155461221933363 2869.1043275594711 79.306461468338966 40.624942980706692 503.44600939005613 257.99565202742815 83.881273955106735 172.233607172966 10947.33128644526 5926.4826462231576 4690.358383461833 860.71208515018225 124.12200117856264 4851.3989248946309 1192.4650721997023 109.50127443671227 181.16404074430466 71.050114061683416 7975.8972101658583 104.58688205480576 99.001448787748814 1448.482999779284 275.68087223917246 129.73888912796974 54.312647208571434 488.11723071336746 1266.5527008064091 2672.3369408026338 83.916661456227303 292.47215553745627 831.06091493368149 407.47216837108135 86.005725786089897 13.118084996938704 24.598917752504349 1594.518707215786 286.71525004506111 251.52114287018776 46.018859416246414 32.307544380426407 3336.4341854155064 7.122344732284545 100.3162484318018 1226.2547456100583 164.48437370359898 252.88694581761956 121.66310144215822 128.64149803668261 17.410382747650146 42.526293806731701 61.26149220764637 680.38165666162968 625.52473391592503
leaf_count=36826 3087 5737 47670 9663 3834 2103 408 5678 11336 68 33400 141 397 2692 524 356 1003 6188 96117 5688 1524 205 26290 838 129 674 707 5470 267 319 6243 1910 264 234 653 4560 3000 330 775 749 1460 126 55 106 919 297 191 30 163 11185 3 692 6786 1886 3433 213 1111 23 349 179 753 553
internal_value=0.039736 0.0118353 0.000366666 0.0580072 0.0534118 0.0270681 0.0170951 0.0567111 0.0221782 -0.0144849 -0.0163856 0.0475154 0.0199287 0.0123329 0.0374559 0.0251909 -0.0126165 0.0603416 -0.0213306 0.0486589 0.0252066 0.0269172 0.0261283 0.0447957 0.0383153 -0.0178452 0.055973 0.0563792 0.0407859 0.00676736 0.0206129 0.00233577 0.0450627 0.0273251 0.0417602 0.0328921 0.0438918 -0.020086 0.0498015 0.0488405 0.0427107 0.059142 -0.0151419 0.0105159 0.0563916 0.031751 0.0277479 0.0611741 0.00689838 0.0220041 -0.0273628 0.0243828 0.00284955 -0.0401964 -0.0161668 0.0178134 -0.000661666 -0.0559175 -0.00192396 -0.0441087 0.0481206 0.0662332
internal_weight=100798 39888.7 22756.7 60909.4 41907 17132 10702.2 34724.1 13991.9 12054.5 11424.2 9833.22 630.294 9146.4 7182.88 2691.09 397.647 24890.9 8512.56 9669.99 2759.35 208.003 11617.1 4491.79 3221 290.665 13943.6 13872.5 4794.95 6387.04 1547.48 4839.56 1555.78 689.907 574.333 2127.26 2930.33 163.223 340.219 3140.18 2309.11 865.868 290.074 110.605 4875.05 2293.45 2006.73 1270.79 78.3264 8309.5 47.7473 112.472 2374.73 177.602 6179.37 4973.06 632.088 189.644 2911.63 115.574 1901.64 755.264
internal_count=358570 309165 242553 49405 39742 66612 57708 28475 61547 184845 180969 10432 3876 55185 11267 5909 1587 18043 147220 9961 9887 561 43425 5358 4327 803 11855 11148 5955 45298 6562 38736 2523 1474 1061 6084 3524 471 1175 5065 4316 1049 2701 232 4006 4322 4025 1031 193 37688 400 760 18122 1941 99550 26503 3803 1026 33749 413 2856 817
is_linear=0
shrinkage=0.05


Tree=24
num_leaves=63
num_cat=0
split_feature=8 0 12 2 0 0 11 10 10 2 19 23 23 1 17 2 3 8 3 0 5 23 18 1 0 10 18 9 19 11 12 9 19 1 5 9 0 21 23 19 5 23 23 18 5 16 10 23 19 5 9 5 19 0 19 1 0 1 18 5 1 3
split_gain=18758.4 2298.52 1997.9 1536.49 946.375 666.131 610.103 528.332 759.879 416.603 367.275 326.608 338.357 304.239 300.502 281.241 299.933 259.422 219.806 206.273 196.589 195.184 270.919 186.829 176.975 175.872 174.03 168.671 143.364 143.174 140.949 274.646 137.71 130.521 119.858 116.561 112.945 112.704 136.98 145.576 138.008 107.095 147.401 105.314 105.04 101.617 99.706 99.186 99.0161 94.0993 93.6513 91.3529 86.2094 84.5899 78.0866 76.2539 73.3729 71.3643 70.7411 70.5412 65.5395 63.7269
threshold=4.7599999904632577 4.1949999332427987 1.1304348111152651 8.5000000000000018 3.8850001096725468 4.805000066757203 5.5000000000000009 2.7525000572204594 3.8500000238418584 1.5000000000000002 709.12850952148449 889453098827776.12 0.18338191509246829 12.501500129699709 1.6598843336105349 39.500000000000007 463.50000000000006 4.9949998855590829 30.500000000000004 5.7099997997283944 1.5000000000000002 79338863067136.016 0.17921653389930728 35.001499176025398 3.8850001096725468 4.2100000381469735 1.6022083163261416 1.8999999761581423 126.70188903808595 8.5000000000000018 2.0629960298538212 3.7000001668930058 0.37929444015026098 67.005001068115249 53.500000000000007 3.5000003576278691 5.0950000286102304 561149408.00000012 0.069724176079034819 165.0266036987305 8.5000000000000018 7.2032797336578378 3223.5991210937505 9.9902806282043475 35.500000000000007 0.32950450479984289 2.9025000333786015 1.0504661202430727 92.05273818969728 1.5000000000000002 1.8999999761581423 5.5000000000000009 38.766109466552741 2.5949999094009404 0.73373153805732738 35.001499176025398 6.1499998569488534 83.005001068115249 4.0266342163085946 747.50000000000011 70.001998901367202 47.500000000000007
decision_type=2 2 2 2 2 2 2 2 2 2 2 2 2 2 2 2 2 2 2 2 2 2 2 2 2 2 2 2 2 2 2 2 2 2 2 2 2 2 2 2 2 2 2 2 2 2 2 2 2 2 2 2 2 2 2 2 2 2 2 2 2 2
left_child=1 2 10 4 32 13 11 17 15 23 37 12 26 51 -14 30 35 28 27 33 57 24 -23 36 45 -11 -4 54 59 46 47 -32 -2 49 56 -17 44 38 39 -1 -40 -34 52 53 -6 -12 -20 -9 -44 -7 -45 58 -43 -13 -8 -24 -25 -15 -3 -5 -27 -19
right_child=3 5 6 7 9 19 18 8 -10 25 21 43 14 20 -16 16 -18 61 29 -21 -22 22 55 34 -26 60 -28 -29 -30 -31 31 -33 41 -35 -36 -37 -38 -39 40 -41 -42 42 48 50 -46 -47 -48 -49 -50 -51 -52 -53 -54 -55 -56 -57 -58 -59 -60 -61 -62 -63
leaf_value=0.04129367789484787 0.037888222424544774 0.036108653607742743 -0.0039353794707528327 -0.078320601123461439 0.033038273267169162 0.030590753254821013 0.076005145218792119 0.027388726747894013 0.064764132706226565 0.034823835151836624 -0.029394323474908231 -0.011564720004910767 -0.016698107866867005 0.0063038690528616258 0.021670584498989176 0.046538148392873804 -0.039879221098153755 0.023078002331242936 0.05984600102397352 0.057902193716038053 0.018371674613203912 0.13602847681086833 0.015886091121460045 0.0066409655066872386 -0.0042420725274767085 0.056825928098664824 0.029618833153585773 0.052719371356042592 0.070958943879722819 -0.049234429438808597 -0.052841382592861731 0.031364735590622854 0.029155275088054627 0.0077918672102348019 0.061191736061962133 0.059331485731162995 0.057602766546423968 0.046702131488285309 -0.0015711373830715508 -4.3919397850453568e-05 -0.026217579038101086 -0.0035605587329038467 0.018846415086468223 -0.058805682219805283 0.053472904111289236 -0.014124292815038745 0.013525822128578842 0.045391980206202824 -0.046260617694915809 0.047908935884036677 0.05300439229012506 0.038261795396094783 -0.047852539388663982 0.050130366870914767 -0.030556772858541671 -0.052353096347486833 0.079105413223523727 -0.0089253949298823531 0.019309800605719046 0.049372976096859048 0.029123822103301014 0.066918293730891018
leaf_weight=237.67499682307243 665.02836255729198 745.68733309954405 522.25831349566579 55.859427884221077 3000.3947659432888 2405.0846840664744 17.97986625880003 942.33537001162767 11383.961461186409 1089.265978127718 4797.9157135747373 59.897471070289612 1911.3940600529313 2043.8669682145119 695.01497235894203 2867.464595399797 84.225996820256114 84.950119823217392 1256.8891270197928 1060.440506413579 2947.6372457742691 42.09635328873992 161.52150227874517 798.25386348366737 1110.8099107071757 8907.7293370217085 1479.7317516095936 126.39769679307938 32.963760867714882 32.603156261146069 111.79337885975838 684.66308038681746 676.1297817081213 453.84191124141216 130.69989371299744 4845.5783277526498 848.20129846036434 109.31242890655994 1221.2447451725602 1976.1573586985469 1061.7874948568642 412.09988927841187 1154.3778945505619 47.689772315323353 801.35481502115726 1415.1800684295595 129.060581356287 4244.0569437295198 60.528301775455475 1175.1155101656914 29.453824311494827 1053.3076293244958 149.0325175896287 691.75913890451193 183.65647662058473 53.719052202999592 35.569226384162903 1232.0614842399955 3996.8786282911897 12.579337581992148 222.83610858023167 18647.551182441413
leaf_count=869 938 1330 2804 257 4637 6053 34 1606 6561 1533 96306 215 19565 14245 3501 2967 849 201 1684 1132 14188 283 2137 2108 14189 6941 8462 264 23 287 405 1038 1715 2369 107 3543 764 179 10846 22075 12826 1209 2516 414 763 24853 330 4835 369 1982 107 2363 836 1457 1550 926 25 13117 18853 16 309 9704
internal_value=0.0382862 0.00975989 -0.0020359 0.0548193 0.0429109 0.0231111 0.0188772 0.0599475 0.0551985 0.0478686 -0.0143639 0.0106134 0.00541134 0.0166858 -0.00646056 0.0472917 0.0535566 0.0662892 0.0445791 0.0382631 0.00900568 -0.021129 0.0215976 0.0369098 -0.0226337 0.0538844 0.0208655 0.0076478 -0.0133081 0.0531043 0.0391184 0.0194876 0.0177185 0.0330863 0.0168505 0.0545826 0.041065 -0.00322611 -0.00445102 0.00440843 -0.0130423 0.0122332 0.00577539 0.0394914 0.0373598 -0.0259198 0.0555491 0.0421278 0.0155632 0.0362882 -0.01592 0.0249289 -0.0153973 0.0451986 -0.0207018 -0.00128505 0.0098292 0.000573712 0.0219592 -0.0544049 0.0561537 0.066721
internal_weight=99434.6 36485.1 19371.2 62949.5 18951.5 17113.9 7183.79 43998 25164.1 15834.3 12187.4 5437.2 4608.4 12019.4 2606.41 13780.1 7797.27 18833.9 1746.59 5094.48 6223.57 7581.24 257.337 5614.47 7323.91 10219.8 2001.99 328.034 101.403 1418.55 5982.85 796.456 3117.2 4034.04 964.523 7713.04 4649.95 4606.18 4496.86 2213.83 2283.03 2452.17 1776.04 828.8 3801.75 6213.1 1385.95 5186.39 1214.91 3580.2 77.1436 5795.87 561.132 751.657 201.636 215.241 833.823 3275.93 4742.57 68.4388 9130.57 18732.5
internal_count=358570 301795 226163 56775 24770 75632 40674 32005 21804 17187 185489 36525 34332 64096 23066 15243 7359 10201 4149 11536 41550 138694 3346 8404 135348 8783 11266 1848 296 2301 7884 1443 7583 10404 2240 6510 6164 46795 46616 22944 23672 6645 4930 2193 5400 121159 2014 6441 2885 8035 521 22546 2045 1672 1584 3063 2133 27362 20183 273 7250 9905
is_linear=0
shrinkage=0.05


Tree=25
num_leaves=63
num_cat=0
split_feature=22 0 3 20 19 0 3 19 19 19 12 0 22 12 3 24 13 0 23 23 22 0 3 4 14 17 0 21 0 22 3 12 0 12 12 16 15 23 16 20 3 4 15 13 20 0 16 20 13 23 0 3 0 7 23 24 16 23 0 3 0 12
split_gain=18317.5 2260.61 2032.59 1256.13 947.267 677.326 442.486 421.728 366.294 321.575 309.554 285.434 277.737 442.267 264.194 233.762 269.353 225.681 220.776 274.802 196.782 172.307 302.186 170.131 168.458 163.713 157.028 152.729 150.358 131.573 121.02 120.602 116.715 115.753 110.523 110.419 103.599 103.398 99.0933 93.3589 89.198 85.058 75.7903 123.845 75.3561 72.6843 66.0219 65.7784 65.0038 64.8085 64.1036 60.5918 54.7277 53.5399 50.7814 50.6246 49.5545 68.4819 49.2308 51.6248 45.3405 44.0409
threshold=16.769082069396976 4.1949999332427987 1.5000000000000002 1.0903860926628115 3.0137666463851933 5.4200000762939462 35.500000000000007 2.5118931531906132 40.077833175659187 31.392448425292972 2.0629960298538212 3.7649999856948857 18.429264068603519 1.8930722475051882 72.500000000000014 0.0019726024474948649 -0.04142856411635875 4.2950000762939462 0.17782814055681231 112069026250752.02 13.59946918487549 4.3949999809265146 131.50000000000003 137.50000000000003 4.5000000000000009 10.511194229125978 4.6949999332427987 8.4514746665954608 4.1949999332427987 15.100024700164797 4.5000000000000009 1.2425713539123537 2.995000004768372 1.9558211565017702 1.7379001975059511 0.63722944259643566 8.5000000000000018 0.017278578132390979 0.75066137313842785 0.78016996383667003 2.5000000000000004 4.5000000000000009 292.50000000000006 0.00087299678125418733 0.64888793230056774 6.4500000476837167 0.93756958842277538 0.29126216471195226 0.045213017612695701 2.2282954436671181e+19 2.995000004768372 1.5000000000000002 4.7099997997283944 2.6950000524520878 0.0029310975223779683 5.5044999122619638 0.31255473196506506 0.35397322475910192 4.3949999809265146 21.500000000000004 2.8950001001358037 1.1045036911964419
decision_type=2 2 2 2 2 2 2 2 2 2 2 2 2 2 2 2 2 2 2 2 2 2 2 2 2 2 2 2 2 2 2 2 2 2 2 2 2 2 2 2 2 2 2 2 2 2 2 2 2 2 2 2 2 2 2 2 2 2 2 2 2 2
left_child=1 2 11 4 12 8 7 27 47 21 14 20 13 28 17 16 -15 -11 29 -20 50 22 33 35 -17 31 41 46 38 -9 -30 -8 -29 -6 -33 -5 37 -22 -2 -24 -23 -10 58 49 60 -7 -4 51 61 -44 -1 52 -3 -52 -43 -53 57 -13 59 -14 -12 -49
right_child=3 5 6 23 9 45 25 18 26 10 44 56 42 15 -16 24 -18 -19 19 -21 36 40 39 -25 -26 -27 -28 32 30 -31 -32 34 -34 -35 -36 -37 -38 -39 -40 -41 -42 54 43 -45 -46 -47 -48 48 -50 -51 53 55 -54 -55 -56 -57 -58 -59 -60 -61 -62 -63
leaf_value=-0.032526955651983491 0.027855812160097262 0.022843315896218255 -0.033476532662458522 -0.076601928353641865 0.035464512065306077 0.046728536058747876 -0.042043991748425824 -0.00050879738438092082 0.010224244463140547 0.00024299183702847305 0.048323963657623828 -0.0035412155781067165 0.04966937438729746 0.038968648097841938 0.060513700770968938 -0.006771120636486801 -0.069409038760901362 0.034918709574897601 -0.0095591504144920941 0.023213558030200934 0.017193870616767935 0.032150589050365747 0.039698580142148464 0.066011634123841381 0.070582497676456621 -0.074319091505735388 0.022812780969551076 0.016092527179075736 0.046379554577280394 0.024419599787152146 0.059960339309285439 0.043933215945663323 0.048496003319442066 0.016146609961569993 0.00071697888532664712 0.039587374186575375 0.10711080809644964 -0.014125019487707028 0.048112324832245208 0.060233631307882951 0.054067562659110974 0.077888304326044031 0.058102792697956186 0.071153939601935487 -0.063405838750142759 0.072313664122279339 0.037519615507828265 -0.045843984926646909 -0.045950502065103781 -0.089990626518681532 -0.02245335446606319 0.041251040574278759 0.039978213169295465 0.019436629103899497 0.026715736218919046 -0.0021368404566707334 0.010411203123311417 -0.046319539217760483 0.064324845019643404 0.060441137237015052 -0.04189405864646864 0.027203769729480982
leaf_weight=2368.6230665743351 739.12837342917919 1603.3626235947013 111.24753626435995 32.183284394443035 4529.1539076119661 1555.0395432412624 44.672564972192049 779.01931308954954 7673.5328721925616 835.35894720628858 29.780742980539799 2001.30456988886 1482.2822465598583 89.302117601037025 501.58526381850243 125.48974370956421 156.39405350387096 1070.4772326126695 3094.7700422406197 805.18999705463648 292.09512614458799 538.96485935151577 854.73456591740251 17904.303390443325 158.49607586860657 31.813690587878227 4739.6636669188738 391.11329080909491 2293.6681935489178 1647.5549746900797 6008.2160476893187 1765.40743599087 975.0727467238903 939.88665848225355 161.76130636781454 52.266997456550598 17.695080168545246 2613.2349341027439 3457.794659987092 1631.6237028539181 3672.6477042622864 57.909053266048431 9.0583611987531167 40.541155621409416 117.50392036139965 344.03040884435177 45.247867681086063 22.229601956903934 45.814797475934029 28.341356568038464 2649.6688520535827 1984.3715301901102 662.9196419864893 77.682159665971994 293.56973664462566 69.260900586843491 632.18324474990368 97.192604955285788 6233.141744159162 5044.5474041961133 24.426018930971622 186.34053774178028
leaf_count=47927 1114 4166 653 137 6332 2182 348 8968 49841 2569 54 24021 1307 130 407 281 506 1656 32310 3480 2655 776 1132 9524 81 146 16475 1125 2266 7568 4007 3544 2354 1731 423 79 82 36221 3359 1195 3043 78 9 19 593 225 98 120 206 215 50159 3073 1059 1270 1214 184 5728 1085 3579 3659 95 433
internal_value=0.0368901 0.0107315 -0.00077743 0.0546736 0.0497979 0.0230564 0.0156255 0.0102685 0.0199488 0.039677 0.0236207 -0.0158124 0.0555657 0.0504071 0.0282513 0.00563527 -0.0299989 0.0197305 0.00457948 -0.00278736 -0.0205665 0.0430779 0.0387332 0.0656777 0.0364795 0.0365932 0.0155955 0.0338839 0.0523034 0.0164177 0.0562148 0.0384219 0.0392417 0.0321491 0.0403106 -0.00501114 -0.0102168 -0.0109697 0.0445536 0.0531951 0.0512723 0.0113299 0.0607962 0.0113983 -0.0410605 0.0514017 -0.0128096 0.0320897 0.00732333 -0.0534126 -0.0264988 0.0335449 0.0278731 -0.0212517 0.0353581 0.039785 -0.00184744 -0.00554601 0.0610966 0.0580036 0.00755792 0.0192128
internal_weight=98441.9 39840.6 20602.6 58601.3 40612.5 19238 9852.87 7849.22 17339 14746.1 2579.13 10749.7 25866.4 13028.5 2407.42 529.682 245.696 1905.84 6326.53 3899.96 8019 12167 7955.4 17988.8 283.986 2003.65 12764.7 1522.68 12498.8 2426.57 8301.88 1971.84 1366.19 5469.04 1927.17 84.4503 2923.03 2905.33 4196.92 2486.36 4211.61 8025.01 12837.9 77.9409 171.711 1899.07 156.495 4574.3 254.385 37.3997 5095.97 4319.91 2266.28 2727.35 351.479 2053.63 2730.68 2098.5 12760 6526.83 54.2068 208.57
internal_count=359276 309421 230165 49855 40115 79256 61017 56556 76849 19583 5374 169148 20532 11744 4632 998 636 4225 52326 35790 138314 14209 10390 9740 362 4461 67608 4230 10746 16536 6273 4315 3479 8063 3967 216 38958 38876 4473 2327 3819 51133 8788 243 742 2407 751 9241 759 224 99356 8482 5225 51429 1292 3257 30834 25106 8545 4966 149 553
is_linear=0
shrinkage=0.05


Tree=26
num_leaves=63
num_cat=0
split_feature=7 0 19 5 7 3 0 0 11 10 19 3 0 18 16 3 12 10 10 1 1 10 16 0 19 1 9 15 4 4 5 14 16 0 5 1 5 10 4 12 5 1 1 1 19 8 19 3 18 16 3 10 16 1 0 0 0 11 18 10 1 7
split_gain=16865.6 1581.89 1796.73 1445.28 881.02 815.972 493.186 376.516 498.065 399.705 348.832 339.054 326.461 467.509 282.497 267.118 265.441 236.695 210.089 311.044 207.447 205.774 204.043 192.214 181.273 180.686 178.084 160.767 142.408 275.275 132.898 130.822 127.903 126.575 123.844 115.348 114.418 142.52 139.355 109.782 105.222 99.55 94.0607 92.6601 92.2712 91.4106 89.0568 84.6172 80.6184 76.8902 74.6455 74.524 183.887 68.278 67.7489 64.1519 60.3789 58.9093 57.6601 66.9233 57.5612 89.3766
threshold=4.5850000381469735 4.3949999809265146 284.60154724121099 675.50000000000011 5.7850000858306894 45.500000000000007 5.4200000762939462 4.2950000762939462 5.5000000000000009 2.8025000095367436 14.590314388275148 3.5000000000000004 3.7649999856948857 18.65506744384766 0.97473672032356273 2.5000000000000004 2.0256592035293584 2.9025000333786015 4.3999998569488534 68.005001068115249 74.70999908447267 2.9025000333786015 0.17395862191915515 3.8850001096725468 2.5118931531906132 7.4104998111724862 3.5000003576278691 37.500000000000007 91.500000000000014 70.500000000000014 2.5000000000000004 8.5000000000000018 0.99965035915374767 5.1099998950958261 1.0000000180025095e-35 94.140003204345717 587.50000000000011 2.8000000715255742 31.500000000000004 1.919459402561188 190.50000000000003 21.998999595642093 569.09851074218761 50.004999160766609 33.244987487792976 4.7599999904632577 345.14273071289068 5.5000000000000009 0.075890280306339278 0.98640996217727672 7.5000000000000009 2.8524999618530278 0.33339799940586096 251.06500244140628 4.7099997997283944 3.9250000715255742 6.2500000000000009 3.5000000000000004 295.28097534179693 3.9499999284744267 13.973999977111818 6.2049999237060556
decision_type=2 2 2 2 2 2 2 2 2 2 2 2 2 2 2 2 2 2 2 2 2 2 2 2 2 2 2 2 2 2 2 2 2 2 2 2 2 2 2 2 2 2 2 2 2 2 2 2 2 2 2 2 2 2 2 2 2 2 2 2 2 2
left_child=1 2 5 4 7 24 20 8 9 14 18 33 13 28 -2 -11 21 39 19 26 30 49 27 60 40 -19 -6 -5 29 -4 41 -18 -23 35 -15 -9 37 -26 -38 -10 47 54 48 56 -29 57 -22 -1 -14 -7 55 -24 -53 -50 -3 -20 -8 -13 59 -32 61 -12
right_child=3 6 12 22 10 16 43 11 17 15 23 45 42 34 -16 -17 31 25 50 -21 46 32 51 -25 36 -27 -28 44 -30 -31 58 -33 -34 -35 -36 -37 38 -39 -40 -41 -42 -43 -44 -45 -46 -47 -48 -49 53 -51 -52 52 -54 -55 -56 -57 -58 -59 -60 -61 -62 -63
leaf_value=0.018170187106641211 -0.046600889190812435 0.017389893142485284 -0.00061985234825988366 0.077918242946141136 0.038759894314066845 0.059053092687295243 0.046754621464861104 0.033831636581413735 0.066234674604836771 0.0047098374843021137 -0.076579808313907594 0.039824315019336434 0.082280364995246935 -0.033872286799108968 0.029625640335836825 0.033230371715947386 0.025496780525503707 -0.02654519943774572 0.018822978508259328 -0.057362378060669086 0.014990142516166203 -0.023763782493870889 0.064508442347019412 0.043366901475968278 0.020048659471517419 0.038560624920220277 0.055248348942025675 -0.1136548930634229 -0.056145499666700918 0.061931495198769761 0.018404760434602999 -0.068882849973407698 0.053090567071464423 0.055060911369212429 -0.01907358720200187 -0.0089778145403036878 0.074379960441456713 0.0038052832783329682 -0.068520529619833889 0.036251004468972274 -0.057891363099299722 0.0090551804334943944 0.054004746297442986 0.019647609254738723 0.018666256081394061 0.05443369345211161 -0.0061939972678571242 0.044128839722661919 0.00031572963103192458 -0.0021912399717134569 0.063139308931356816 0.06941642163046445 -0.063876091820874656 -0.025818247600591884 0.029182505401455651 0.055243766129718645 0.070671715243638675 -0.0079451943033390857 0.053282848847422619 0.035844760389822795 0.015840103500879579 -0.0013279987537998311
leaf_weight=750.35309575498104 307.26273584365845 2957.6896746531129 2024.4750778004527 30.029892474412918 2252.5347723215818 1524.3723813742399 1115.2000704854727 3668.9149288982153 1601.3433349728584 950.15521495044231 56.089929886162281 249.55853524804115 27.936200756579638 2138.9550425410271 199.71928188204765 6073.9125742390752 76.214616321027279 118.47077349573374 128.20902994275093 66.131872966885567 986.90072933584452 138.98794634267688 17628.678742900491 476.37605890631676 1751.8895678371191 999.700464181602 6145.4987105671316 33.989343896508217 99.135439015924931 191.60511207953095 899.04374494403601 69.080483086407185 87.260627828538418 707.53140683472157 4197.559469345957 163.81992933154106 19.93241610378027 5889.6364342011511 93.273735336959362 383.39004286378622 34.782309852540493 1991.3582857176661 78.689624533057213 252.53040108084679 20.637581512331963 6702.1723415851593 995.39119648188353 543.23244696855545 3623.3598654568195 52.794530093669891 7777.7262301743031 73.576240882277489 38.662719339132309 267.41405899450183 2084.0268715769053 2783.9680108577013 354.50256878137589 86.314273118972778 278.67557442188263 1438.7732392549515 167.48619644343853 128.32799987494946
leaf_count=3243 1279 12733 26442 21 2510 1485 1425 5366 1017 2876 230 318 148 47484 370 9090 160 321 196 216 4764 742 9837 560 10450 1181 5062 146 1050 405 2841 309 92 645 75095 572 37 40782 532 490 169 10455 645 631 40 5287 9221 1287 38733 121 4547 48 489 3373 5337 2131 215 189 697 2469 388 282
internal_value=0.035566 0.00903148 0.00127107 0.0519385 0.0468923 0.016018 0.0227916 0.0400344 0.0332328 0.0262794 0.0545129 0.0462774 -0.0115902 -0.0170497 -0.0165633 0.0293743 0.0453686 0.0500938 0.0558872 0.0499789 0.0190904 0.050606 0.0638797 0.0226974 0.00971621 0.0316406 0.0508315 -0.0133676 0.00217625 0.00481166 0.0221167 -0.0195059 0.00595895 0.035605 -0.0240744 0.0319987 0.00678993 0.00753202 -0.042885 0.0604664 0.0267775 0.018531 0.00022605 0.0477607 -0.0641383 0.0531554 0.00435242 0.0291009 -0.00086608 0.0569997 0.0605597 0.0642493 0.0232987 -0.00148535 0.0222703 0.0536491 0.0525711 0.0275463 0.0317423 0.0291508 -0.00531262 -0.0245321
internal_weight=97055.2 37035 23680.9 60020.2 42194.6 11031.8 13354.1 22212.3 10634 7531.05 19982.3 11578.3 12649.1 8651.73 506.982 7024.07 1948.71 3102.9 19154.1 8464.17 11631.9 1803.42 17825.6 828.28 9083.1 1118.17 8398.03 84.6568 2315.22 2216.08 9649.57 145.295 226.249 4540.27 6336.51 3832.73 7754.73 7641.53 113.206 1984.73 1328.37 7033.07 3997.4 1722.23 54.6269 7038.05 1982.29 1293.59 3918.71 1577.17 10689.9 17740.9 112.239 3890.77 5041.72 2912.18 1469.7 335.873 2616.49 2337.82 351.904 184.418
internal_count=359276 303572 252784 55704 45123 59409 50788 29001 16624 13615 16122 12377 193375 150476 1649 11966 2909 3009 14662 7788 48517 2440 10581 1460 56500 1502 7572 207 27897 26847 34532 469 834 6583 122579 5938 51801 51232 569 1507 4699 28525 42899 2271 186 5794 13985 4530 42254 1606 6874 10374 537 42106 18070 2327 1640 507 6007 5310 900 512
is_linear=0
shrinkage=0.05


Tree=27
num_leaves=63
num_cat=0
split_feature=6 7 19 10 10 19 8 1 2 23 19 2 2 10 2 12 2 1 17 23 10 1 8 23 21 5 19 9 15 23 10 7 6 1 18 1 11 12 19 5 8 10 5 9 21 10 15 5 7 23 6 12 5 1 1 18 23 18 8 1 21 1
split_gain=16205.8 1674.38 1393.98 648.412 535.48 425.577 406.281 370.216 359.489 273.421 241.576 221.669 218.945 346.544 216.86 203.257 197.531 195.862 268.268 191.683 294.956 159.704 155.691 159.45 155.19 152.014 149.405 145.262 142.41 138.146 133.335 119.046 116.513 114.895 112.421 111.324 100.932 261.77 98.2709 157.683 111.529 98.1577 95.3547 91.7821 87.4555 86.0941 83.9626 80.3782 76.4965 98.1474 74.1463 71.8949 66.9341 72.3998 66.2796 58.9829 104.453 88.5504 119.572 58.312 56.6779 50.5698
threshold=2.5000000000000004 5.0699999332427987 7.3109166622161874 2.7600001096725468 4.2550001144409189 859.49984741210949 4.2900002002716073 37.004999160766609 24.500000000000004 0.2578557431697846 1.1807445883750918 316.50000000000006 15.500000000000002 4.0025000572204599 129.50000000000003 1.3930578231811526 6.5000000000000009 9.9984998703002947 2.9880000352859502 0.1935188174247742 4.4049999713897714 44.004999160766609 3.8149999380111699 0.0069284511264413604 200883372032.00003 23.500000000000004 612.51733398437511 1.7850000858306887 13.500000000000002 1775841537163264.2 2.867499947547913 2.9750000238418584 35.500000000000007 34.905000686645515 0.15464583039283755 67.005001068115249 5.5000000000000009 2.1493430137634282 688.66018676757824 8.5000000000000018 4.2099997997283944 2.9025000333786015 655.50000000000011 3.4999998807907109 3877048448.0000005 3.7975000143051152 214.50000000000003 444.50000000000006 4.6649999618530282 0.89849010109901439 1.5000000000000002 1.4194764494895937 3.5000000000000004 210.26499938964847 72.049999237060561 85.827816009521499 0.0092679550871253031 99.632499694824233 3.1950000524520878 251.06500244140628 30066600960.000004 512.20498657226574
decision_type=2 2 2 2 2 2 2 2 2 2 2 2 2 2 2 2 2 2 2 2 2 2 2 2 2 2 2 2 2 2 2 2 2 2 2 2 2 2 2 2 2 2 2 2 2 2 2 2 2 2 2 2 2 2 2 2 2 2 2 2 2 2
left_child=2 6 21 -3 8 19 15 17 10 46 44 -11 13 42 36 29 35 18 28 22 38 24 23 54 43 34 -25 30 -7 -2 -24 -20 -12 -29 -19 -6 37 -14 40 -40 -21 -38 45 50 -5 -8 -10 -27 49 -15 60 -23 53 -22 -4 56 -9 58 -57 -37 -1 -59
right_child=1 3 5 4 16 7 12 55 9 11 32 -13 14 48 -16 -17 -18 25 31 20 52 51 27 26 -26 47 -28 33 -30 -31 -32 -33 -34 -35 -36 59 41 -39 39 -41 -42 -43 -44 -45 -46 -47 -48 -49 -50 -51 -52 -53 -54 -55 -56 57 -58 61 -60 -61 -62 -63
leaf_value=0.023691575019085132 -0.048467542859876978 0.063599284994277763 0.019505134037585307 0.025837095831590762 0.050866166307249272 -0.016637633599256765 0.023684287671662668 0.23714859773044661 -0.10503191235077113 0.050188462062989936 0.012708898541809033 -0.051048115484979645 0.039944287573227759 0.043463143744625315 -0.052818736913696096 0.069659826374519881 0.061291253244885491 0.054665452547065785 0.14357434665225108 -0.014303346864473583 0.016391910051172819 0.010994678292251578 0.051690199166547691 -0.0079446975727449388 0.061143835834450447 -0.043469129491090365 0.031177300413577733 -0.020779154184332436 0.041796203806990784 0.068677971467884291 0.023202258656868147 0.032532255742539026 0.055077506494399665 0.06195086459945022 0.0073433525247771012 -0.027674564653591884 0.057160294835308427 -0.084672067009468471 0.23584899527385114 -0.047886156721942075 0.0025605307326604394 0.035759038148470909 -0.052752709552334881 -0.048841145835102011 0.051205787765723126 0.0019345806680563867 0.0073573734539205604 0.034035974906221129 0.045144338691049404 0.022101082427831792 0.037354255602891843 -0.044199420013231405 0.035723017902868061 -0.034760368055425497 0.0069132806501062145 -0.033669168258212499 -0.028772411659996274 -0.0131531463271408 0.10056986807985178 0.034626754744399448 0.047126791605341133 0.014462291541254746
leaf_weight=3035.992635011673 247.77593352645636 16697.719852119684 3566.3996934220195 495.14096936583519 5846.064367890358 2059.6749385558069 2411.5187715888023 2.7210459485650054 34.493784055113792 7806.7693876773119 1658.2875903248787 53.642120251432061 1649.5208017155528 1069.1141358315945 54.661407977342606 52.681604661047459 10015.220136880875 126.33631163090467 30.041280657052994 1718.452150054276 1599.5215708762407 505.05265229567885 544.36673483997583 1495.999020665884 431.65276855230331 212.09486759454012 290.56130362302065 249.34072110801935 108.84146264567971 27.087335623800755 1687.5793174430728 113.9256555698812 179.16320258378983 49.415971264243126 9046.2482452616096 66.103344812989235 2295.3753650188446 42.312307305634022 9.7771895714104193 8.4090216830372793 2279.6221771501005 709.89610868692398 45.303313255310059 35.749892815947533 1113.7100221812725 561.61128474026918 30.870573863387108 38.837163720279932 2933.5688112080097 1092.1177792847157 2345.9677895754576 65.776290886104107 460.9260111823678 71.324271388351917 1482.1998325139284 27.389600694179535 636.30548370629549 3551.3758264407516 39.429990533739328 84.275470450520515 282.94611555337906 172.92502189800143
leaf_count=7674 2347 9604 19444 654 4915 36169 5560 32 135 6876 2887 720 2119 1617 180 128 6161 1135 77 18666 4378 1637 1289 15271 292 3101 2107 970 536 57 7604 516 144 108 84077 156 1820 171 69 135 12857 964 176 120 945 1740 53 206 3078 2056 3835 254 1232 429 11770 499 10788 54132 577 98 271 1658
internal_value=0.0343013 0.0511487 0.00916135 0.0558264 0.0510843 0.0047777 0.0355153 -0.000899117 0.0427766 0.0486417 0.0292763 0.0494905 0.0369157 0.0319129 0.0454481 -0.0194163 0.0569815 0.00374948 -0.00928612 0.0106932 0.00383148 0.0298746 0.015196 0.0112692 0.0322291 0.00694952 -0.00156532 0.0257911 -0.0136845 -0.0366978 0.0301727 0.0565682 0.0168705 -0.00691746 0.00800156 0.0497735 0.0466037 0.0367765 -0.00414663 0.108736 -0.00468841 0.0521202 0.0184752 0.0300285 0.0434223 0.0195796 -0.0525658 -0.0313662 0.0398679 0.032686 0.0305356 0.00455978 0.0188595 0.0141859 0.0158114 -0.013213 -0.0272635 -0.0108368 0.045786 0.00720548 0.0257046 -0.011866
internal_weight=95657.2 57274 38383.2 44081.5 27383.7 31680 13192.5 16166.1 11372.1 7925.78 3446.3 7860.41 12865 8113.23 4751.77 327.545 16011.7 11736 2312.48 15513.9 6148.03 6703.14 9365.86 6835.16 6132.31 9423.52 1786.56 2530.7 2168.52 274.863 2231.95 143.967 1837.45 298.757 9172.58 5996.44 4697.1 1691.83 4016.26 18.1862 3998.07 3005.27 3018.43 5700.66 1608.85 2973.13 65.3644 250.932 5094.8 2161.23 5664.91 570.829 2131.77 1670.85 5048.6 4430.15 639.027 3791.12 66.8196 150.379 3318.94 3724.3
internal_count=359276 55361 303915 33348 23744 289832 22013 193503 12414 7784 4630 7596 19481 14227 5254 2532 11330 125817 37298 96329 37766 14083 58563 48592 12192 88519 17378 9971 36705 2404 8893 593 3031 1078 85212 5169 5074 2290 31727 204 31523 2784 7476 11900 1599 7300 188 3307 6751 3673 11780 1891 6039 4807 31214 67686 10820 56866 1076 254 7945 55790
is_linear=0
shrinkage=0.05


Tree=28
num_leaves=63
num_cat=0
split_feature=22 0 12 20 0 2 0 20 15 0 1 2 10 2 17 23 17 5 2 23 4 8 4 2 4 2 5 20 10 23 11 12 0 15 23 20 20 5 1 5 0 4 22 5 1 0 5 21 1 17 15 7 5 1 5 21 0 1 5 21 1 7
split_gain=15668.9 1796.1 1488.99 1369.43 692.98 612.302 579.651 474.525 362.59 338.498 338.43 332.521 273.897 356.194 230.434 228.714 328.81 218.527 201.864 192.204 262.775 271.339 260.037 184.347 172.398 172.009 166.595 164.707 162.786 150.403 148.793 148.073 133.598 128.57 148.233 117.897 128.551 113.485 107.551 100.694 96.3756 92.302 92.1144 87.3509 81.347 79.7257 97.6461 87.3113 77.8658 67.5881 103.102 64.2351 61.9944 61.9258 61.0948 60.6788 58.4118 56.9579 56.3248 67.3599 53.4338 51.6836
threshold=16.769082069396976 4.1949999332427987 1.1304348111152651 1.0903860926628115 4.305000066757203 9.5000000000000018 5.4200000762939462 0.28102600574493414 11.500000000000002 2.995000004768372 11.802000045776369 3.5000000000000004 3.8500000238418584 39.500000000000007 1.9964285492897036 0.076996866613626494 2.1284697055816655 1.5000000000000002 316.50000000000006 0.63604846596717846 69.500000000000014 4.805000066757203 36.500000000000007 1.5000000000000002 135.50000000000003 61.500000000000007 47.500000000000007 0.81180197000503551 3.9499999284744267 1.9952592849731448 7.5000000000000009 1.7966102957725527 3.8850001096725468 2.5000000000000004 1353.917175292969 1.2775659561157229 1.0815762281417849 1.0000000180025095e-35 251.06500244140628 139.50000000000003 4.5950000286102304 1.0000000180025095e-35 16.182035446166996 32.500000000000007 50.004999160766609 5.0950000286102304 36.500000000000007 52175005696.000008 5.5510001182556161 3.9018073081970219 2.5000000000000004 4.8949999809265146 2.5000000000000004 93.009998321533217 3.5000000000000004 792587680.00000012 6.0499999523162851 157.56700134277347 5.5000000000000009 0.17056082934141162 66.005001068115249 4.1849999427795419
decision_type=2 2 2 2 2 2 2 2 2 2 2 2 2 2 2 2 2 2 2 2 2 2 2 2 2 2 2 2 2 2 2 2 2 2 2 2 2 2 2 2 2 2 2 2 2 2 2 2 2 2 2 2 2 2 2 2 2 2 2 2 2 2
left_child=1 2 9 4 5 7 10 23 15 37 28 45 13 27 32 35 31 40 -15 20 22 -22 -10 43 39 30 -18 -7 48 61 -21 -17 41 -9 -35 36 -4 -1 55 -5 -12 -11 -34 -2 56 46 47 -6 -3 -39 -51 -13 57 -42 -40 -19 -8 -46 59 -30 -25 -16
right_child=3 6 8 24 11 12 44 33 19 14 17 51 -14 18 29 16 26 38 -20 25 21 -23 -24 60 -26 -27 -28 -29 58 -31 -32 -33 42 34 -36 -37 -38 49 54 -41 53 -43 -44 -45 52 -47 -48 -49 -50 50 -52 -53 -54 -55 -56 -57 -58 -59 -60 -61 -62 -63
leaf_value=-0.040593082321140755 0.0081836543167607186 -0.021394290477875194 0.022576693167820901 0.036167355742132763 0.032051858657423118 0.024274680063305083 0.04389710511146238 -0.0232160551768682 0.021306754459757705 -0.020309234582519087 -0.0045203174489767536 0.034920289945656574 0.057275331546859737 0.04857881940281189 -0.046245772996116735 -0.0088054818784629556 0.032058051262148592 0.019321692062099022 -0.049870810240580252 0.048130372422882803 0.038647771224863015 -0.063637487430236103 -0.037585412788069178 0.03979217875356867 0.062983741638361443 -0.053431614227309354 -0.048845630751580382 0.045096055774338319 0.014268487876944028 0.049535870578004432 -0.069384909548488347 0.079499946808554448 -0.002919249760594194 -0.0083771710971083588 0.035520837458536091 -0.032222510569193542 0.067733483932043384 -0.021052154847300247 -0.02226574371922739 -0.077888276570960577 0.014928339440149603 -0.0076311239642166536 0.027835953261440213 0.041143428008261346 -0.040952687519047237 0.053873011693801744 0.053062448330403134 0.053761115284761699 0.019563030599153305 -0.057258469640689792 0.14112952962933628 0.058401602968635481 0.04847628803632259 -0.0070450138766274045 0.011992207598902731 0.04353422511995246 0.064324645765236096 0.022529800625915607 0.042644964230840944 0.033298808240154319 0.0072881298100508909 0.02739872482903899
leaf_weight=972.54128497838974 901.75398281961679 117.73350393772125 840.38758344948292 45.344863191246986 2842.4173808544874 3345.8527657240629 1080.1649637967348 451.08613603562117 416.20048375800252 2608.5057895854115 2371.9341373965144 305.64862048625946 3312.4407120645046 7296.8972009569407 67.778205893933773 2896.3177038431168 892.98984885588288 3488.6394701525569 51.632024027407169 1286.9562124982476 1102.6467884257436 67.963998265564442 339.32704601436853 3378.7569882571697 16157.440716922283 44.421986244618893 67.582611229270697 1330.6194048523903 626.31605291366577 279.4552514590323 26.634594142436981 47.260493084788322 2363.4363701380789 452.48341653496027 332.90976735204458 78.242378503084183 193.88098805770278 2216.4985133334994 230.08838389068842 32.228052742779255 1567.549838617444 3199.949388705194 270.40481527894735 258.2093983143568 54.276945263147354 1314.5085530728102 1061.3433458209038 557.19477733969688 5317.5578663274646 10.418870490044357 14.76292499154806 11025.709299776703 112.80331511795521 402.04187449812889 296.83601674437523 279.79278202354908 532.70354160666466 96.926351875066757 992.93986918032169 1842.0967513620853 132.26723452657461 35.546060934662819
leaf_count=23047 2043 757 3964 79 3744 5217 1387 1531 2297 51073 21276 361 2302 6710 939 25167 2614 14086 709 2674 2558 299 1972 3838 9529 252 407 1584 1662 1004 142 131 25628 1199 481 713 643 39099 1557 132 6870 44473 764 296 218 1094 868 441 21290 97 71 7441 193 3267 1371 361 373 236 1444 2908 256 137
internal_value=0.0330618 0.00918211 -0.00120029 0.0504507 0.0452947 0.0392581 0.0200616 0.0255714 0.0150906 -0.0124332 0.0172322 0.0527886 0.0445274 0.041011 -0.00737114 0.00663185 0.000929296 0.0101791 0.0478797 0.0280042 0.0178283 0.0326557 -0.00515136 0.0328611 0.0626267 0.0424098 0.0263159 0.0302085 0.0240768 0.0305207 0.0456928 -0.00735948 -0.00909319 -0.00196675 0.0102453 0.0266206 0.0311037 -0.0263237 0.0181738 -0.0115422 0.00226596 -0.0133281 0.000245719 0.015554 0.0464672 0.0430024 0.0397867 0.0356262 0.0186712 -0.0201154 0.0598044 0.0577718 0.0206006 0.0104392 -0.00297134 0.0211318 0.0506828 -0.000344791 0.032556 0.02848 0.0385715 -0.0208426
internal_weight=94337.3 39750.5 20340.1 54586.7 38351.7 21244.9 19410.4 5907.47 8300.81 12039.3 17533.5 17106.8 15337.4 12025 8825.08 5016.66 3904.15 8636.88 7348.53 3284.15 1926.14 1170.61 755.528 4670.99 16235 1358.01 960.572 4676.47 8896.64 382.78 1313.59 2943.58 8442.3 1236.48 785.393 1112.51 1034.27 3214.22 4295.36 77.5729 4341.53 5808.46 2633.84 1159.96 1876.88 5775.46 4460.96 3399.61 5435.29 2241.68 25.1818 11331.4 264.007 1969.59 526.924 3768.43 1612.87 151.203 3461.35 2468.41 3511.02 103.324
internal_count=359276 309421 230165 49855 40115 26166 79256 9644 43833 186332 76849 13949 16522 14220 124018 33639 28319 48788 7419 10194 7126 2857 4269 6433 9740 3068 3021 6801 28061 2080 2816 25298 121938 3211 1680 5320 4607 62314 17375 211 31413 95546 26392 2339 2407 6147 5053 4185 22047 39267 168 7802 647 10137 2928 14447 1760 454 6014 4570 4094 1076
is_linear=0
shrinkage=0.05


Tree=29
num_leaves=63
num_cat=0
split_feature=6 7 10 10 10 1 8 18 17 3 10 17 2 11 1 4 3 12 24 9 1 6 1 18 24 1 21 2 3 1 1 7 1 5 7 3 5 10 1 4 5 5 18 10 13 18 10 18 1 7 4 6 1 14 10 10 24 13 18 7 5 1
split_gain=14579.6 1692 977.32 697.553 537.533 373.585 357.916 355.151 279.623 226.76 338.386 209.834 208.121 203.859 291.675 195.6 184.698 181.156 172.144 169.559 169.358 168.589 165.546 158.562 148.39 270.133 146.442 141.481 132.64 129.131 122.69 115.369 105.962 104.313 103.239 101.633 113.345 81.2781 79.9236 78.8201 78.8184 77.5861 94.0656 76.6304 99.7323 74.7893 71.7582 66.8416 65.5273 65.2746 62.5465 115.529 62.5121 61.9415 51.8763 48.1596 44.2059 40.3273 40.1708 38.1485 36.9392 36.5506
threshold=2.5000000000000004 5.0699999332427987 4.4049999713897714 2.7600001096725468 4.2550001144409189 47.002500534057624 4.2900002002716073 0.40651999413967138 3.756578922271729 43.500000000000007 4.0025000572204599 12.022387981414797 6.5000000000000009 6.5000000000000009 9.9984998703002947 91.500000000000014 416.50000000000006 1.3930578231811526 0.0030606851214542989 3.5000003576278691 569.09851074218761 30.500000000000004 16.998999595642093 10.802113533020021 -0.0075125624425709239 14.605000019073488 958644512.00000012 18.500000000000004 29.500000000000004 5.5510001182556161 31.911999702453617 6.0499999523162851 70.001998901367202 7.5000000000000009 2.9450000524520878 2.5000000000000004 10.500000000000002 3.242499947547913 4.9005000591278085 264.50000000000006 1.5000000000000002 2.5000000000000004 194.15230560302737 3.0900000333786015 -0.01639506313949823 0.76982304453849804 4.0025000572204599 52.683513641357429 67.005001068115249 3.935000061988831 157.50000000000003 4.5000000000000009 251.06500244140628 1.5000000000000002 4.5650000572204599 4.3999998569488534 0.013839276507496836 0.030000030994415287 1.1112003922462466 6.2049999237060556 3.5000000000000004 232.02500152587893
decision_type=2 2 2 2 2 2 2 2 2 2 2 2 2 2 2 2 2 2 2 2 2 2 2 2 2 2 2 2 2 2 2 2 2 2 2 2 2 2 2 2 2 2 2 2 2 2 2 2 2 2 2 2 2 2 2 2 2 2 2 2 2 2
left_child=2 6 5 50 7 8 17 16 13 10 26 24 32 14 23 -16 19 33 -18 -5 41 27 31 -1 25 -11 29 -9 57 -8 -26 58 54 -2 -10 36 -12 -28 -30 -23 45 47 46 44 -36 -24 -43 -7 -44 -45 51 -3 -34 -37 -6 -22 -53 -15 -4 -42 -60 -49
right_child=1 3 22 4 12 20 9 21 34 11 35 -13 -14 28 15 -17 18 -19 -20 -21 55 39 40 -25 30 -27 37 -29 38 -31 -32 -33 52 -35 43 53 -38 -39 -40 -41 59 42 48 49 -46 -47 -48 61 -50 -51 -52 56 -54 -55 -56 -57 -58 -59 60 -61 -62 -63
leaf_value=0.0051497111521192976 0.05624833718597079 0.062359659029297632 0.036129586776954853 0.03741850889454848 0.04015544427541435 -0.036332708788422811 -0.015733444688208479 0.0083978547844159018 0.12803929141093531 -0.0076140642608734186 0.0079055867551903556 -0.060677713180235862 0.059084688157079228 -0.058718168684814644 0.009141130420708304 -0.057470459400147458 -0.069535873369843279 0.063268142709186334 0.047473866370159629 0.052991377168145941 0.025118325396366676 0.056055984847874489 0.024790918658272435 -0.014086846284852537 0.048754077791304355 0.065842785074878937 -0.013923257299427852 0.03139643291972747 0.065659294503684032 0.016019414605352288 -0.010751048997417618 0.055725821081171523 -0.035323068749176949 -0.046586307906123808 -0.007655322131845381 0.042406151408406145 0.036451647059307299 0.054377565454627991 0.023583861577420318 0.014459491405217169 0.019012357951034616 -0.0083327649302537121 0.044797023217318113 0.094092339482435255 0.035124825871907399 -0.012227898500979563 0.01273769162612344 -0.007013988479507207 0.0076811748137111061 0.036706128180369509 0.062030570623674092 -0.097570065410978207 0.031963256114712894 -0.0014245691694797151 0.051030672132040156 0.097233529192241416 0.012579113471460674 0.035789720623438707 0.021160862981905646 0.045849153273546168 0.037245212838367944 -0.020245301463555229
leaf_weight=1904.0142474137247 26.565313771367073 61.965399280190468 1402.6522543430328 2854.7063977122307 1544.9287220388651 236.18148032575846 371.93640249222517 1243.7619387954473 26.396501630544662 340.38285394757986 555.38338800519705 47.450583070516586 9414.7768019735813 41.869555555284023 18162.59151404351 109.87739358842373 65.562186505645514 54.196428336203098 58.575606379657984 4579.1218065991998 297.33081582933664 584.67219761013985 205.40557700395584 2446.2106599286199 3869.2789674028754 196.68242453783751 49.864047661423683 1449.6280070021749 250.32756584882736 2263.5685217529535 88.132086858153343 485.77072781324387 58.131501823663712 241.29574692249298 244.07924759760499 3516.0694681107998 934.38544360548258 319.43800048530102 208.81975553929806 142.85212882980704 1389.0145215541124 2200.392665669322 156.94855567067862 54.587872456759214 306.03293847665191 401.47248890250921 493.83807773143053 3467.9529967755079 485.61050400137901 519.51295627653599 15449.330094188452 19.723214045166969 81.897721990942955 82.204954832792282 4065.8838195800781 24.383369825780392 15.758520647883413 14.489333938807247 1510.1115407347679 146.52263104915619 472.17985097318888 614.74852208420634
leaf_count=14614 80 45 1822 3152 1585 2786 1215 2259 44 805 1271 173 6161 407 141666 917 801 128 72 3621 1875 428 350 38136 3776 143 120 1828 182 5902 222 377 146 2324 793 4066 1343 295 584 253 3671 25082 1135 235 737 1525 2912 47130 4624 914 9444 81 98 150 3340 87 34 104 3068 145 787 7206
internal_value=0.0319041 0.0484794 0.0082403 0.0533848 0.0483913 0.00479079 0.032692 0.0399546 0.0078741 0.0340191 0.0289915 0.042968 0.0544955 0.00667667 0.00596699 0.00873718 0.0460074 -0.0192999 -0.0143456 0.0470177 -0.00459619 0.0265709 0.0267455 -0.00566696 0.0440766 0.0193502 0.0156766 0.020785 0.0377391 0.0115321 0.0474252 0.0329193 0.0469726 -0.0361977 0.0319228 0.0368491 0.0258255 0.0451292 0.0466271 0.0479263 0.0155788 -0.00609166 -0.000363183 0.0295497 0.0161552 0.000313535 -0.00446551 -0.0105153 0.0168102 0.0423255 0.0617782 0.0214871 0.00394227 0.0414033 0.0480448 0.0308839 -0.0495086 -0.0341336 0.0296294 0.0216046 0.0250115 -0.00901197
internal_weight=92927.4 54648.1 38279.3 41691.3 26144.5 32266.2 12956.8 10978.9 24288.8 12634.8 8092.85 4541.93 15165.6 23138.2 22622.7 18272.5 7557.97 322.057 124.138 7433.83 7977.39 3420.91 6013.13 4350.22 4494.48 537.065 3004.81 2693.39 515.506 2635.5 3957.41 3870.71 5750.84 267.861 1150.61 5088.04 1489.77 369.302 459.147 727.524 2142.42 7655.67 3336.79 1124.21 550.112 606.878 2694.23 4318.88 642.559 574.101 15546.8 97.4471 140.029 3598.27 5610.81 321.714 35.4817 56.3589 3384.94 1535.54 1982.29 4082.7
internal_count=359276 55361 303915 33348 23744 292170 22013 12414 199333 19481 14362 5119 11330 196610 195333 142583 7646 2532 873 6773 92837 4768 11745 52750 4946 948 7532 4087 1277 7117 3998 6054 5169 2404 2723 6830 2614 415 766 681 5691 90875 33753 2679 1530 1875 27994 57122 5759 1149 9604 160 244 4216 4925 1962 115 511 5677 3816 3855 54336
is_linear=0
shrinkage=0.05


Tree=30
num_leaves=63
num_cat=0
split_feature=22 20 19 19 6 22 6 1 9 20 23 20 1 8 20 20 1 7 10 20 1 16 23 22 20 23 23 17 18 16 20 10 19 10 23 10 11 23 1 9 21 12 18 19 16 22 16 20 22 9 1 9 21 19 8 12 1 19 1 12 18 23
split_gain=14392.7 1391.77 1136.18 928.853 631.497 365.31 340.829 300.301 245.139 410.132 235.546 195.245 200.177 190.814 188.76 308.174 314.245 227.98 159.326 148.819 144.975 139.844 148.523 272.575 199.944 139.117 150.245 127.7 122.72 214.971 165.714 148.091 120.695 116.182 113.923 112.417 106.08 145.684 105.898 105.353 97.8095 126.338 82.8431 110.432 82.8028 73.0768 66.9332 66.2743 62.6209 71.7028 62.2065 105.769 61.7086 59.9495 59.8433 58.1596 57.6972 56.8154 56.1178 55.1597 49.065 48.9174
threshold=16.769082069396976 1.1084075570106509 859.49984741210949 2.2203239202499394 7.5000000000000009 15.832268238067629 4.5000000000000009 47.002500534057624 2.8150000572204594 0.75709015130996715 0.010677785612642767 1.0660008788108828 5.0009999275207528 4.2249999046325692 0.20671743899583819 0.78725951910018932 18.005000114440922 4.5850000381469735 4.5025000572204599 0.98691487312316906 71.005001068115249 0.90954548120498668 0.1935188174247742 15.100024700164797 0.36298181116580969 2.7763221263885502 783.26550292968761 27.040540695190433 652.81942749023449 0.56863656640052807 1.6134278178215029 3.182500004768372 51.332639694213874 4.2550001144409189 28.084390640258793 3.0900000333786015 4.5000000000000009 0.0020711343968287115 8.3004999160766619 3.4650000333786015 100224737280.00002 1.8930722475051882 214.14318847656253 249.66017913818362 0.99965035915374767 16.617491722106937 0.95907902717590343 0.61073186993598949 16.028322219848636 1.9699999094009402 24.7504997253418 0.090000033378601088 114851979264.00002 165.0266036987305 4.8949999809265146 1.0358087420463564 51.004999160766609 274.73713684082037 10.68650007247925 1.2143470048904421 0.039736110717058189 11.220189571380617
decision_type=2 2 2 2 2 2 2 2 2 2 2 2 2 2 2 2 2 2 2 2 2 2 2 2 2 2 2 2 2 2 2 2 2 2 2 2 2 2 2 2 2 2 2 2 2 2 2 2 2 2 2 2 2 2 2 2 2 2 2 2 2 2
left_child=2 3 5 6 8 10 27 28 19 39 35 12 48 44 -6 17 -17 -16 34 33 -15 22 23 -12 -24 36 45 40 29 -4 31 -31 60 -5 46 42 37 -13 -30 -10 41 -2 43 -1 -14 -27 -8 -29 -7 -50 59 -52 -36 -34 -38 -9 -42 -44 -40 -37 -23 -3
right_child=1 61 7 4 14 11 18 55 9 -11 21 25 13 20 15 16 -18 -19 -20 -21 -22 32 24 -25 -26 26 -28 47 38 30 -32 -33 53 -35 52 50 54 -39 58 -41 56 -43 57 -45 -46 -47 -48 -49 49 -51 51 -53 -54 -55 -56 -57 -58 -59 -60 -61 -62 -63
leaf_value=0.013910636306054462 0.035164866765384627 0.061336246527863438 -0.012327599876931668 0.0074845410666788351 0.051354390090708704 -0.041785170231090664 0.036011960191276275 -0.013260102407772496 -0.0072990836794306277 -0.07694250439815889 -0.0098277787822373206 0.0902083650976645 -0.022016108583729477 0.024622295394419687 0.0013396804267540256 0.053923441161172439 -0.062872136103208659 0.03341572084606164 0.058599998497998844 0.054120140999156678 0.0039579164283751146 0.056583038317634164 -0.0017497152162810313 0.021267222270423485 -0.034878215925014909 -0.066847925996348243 0.066383252105336188 0.021889605783642786 -0.015147453965913544 -0.0083158859396581623 0.065478118214132908 0.027724120872822212 -0.014168892910285917 0.026953928329501595 0.047692973047931457 0.02808205004449604 0.060852108464034209 -0.042467276681908001 0.01014079945941751 0.030771775658412704 0.053216356703987971 -0.014561411768956943 0.030656026333204481 -0.015561374373022328 0.058012254983796564 0.030972663036468829 -0.022402315619416337 -0.095370844945381852 0.016320568600402072 -0.018157152033980797 0.020535780607247419 0.08782542767889967 0.056655690013280462 0.11535817723127931 0.016220664012428356 -0.040870996990379473 0.016175670963866049 0.015231065961839927 0.0010458996905485355 -0.064169875818828631 0.021832980822020061 0.03296864186764719
leaf_weight=962.15615072101355 2805.764046818018 14757.233220726252 3098.9322687834501 1125.8861704580486 2871.7472757101059 104.68916822969913 1008.4086273834109 3424.7569348849356 379.6803400889039 161.64970495551825 1339.6733782365918 29.299137994647026 329.91588214784861 8617.238354600966 626.06320589780807 2387.0093374103308 58.17608318477869 4836.2393739707768 7109.5191187858582 369.08441137522459 942.60826534032822 115.5810534954071 1723.9310576096177 1484.741054367274 618.22306710854173 68.565951779484749 49.691314250230789 20.881305500864983 587.8737345226109 721.0364925712347 128.52744016423821 469.90131205692887 291.45264258235693 2409.8815332651138 6029.1463127434254 178.29425307363272 690.2236760109663 64.241097822785378 4737.2712646685541 346.71623505651951 1120.443655371666 133.15745183825493 747.84848104417324 473.33298393338919 34.832139536738396 25.553202047944069 50.792269662022591 26.353708758950233 316.40947932749987 286.28628097474575 106.02526500448585 131.81827708333731 2899.8753179609776 8.2147494331002218 85.597709432244301 201.50618540123105 117.64617846906185 2996.3708114773035 2644.0742814727128 16.84089732915163 837.99263805896044 158.05372855812311
leaf_count=5071 3308 9347 51054 2761 2326 643 1169 54952 1005 858 14523 21 2673 19155 1481 1918 249 6021 4743 321 4498 200 16136 8089 7349 344 49 29 11976 10063 280 5260 2091 3732 5692 888 709 339 27872 603 876 335 3600 4584 64 35 120 107 949 956 734 513 2040 49 188 3540 183 18267 28625 92 3117 228
internal_value=0.0307891 0.0481458 0.00813261 0.042932 0.0336432 0.0150894 0.0497139 -0.00215354 0.0185355 -0.00516671 0.00897779 0.0214026 0.0193997 0.0212313 0.0403579 0.0363577 0.051118 0.0297412 0.0528591 0.0239272 0.0225859 0.002435 -0.00119956 0.00651825 -0.0105074 0.0423763 -0.00312727 0.0369729 0.00155093 -0.00513137 0.0117626 0.00591134 0.0174117 0.0207596 0.0487668 0.0164588 0.0499042 -0.000342458 0.00525662 0.010883 0.0379006 0.032906 0.0144057 0.00418509 -0.0142223 -0.0401908 0.0331876 -0.0440504 -0.00628505 -5.13462e-05 0.0409185 0.0580617 0.0506104 -0.0102297 0.0559615 -0.0148066 0.0497166 0.0183207 0.00688417 0.0198083 0.0261051 0.0610382
internal_weight=91500.9 51809.4 39691.5 36894.1 15572.1 23677.6 21322 16013.9 4792.9 888.046 12032.5 11645.2 10632 9924.59 10779.2 7907.49 2445.19 5462.3 17097.7 3904.85 9559.85 6419.81 5166.57 2824.41 2342.15 1013.17 143.81 4224.25 12387.6 4418.4 1319.47 1190.94 1253.24 3535.77 9988.22 5612.69 869.362 93.5402 7969.22 726.397 4177.01 2938.92 5179.71 1435.49 364.748 94.1192 1059.2 47.235 707.385 602.696 432.979 237.844 8929.02 299.667 775.821 3626.26 1238.09 3744.22 7381.35 195.135 953.574 14915.3
internal_count=359000 49452 309548 39877 21275 115926 18602 193622 9280 2466 85303 30623 28938 26390 11995 9669 2167 7502 13764 6814 23653 51554 46097 22612 23485 1685 428 4838 135130 66657 15603 15323 5457 6493 9021 33749 1257 360 68473 1608 4702 3643 31522 9655 2737 379 1289 136 2548 1905 2227 1247 7732 2140 897 58492 1059 21867 56497 980 3317 9575
is_linear=0
shrinkage=0.05


Tree=31
num_leaves=63
num_cat=0
split_feature=22 22 2 19 6 19 1 6 16 3 5 23 3 9 19 13 6 19 13 1 6 3 15 15 11 2 3 19 23 22 5 21 5 1 15 17 16 23 9 23 5 9 11 2 5 22 21 5 9 5 1 3 19 7 9 9 8 6 1 9 21 1
split_gain=13683.3 1355.58 1120.72 750.145 333.514 295.759 279.369 248.351 240.59 372.633 225.654 211.473 206.026 202.265 197.263 184.146 195.007 172.381 165.986 162.951 184.905 155.923 147.668 144.509 278.905 175.385 140.456 134.431 157.837 210.629 123.351 115.016 114.262 113.414 195.749 104.833 182.55 102.256 186.142 100.345 116.429 99.1311 117.97 102.087 97.5042 165.208 96.9613 107.357 89.1125 82.3879 80.9892 80.8506 95.9476 79.8512 76.6243 75.3402 68.1348 65.3335 61.5548 56.7075 52.8426 49.6802
threshold=16.967336654663089 15.813388824462892 80.500000000000014 1.7010231018066408 2.5000000000000004 859.49984741210949 47.002500534057624 5.5000000000000009 0.9962335228919984 311.50000000000006 1294.5000000000002 0.0092679550871253031 105.50000000000001 2.5799999237060551 51.332639694213874 0.00087299678125418733 22.500000000000004 1.4713264107704165 -0.370714321732521 0.9350000023841859 32.500000000000007 139.50000000000003 26.500000000000004 21.500000000000004 5.5000000000000009 108.50000000000001 43.500000000000007 46.89708328247071 0.1935188174247742 15.100024700164797 16.500000000000004 100224737280.00002 264.50000000000006 9.7009997367858904 7.5000000000000009 18.093750000000004 0.96560820937156688 11.220189571380617 0.1999999284744263 79338863067136.016 1.0000000180025095e-35 2.3999999761581425 5.5000000000000009 2.5000000000000004 15.500000000000002 17.082131385803226 9.7264113426208514 617.50000000000011 1.1649999618530276 1.5000000000000002 22.704999923706058 11.500000000000002 175.65846252441409 4.8949999809265146 1.1349999904632571 3.5000003576278691 4.1050000190734872 17.500000000000004 52.004999160766609 0.70500004291534435 3.5166912078857426 7.8904998302459726
decision_type=2 2 2 2 2 2 2 2 2 2 2 2 2 2 2 2 2 2 2 2 2 2 2 2 2 2 2 2 2 2 2 2 2 2 2 2 2 2 2 2 2 2 2 2 2 2 2 2 2 2 2 2 2 2 2 2 2 2 2 2 2 2
left_child=1 5 3 7 44 11 33 31 13 23 12 49 17 21 19 16 -11 41 -19 -6 -21 -4 60 -10 -25 -26 -20 37 29 -29 -30 35 53 34 59 55 -37 38 -13 40 -35 43 -43 -3 61 -46 -34 -48 -36 50 -1 52 -51 -9 -41 -2 -39 -55 -33 -7 -16 -5
right_child=2 10 8 4 14 6 -8 32 9 15 -12 27 -14 -15 22 -17 -18 18 26 20 -22 -23 -24 24 25 -27 -28 28 30 -31 -32 58 46 39 48 36 -38 56 -40 54 -42 42 -44 -45 45 -47 47 -49 -50 51 -52 -53 -54 57 -56 -57 -58 -59 -60 -61 -62 -63
leaf_value=0.018984159805480759 0.03597292709361255 0.02328670788587495 0.060366348536935857 0.054567144751196728 0.061030483105016901 -0.01079750520642977 -0.014247358055993276 0.029816229385155185 0.055108292278941901 0.05131992159601842 0.052053334781509711 0.025288464173384369 -0.055524574787555805 0.060499033135648056 0.020286309664652329 0.06217056496476675 -0.074318368093972229 -0.039462056435942729 0.015698834404288532 0.03277610348690254 0.047906182313334357 -0.083149458138198171 -0.071193613498053129 0.050883207043792247 0.022439873378408203 -0.13573718509685437 0.033629172941547124 -0.0085981142798616985 -0.0063705315000672077 0.020270675483512114 -0.036540081261141673 0.05336767007487675 0.035709668735007548 0.0062927524536477101 0.048491803807712328 0.04497875887882033 -0.10847937675784664 0.041573106690638212 -0.01713928976879894 0.039887388479925547 -0.0058853865185177455 -0.031084710076049016 0.062201119023808496 0.0404868082258657 0.053407273854917309 -0.047700346160806643 -0.10185353172788805 0.039262064619539551 -0.055284434466403659 0.044375108421636056 -0.0015053569653324741 -0.027449473935282381 0.018264596211282378 0.050610456829863829 -0.056652969929581493 -0.024277152190143793 0.014678462930416034 0.05829598117949443 0.016709148380652794 -0.038981517619920962 -0.03904820362138639 0.011873790831878978
leaf_weight=845.28857576102018 2674.8037909716368 1751.5250596702099 32.321370676159859 72.932743072509766 699.19123984873295 1764.7250611558557 3581.4250586777925 336.3675007969141 1396.0781723856926 39.543092094361782 577.18573734164238 453.29222923889756 88.401111647486687 15512.475226193666 587.08451103419065 51.480429887771606 130.40741118229926 126.44169326499104 8619.6859114319086 9109.9729426130652 2605.3661735579371 42.86960032582283 50.9638701826334 143.21657127141953 29.604755058884621 40.917776852846146 1251.7085510008037 1352.9933874793351 1198.2469495497644 1183.528425116092 471.99833238124847 1391.5969385206699 230.17678736150265 7189.6967853046954 186.48395237326622 42.113062530755997 34.251616731286049 338.59369353204966 598.83521998673677 270.85091299563646 2698.1552373878658 129.17134587466717 44.81561353802681 1715.525640822947 53.112036101520061 158.87518717348576 29.052813768386841 23.620253518223763 22.369588613510132 396.60100778192282 1120.0327531099319 86.559640109539032 3130.7756229788065 5298.0530576556921 21.327317871153355 52.15949435532093 778.36961361765862 6050.4339330792427 126.45779763162136 198.04550904780626 39.116348497569561 903.86427816003561
leaf_count=3505 3066 3110 21 126 452 32874 58491 418 1025 33 508 2188 336 10180 1191 30 1087 571 25829 11327 2339 156 259 114 39 179 2317 14825 11378 6597 6513 1071 263 53907 735 41 143 1364 5677 2357 41444 374 29 2418 76 771 116 25 262 1289 7901 552 19930 4322 189 132 2975 4091 194 3097 165 2006
internal_value=0.0296966 0.00892514 0.0479588 0.042187 0.0338157 0.0025061 -0.00195386 0.0495232 0.0580848 0.0408859 0.0214384 0.00845015 0.0201471 0.0601023 0.0361183 -0.019838 -0.0449271 0.020642 0.0172453 0.0375519 0.0361451 -0.0214099 0.00981192 0.0492488 0.0108744 -0.0698806 0.0179761 0.00222785 -0.00298468 0.00487263 -0.014916 0.0392227 0.0532386 0.00161116 -0.00875902 0.0331901 -0.0242992 0.0123361 0.00114194 0.00382449 0.00296887 0.02996 -0.0068094 0.0318081 0.00844468 -0.0222132 0.0217048 -0.0389272 0.0371424 0.0155583 0.00730985 0.0200393 0.0212135 0.0539995 0.0326542 0.0348102 0.0228656 0.0547132 0.0503302 -0.0136622 0.0165156 0.0151192
internal_weight=90181.1 42192.7 47988.5 30569.6 14280.5 27888.2 15933.1 16289.1 17418.9 1831.25 14304.5 11955.1 13727.3 15587.7 13091.7 221.431 169.951 13638.9 9997.84 12414.5 11715.3 75.191 677.165 1609.82 213.739 70.5225 9871.39 6375.86 4206.77 2536.52 1670.25 4321.38 11967.7 12351.7 2171.62 2803.33 76.3647 2169.09 1052.13 10180 9887.85 3641.04 173.987 3467.05 1188.78 211.987 282.85 52.6731 208.854 5579.26 1965.32 3613.94 3527.38 11684.9 292.178 2726.96 1116.96 11348.5 1518.05 1962.77 626.201 976.797
internal_count=359000 313542 45458 32594 18712 278050 193356 13882 12864 2507 35492 84694 34984 10357 15733 1150 1120 34648 28717 14118 13666 177 1615 1357 332 218 28146 51517 39313 21422 17891 4647 9235 134865 36968 3382 184 12204 7865 97897 95351 5931 403 5528 2979 847 404 141 997 33177 11406 21771 21219 8831 2546 3198 4339 8413 1265 35971 1356 2132
is_linear=0
shrinkage=0.05


Tree=32
num_leaves=63
num_cat=0
split_feature=22 0 3 10 0 0 3 2 2 0 21 18 9 3 24 22 5 1 4 9 12 2 15 13 0 1 8 24 2 9 22 12 1 10 5 4 2 9 18 18 18 5 1 1 16 0 5 5 0 0 18 1 13 9 16 5 21 1 22 22 10 21
split_gain=13030.4 1522.39 1365.4 1246.81 604.718 503.626 479.664 458.162 436.623 263.535 256.057 252.46 236.9 221.092 271.867 218.249 197.204 191.864 171.456 164.041 155.514 160.852 152.252 165.173 147.807 148.105 146.396 144.906 144.445 139.827 137.945 803.293 134.736 133.95 133.149 116.292 110.863 109.129 106.003 105.436 101.288 100.756 95.3454 94.6064 93.4453 88.0475 81.2336 80.967 77.6807 70.2706 66.9164 64.9798 67.0965 64.9779 60.988 60.4514 61.5845 60.3975 59.696 117.599 59.1942 57.0822
threshold=16.967336654663089 4.2049999237060556 1.5000000000000002 2.7525000572204594 4.1050000190734872 4.805000066757203 38.500000000000007 39.500000000000007 1.5000000000000002 4.0450000762939462 20119283712.000004 5.0179669857025155 2.4050000905990605 400.50000000000006 0.0036310558207333092 15.932507514953615 1.5000000000000002 50.004999160766609 12.500000000000002 1.0249999761581423 1.936491906642914 2.5000000000000004 10.500000000000002 -0.004195805173367261 6.4500000476837167 22.005000114440922 4.2900002002716073 -0.016524670645594593 9.5000000000000018 4.8999998569488534 18.429264068603519 1.9781917929649355 19.704999923706058 4.5025000572204599 46.500000000000007 133.50000000000003 13.500000000000002 2.5799999237060551 578.98843383789074 199.15116119384768 594.76916503906261 2.5000000000000004 61.004999160766609 69.002998352050795 0.63722944259643566 2.8649998903274541 2.5000000000000004 26.500000000000004 4.6949999332427987 5.3150000572204599 62.708223342895515 14.994999885559084 0.045213017612695701 0.29999983310699468 0.87253385782241832 36.500000000000007 45150197760.000008 8.0009999275207537 17.082131385803226 17.694078445434574 2.992499947547913 792587680.00000012
decision_type=2 2 2 2 2 2 2 2 2 2 2 2 2 2 2 2 2 2 2 2 2 2 2 2 2 2 2 2 2 2 2 2 2 2 2 2 2 2 2 2 2 2 2 2 2 2 2 2 2 2 2 2 2 2 2 2 2 2 2 2 2 2
left_child=1 2 9 35 7 11 12 10 42 16 20 51 15 30 -15 32 39 60 37 -8 21 -5 23 -21 25 49 -17 -24 33 -22 31 -9 -4 48 43 44 -19 -14 47 57 -40 -27 55 46 -2 -41 -13 -18 -10 50 -7 -3 61 -36 -37 56 -6 -1 -56 -60 -12 -53
right_child=3 5 6 4 8 24 19 13 28 -11 17 34 18 14 -16 26 38 36 -20 22 29 -23 27 -25 -26 41 -28 -29 -30 -31 -32 -33 -34 -35 53 54 -38 -39 40 45 -42 -43 -44 -45 -46 -47 -48 -49 -50 -51 -52 52 -54 -55 58 -57 -58 -59 59 -61 -62 -63
leaf_value=0.018988017830276899 -0.072164449660545832 0.032484725446876132 -0.0054842205339615743 0.0041072617012428798 0.024764705619772922 0.041007419879505486 -0.056931878205107991 0.04789796998832941 0.027711875376300089 0.0024501311965106107 0.00057279323195063648 0.0085571882427703666 -0.058653973910532564 -0.06463120920787889 0.05152301192849626 -0.026138778542927274 -0.011629753819685831 -0.077654852217804687 -0.079274864838729114 -0.070640642829338671 -0.0048250437187917529 0.02822603764940711 -0.0049523815266336998 0.0203884223337422 0.064029499545631571 0.0082891257758345421 0.01842024987741336 0.041458917572773382 0.055877112454680272 0.051708874098129243 0.051509521720011525 -0.033497880276557257 0.012198297003319692 0.050212817462834972 0.076863412428380337 0.059910523104357842 0.022355914233104287 0.052756742330296424 0.17607388955504 -0.039521776295608352 0.021240059157057439 0.03225998691654338 -0.0034677418229888467 -2.0849926831976719e-05 0.032762714464089612 -0.022174132750879275 0.020381440659850265 0.013188378660344661 0.048365263810525472 0.044172470091466909 0.023741760412846966 0.0070547750642710114 -0.04172492973604966 0.026901674343278371 0.064403488707534803 0.046204520605725559 0.049005113964124325 -0.014433424004954183 0.04876417739688662 -0.098636613849182847 0.045008403474357084 0.038614266604376751
leaf_weight=169.51730158925056 24.642741769552231 1854.7475969791412 3055.4826460033655 832.32618615031242 1806.1494513452053 873.84092038869858 50.4615961574018 2121.8351021558046 1306.5935957878828 2521.1161225028336 77.96171997487545 5570.4971999004483 34.97279080748558 102.09550046361983 97.50947891920805 192.20406879484653 4652.4187961183488 50.696142241358757 134.5457254499197 65.850488312542439 858.02187399566174 4103.825410656631 182.99603976681828 194.72594967484474 323.08837047219276 1129.8240525722504 4037.5292516574264 2023.0243751890957 7662.8530632648617 124.3243360221386 3794.2252145931125 352.80315801501274 1662.6401780359447 5235.8223548233509 93.570918954908848 13967.579706452787 58.878082230687141 55.502576589584351 12.707278769463299 1054.8294147364795 48.070047710090876 717.15555095672607 198.72712044417858 2257.0247827321291 122.20561999827623 2416.2365766726434 1967.0746020823717 352.60193718597293 706.17267963290215 1332.6972676068544 1595.7066939771175 389.88272155076265 48.645879924297333 216.98043597489595 39.883159041404724 614.50456210970879 307.97886671125889 650.88133613392711 30.035431981086731 23.004761680960655 2115.8889936059713 226.53210170567036
leaf_count=2441 102 2769 30033 1957 2604 1097 513 1935 1648 20841 169 27390 153 993 85 1650 70240 185 657 284 2080 5720 664 435 228 4292 10835 3131 5604 108 3094 898 16321 4332 77 9531 93 129 180 25607 837 1546 447 17832 251 48625 5365 2995 619 1620 3761 1097 173 410 21 573 265 9040 25 99 2020 274
internal_value=0.0286362 0.00848262 4.28291e-05 0.046818 0.0414175 0.0191775 0.0121738 0.0338987 0.0476067 -0.0118953 0.0260593 0.0135158 0.00686594 0.0438568 -0.00788954 0.00814258 -0.0157608 0.0402062 -0.0436881 0.0315048 0.0205467 0.0241618 0.0333384 -0.00277861 0.0311408 0.029248 0.0163886 0.0376062 0.0510743 0.00237003 0.0455063 0.0362827 0.000747205 0.0459894 0.00998249 0.0591789 -0.0241542 0.00946643 -0.00907554 -0.0236471 0.0560197 0.0176118 0.0299303 0.00895724 0.014752 -0.0274572 0.0116459 -0.00987804 0.034981 0.0348929 0.0298673 0.0276739 0.0142211 0.0421699 0.0596415 0.0323649 0.0283198 -0.00750682 0.0189376 -0.0157167 0.0434326 0.0187047
internal_weight=88902.1 42165.6 23568.3 46736.5 32529.2 18597.3 11689.9 14690.4 17838.8 11878.4 8221.92 12625 9172.88 6468.47 199.605 8947.86 9357.26 2303.42 225.021 2517.06 5918.5 4936.15 2466.6 260.576 5972.31 5649.22 4229.73 2206.02 14911.4 982.346 6268.86 2474.64 4718.12 7248.59 10105.1 14207.4 109.574 90.4754 5065.8 4291.46 60.7773 1846.98 2927.36 9794.6 146.848 3471.07 7537.57 5005.02 2012.77 3802.24 2469.55 2519.81 665.061 310.551 14060.5 2728.63 2114.13 820.399 92.9234 53.0402 2193.85 616.415
internal_count=359000 313542 245611 45458 35429 67931 64805 19337 16092 180806 12332 55387 59778 7005 1078 58839 159965 2467 939 5027 9865 7677 4514 719 12544 12316 12485 3795 12203 2188 5927 2833 46354 6599 51074 10029 278 282 74252 85713 1017 5838 3889 50587 353 74232 32755 73235 2267 6478 4858 4313 1544 487 9676 3442 2869 11481 145 124 2189 1371
is_linear=0
shrinkage=0.05


Tree=33
num_leaves=63
num_cat=0
split_feature=22 6 0 20 19 6 12 0 0 6 24 16 4 24 9 5 5 6 9 20 1 1 9 10 20 8 1 4 16 0 1 10 20 17 24 10 9 20 4 20 8 1 16 5 16 19 9 19 1 0 7 22 12 4 12 9 5 10 15 0 19 15
split_gain=12428.1 1406.5 1543.27 1152.94 700.935 463.678 403.448 368.348 318.941 257.672 250.461 233.593 247.755 230.152 335.914 209.807 202.178 199.774 190.227 278.965 184.287 182.275 185.289 177.941 299.727 353.451 221.363 174.487 172.832 165.37 184.29 159.844 159.254 155.341 148.433 146.925 139.123 130.705 126.918 125.266 112.505 106.008 105.171 100.581 97.7383 93.7206 95.6268 90.9979 150.056 87.449 84.1031 78.4358 207.41 78.0764 77.4737 76.5489 75.9946 75.7648 75.5106 72.2875 65.3839 62.7394
threshold=17.145133972167972 1.5000000000000002 4.305000066757203 1.1270981431007387 2.2203239202499394 6.5000000000000009 1.1864976882934573 5.0050001144409189 4.0450000762939462 4.5000000000000009 -0.0075125624425709239 0.9566781520843507 45.500000000000007 0.042310858145356185 2.50000011920929 1.5000000000000002 110.50000000000001 2.5000000000000004 2.9999998807907109 0.61650627851486217 128.30500030517581 0.9350000023841859 0.78000009059906017 4.4600000381469735 0.78725951910018932 6.5499999523162851 17.005000114440922 147.50000000000003 0.73826882243156444 3.6250000000000004 38.004999160766609 3.0900000333786015 0.93826279044151317 1.1544631719589236 0.053598834201693542 4.4600000381469735 3.1999999284744267 0.38331487774848944 139.50000000000003 0.82003796100616466 4.2900002002716073 26.005000114440922 0.74971264600753795 3.5000000000000004 0.1208852417767048 20.849861145019535 2.7000001668930058 678.70220947265636 120.50999832153322 5.7099997997283944 3.2949999570846562 18.429264068603519 1.8930722475051882 77.500000000000014 1.6774194240570071 0.80000007152557384 2.5000000000000004 2.8724999427795415 20.500000000000004 3.495000004768372 33.244987487792976 292.50000000000006
decision_type=2 2 2 2 2 2 2 2 2 2 2 2 2 2 2 2 2 2 2 2 2 2 2 2 2 2 2 2 2 2 2 2 2 2 2 2 2 2 2 2 2 2 2 2 2 2 2 2 2 2 2 2 2 2 2 2 2 2 2 2 2 2
left_child=1 2 6 4 9 18 8 20 15 29 11 12 16 14 32 50 37 -16 45 36 47 -8 34 24 26 -26 -7 -14 40 30 -2 -29 38 59 -23 51 -20 -3 -12 -24 -15 49 -21 -22 -34 57 -47 48 -4 -9 -1 52 -11 -17 -35 -42 -43 -6 -18 -30 -13 -53
right_child=3 10 7 -5 5 23 21 41 -10 35 13 60 27 28 17 53 58 -19 19 42 43 22 39 -25 25 -27 -28 31 33 -31 -32 -33 44 54 -36 -37 -38 -39 -40 -41 55 56 -44 -45 -46 46 -48 -49 -50 -51 -52 61 -54 -55 -56 -57 -58 -59 -60 -61 -62 -63
leaf_value=-0.024942626344038446 0.021143097777045119 0.011424794781372389 0.018060230473262311 0.059262500513738547 0.063197756886947593 0.015179268890266343 0.05489640332071849 0.030830765251155225 0.002284099293624713 0.043245108571474261 0.032439405973210093 0.033621718229318975 -0.049442142338181935 -0.030237299006118813 0.053819293368917866 -0.0087892662280002684 0.057295608224399955 -0.061756274160119431 -0.043719008692401667 0.041713240565027544 -0.017993692191869887 0.086854129948288408 0.012393590289933462 0.047445129924480703 0.050999700792091866 -0.07258249720712108 0.03763937505397328 0.044508165711600933 -0.017150891342748064 0.041246505560500107 -0.075875536009200606 -0.074454864802413243 -0.014323122060130408 0.048327132374339388 -0.019926531329809857 0.055546237124555232 0.026870445017219746 -0.022439036719738729 -0.00084279292710461051 -0.0063149681533665753 0.027919976816074246 0.0071641605623433821 -0.068745814979551512 0.019173382744265222 0.052201304590962755 0.012660982089410936 -0.047948153738078057 0.0091613214564257132 0.088259755051437766 0.052437775404827483 0.00045723768811854585 0.050396347393281651 -0.0034994923199003145 0.074427791594887938 -0.010445638217871589 0.00062467262465602325 0.037307723877076752 0.024735633710479783 -0.020248653339165753 0.020496028945038172 -0.0094788403820741246 0.0037194608863775572
leaf_weight=3859.1944139562547 717.23403199017048 1356.5652323104441 4208.664504237473 13015.425383992493 145.37531070411205 2476.2401050776243 199.4291018024087 1641.821634426713 4096.6617555953562 2581.511775135994 4544.6863368451595 1103.3872635960579 327.26753144711256 213.12188657745719 49.457965768873692 6353.1469057872891 270.88724733516574 144.14814732223749 86.148334465920925 23.526837259531021 733.59161618351936 118.75440067052841 1896.4970064908266 2932.1379029303789 2151.6691869944334 58.579371146857738 1973.6573051661253 114.30580326914787 179.06943128630519 2383.9399289041758 51.535501584410667 36.4039088152349 57.048519842326641 681.80992425978184 44.148073244839907 7342.0148993134499 349.83656462281942 359.60641285032034 305.34355366975069 1691.8355373814702 371.72479204088449 634.04075935482979 192.20144452527165 240.98071571439505 1348.4158933088183 585.89773473143578 72.187566682696342 4519.9285885691643 76.645774260163307 661.30634582042694 355.49546039104462 4415.6112702842802 260.9426264166832 27.309757724404335 60.588734716176987 827.75006002560258 311.86585712432861 1073.0942908376455 34.886520035564899 435.81378785520792 94.997546136379242 73.587630176916718
leaf_count=82646 1062 4661 11993 9257 128 4104 290 2843 32668 2475 8336 1595 1386 2172 63 94308 529 519 283 53 6586 751 12127 2574 1818 272 2204 135 569 2373 191 256 164 758 563 5441 607 1846 735 11249 831 2039 956 1093 1312 1235 355 23490 269 593 3099 3944 481 19 157 2849 614 1578 128 826 309 233
internal_value=0.0276429 0.00915078 0.00347905 0.0468341 0.0414306 0.0321469 -0.00574765 0.016681 -0.00956197 0.0477403 0.0230553 0.0120557 0.00334934 0.0274656 0.0326441 -0.0141426 0.011006 -0.0320812 0.0130883 -0.0101677 0.0118323 0.00843466 0.00594929 0.0371678 0.0326361 0.0476907 0.0251483 -0.0289849 0.0153992 0.0347432 0.0145427 0.0154383 0.034653 0.0281344 0.0579401 0.0505299 0.0128428 0.00431712 0.0303433 0.00357214 0.00314778 0.0312662 -0.0565394 -0.0087881 0.0494892 0.0211687 0.00594232 0.0141159 0.0193373 0.0370571 -0.0227994 0.0454989 0.0389524 -0.00842069 0.0435162 0.00910403 0.0171367 0.0293767 0.0483949 0.00951414 0.0301959 0.0496333
internal_weight=87551 44588.6 31671.3 42962.4 29946.9 12120.6 18642.5 13028.8 14691.8 17826.4 12917.3 3698.31 2499.92 9218.98 6449.1 10595.1 2021.95 193.606 2528.27 651.713 9779.81 3950.66 3751.24 9592.28 6660.15 2210.25 4449.9 477.977 2769.88 3152.71 768.77 150.71 6255.49 1357.28 162.902 14673.7 435.985 1716.17 4850.03 3588.33 1412.6 3249.03 215.728 974.572 1405.46 1876.55 658.085 8805.24 4285.31 2303.13 4214.69 7331.65 2842.45 6380.46 742.399 1199.47 945.907 1218.47 305.774 614.883 1198.38 4489.2
internal_count=359000 317376 287240 41624 32367 16167 237720 49520 212740 16200 30136 10845 8941 19291 11129 180072 7164 582 5195 1899 43431 24980 24690 10972 8398 2090 6308 1777 8162 3626 1253 391 10547 2310 1314 12574 890 6507 9071 23376 5852 6089 1009 7679 1476 3296 1590 35752 12262 3436 85745 7133 2956 94327 915 3680 2653 1706 657 1395 1904 4177
is_linear=0
shrinkage=0.05


Tree=34
num_leaves=63
num_cat=0
split_feature=22 6 0 20 19 6 19 0 6 0 20 1 21 23 23 20 1 13 16 5 9 20 0 1 20 20 9 1 2 9 4 0 23 1 7 18 22 1 5 7 4 19 9 7 20 16 6 20 16 20 18 1 18 6 3 6 1 1 2 19 22 13
split_gain=11833.2 1278.84 1391.16 1179.28 685.721 431.382 372.466 341.806 257.952 225.432 219.405 396.675 278.18 238.052 207.691 202.761 195.17 194.777 185.657 185.164 176.667 258.163 156.381 167.186 153.199 272.776 331.812 222.41 144.889 139.597 137.842 129.313 128.016 125.105 124.589 118.226 118.16 110.532 114.647 107.587 105.784 90.9561 90.8882 90.6402 98.9806 90.494 88.5078 140.193 87.832 87.1415 83.5532 81.3666 78.6463 78.1109 77.5832 75.505 73.8097 69.9921 69.8181 67.5446 68.3471 64.1294
threshold=17.145133972167972 1.5000000000000002 4.305000066757203 1.1368962526321413 2.2203239202499394 6.5000000000000009 859.49984741210949 4.805000066757203 4.5000000000000009 4.0450000762939462 0.93826279044151317 9.004399776458742 281311280.00000006 0.076996866613626494 79338863067136.016 0.64276379346847545 0.9350000023841859 0.025174823589622978 0.11769164353609086 202.50000000000003 2.9999998807907109 0.64888793230056774 3.6250000000000004 38.004999160766609 0.20671743899583819 0.78725951910018932 4.0500001907348642 17.718999862670902 254.50000000000003 3.5000003576278691 139.50000000000003 6.4500000476837167 0.019254887476563457 22.005000114440922 5.0099999904632577 17.918984413146976 17.082131385803226 173.85499572753909 3.5000000000000004 3.0049999952316289 32.500000000000007 20.849861145019535 2.7000001668930058 4.1849999427795419 0.66162979602813732 0.74971264600753795 6.5000000000000009 0.67374318838119518 0.325603798031807 0.51435270905494701 0.19147083163261416 30.005000114440922 703.24029541015636 9.5000000000000018 68.500000000000014 20.500000000000004 5.5510001182556161 10.996500015258791 316.50000000000006 678.70220947265636 14.132593631744387 -0.003571415320038795
decision_type=2 2 2 2 2 2 2 2 2 2 2 2 2 2 2 2 2 2 2 2 2 2 2 2 2 2 2 2 2 2 2 2 2 2 2 2 2 2 2 2 2 2 2 2 2 2 2 2 2 2 2 2 2 2 2 2 2 2 2 2 2 2
left_child=1 2 6 4 8 20 16 37 22 14 11 30 13 15 52 -13 -1 32 -12 -15 41 29 23 -2 -7 27 -27 -26 34 -22 43 33 -18 57 -10 51 40 59 -39 -19 -20 54 -43 56 -45 -23 47 -14 53 -30 -16 -11 -8 -32 -6 -36 -3 -9 -51 -4 -61 -42
right_child=3 10 7 -5 5 24 9 31 28 35 18 12 46 19 50 -17 17 39 36 -21 21 45 -24 -25 25 26 -28 -29 49 -31 48 -33 -34 -35 55 -37 -38 38 -40 -41 61 42 -44 44 -46 -47 -48 -49 -50 58 -52 -53 -54 -55 -56 -57 -58 -59 -60 60 -62 -63
leaf_value=0.05306506185067459 0.02023934929230109 -0.0598155022257474 0.015857061998724529 0.058664608481446473 0.024272098557096763 0.046026432914434458 -0.014916362857487245 0.02622504501500374 0.031654372751626407 0.025274596685964813 -0.044686121453884571 0.037909322795461199 0.03204534269839325 0.012840628136113863 0.05627547297651217 -0.028774470048652159 0.0064834567380118559 0.078875817596008299 -0.029113677101683208 -0.038947502632002112 -0.016668973808597051 0.042515492206733764 0.039995452531773001 -0.072207275939015644 0.015333616128363904 0.049779378054120721 -0.070661263603077493 0.037686041190460651 -0.096660697894703163 0.038853091640881007 -0.06444309224259126 0.059609616707520699 -0.0064327119434018851 0.012608450928593924 0.047573209874032352 -0.00040519586910946068 -0.037228673869402894 -0.024436496155484277 0.02556230297645809 0.017657433943954935 0.021010176519720508 0.012032053232858636 -0.047014944788519003 0.015914716564730341 -0.01442144051003281 -0.068850109860653957 0.051564830064638072 -0.069842004588156426 -0.077934125982374591 0.034249720560332257 0.0045107875690237808 0.13041452515858684 -0.026187814304130974 0.059783648792909386 0.066024280928173515 0.055198097532219728 -0.0015445005509616479 0.045160365061120616 -0.059453385169011636 0.0051571370622660742 0.044851203355622843 0.049835699046577801
leaf_weight=179.13229444622993 715.17639082670212 100.74298408254981 3722.4123585373163 12477.27742061764 1097.9120871722698 2719.4235911369324 4288.8572545684874 2544.7003053873777 875.25138773024082 57.414254926145077 64.060270242393017 1534.2904490679502 2765.6097438409925 4207.49383655563 99.886122044175863 122.33610193431377 2990.7455062307417 78.520687941461802 47.797150060534477 178.9825820736587 225.93881875276566 19.603529714047909 2336.8274178355932 51.497181743383408 2589.5641608778387 2110.0252106636763 57.901518404483795 1955.3598666042089 19.490819782018661 224.91810107976198 21.932626433670521 271.6242943406105 5345.4389248453081 1572.8913312777877 6915.9660344272852 1925.3706659041345 45.633051492273808 436.87968723475933 154.33285757154226 757.91607470810413 227.12055169790983 585.75302027910948 72.304521471261978 842.45465181022882 393.66483318433166 176.50680842995644 633.39643772691488 33.242093972861767 95.000779274851084 94.916514083743095 345.02951396256685 26.667325712740421 2430.6188277639449 27.223639145493507 123.57830815017223 6312.2763218283653 117.15532929822803 607.87123344838619 24.089597307145596 3638.3089832216501 110.84551790356636 1392.2243957445025
leaf_count=254 1066 770 11669 9227 1645 2464 82844 4880 1040 322 258 2560 3886 14080 478 430 25438 449 251 830 613 44 2373 191 4253 1826 274 2165 94 334 95 204 43145 5385 6099 19587 141 4123 662 5331 485 1235 361 1938 1165 910 549 137 401 119 3978 175 55719 19 68 4762 664 920 461 21098 579 1477
internal_value=0.026685 0.00872271 0.00331191 0.0457875 0.0403027 0.0310847 -0.00549827 0.0158091 0.0466555 -0.0126559 0.0220205 0.0193992 0.0232854 0.0168226 -0.0168064 0.0329676 0.00152321 0.000510433 0.0383338 0.010718 0.0127263 -0.00979311 0.0335663 0.0139373 0.0359997 0.0319308 0.0465292 0.0249576 0.0495049 0.0110428 -0.00363867 0.0260836 -0.001798 0.0241433 0.0500047 0.00214084 0.041466 0.00943821 -0.011355 0.0234976 0.0436441 0.0204815 0.00547514 0.000995457 0.00624572 -0.0575332 0.0346546 0.0308089 -0.0500994 -0.001342 0.0162436 0.0598204 -0.0189976 0.00407652 0.0285508 0.0512159 -0.0286585 0.0298909 0.014903 0.0110855 0.00634369 0.0458113
internal_weight=86217.4 44435.8 31585.5 41781.6 29304.3 11958.8 18525.6 13059.9 17345.5 9173.84 12850.4 11073.5 9475.35 6043.1 7164.39 1656.63 9351.75 9172.62 1776.84 4386.48 2526.52 646.967 3103.5 766.674 9432.27 6712.85 2167.93 4544.92 14242 450.857 1598.17 4997.09 8336.18 4725.46 14103.5 2009.45 1712.78 8062.78 591.213 836.437 1667.14 1879.55 658.058 1454.02 1236.12 196.11 3432.25 2798.85 144.157 138.497 444.916 84.0816 6719.48 49.1563 1221.49 13228.2 217.898 3152.57 119.006 7471.57 3749.15 1619.34
internal_count=359000 317376 287240 41624 32397 16192 237720 49520 16205 163103 30136 27524 22472 17900 143019 2990 74617 74363 2612 14910 5210 1901 3630 1257 10982 8518 2100 6418 12575 947 5052 11389 68583 11185 11901 20084 2354 38131 4785 5780 2213 3309 1596 4537 3103 954 4572 4023 515 674 4456 497 138563 114 1713 10861 1434 5800 580 33346 21677 1962
is_linear=0
shrinkage=0.05


Tree=35
num_leaves=63
num_cat=0
split_feature=22 20 19 19 6 1 6 10 1 9 20 10 23 23 20 20 21 1 2 19 3 1 10 23 2 23 21 19 19 20 18 18 2 1 23 20 6 10 17 23 1 22 6 1 11 23 21 9 18 1 11 1 6 1 1 1 2 1 20 1 10 9
split_gain=11174.5 1548.23 865.478 644.779 387.527 314.728 305.331 228.813 219.031 205.552 212.843 195.528 253.647 228.379 188.751 335.069 211.303 183.776 168.576 156.974 172.278 187.238 156.478 155.41 146.691 146.382 128.499 127.699 122.79 151.568 122.743 143.238 114.286 111.431 109.826 96.034 134.548 90.5141 89.8832 87.2163 83.4616 81.8795 81.3389 81.3106 79.7513 79.3221 76.7954 72.9355 104.468 71.855 70.9585 102.275 66.3391 76.7972 64.0334 60.5094 59.5083 53.8024 49.821 45.939 76.0248 43.7435
threshold=16.769082069396976 1.1368962526321413 4.6019885540008554 859.49984741210949 7.5000000000000009 72.049999237060561 7.5000000000000009 4.4600000381469735 37.004999160766609 2.7050000429153447 0.98691487312316906 3.1999999284744267 3223.5991210937505 1.6270383402073459e+18 0.80419212579727184 0.29126216471195226 4456456192.000001 15.994999885559084 313.50000000000006 2.5118931531906132 40.500000000000007 5.5510001182556161 2.7024999856948857 0.35397322475910192 13.500000000000002 0.069724176079034819 10.620341777801515 0.31567972898483282 15.136519432067873 0.72105088829994213 527.19042968750011 0.17921653389930728 27.500000000000004 7.6519999504089364 0.49067513644695288 1.0513614416122439 2.5000000000000004 3.182500004768372 25.10000038146973 2.55617368221283 19.005000114440922 17.463814735412601 18.500000000000004 68.005001068115249 5.5000000000000009 0.29850085079669958 52175005696.000008 1.1649999618530276 20.150059700012211 569.09851074218761 5.5000000000000009 9.9984998703002947 1.5000000000000002 569.09851074218761 218.004997253418 166.98950195312503 11.500000000000002 98.49499893188478 0.20511954277753833 244.48500061035159 4.5650000572204599 0.10000026226043703
decision_type=2 2 2 2 2 2 2 2 2 2 2 2 2 2 2 2 2 2 2 2 2 2 2 2 2 2 2 2 2 2 2 2 2 2 2 2 2 2 2 2 2 2 2 2 2 2 2 2 2 2 2 2 2 2 2 2 2 2 2 2 2 2
left_child=3 2 4 5 11 19 9 18 30 10 32 12 44 -14 15 42 -17 26 24 38 21 22 -21 45 -6 -23 -16 46 41 -30 31 34 -4 -32 -5 36 -22 -36 50 -37 -19 -11 -8 -29 -2 49 -13 48 -33 57 51 -1 53 -25 55 -47 58 -7 -9 60 -54 -61
right_child=1 -3 6 8 7 23 14 56 -10 28 -12 27 13 -15 17 16 -18 40 -20 20 35 25 -24 52 -26 -27 -28 43 29 -31 33 47 -34 -35 37 39 -38 -39 -40 -41 -42 -43 -44 -45 -46 54 -48 -49 -50 -51 -52 -53 59 -55 -56 -57 -58 -59 -60 61 -62 -63
leaf_value=0.0022313497324999531 0.017081911356910614 0.057809474505666696 0.016286946956083608 -0.046774469818551823 0.026803191152315543 -0.016745192063953144 0.028253978226702104 0.050171797151605135 -0.011627107238448788 0.040324865462621408 0.054901049833584827 0.036359882430223416 -0.031753156707702471 0.053039376121821871 0.05253239999025984 0.005725509107699131 0.048133605343080935 0.040165021133255568 -0.050872261725022641 0.021220099461372426 -0.044349665601850607 0.017292572799026042 -0.021361914290351579 -0.028626762217131063 0.044900336371450383 0.006668108816134998 -0.018212489457017041 0.030603232387008808 -0.0042137367779064537 -0.067904099358403081 -0.017472681508437379 0.0052572757311563877 -0.074176808960121118 0.0069434560226378202 0.015186645930285143 0.047203851845978931 0.023511432258427958 0.073137876299633572 -0.074990120238155392 -0.00079813855884358598 -0.077050677374202139 -0.0048566690273123877 0.044637999474850934 -0.015097509102275961 0.058536054739746948 0.031259484735028209 0.052488660257695698 -0.045261276474574973 -0.013456064081973328 0.031967002074323549 0.050336881102512415 0.024964243349173409 0.00041805666697774683 0.032638739602176559 -0.020389557748347345 0.12544324256727424 0.057481719766979716 0.0043432956922210102 0.027513526149989018 0.019459917254158878 0.076630721752479397 -0.045372595566105955
leaf_weight=583.33987851440907 233.58076073229313 12092.669431760907 2593.7459840252995 44.31767662987113 1338.1500391066074 354.0101566798985 1341.0308834463358 2346.2166741788387 4152.182644341141 149.76075637340546 384.01116035878658 1685.0385206565261 376.96139281988144 99.545718744397163 1537.0585786253214 1905.402379905805 346.44246042706072 22.640833288431168 48.266014924272895 294.39442946761847 85.583121493458748 6103.0333195887506 799.11502505466342 756.76556058973074 7090.4100511744618 6923.6396315358579 66.409842878580093 3122.8884906619787 253.18605402112007 147.32940032705665 498.42947377637029 1122.4242979474366 34.39838245138526 7252.0239041037858 180.54387732595205 657.04201726615429 466.39519478008151 107.45895232260227 22.49711100757122 110.24401247501373 41.991446070373058 298.45505208522081 1773.8220878839493 99.744102418422699 232.71959699690342 39.077800985425711 1340.1635124087334 129.66805028542876 2217.2125415354967 205.41883152723312 226.43978000432253 3283.36144284904 310.68702647462487 53.962457183748484 23.428286604583263 30.846049502491951 4255.4620270878077 2040.6573656238616 276.2777212113142 35.765974685549736 35.593791358172894 89.249261558055878
leaf_count=1917 404 9385 4968 638 1706 3018 1695 1990 67801 207 295 1850 1016 84 1262 3706 299 23 648 2005 491 29202 6446 6615 6700 35951 148 3818 787 890 11723 14965 177 55698 1461 1011 786 794 104 294 215 698 1664 218 163 359 1057 1671 39250 951 295 6690 1899 251 140 98 3128 16666 342 158 67 481
internal_value=0.0256237 0.0424748 0.0369279 0.00606654 0.0425207 0.0113028 0.025352 0.0470097 -0.00177912 0.014046 0.020169 0.0329292 0.0116809 -0.0139549 0.0315534 0.0269754 0.0122706 0.0462538 0.0414958 0.01391 0.011595 0.00997863 -0.00988451 -0.00152078 0.0420313 0.011647 0.0495898 0.0361324 -0.00767677 -0.0277654 0.00176083 -0.00559657 0.0150733 0.00537056 0.0257104 0.0288711 0.0129195 0.0370048 0.0225881 0.0403083 -0.0359272 0.0102847 0.0375972 0.0291829 0.0378624 0.00529832 0.0435216 -0.00860341 -0.00716548 0.00366055 0.0231438 0.0215375 -0.0158441 -0.0245076 0.0503391 0.0740609 0.0537977 0.00121795 0.0477981 -0.000910168 0.00846436 -0.0267776
internal_weight=84768.6 45533.8 33441.1 39234.8 22545.4 23530.5 10895.7 15354.8 15704.3 3860.89 3012.16 7190.64 942.807 476.507 7034.8 5366.7 2251.84 1668.1 8476.83 19555.1 15439.4 14120.2 1093.51 3975.46 8428.56 13026.7 1603.47 6247.83 848.731 400.515 11552.1 3801.63 2628.14 7750.45 332.321 1319.26 551.978 288.003 4115.64 767.286 64.6323 448.216 3114.85 3222.63 466.3 2693.44 3025.2 3469.3 3339.64 2600.09 4093.14 3866.7 1282.02 810.728 93.3521 69.9239 6877.96 2394.67 2622.49 471.296 346.281 125.015
internal_count=359439 49543 40158 309896 23124 115895 17034 14514 194001 8022 5440 8610 1667 1100 9012 7364 4005 1648 9054 85192 76186 73604 8451 30703 8406 65153 1410 6943 2582 1677 126200 58779 5145 67421 2893 2582 1277 2255 9006 1305 238 905 3359 4036 567 21232 2907 55886 54215 20635 8902 8607 9471 6866 597 457 5460 19684 2332 2605 1966 639
is_linear=0
shrinkage=0.05


Tree=36
num_leaves=63
num_cat=0
split_feature=22 7 20 0 19 2 0 19 0 11 20 19 0 0 18 4 2 17 23 13 20 20 13 0 3 23 2 16 11 22 2 21 23 23 17 23 2 17 22 9 14 9 20 20 19 20 18 4 16 21 22 3 9 16 7 19 0 14 0 20 23 23
split_gain=10661.6 1195.47 1179.06 968.105 676.636 401.449 267.1 253.277 279.012 234.43 324.544 233.841 229.253 219.973 205.316 194.433 189.706 187.655 367.584 182.552 176.624 167.199 160.315 144.848 135.342 135.079 133.567 129.114 125.28 173.196 123.909 121.623 119.965 117.821 109.476 109.433 106.557 128.785 112.732 104.695 162.25 234.846 138.808 100.144 93.3906 147.764 91.077 74.5139 73.1231 72.2357 112.721 70.2106 84.8623 67.8657 73.11 67.7272 64.7297 59.4313 53.338 50.1359 43.9237 43.6781
threshold=17.235943794250492 4.1849999427795419 1.1368962526321413 4.4949998855590829 2.2203239202499394 16.500000000000004 5.4200000762939462 859.49984741210949 3.8850001096725468 5.5000000000000009 0.64888793230056774 25.103058815002445 3.7849999666213994 4.805000066757203 229.03364562988284 159.50000000000003 15.500000000000002 1.2867965102195742 0.22662043571472171 -0.003571415320038795 1.0280989408493044 0.56830048561096203 0.050000060349702842 4.4949998855590829 136.50000000000003 0.97628733515739452 9.5000000000000018 0.59990844130516063 7.5000000000000009 16.802441596984867 14.500000000000002 281311280.00000006 0.076996866613626494 364.85275268554693 11.423684120178224 0.0079432837665081042 249.50000000000003 8.9615383148193377 18.429264068603519 3.2000001668930058 3.5000000000000004 2.7599999904632573 0.64888793230056774 0.82003796100616466 284.60154724121099 1.3629077672958376 17.918984413146976 356.50000000000006 0.54774570465087902 25096519680.000004 17.571660041809086 81.500000000000014 2.3999997377395634 0.1703336983919144 4.7049999237060556 15.662484645843508 4.3949999809265146 7.5000000000000009 6.2500000000000009 0.81180197000503551 54.715476989746101 7507124212989953
decision_type=2 2 2 2 2 2 2 2 2 2 2 2 2 2 2 2 2 2 2 2 2 2 2 2 2 2 2 2 2 2 2 2 2 2 2 2 2 2 2 2 2 2 2 2 2 2 2 2 2 2 2 2 2 2 2 2 2 2 2 2 2 2
left_child=1 3 4 5 12 7 61 22 14 10 13 23 16 17 -9 19 49 18 -3 30 33 35 32 24 34 -21 56 -24 53 -30 -12 -19 -1 57 -6 -11 38 -38 -18 40 41 -13 -41 -44 -22 -46 -10 -17 -26 50 -2 52 -37 54 -23 -35 -14 -7 -8 -42 -55 -5
right_child=2 9 -4 6 11 20 58 8 46 21 15 39 26 -15 -16 47 36 31 -20 25 44 28 27 -25 48 -27 -28 -29 29 -31 -32 -33 -34 55 -36 51 37 -39 -40 42 59 -43 43 -45 45 -47 -48 -49 -50 -51 -52 -53 -54 60 -56 -57 -58 -59 -60 -61 -62 -63
leaf_value=0.0040341547995033844 0.022449473759146812 0.03185085314936402 0.057614708984212927 0.012216660074175191 0.024741686028578826 -0.054278229960109982 0.029689813619545598 -0.0086154283982439982 0.037158579786756303 -0.071912132550309413 -0.0065034282135232706 0.019656543725504488 0.032257258736340597 0.035225139735382514 -0.026716499420581165 -0.090784234838267738 0.029385811721848815 0.0091637418368822714 0.0059918599183344905 -0.013358597443866822 0.053853368868132134 0.03455935908560271 0.015068049341787052 0.042246049583658379 -0.0041572521750250667 0.028913763035972574 0.053574663836457953 0.077309478189809488 -0.077220828716971696 0.06674379837813145 -0.057244356049462097 0.032203682939936619 -0.0079245442537837531 0.081362448515323094 -0.029734097806167998 0.010760785535929736 0.024847174163488493 -0.091030468610189375 0.048672649630222692 0.015317656124087302 0.011307996414141633 -0.048944617867259121 -0.084865114669020025 -0.011668909797686517 -0.055760071933544479 0.049029261739045246 -0.0015640723359473939 0.027175234983664472 0.042011359582786817 0.027642748403205186 -0.03052434023936957 0.060117006617535697 -0.09069977213904494 0.053194169168024323 -0.052349762410929472 -0.033210670901295307 0.045806985294479574 0.060600674427726764 0.052264871481422726 0.062138110267830705 0.034542349496331004 -0.022450887034059726
leaf_weight=4770.8173789344728 229.31309986114502 1828.5123471692204 11438.680754713714 8167.2181770130992 4552.2230029553175 104.98764449730515 1072.2507472634315 3236.9108267985284 157.99573040753603 42.573275104165077 394.90700892731547 954.69595085084438 1172.8580816090107 1923.1810778826475 3039.4449957236648 83.461590468883514 1142.5298145711422 746.54831573367119 5528.6836309805512 284.38952332735062 478.19850281625986 73.233925372362137 487.35729419067502 2567.1735518462956 89.834655657410622 558.73936974257231 6434.4961130153388 99.806264627724886 49.463635139167309 34.668974384665489 172.40756084024906 2483.6396280229092 3740.1733502112329 38.921006917953491 93.245319545269012 184.97802428901196 92.450491180643439 31.249662550166249 2297.189880669117 280.29885701835155 61.516073226928711 142.4882332906127 73.990709245204926 125.53827576711774 55.101340018212795 83.019885174930096 3377.8162666931748 15.364433959126471 1734.627813315019 506.16065163910389 177.04805374145508 61.124050453305244 22.17704838514328 1029.4632026553154 34.89444999396801 18.309488415718079 3742.054411649704 11.724860802292822 350.50205551087856 242.70274111628532 470.42696767300367 90.897327497601509
leaf_count=37570 328 3666 9152 32929 6359 911 1741 58376 1138 168 1599 1605 1360 2471 75440 344 1401 2054 17499 1074 498 114 3818 2537 166 1122 5234 337 241 21 684 3478 33777 26 248 439 290 347 2010 579 116 606 395 416 600 98 34803 20 2017 660 425 41 84 990 104 129 3443 8 311 152 594 276
internal_value=0.024704 0.00832804 0.0441765 0.0023363 0.0384266 -0.00402581 0.0152828 -0.00548574 -0.0110574 0.0193141 0.0170251 0.0288453 0.0450345 0.0196673 -0.0173849 -0.00487175 0.035429 0.0168377 0.0124228 -9.53557e-05 0.0308656 0.0353165 0.000523129 0.0321844 0.0281854 0.0146503 0.0488188 0.0257698 0.0415049 -0.0177507 -0.022006 0.0268848 -0.00122085 -0.0135467 0.023641 0.00158851 0.0406388 -0.00488148 0.0422782 0.0127939 0.0196932 0.0107065 -0.00734529 -0.0391248 0.0434097 0.00708891 0.00017483 -0.0723065 0.0397343 0.015057 -0.00063676 0.0134947 -0.000460634 0.0446174 0.00624412 0.0446809 0.0425818 -0.0422783 0.0352876 0.0519469 0.0473744 0.0118318
internal_weight=83586.7 45404.3 38182.4 29381.5 26743.7 19700.6 9680.87 18910.3 9812.17 16022.8 14019.8 10918.3 15825.4 12510.6 6276.36 1509.27 4475.94 10587.4 7357.2 1410.44 790.263 2003 9098.15 9037.1 6469.93 843.129 11349.4 587.164 1692.15 84.1326 567.315 3230.19 8510.99 173.943 4645.47 310.852 3563.42 123.7 3439.72 1881.23 1401.4 1097.18 479.828 199.529 616.32 138.121 3535.81 98.826 1824.46 912.522 406.361 268.279 207.155 1608.02 108.128 57.2305 4914.91 116.713 1422.75 304.219 1499.89 8258.12
internal_count=359439 319593 39846 282786 30694 247529 35257 245259 169757 36807 34011 15196 15498 29168 133816 4843 5461 26697 21165 4479 2270 2796 75502 11327 8790 2196 10037 4155 2064 262 2283 5532 71347 1074 6607 732 4048 637 3411 3869 2479 2211 1390 811 1196 698 35941 364 2183 1413 753 564 523 1802 218 155 4803 919 2052 268 1584 33205
is_linear=0
shrinkage=0.05


Tree=37
num_leaves=63
num_cat=0
split_feature=22 10 22 19 10 2 3 19 23 3 10 2 3 12 4 14 19 23 21 22 12 14 17 8 23 9 16 10 23 23 5 4 16 8 10 18 18 16 16 23 23 10 5 8 3 24 24 19 19 23 24 3 9 12 16 23 9 23 4 12 24 24
split_gain=10142.3 1188.78 1046.53 664.093 263.917 268.832 230.733 219.738 204.931 199.464 184.781 174.045 172.569 170.047 166.693 170.5 165.999 146.675 193.746 145.711 173.946 180.377 145.021 142.917 135.949 271.09 165.161 129.66 129.576 234.719 207.073 128.784 126.865 315.162 124.759 116.607 145.724 115.783 113.249 110.327 104.705 103.21 174.571 102.735 98.1924 125.27 97.6129 96.7166 116.962 90.7173 85.4865 155.41 148.428 97.7975 120.83 102.822 84.3693 83.0083 78.3362 73.4171 70.701 60.3591
threshold=17.235943794250492 2.7600001096725468 15.813388824462892 1.4713264107704165 4.4600000381469735 58.500000000000007 81.500000000000014 4.6019885540008554 1353.917175292969 1.5000000000000002 3.8000000715255742 9.5000000000000018 416.50000000000006 1.707591235637665 554.50000000000011 4.5000000000000009 859.49984741210949 3.6503616571426396 11285.899902343752 18.429264068603519 1.8930722475051882 6.5000000000000009 1.0535467863082888 5.7850000858306894 2.7763221263885502 2.4499999284744267 0.9566781520843507 4.6000001430511483 0.17437475174665454 8.8779945373535174 11.500000000000002 23.500000000000004 0.43537822365760809 4.9949998855590829 2.8000000715255742 670.03222656250011 0.17921653389930728 0.55569657683372509 0.95300120115280162 79338863067136.016 1.464158356189728 3.1999999284744267 470.50000000000006 4.6649999618530282 317.50000000000006 0.0030606851214542989 -0.00086023382027633477 165.0266036987305 51.332639694213874 13980222164566018 -0.0044553140178322783 9.5000000000000018 1.4999998807907107 1.1304348111152651 0.15796644240617755 0.066058255732059493 2.6000000238418584 0.12941765040159228 11.500000000000002 1.1471142768859866 0.010975471232086422 -0.027363264001905915
decision_type=2 2 2 2 2 2 2 2 2 2 2 2 2 2 2 2 2 2 2 2 2 2 2 2 2 2 2 2 2 2 2 2 2 2 2 2 2 2 2 2 2 2 2 2 2 2 2 2 2 2 2 2 2 2 2 2 2 2 2 2 2 2
left_child=2 8 16 10 5 14 7 13 -2 -6 19 -12 37 22 15 -5 28 -15 -19 20 56 -22 -4 -10 25 43 27 -26 50 30 40 -27 -8 41 -28 36 39 -7 46 61 -30 42 -34 -9 -21 -46 -35 48 -31 -24 53 52 -52 55 -55 -1 -3 -53 -11 -41 -43 -18
right_child=1 3 6 4 9 12 32 24 23 58 11 -13 -14 17 -16 -17 35 18 -20 44 21 -23 49 -25 26 31 34 -29 29 47 -32 -33 33 38 -36 -37 -38 -39 -40 59 -42 60 -44 -45 45 -47 -48 -49 -50 -51 51 57 -54 54 -56 -57 -58 -59 -60 -61 -62 -63
leaf_value=0.022153720037869359 0.057051761769777942 -0.0019681626789053988 0.015729695920962888 0.012071708778779493 0.0090579917007032936 -0.016282232059684345 0.049648323497240208 0.011707727104610689 0.061230081252683234 0.032527614150565105 0.041065973697663676 0.054510167992731354 -0.039285020094450174 -0.063329096789988243 -0.06453864267230329 0.031282460989088885 -0.040088489020115747 0.039471406794711957 -0.045728261290223421 0.04570352913471392 -0.045691222068474965 0.034531159875628846 0.024492420397365586 -0.06523188978466303 -0.017696022609887584 0.056054737688999573 0.043707857444187453 0.018032296084115877 0.0095390449844487968 0.019670420958028165 -0.030279007417673712 -0.064613510497124813 -0.090365676514926274 -0.095009823705193008 0.0077388970257824766 0.0016564994712552157 -0.0095429955355963193 0.042917484869236355 0.052781204346714364 0.093664010150764102 -0.027691769154146281 -0.061647355451070751 0.051238811635039384 0.02580417728323002 -0.048332259651019116 0.037966088498000261 0.043831246436908555 0.15191747236207653 -0.012169155268038852 0.040470942671821226 0.0080363591256991471 -0.043796793913594534 0.063393319476655524 0.0056049347990235962 0.044702505915642753 -0.035994672635311233 0.037450873751205364 0.033408996288638922 0.047437976986772545 0.013681764440710002 0.064090562492714942 0.017954126789290103
leaf_weight=183.25616475567222 11531.43423550576 159.82615439593792 2680.3262295275927 3737.8629134893417 514.49755670130253 85.517372891306877 816.71475113928318 2871.7201571203768 35.042162075638771 1372.5566675066948 4443.8368398100138 5325.4720465093851 69.235050054267049 94.837538592517376 60.861617796123028 1673.1167077496648 58.525531183928251 180.40607781708241 104.54607008397579 2159.5055035203695 168.06917876005173 118.6777751147747 2188.6216946616769 57.825207266956568 1119.8920024037361 25.28284265100956 267.86852691322565 327.30777606368065 887.69382578507066 1168.1831809766591 925.66868852451444 142.98594866320491 100.4424087703228 25.048979192972183 2349.1021023020148 10050.649549899623 5148.9692192897201 2007.9611392244697 361.66802804172039 72.365422341972589 238.78343220427632 15.456838689744471 26.953189730644226 2357.206118054688 64.182690020650625 117.4798676148057 23.724006310105324 11.433031082153319 381.93346174433827 1507.8114396482706 6907.3676129356027 208.83221388235688 122.30883425474167 307.1621293798089 556.28930632770061 128.41131713241339 887.40086379647255 40.897039107978344 2533.6071397215128 48.023813180625439 34.075247764587402 179.83561838790774
leaf_count=1563 9583 288 5065 6702 980 178 743 10829 49 1637 4501 4326 541 366 281 2063 675 231 342 2008 459 133 3790 253 4745 56 412 850 7467 4612 12167 657 472 105 5959 101120 89430 2012 285 313 2430 179 25 4376 485 146 22 53 3043 1580 45613 1557 337 1520 2646 1588 951 151 2270 158 20 2041
internal_value=0.0238314 0.0432007 0.0079392 0.0371561 0.0286291 0.0229923 0.0174598 0.0157739 0.0564558 0.0383554 0.0447989 0.0484001 0.0379171 0.0226618 0.0170866 0.0180174 0.00186575 -0.00980959 0.00814442 0.0352144 0.0219911 -0.0124671 0.0245978 -0.0173161 0.0108528 0.0160534 0.00394293 -0.00960516 0.00626627 -0.0016569 -0.0127713 -0.0462292 0.0369037 0.0191201 0.0114378 -0.00154747 -0.00739432 0.0404902 0.0431431 0.0233715 0.0016251 -0.0365101 -0.0602016 0.0180671 0.0427341 0.00735121 -0.0278509 0.012945 0.0118195 0.0310208 0.00965323 0.00763005 0.0090091 0.0221647 0.0308224 -0.00182673 0.0314339 -0.0310504 0.0422097 0.0621755 0.0243107 0.00357392
internal_weight=82372.6 37124 45248.6 25499.7 12055.2 7634.55 17622 16217.9 11624.3 4420.66 13444.5 9769.31 2162.71 6756.55 5471.84 5410.98 27626.6 379.79 284.952 3675.14 1333.97 286.747 6376.76 92.8674 9461.37 5397.2 4064.17 1447.2 12068.2 3613.7 2052.15 168.269 1404.08 587.369 2616.97 15558.4 5507.72 2093.48 410.441 358.75 1126.48 176.928 127.396 5228.93 2341.17 181.663 48.773 1561.55 1550.12 3696.43 8454.52 7279.41 7029.68 1175.12 863.451 311.667 1047.23 249.729 3906.16 120.389 49.5321 238.361
internal_count=359439 39846 319593 29961 16664 11777 41109 39258 9885 4887 13297 8827 2731 11374 9046 8765 278484 939 573 4470 1831 592 10435 302 27884 15918 11966 5595 84747 29772 22064 713 1851 1108 6371 193737 92617 2190 412 3187 9897 696 497 15205 2639 631 127 7708 7655 5370 54975 47658 45950 7317 4166 3151 1239 1708 3907 471 199 2716
is_linear=0
shrinkage=0.05


Tree=38
num_leaves=63
num_cat=0
split_feature=22 20 7 0 0 2 2 0 10 9 2 2 0 11 1 14 0 8 10 20 1 17 20 10 5 2 11 1 22 2 7 5 17 14 10 8 7 20 1 1 1 2 15 7 3 8 7 5 0 5 0 21 5 10 9 0 0 3 17 5 22 10
split_gain=9658.96 1227.86 996.619 862.489 569.337 368.23 359.653 247.796 240.895 378.519 259.054 219.19 217.317 264.622 271.577 221.311 212.201 365.024 175.063 171.227 186.055 166.996 162.179 145.47 126.562 124.988 124.699 118.176 116.058 109.677 113.048 100.714 86.6235 86.2962 78.0844 74.2559 73.1489 72.8131 67.5865 66.629 64.5682 63.5464 66.8602 63.1272 63.1187 62.6561 58.9789 56.6113 67.4926 54.3737 49.1353 48.7858 53.2749 43.4162 39.9688 39.8486 39.1009 37.044 36.4548 43.9323 35.869 35.8591
threshold=17.235943794250492 1.1368962526321413 4.1849999427795419 4.4949998855590829 4.305000066757203 5.5000000000000009 16.500000000000004 5.4200000762939462 3.6525000333786015 2.50000011920929 80.500000000000014 3.5000000000000004 4.805000066757203 5.5000000000000009 8.9640002250671404 3.5000000000000004 3.8850001096725468 2.9250000715255742 2.8600000143051152 0.56830048561096203 21.998999595642093 3.5169671773910527 0.27096283435821539 2.717499971389771 57.500000000000007 27.500000000000004 7.5000000000000009 29.915499687194828 16.011638641357425 22.500000000000004 4.9949998855590829 1.0000000180025095e-35 1.8469179868698122 3.5000000000000004 3.0900000333786015 5.1949999332427987 3.9850000143051152 1.0204306244850161 6.9744999408721933 93.009998321533217 52.004999160766609 48.500000000000007 58.500000000000007 4.8949999809265146 1.5000000000000002 4.4349999427795419 3.5649999380111699 1.5000000000000002 5.1099998950958261 24.500000000000004 6.7500000000000009 59308941312.000008 31.500000000000004 4.5650000572204599 2.00000011920929 6.0499999523162851 5.9500000476837167 42.500000000000007 0.73979544639587413 25.500000000000004 16.440632820129398 4.1499998569488534
decision_type=2 2 2 2 2 2 2 2 2 2 2 2 2 2 2 2 2 2 2 2 2 2 2 2 2 2 2 2 2 2 2 2 2 2 2 2 2 2 2 2 2 2 2 2 2 2 2 2 2 2 2 2 2 2 2 2 2 2 2 2 2 2
left_child=2 4 3 6 5 22 16 39 9 33 -11 40 13 14 15 28 17 31 37 41 26 25 44 -19 36 -16 -21 55 -4 30 -10 -1 38 -7 -23 -22 -20 57 -18 -5 51 42 -15 -13 -2 -17 -39 48 -41 -34 -29 52 -6 -45 -46 -9 60 -8 59 -42 -14 -49
right_child=1 -3 12 7 11 8 18 27 29 10 -12 43 56 19 21 45 32 23 24 20 35 34 -24 -25 -26 -27 -28 50 -30 -31 -32 -33 49 -35 -36 -37 -38 46 -40 47 58 -43 -44 53 54 -47 -48 61 -50 -51 -52 -53 -54 -55 -56 -57 -58 -59 -60 -61 -62 -63
leaf_value=-0.028795468712961667 -0.0031573347017493439 0.056625358952664219 -0.027256692349659668 0.012677538722379139 0.028420715969512685 -0.0062897350481463596 0.043559682853978633 0.035326313579025541 -0.039498481651447315 0.023317020772710459 0.042209860990900017 0.011197365822781954 0.021989918885536267 -0.027812650205140489 0.012270710072141136 0.03583791287053141 -0.028007558911904741 0.017132901727922905 -0.033805412077200114 0.045907088786745841 -0.069682741684676849 0.00466920892892333 -0.013737670274826334 -0.0047778158790688884 -0.058827564533519588 0.041335426520631852 -0.020091742854469623 -9.1219728897520217e-05 0.0071110382170624722 0.054559330598779432 0.038592619847390916 -0.014084168230336752 0.069801865741420638 -0.071900466058611792 0.039300331138469619 0.047623934986752936 0.080129544017165266 0.005457894290385238 0.0017089308986902294 -0.017867062534413398 -0.038514270867860148 0.054826415579052649 0.029353205945059753 0.044735573090131146 0.02904230265455909 -0.068529263061432186 0.051967811088336459 0.018839820797483531 0.040155605684189355 -0.020715523322012066 0.049115291122191151 0.049211134935818357 0.043560996509998583 0.052758088369317252 0.014093564515457221 0.056471438789492456 0.056403717343346253 -0.056377809230831348 0.025182117673972215 0.033511209036654742 0.036753391054619187 -0.011591427279075068
leaf_weight=1926.8366508726031 288.27648892253637 10528.643980525434 304.86754374951124 7250.4261339902878 1836.4443227946758 100.57885113358498 12.935655258595942 731.24596635997295 46.515553221106529 4917.900292750448 2882.4459772855043 107.40792044997215 675.4425476193428 181.94159530848265 8742.5694050192833 15.138327583670614 195.87569986656308 866.23418912664056 22.117152888327837 1473.7041964605451 52.430372431874275 195.95741663128138 476.88435755670071 5985.2776484899223 84.717331144958735 385.64285821467638 74.574983425438404 291.33176252245903 1246.621139831841 1481.272355273366 2192.4793086946011 2950.513570625335 71.65167086943984 99.67205698788166 978.54962895810604 17.20452219247818 35.550270386040211 79.440711680799723 6792.0065701194108 490.3445648625493 63.77582323551178 40.600738927721977 70.012181878089905 2654.7837117221206 954.43710270524025 157.42005639523268 501.15547627955675 382.8855299577117 54.820378705859184 20.89523209631443 60.378091007471085 592.84624652564526 862.21340079605579 4986.6559285968542 850.71818809956312 329.41240255534649 169.10139894485474 26.992992006242275 136.45524975657463 30.483082115650177 1088.1725645065308 128.4742506146431
leaf_count=49889 663 9152 1951 25760 2325 192 24 962 117 7268 3587 166 1142 589 23730 26 2168 6640 203 1593 198 458 1360 71425 825 432 246 786 3107 1178 2345 57776 263 317 1218 16 24 332 56968 4743 187 30 102 2590 1197 600 729 1877 247 130 58 509 831 4248 1403 246 130 133 176 35 1239 578
internal_value=0.0229683 0.0422522 0.00755685 0.00208924 0.03633 0.0296979 -0.00395667 0.0142638 0.0334566 0.0285595 0.0303036 0.0447354 0.0176475 0.0154659 0.0127172 -0.00564512 -0.00532253 -0.00944859 0.0296744 0.0327507 0.0391125 0.0157907 0.0125494 -0.00200483 -0.0201923 0.0135036 0.042714 0.0336214 0.000341351 0.0439762 0.0369511 -0.0199017 0.00151204 -0.0391664 0.0335355 -0.0403654 0.0365155 0.0411388 0.000871351 0.0109683 0.0343676 -0.00242829 -0.0118546 0.0494424 0.0185437 -0.0591907 0.045633 -0.000757278 -0.0119605 0.0493084 0.0084572 0.0361603 0.0332742 0.0499778 0.0220119 0.0419451 0.0333607 -0.0236057 0.00872479 -0.0150617 0.0311177 0.0111768
internal_weight=81252.4 36090.9 45161.5 29291.5 25562.2 14291.2 19572.2 9719.32 11720.9 8000.6 7800.35 11271.1 15870 13937.2 12026.8 1724.05 18809.3 11728.9 762.91 1910.47 1617.91 10302.7 2570.32 6851.51 142.385 9128.21 1548.28 1412.37 1551.49 3720.27 2238.99 4877.35 7080.43 200.251 1174.51 69.6349 57.6674 620.525 6987.88 8306.95 3522.22 292.555 251.954 7748.85 2093.43 172.558 580.596 1056.52 545.165 92.5469 351.71 3291.5 2698.66 7641.44 1805.16 1060.66 1932.72 39.9286 230.714 94.2589 1763.62 511.36
internal_count=359439 39846 319593 282786 30694 19627 247529 35257 15004 11364 10855 11067 36807 34296 31522 5684 245259 185730 2270 2774 2053 25838 4623 78065 1052 24162 1839 2052 5058 3640 2462 107665 59529 509 1676 214 227 1218 59136 33205 4063 721 691 7004 3263 626 1061 7445 4990 393 844 3665 3156 6838 2600 1208 2511 157 398 222 2381 2455
is_linear=0
shrinkage=0.05


Tree=39
num_leaves=63
num_cat=0
split_feature=22 20 6 10 2 2 10 12 23 15 6 20 20 9 17 22 16 4 8 4 23 6 12 2 18 16 2 23 4 12 12 23 22 20 10 2 20 15 9 20 9 3 6 13 23 3 17 12 8 13 16 16 7 23 3 23 9 23 18 20 23 7
split_gain=9172.8 1251.07 965.216 530.064 370.286 347.467 244.326 249.25 263.591 228.144 211.583 192.093 269.618 253.07 185.351 186.569 159.888 154.252 152.238 155.988 141.319 140.375 175.494 130.569 130.544 159.477 125.312 170.265 124.351 112.744 110.043 99.5576 175.33 124.701 120.892 97.1027 89.8731 213.298 88.4843 84.4715 82.2191 137.751 80.3711 78.4755 72.6517 72.0001 70.9476 73.5905 87.9825 70.6897 68.829 67.3566 64.9456 62.7463 55.3683 54.3906 53.909 53.2325 51.435 49.9452 48.068 48.0164
threshold=17.235943794250492 1.1368962526321413 1.5000000000000002 4.4600000381469735 22.500000000000004 2.5000000000000004 3.4974999427795415 1.7857143282890322 1979.334655761719 22.500000000000004 40.500000000000007 0.93141567707061779 0.28642667829990393 1.485000014305115 2.3715302944183354 17.687735557556156 0.11769164353609086 14.500000000000002 5.2449998855590829 80.500000000000014 5001769931243521 8.5000000000000018 1.655337452888489 24.500000000000004 0.25506110489368444 0.32950450479984289 1.5000000000000002 0.53372222185134899 32.500000000000007 2.1002959012985234 1.406250059604645 0.17782814055681231 15.100024700164797 1.264936149120331 3.8999999761581425 11.500000000000002 1.0815762281417849 16.500000000000004 0.98500001430511486 0.34196418523788458 0.10000002384185792 1.5000000000000002 15.500000000000002 -0.45000001788139338 30615.250000000004 1.5000000000000002 3.756578922271729 1.2059373855590823 4.055000066757203 -0.003571415320038795 0.071526959538459792 0.59990844130516063 5.9500000476837167 0.1212403178215027 1.5000000000000002 40393864623685640 1.300000071525574 0.005681962240487338 28.796806335449222 0.20511954277753833 0.0029310975223779683 5.0699999332427987
decision_type=2 2 2 2 2 2 2 2 2 2 2 2 2 2 2 2 2 2 2 2 2 2 2 2 2 2 2 2 2 2 2 2 2 2 2 2 2 2 2 2 2 2 2 2 2 2 2 2 2 2 2 2 2 2 2 2 2 2 2 2 2 2
left_child=2 3 24 4 10 45 7 9 -9 -6 14 12 26 17 15 -2 60 39 28 -20 -19 22 -15 -23 25 57 27 56 -18 -16 43 32 33 54 50 59 37 -34 -29 -14 41 -36 44 -28 -8 52 -27 -48 -49 -30 -33 -52 -5 -38 -26 -32 -4 -1 -42 -7 -13 -12
right_child=1 -3 11 5 6 35 42 8 -10 -11 61 16 13 21 29 -17 18 20 19 -21 -22 23 -24 -25 31 46 30 38 49 -31 55 34 36 -35 40 -37 53 -39 -40 -41 58 -43 -44 -45 -46 -47 47 48 -50 -51 51 -53 -54 -55 -56 -57 -58 -59 -60 -61 -62 -63
leaf_value=0.031084058965403463 0.021942199759330636 0.056165607710500512 0.028712098856853441 0.008693444630974493 0.015792836492768188 0.045005053440450395 -0.033903535033045704 0.046290054641263401 0.023967750290712405 -0.071416015372616173 0.023727031905737887 0.027064284568100883 -0.013526332086798546 0.012975452847632435 0.030634232476629882 -0.0021002422994127064 -0.038310056516533228 -0.051423392532385905 0.061326382801472346 -0.085041712277706738 0.043152712457282749 0.0079634216057588737 -0.018370270963943707 0.040997884109754884 0.0016955874549176783 0.016730359747510016 -0.027093707090673543 0.0091241749490761134 0.013044741225865131 -0.037892312748149193 -0.060214049159758358 0.099058529299721448 0.016148522029406653 -0.042436943917177242 0.0052413389052923375 0.054717769474024958 0.023321729082959902 -0.050842151670520044 -0.021158540591493826 0.027243885854979513 -0.0072346566214915326 0.16356233627909472 0.054154300843751717 0.030403562920874285 0.036086299620740392 0.034454638876426066 0.076030905094706724 -0.061921751308529484 0.037664088832929009 0.045931171953107808 -0.013566362235952001 -0.0013450070244548501 0.03521826544874454 0.060726986316135295 0.015981064555546459 0.029911817424008141 -0.025657572036367784 -0.022773637734656141 -0.054128849174428062 0.021590085250691372 -0.072984745243518154 0.050925348774849825
leaf_weight=52.930198639631271 1432.2310269698501 10095.068181142211 1453.980224981904 655.68135213851929 254.6233296841383 4037.1156153529882 42.055858254432678 2244.7226785123348 3232.9116356205195 105.13027270138264 231.51185774058104 15.732130154967306 369.30302628874779 2003.4217146411538 1759.9031322896481 1845.3302269130945 48.766256757080555 341.70516651123762 27.699654258787632 49.011957220733166 43.820303805172443 531.64315968751907 573.46863282844424 685.91819000244141 18156.810029579327 1230.1335983835161 59.482103034853935 1347.5408658869565 186.42771325260401 61.258916169404984 50.975465409457684 13.87371853739023 1533.1229267753661 156.55556028336287 3370.0777209624648 3796.5072243064642 383.83964670449495 127.8006852529943 292.73254433274269 192.39434608817101 173.10934231057763 12.799026008695362 1847.8255700916052 3733.8530323281884 270.77825677394867 2016.1240976601839 110.96606864407659 24.495303675532341 171.74522411823273 1408.5837615057826 2811.8106522783637 1883.5801860913634 356.52834858000278 159.38218741863966 703.74849778413773 23.871602907776833 46.232395522296429 307.44375335425138 87.834674302488565 245.16153164207935 43.64917729049921 571.63291768729687
leaf_count=175 2310 9152 2981 1184 372 3917 100 2123 5300 343 311 36 2307 5089 2177 3816 276 2487 27 242 59 998 1763 746 183761 5423 162 3969 442 193 202 55 6886 2018 14113 3246 1225 870 1152 1237 977 58 1478 5474 297 2303 321 171 284 1578 40003 20722 413 290 7221 34 145 2516 881 335 217 476
internal_value=0.0221487 0.0413061 0.00720516 0.0353053 0.0287927 0.0434516 0.0358044 0.0304753 0.0331231 -0.00980554 0.0192853 0.0183727 0.0160506 0.00683897 0.0155205 0.0084078 0.033682 -0.0162662 0.0364738 -0.0320165 -0.0405767 0.0126109 0.00599333 0.026596 0.00240352 0.0151127 0.0222802 0.014849 0.0396906 0.0283069 0.0283066 0.00158735 0.00340749 0.00185952 -0.00303602 0.048869 0.016754 0.0109634 0.0037071 0.000453124 0.00380069 0.00588998 0.0501788 0.0294937 0.0265832 0.0289865 0.0221295 0.0436086 0.0249572 0.0421011 -0.00832671 -0.0086661 0.0180667 0.0343971 0.00222971 -0.0313881 0.0270173 -0.0147853 -0.0231849 0.0436711 -0.0463863 0.0431307
internal_weight=80104.4 35102.1 45002.3 25007 13899.9 11107.1 7998.05 5837.39 5477.63 359.754 5901.87 13530.2 11750.3 4741.67 5098.72 3277.56 1779.87 947.223 1720.49 76.7116 385.525 3794.45 2576.89 1217.56 31472.1 1897.71 7008.67 3140.49 1643.78 1821.16 3868.18 29574.3 21221.3 19017.1 8353.09 8078.78 2204.15 1660.92 1640.27 561.697 3643.82 3382.88 2160.66 3793.34 312.834 3028.33 1537.34 307.207 196.241 1595.01 4709.26 4695.39 1012.21 543.222 18860.6 74.8471 1500.21 360.374 260.944 4282.28 59.3813 803.145
internal_count=359439 39846 319593 30694 19296 11398 10013 8138 7423 715 9283 31623 28805 14686 8496 6126 2818 6090 2565 269 2546 8596 6852 1744 287970 8890 14119 8247 2296 2370 5872 279080 202271 193000 76809 7498 9271 7756 5121 3544 16029 14171 1875 5636 397 3900 6199 776 455 2020 60780 60725 1597 1515 190982 236 3126 2691 1858 4252 253 787
is_linear=0
shrinkage=0.05


Tree=40
num_leaves=63
num_cat=0
split_feature=22 20 0 22 19 2 0 0 22 19 12 0 10 4 20 2 2 20 1 16 4 14 2 4 22 10 13 9 23 1 23 11 10 2 20 18 11 12 1 0 10 22 1 15 19 23 22 9 20 1 4 1 1 22 19 1 18 0 10 0 10 0
split_gain=8653.42 1237.05 836.545 852.353 669.198 315.042 302.441 291.328 327.925 215.498 192.356 190.201 181.297 198.914 155.56 151.055 140.783 139.147 261.699 180.639 136.966 127.708 126.429 120.558 119.525 114.282 111.987 110.805 108.048 104.953 99.8035 98.945 208.544 97.24 136.008 95.5181 91.4987 90.1626 89.8855 87.8818 83.4882 80.812 79.502 78.451 77.041 77.7349 76.4305 75.1384 97.3354 80.6778 68.6102 80.3496 66.0426 58.359 52.8764 50.9058 47.2629 45.3958 41.6968 39.5175 36.6768 40.8747
threshold=17.235943794250492 1.1368962526321413 4.5950000286102304 15.813388824462892 1.7010231018066408 15.500000000000002 5.5199999809265146 3.6950000524520878 13.794303894042971 25.103058815002445 2.0629960298538212 3.685000061988831 4.4600000381469735 63.500000000000007 0.56136766076087963 2.5000000000000004 8.5000000000000018 0.93141567707061779 9.004399776458742 0.98390334844589245 119.50000000000001 5.5000000000000009 10.500000000000002 9.5000000000000018 18.429264068603519 2.682500004768372 -0.0037240494275465603 2.7599999904632573 0.1935188174247742 5.7504999637603769 6.3722965717315683 1.5000000000000002 4.2550001144409189 237.50000000000003 0.51435270905494701 859.49902343750011 5.5000000000000009 2.1074177026748662 35.001499176025398 3.5949999094009404 2.717499971389771 18.429264068603519 65.005001068115249 15.500000000000002 525.95788574218761 7507124212989953 16.997534751892093 0.70000016689300548 0.3287342786788941 12.501500129699709 12.500000000000002 34.905000686645515 65.005001068115249 18.797674179077152 35.309854507446296 29.915499687194828 64.45932769775392 6.3500001430511483 4.5025000572204599 4.4049999713897714 3.4974999427795415 5.8500001430511483
decision_type=2 2 2 2 2 2 2 2 2 2 2 2 2 2 2 2 2 2 2 2 2 2 2 2 2 2 2 2 2 2 2 2 2 2 2 2 2 2 2 2 2 2 2 2 2 2 2 2 2 2 2 2 2 2 2 2 2 2 2 2 2 2
left_child=2 4 3 7 11 21 15 8 35 12 20 22 13 14 -6 38 53 18 19 -7 27 31 50 42 -15 30 36 -11 -27 -9 -10 39 -33 41 -35 55 -19 -12 56 -5 -28 -24 -14 -22 45 -40 -20 49 -49 -31 51 -2 57 59 -39 -1 -4 -8 -18 -13 61 -54
right_child=1 -3 6 5 9 17 52 29 25 10 37 16 23 24 -16 -17 58 26 46 -21 43 -23 33 -25 -26 28 40 -29 -30 47 -32 32 -34 34 -36 -37 -38 54 44 -41 -42 -43 -44 -45 -46 -47 -48 48 -50 -51 -52 -53 60 -55 -56 -57 -58 -59 -60 -61 -62 -63
leaf_value=-0.019706723087731727 0.024524566275580296 0.05575608572325759 0.022274234587658519 -0.023363347206210135 0.016022772394305138 -0.037976378594153565 0.038184626720668025 -0.027841226172376679 0.0066523761128425745 0.017763901248050839 -0.092863535486380933 0.025988488288008361 0.027379141515395118 0.02031587356162157 -0.03311539427850143 0.034934041237065866 0.046305285160540471 -0.068236102087251269 0.017005268784989678 0.020455028292543975 0.059181528376189063 -0.059623988010115814 0.026851572056999909 0.045222151063562283 0.038124457752242685 0.0051040903045237902 -0.00040406672576248664 -0.016661272958758022 -0.0096570104773542192 0.0088570876461332281 0.057082889245925694 0.0062971571050932764 0.02419378886605365 -0.12759901293256642 0.015138611072552214 -0.028802665922628003 0.025864574897989365 0.0098928758101360266 0.014943326622971523 0.0040156402933386277 0.044744729201056377 0.044350627491997599 -0.040476827948536916 -0.0040733389297687838 -0.0061608296054554909 -0.041468241461040244 0.041654340437026025 -0.00058111273599638922 0.044159286818858529 -0.00092806027860865359 -0.042749827216278596 -0.034690975754233529 -0.052487687160412723 0.047565323719843844 -0.039587095868278792 -0.0062566825272693215 0.013564359038346008 0.060346124054245165 0.054816942090098311 0.038797102455125854 0.03895478550837362 0.012305140868509819
leaf_weight=1584.637702267617 374.82816912233829 9705.5475281253457 2359.3094347417355 350.61242615431547 2223.0454293489456 300.33674938976765 1063.1344954520464 271.20549224317074 302.1419334448874 946.3833724707365 45.593333199620247 951.27240273356438 1000.7258458584547 1610.2262234464288 172.65415608882904 917.13223583996296 2866.757381523028 42.231607872992754 632.16677247360349 234.77564569562674 244.52596854418516 67.149835139513016 1043.5273858085275 2153.2559244260192 2291.141651738435 2184.5063417851925 110.84509234875441 309.30003286525607 2863.0982570275664 3302.7580353990197 144.70558123290539 5426.5704995207489 2325.7085669711232 18.64326485991478 109.90989789925516 1669.0529713146389 63.204206526279449 102.62071620672941 1365.911276564002 1759.7644726783037 1305.2912730500102 1834.6680018305779 44.193779125809669 60.90845113247633 912.31729505211115 62.935159981250763 631.38794683292508 232.4222999997437 253.31623008847237 5810.1315668970346 56.028615176677704 66.622773498296738 31.289677634835243 1206.640717074275 111.90694659203291 1269.3453127592802 4628.6369086354971 301.82458400726318 3063.0820333957672 1707.0416892915964 81.67046557366848 97.791184142231941
leaf_count=32040 505 9175 3767 1575 3399 961 1283 3599 2977 1604 228 1226 1279 2331 560 1092 2813 217 1453 417 172 236 1344 2079 2822 19807 258 945 40408 21487 442 18360 3890 101 474 45109 99 214 4450 5074 1525 1815 122 144 6516 203 675 1782 1557 58221 146 177 148 1117 524 25298 13562 200 2707 1830 124 204
internal_value=0.0217297 0.0406359 0.00729647 0.00322234 0.034672 0.0130462 0.0187147 -0.00332294 -0.00932951 0.0257295 0.00996372 0.0422784 0.0287516 0.0238184 0.012467 0.0155749 0.0458598 0.0263781 0.0169437 -0.0123405 0.016601 0.00858566 0.0322564 0.0384528 0.0307826 -0.00111996 0.037509 0.0092738 -0.00326795 0.00277331 0.0230858 0.00905657 0.0116693 0.0361193 -0.00634828 -0.0192987 -0.0120668 -0.0297616 0.0136676 -0.000539575 0.0412095 0.0380194 0.0244685 0.0465791 0.00518244 0.0124279 0.0293494 0.00364164 0.0227839 0.00261838 0.0088733 0.0155184 0.0391062 0.0384037 -0.0159587 -0.0137307 0.0165085 0.0431293 0.0507114 0.0342269 0.0129456 -0.0036452
internal_weight=79280.4 34321.1 44959.3 33137.4 24615.5 13250 11822 19887.3 10017.5 11316.5 1821.24 13299 9495.24 6297.07 2395.7 10246.2 9794.79 3320.24 1798.67 535.112 1561.12 9929.81 3504.23 3198.18 3901.37 5494.45 1521.57 1255.68 5047.6 9869.83 446.848 9862.66 7752.28 3006.75 128.553 4523.04 105.436 260.121 9329.11 2110.38 1416.14 2878.2 1044.92 305.434 2341.16 1428.85 1263.55 9598.63 485.739 9112.89 497.48 441.451 1575.71 3864.95 214.528 2853.98 6987.95 1364.96 5929.84 2658.31 210.751 129.081
internal_count=358869 39853 319016 287467 30678 34740 31549 252727 166081 16423 3831 14255 12592 9112 3959 29590 9693 5605 3506 1378 2865 29135 4562 3480 5153 63634 2099 2549 60215 86646 3419 28899 22250 3734 575 102447 316 966 28498 6649 1783 3159 1401 316 11169 4653 2128 83047 3339 79708 828 682 1959 4173 738 57338 17329 1483 5520 3056 476 352
is_linear=0
shrinkage=0.05


Tree=41
num_leaves=63
num_cat=0
split_feature=8 20 0 8 15 0 0 15 2 15 15 18 12 12 0 12 20 2 18 20 9 20 5 0 5 3 16 5 10 5 13 16 1 1 16 15 16 5 1 1 16 2 13 1 18 1 10 0 20 15 8 16 5 3 20 0 5 12 12 18 1 8
split_gain=7303.17 1810.22 651.402 626.987 581.96 512.682 498.675 427.991 369.892 325.138 336.518 269.641 264.447 261.286 256.9 216.814 222.159 183.529 170.6 185.567 165.278 307.398 124.687 125.071 122.355 163.669 170.847 117.119 112.154 101.165 98.4438 105.828 104.618 97.475 96.9326 96.7111 86.5189 83.2312 104.529 69.5117 69.0541 68.9823 48.9928 48.0386 45.4209 44.772 42.682 40.9075 40.0283 36.5656 49.6143 47.8497 46.1149 36.4075 35.6569 34.0517 37.3612 32.4068 29.639 33.0661 28.7149 52.6992
threshold=4.8949999809265146 1.2520732283592226 4.5950000286102304 6.3500001430511483 11.500000000000002 4.3949999809265146 3.5949999094009404 2.5000000000000004 2.5000000000000004 15.500000000000002 110.50000000000001 381.31312561035162 1.1637477278709414 1.9704241752624514 5.5199999809265146 2.3993241786956792 0.75709015130996715 273.50000000000006 1.1112003922462466 0.25777189433574682 3.7000001668930058 0.49398541450500494 35.500000000000007 5.1099998950958261 1294.5000000000002 124.50000000000001 0.25010785460472112 1.5000000000000002 4.1524999141693124 22.500000000000004 0.0049999998882412919 0.79987081885337841 12.501500129699709 10.996500015258791 0.090983003377914443 282.50000000000006 0.2917075008153916 6.5000000000000009 191.66999816894534 65.005001068115249 0.99965035915374767 10.500000000000002 0.00070986326318234216 10.000500202178957 301.96235656738287 557.15499877929699 4.3500001430511483 6.3500001430511483 0.2254123538732529 1.5000000000000002 3.9850000143051152 0.49975961446762091 38.500000000000007 59.500000000000007 1.0903860926628115 2.7949999570846562 4.5000000000000009 1.4737790226936343 1.0337712764739992 90.620330810546889 21.998999595642093 4.7599999904632577
decision_type=2 2 2 2 2 2 2 2 2 2 2 2 2 2 2 2 2 2 2 2 2 2 2 2 2 2 2 2 2 2 2 2 2 2 2 2 2 2 2 2 2 2 2 2 2 2 2 2 2 2 2 2 2 2 2 2 2 2 2 2 2 2
left_child=2 3 4 5 6 7 11 20 22 13 -11 30 29 -9 37 17 -17 18 35 -20 21 -2 23 -7 25 26 -14 33 34 -6 32 -32 -1 43 -29 -5 -30 38 60 47 48 46 -19 -8 -35 -41 -10 -16 -31 51 -51 52 -39 -22 -18 -13 -57 -43 59 -40 -4 -62
right_child=1 -3 14 15 12 8 27 9 41 10 -12 55 24 -15 39 16 54 42 19 -21 53 -23 -24 -25 -26 -27 -28 28 36 40 31 -33 -34 44 -36 -37 -38 49 58 45 -42 57 -44 -45 -46 -47 -48 -49 -50 50 -52 -53 -54 -55 -56 56 -58 -59 -60 -61 61 -63
leaf_value=-0.015423408240408132 0.009825116244446902 0.055360410623240819 0.014424378641105427 0.046159113812402314 0.049603248750131473 0.014032031223243311 0.0054041294694453703 0.036627695603733253 0.022674410767470638 0.00055913977321346629 0.034377459839026805 -0.034720177253290234 0.0065443986337956868 -0.042408523764968439 0.035603313396505992 0.03764521392363282 -0.074553216528046182 -0.075297115626871206 0.037063475849958276 0.00093551821990428519 0.02552075345368305 -0.027010090542379434 0.041794385942333118 0.039446412966954142 0.055046777745103304 -0.077389068800424801 0.030827431649739102 0.013914738651442202 0.029957968640262646 0.049219163700978535 -0.0019325966746214758 0.030491454674801483 -0.0027923857973998082 -0.017717781175769387 -0.00028781409775935877 -0.021952365256335715 0.010399636960481573 0.020952306838757127 -0.065726762253191226 -0.0064908556446384175 -0.16764712256663972 0.051750370213398733 0.045529258702044717 0.056050168442162186 -0.0033862732210230536 0.047423443307202919 0.040058379114343103 0.058092044927946278 -0.051799225815172392 -0.053156362193816968 0.017356578097961744 0.064375705732412594 0.05596636228160054 0.063374365291366405 0.0017906773371860222 -0.022307701304429911 0.043939885431930274 0.032477910270996037 0.053064292412305196 -0.015648154148582474 0.0086756790324127187 -0.046569037568624322
leaf_weight=2894.278907161206 3753.2409779280424 9060.4401253014803 4582.5946076959372 7369.4707947894931 26.417677272111177 2764.1299942284822 2786.5028244331479 4238.5217933580279 410.1369277536869 1922.4407005663961 1190.8786586299539 720.17897040583193 1167.4703842103481 106.35756519436836 928.06575182080269 122.48295927047729 86.007066078484058 41.652648583054543 1783.7428006902337 444.23785302042961 125.31894017010927 665.99441566690803 693.93218858540058 587.04174509644508 275.366319835186 41.326479561626911 1912.7135521918535 1804.9084618724883 875.37086999416351 9.7719064801931363 918.53232408687472 345.43956288322806 3783.1626697778702 689.09052197262645 3586.7025207839906 51.84402909129858 1602.5868620984256 573.77687977254391 38.246739402413368 140.678391456604 11.641366418451069 1899.1395548805594 9.6724686324596387 46.661784883588552 2791.5476845540106 51.869204387068748 2835.4970132559538 264.15129014849663 130.27790239825845 26.103713057935238 313.09132830798626 96.696001902222633 112.57919265329838 134.01070147752762 18.345996111631393 1401.2305962480605 20.666984427720308 255.56534066796303 12.373607091605662 217.57351989299059 2364.3480936810374 42.964485064148903
leaf_count=37614 7468 8955 12297 7376 35 4574 18448 5201 562 3919 1466 20260 4866 304 1165 192 436 665 2046 869 197 2208 698 631 224 208 4650 13566 2436 8 8275 1410 52733 5579 30226 140 4759 1258 214 396 71 1768 10 245 33403 63 3002 183 1359 123 559 92 122 82 39 36339 328 306 41 1582 10479 139
internal_value=0.0209498 0.0356631 0.00507654 0.0299975 0.00117897 0.025211 -0.00159569 0.0184091 0.0339476 0.0258453 0.0135035 -0.010096 0.0200099 0.0346825 0.0161873 0.0403991 -0.00787177 0.041529 0.0420324 0.0298658 0.00655088 0.00426793 0.0225033 0.0184959 0.0231275 0.0202934 0.0216303 0.00444746 0.00851681 -0.0392174 -0.00584716 0.00694194 -0.00826943 -0.000624362 0.00446744 0.0456797 0.0173202 0.0128868 0.0109234 0.0361343 -0.0549423 0.0425132 -0.0519963 0.00625951 -0.00622931 0.00817693 0.0378708 0.0406347 -0.0444163 0.0255595 0.0117751 0.0315014 0.0267758 0.0452694 -0.0611944 -0.0258357 -0.0213111 0.0494829 -0.0196519 -0.0233815 0.0120999 0.0076687
internal_weight=78177.1 40570.1 37607 31509.7 27841.8 21582.2 24266.9 12136.8 9445.44 7458.2 3113.32 10083.5 3574.99 4344.88 9765.11 9927.46 226.836 9700.62 9649.3 2227.98 4678.57 4419.24 4045.1 3351.17 3396.88 3121.51 3080.18 14183.4 7869.57 178.109 7941.41 1263.97 6677.44 6313.8 5391.61 7421.31 2477.96 8380.35 7258.1 1384.76 151.691 5400.34 51.3251 2833.16 3480.64 192.548 3245.63 1192.22 140.05 1122.25 339.195 783.052 686.356 259.33 104.353 2142.08 1421.9 2154.7 268.194 255.82 6989.91 2407.31
internal_count=358869 53114 305755 44159 277042 32386 265621 20845 11541 10890 5385 156959 11421 5505 28713 11773 667 11106 10431 2915 9955 9676 5903 5205 9948 9724 9516 108662 50987 1473 100032 9685 90347 57675 43792 7516 7195 26906 24752 1807 1438 5638 675 18693 38982 459 3564 1348 1367 2154 682 1472 1380 279 475 56927 36667 2074 1837 1796 22915 10618
is_linear=0
shrinkage=0.05


Tree=42
num_leaves=63
num_cat=0
split_feature=22 20 6 0 19 6 18 0 9 20 20 0 0 20 1 8 16 20 8 19 16 23 9 4 19 1 17 4 6 23 0 9 23 20 0 1 17 20 22 1 12 20 16 1 23 18 22 13 4 23 4 12 9 20 12 1 1 23 23 18 22 16
split_gain=7847.7 1259.6 760.357 726.53 665.276 390.268 350.86 344.809 196.536 236.87 194.768 190.377 187.793 219.737 259.437 252.028 208.611 185.01 266.372 230.761 172.096 171.5 161.371 148.389 147.244 145.885 118.785 112.265 110.384 107.221 105.888 104.429 97.6243 301.096 94.1076 90.8952 87.029 86.2218 75.1115 68.6294 73.3211 63.9064 62.1759 61.8156 60.4119 131.887 60.1731 115.415 54.6123 54.5946 58.7971 52.8626 88.3588 76.3783 51.6083 46.5127 43.1074 37.063 35.2774 35.0234 33.8571 65.9907
threshold=17.268469810485843 1.0660008788108828 1.5000000000000002 4.0450000762939462 1.7010231018066408 7.5000000000000009 38.50263977050782 5.6199998855590829 2.8150000572204594 0.77141305804252636 0.20671743899583819 3.685000061988831 4.9949998855590829 0.93141567707061779 5.0009999275207528 5.2449998855590829 0.98852765560150158 0.78725951910018932 6.5499999523162851 14.060287475585939 0.11769164353609086 0.073633689433336272 3.4999998807907109 69.500000000000014 18.490462303161625 0.9350000023841859 5.2720587253570566 32.500000000000007 13.500000000000002 0.0029310975223779683 2.6950000524520878 3.6999999284744267 1.5942281229605277e+17 0.51012274622917186 4.5950000286102304 195.0100021362305 1.2508277893066408 0.80419212579727184 17.055358886718754 9.3530001640319842 1.4244499206542971 1.0815762281417849 0.57170650362968456 35.001499176025398 0.076996866613626494 239.88371276855472 19.756238937377933 -0.0020716622238978739 31.500000000000004 86.142211914062514 281.50000000000006 1.5715581774711611 1.8999999761581423 0.81180197000503551 1.884057939052582 65.005001068115249 60.010000228881843 31690203592654852 0.0029310975223779683 703.24029541015636 14.193937301635744 0.33339799940586096
decision_type=2 2 2 2 2 2 2 2 2 2 2 2 2 2 2 2 2 2 2 2 2 2 2 2 2 2 2 2 2 2 2 2 2 2 2 2 2 2 2 2 2 2 2 2 2 2 2 2 2 2 2 2 2 2 2 2 2 2 2 2 2 2
left_child=2 4 3 6 11 8 25 34 43 22 -7 31 13 14 51 20 21 19 -19 -12 58 -16 -10 -17 -18 41 29 -22 36 -27 60 32 42 -34 39 38 -13 -28 -36 48 -41 -1 -2 54 45 -32 -33 -48 -5 -3 -51 52 -4 -53 -6 -9 -38 -46 -15 -37 -8 -62
right_child=1 49 12 7 5 10 30 55 9 -11 17 28 -14 15 16 23 24 18 -20 -21 27 -23 -24 -25 -26 26 37 -29 -30 -31 44 46 33 -35 35 59 56 -39 -40 40 -42 -43 -44 -45 57 -47 47 -49 -50 50 -52 53 -54 -55 -56 -57 -58 -59 -60 -61 61 -63
leaf_value=-0.026469537385531868 -0.0094537702481102062 0.05517152524721744 -0.024714180534717609 -0.029402797597416503 0.018327108369675455 0.041307329165692595 -0.03197195686560244 0.040207182451344775 -0.025157692676905947 -0.076315885976467213 0.025071769225299669 0.024809268735371554 0.037713244344933977 0.016808044207491237 0.021960749321322193 0.051541428749174958 0.028123509684107324 0.042990663216204733 -0.074693371836299843 -0.0031121100629730048 -0.033803444371644752 0.0038257678129435487 0.021461010537367344 -0.08349749547728888 4.0261292228715753e-05 0.023585611642030782 0.048696251267595685 0.040520960238058235 0.049432667298716537 -0.0024472381822156688 0.0051357955792554234 0.043211402585602549 0.021193678056848797 -0.075252118232075615 0.012569176514027428 -0.0050679347000418913 0.043360683338227388 -0.015911987650862977 -0.066461746384273643 0.0047694717054411638 -0.064148527935462524 0.054642532648996281 0.034002287054406881 -0.0050161442087938686 -0.020284890714155599 -0.013826335604701643 0.040096702741597733 -0.024690685511575328 0.06913941858087834 -0.045839269460725529 0.055758583697340505 -0.056384639751076583 0.015021145164667328 -0.0055786839162794985 0.06002926394692925 0.010765625734738179 0.011718040880563489 0.09542768651365495 -0.072057259958443864 -0.043978622391463842 0.02654150015845419 -0.045080049489065813
leaf_weight=27.436880830675364 89.635801710188389 9025.4142682403326 282.7389940880239 217.17044320330024 1398.5889362096786 2326.4076253473759 915.0896068867296 959.00100027024746 370.71441263332963 123.92260046675801 3126.5680264942348 929.06362748146057 973.2425969094038 14.470638558268545 1824.6197817027569 27.361525751650333 3138.1786722913384 1447.5597005933523 48.821995623409748 945.27292133867741 51.643766697496176 4565.2736646234989 369.77262210100889 72.104363244026899 548.69091388583183 423.37527119740844 208.09913228452206 1634.2707329690456 4998.0973160639405 5815.3061865270138 1285.2988753430545 1425.3952145669609 455.92500849068165 97.337316170334816 7676.7775085940957 186.52621454000473 3095.8646387606859 67.889542181044817 29.187056809663773 8180.3829151652753 37.770223185420036 176.24937340989709 935.00927133671939 280.3007025718689 1565.850489590317 3192.4721331745386 207.36584381014109 101.67287648655474 14.064034149050711 27.460615456104279 27.491966634988785 148.90893714129925 274.93039780855179 146.9931867197156 77.745157025754452 157.53526452183723 112.87661039084196 5.9654892385005942 42.488253101706505 83.263575121760368 73.135782457888126 55.789005856961012
leaf_count=301 180 9216 1376 1720 2169 2446 23427 1054 1071 707 4351 1230 1116 39 3509 36 4353 1474 256 1926 276 15901 672 365 1516 1903 481 2117 4974 60549 17620 1510 633 324 24385 958 3194 297 92 53474 204 227 1101 655 26906 70794 225 523 19 94 23 560 560 398 51 352 177 24 217 858 868 835
internal_value=0.0201832 0.039102 0.00674027 0.0024412 0.0328651 0.0236006 -0.00613583 0.00919484 0.00687764 -0.0126274 0.0291504 0.0406884 0.0165449 0.0149287 0.0122334 0.0309017 0.0144758 0.0240638 0.0391004 0.0185285 0.0353263 0.00900758 -0.0018737 -0.0461573 0.0239466 0.00205214 0.000745347 0.0382226 0.044416 -0.000676274 -0.0138906 0.0303952 0.0210579 0.00411147 0.00736548 0.011261 0.0383446 0.0327854 0.0122606 0.00368687 0.00444435 0.0436162 0.0301904 0.0164803 -0.0113479 -0.0083824 0.03887 0.0187548 -0.0231159 0.054869 0.0049874 -0.0142185 -0.00512394 -0.0312668 0.0205657 0.036071 0.0422531 -0.0197822 -0.0494939 -0.0172132 -0.0285944 -0.00452089
internal_weight=77143.8 32044.3 45099.6 31353.6 22963.9 10515.7 13812 17541.7 2621.04 864.41 7894.63 12448.2 13745.9 12772.7 10930.3 1842.34 10076.8 5568.22 1496.38 4071.84 1742.87 6389.89 740.487 99.4659 3686.87 6718.36 6514.67 1685.91 9135.9 6238.68 7093.6 3312.34 1577.91 553.262 16425.1 7975.75 4137.8 275.989 7705.96 8449.39 8218.15 203.686 1024.65 1756.63 6049.59 4477.77 1734.43 309.039 231.234 9080.37 54.9526 853.572 557.669 295.902 1476.33 1116.54 3208.74 1571.82 56.9589 269.79 1044.01 128.925
internal_count=358869 39182 319687 287348 29849 15778 204232 83116 5325 2450 10453 14071 32339 31223 28173 3050 25279 8007 1730 6277 2649 19410 1743 401 5869 63758 63230 2393 9575 62452 140474 4496 2238 957 81710 26293 4601 778 24477 55417 53678 528 1281 2875 115344 88414 2258 748 1739 9333 117 2894 1936 958 2220 1406 3371 26930 256 1816 25130 1703
is_linear=0
shrinkage=0.05


Tree=43
num_leaves=63
num_cat=0
split_feature=22 20 19 22 3 10 2 4 20 3 10 2 21 10 22 23 20 8 4 20 8 1 16 8 20 15 1 3 16 17 1 3 24 5 5 23 16 1 1 5 15 11 24 19 23 23 16 19 1 1 5 1 16 15 23 20 24 2 24 22 20 1
split_gain=7451.75 1273.55 646.283 643.65 255.961 204.468 302.571 208.868 207.275 178.333 163.895 196.38 163.7 249.925 140.531 136.714 245.527 133.916 331.053 132.656 152.565 116.349 116.194 326.235 125.898 112.784 110.242 109.982 101.871 98.523 114.018 136.798 104.146 98.249 95.1371 91.2819 88.8302 88.0052 87.7565 93.6929 81.756 81.225 78.7636 77.2462 104.397 83.9777 76.4516 76.3677 114.405 108.458 75.4479 73.7053 73.7012 248.457 66.7265 64.8224 62.5472 62.0006 59.8657 69.6534 59.0568 54.8288
threshold=17.268469810485843 1.0660008788108828 1.7010231018066408 15.832268238067629 81.500000000000014 4.2550001144409189 80.500000000000014 612.50000000000011 0.80419212579727184 7.5000000000000009 3.8000000715255742 7.5000000000000009 958644512.00000012 3.0900000333786015 18.429264068603519 1.5942281229605277e+17 0.51012274622917186 5.0699999332427987 48.500000000000007 1.1084075570106509 4.1949999332427987 67.005001068115249 0.43537822365760809 4.9949998855590829 0.5321224331855775 10.500000000000002 569.09851074218761 4.5000000000000009 0.57170650362968456 5.5058138370513925 9.004399776458742 25.500000000000004 -8.4534993171691877 486.50000000000006 276.50000000000006 8.8779945373535174 0.94742602109909069 70.001998901367202 21.003499984741214 15.500000000000002 292.50000000000006 5.5000000000000009 -0.0027755271876230832 541.80725097656261 0.35397322475910192 0.2927911132574082 0.54256141185760509 859.49984741210949 11.002319335937502 33.004999160766609 470.50000000000006 20.89949989318848 0.9974651336669923 22.500000000000004 34.252059936523445 0.56136766076087963 11.50000047683716 303.50000000000006 0.0024815582437440757 16.802441596984867 1.8647106289863589 28.005000114440922
decision_type=2 2 2 2 2 2 2 2 2 2 2 2 2 2 2 2 2 2 2 2 2 2 2 2 2 2 2 2 2 2 2 2 2 2 2 2 2 2 2 2 2 2 2 2 2 2 2 2 2 2 2 2 2 2 2 2 2 2 2 2 2 2
left_child=3 2 10 21 12 6 7 8 -4 37 14 -12 17 38 15 28 -17 19 25 20 -5 29 58 24 42 -19 43 51 -2 30 31 32 -1 -33 -21 60 41 -7 39 -14 57 -25 -24 44 45 -23 -29 49 -49 -32 -26 -15 -8 -54 -39 -42 -46 -16 -6 -60 -31 -20
right_child=1 -3 5 4 22 9 52 -9 -10 -11 11 -13 13 27 40 16 -18 18 61 34 -22 26 23 36 50 -27 -28 46 -30 35 47 33 -34 -35 -36 -37 -38 54 -40 -41 55 -43 -44 -45 56 -47 -48 48 -50 -51 -52 -53 53 -55 -56 -57 -58 -59 59 -61 -62 -63
leaf_value=0.084733759905858519 -0.030724588951948569 0.05449334782941772 0.0051927974944095895 -0.03427564019379583 0.04960004723969582 0.022154368578045119 0.045726506963820246 -0.07628721280921523 0.031485504738843921 0.039288728108156985 0.034204158592969346 0.049857897296706026 -0.0062645491056405409 0.022332252272334711 0.040942887260576037 0.019232521525119159 -0.064796617409845034 -0.0015219915117178657 -0.075277191534827648 0.0030873871194429252 0.010730157504238612 0.0031228529572872991 -0.069524279872080083 -0.088605801293908049 -0.087915891195896975 0.042735664623130297 0.024229732794168901 -0.018005500480745371 0.033217120146152759 -0.05884121102935469 0.0046271014520966741 0.036341562374067542 -0.0096924563311206087 -0.055575036204374366 0.047251053246450202 0.056483771905952385 0.048718856287883479 0.022061858940646564 0.028207874398830136 -0.078648696483853739 0.038459555171878872 0.035174832422390279 0.056782240035719161 -0.012068227976354661 -0.022810587261165003 0.059171621129182374 0.037957318264184525 0.0067538472614610242 -0.0035522814395013871 0.018013403641435454 0.033982595516596409 -5.4309451462717211e-05 0.033992226690369186 -0.07476426049838078 -0.052982588492494598 -0.071226917919209806 0.07840191023590487 -0.021546021816388677 0.044273655772487944 -0.054056859919508066 0.057121108109730534 0.018762685437040794
leaf_weight=28.488623879849911 66.219468578696251 8695.6142315715551 3256.2171080708504 190.89937679842114 793.72593355923891 1959.2309662252665 859.9754880219698 68.259039409458637 973.22510569542646 2590.6617481186986 3334.2201890349388 5077.3793794810772 83.044766329228878 1647.3588609546423 2242.7227505594492 290.9640104174614 122.78351865150034 1105.8138324692845 170.36982202157378 173.04754859209061 10045.18667652458 1979.6840851530433 16.73456060513854 23.140919536352158 97.705791287124157 164.45388878136873 310.4079274572432 63.257331632077694 873.49925179965794 33.064443007111549 5315.8347067572176 269.58082679286599 2978.8785455655307 31.636895433068275 415.14785901457071 155.11356564611197 372.51042197644711 49.914526432752609 51.245338335633278 96.719405777752399 23.300781685858965 28.457778632640839 39.706178102642298 2828.0335914734751 515.90321435406804 68.189366970211267 1338.0337606072426 5662.7106251753867 5131.786561101675 2115.7759941518307 13.966096907854078 472.6520908176899 471.02919151261449 58.116277828812599 70.08627313375473 29.340469508431852 14.749076832085846 39.724827948957682 40.634084165096283 30.734464555978775 15.241579800844191 16.559409111738205
leaf_count=311 158 9333 6126 1865 776 2772 857 320 1501 2837 3943 5152 231 2447 2438 411 384 2651 782 510 26766 15821 178 98 448 199 1875 145 1036 278 32898 661 47676 322 562 303 327 83 89 392 38 34 46 48316 5359 530 1498 39959 71804 12154 17 1012 633 410 239 161 165 350 39 89 23 31
internal_value=0.0194515 0.0382448 0.0319508 0.00642514 0.0139213 0.0227774 0.0164042 0.00984122 0.0112501 0.0305322 0.0397994 0.0436584 0.0120957 0.0212364 0.0309883 0.0181418 -0.00578798 0.00930113 -0.00492358 0.0112168 0.00988706 0.001649 0.0339807 0.0168627 -0.0419 0.00423296 -0.00469708 0.0245436 0.0286781 0.00331834 0.00298999 -0.00554726 -0.00876843 0.0265191 0.0342938 0.0378693 0.0402112 0.0196058 -0.0290431 -0.0454571 0.0384213 -0.0208722 0.0186872 -0.00636296 -0.000101443 0.00501955 0.0354164 0.00454025 0.0018539 0.00844076 -0.0724601 0.0173412 0.0366838 0.0219195 -0.0218021 -0.0227709 -0.0198459 0.0398442 0.0456605 0.00169725 -0.0217348 -0.0668644
internal_weight=76098.7 31152.5 22456.9 44946.2 17491.1 10356.7 5686.82 4297.7 4229.44 4669.89 12100.2 8411.6 16033.8 3752.31 3688.56 1353.47 413.748 12281.5 1457.2 10824.3 10236.1 27455.1 1457.32 592.222 168.113 1270.27 5716.97 3521.3 939.719 21738.1 21534.7 3308.58 3007.37 301.218 588.195 203.42 424.109 2079.23 231.01 179.764 2335.09 51.5987 56.4407 5406.56 2578.53 2047.87 1401.29 18226.1 10794.5 7431.61 111.672 2120.01 1389.12 529.145 120.001 52.6413 530.652 2282.45 865.094 71.3685 48.306 186.929
internal_count=358869 39182 29849 319687 41232 15778 9847 7947 7627 5931 14071 9095 39180 5814 4976 1989 795 33366 3663 29703 28631 278455 2052 1148 689 2850 72066 5102 1194 206389 205785 48970 47987 983 1072 604 459 3094 712 623 2987 132 224 70191 21875 16351 1643 156815 111763 45052 465 3459 1900 1043 322 199 5524 2788 904 128 301 813
is_linear=0
shrinkage=0.05


Tree=44
num_leaves=63
num_cat=0
split_feature=22 20 6 0 0 6 0 3 21 20 15 20 20 16 3 0 16 9 3 9 23 18 5 15 10 15 9 0 16 8 20 23 0 7 10 0 20 4 20 18 5 18 22 5 22 16 11 16 20 23 5 18 13 21 15 5 18 9 10 3 0 0
split_gain=7070.45 1286.87 643.464 643.937 519.044 337.95 320.449 314.17 245.204 238.119 372.678 232.242 401.231 302.138 208.623 212.957 209.897 191.742 190.763 186.366 163.594 160.176 137.968 128.412 122.118 116.312 107.885 107.378 95.1598 268.433 115.945 93.6593 87.8062 85.0513 84.1721 82.8925 82.4825 80.3338 89.14 78.0612 73.6945 69.917 69.3399 67.6015 74.827 66.9619 82.226 65.0374 61.1275 57.1282 71.7972 52.0687 51.7319 50.4318 47.4992 44.0672 43.6255 39.8294 39.8258 39.7225 36.1868 35.7596
threshold=17.268469810485843 1.0660008788108828 1.5000000000000002 4.0450000762939462 4.3949999809265146 7.5000000000000009 5.6199998855590829 1.5000000000000002 87047544832.000015 0.59580639004707348 8.5000000000000018 0.79613265395164501 0.34824821352958685 0.54774570465087902 83.500000000000014 4.805000066757203 0.95300120115280162 2.7050000429153447 6.5000000000000009 2.4499999284744267 2.7763221263885502 0.096986941993236556 218.50000000000003 10.500000000000002 2.6610248088836674 11.500000000000002 1.0000000180025095e-35 2.7849999666213994 0.4387121200561524 4.9949998855590829 0.55441850423812877 7943.2844238281259 3.495000004768372 6.2049999237060556 4.5025000572204599 4.5950000286102304 0.83860415220260631 15.500000000000002 1.2409495115280154 0.31303609907627111 23.500000000000004 622.96820068359386 17.055358886718754 2.5000000000000004 16.450043678283695 0.95300120115280162 5.5000000000000009 0.090983003377914443 1.0903860926628115 86.142211914062514 325.50000000000006 110.85477828979494 -0.0033388062147423621 12716971520.000002 21.500000000000004 22.500000000000004 1.4242204427719118 0.28000009059906011 3.1999999284744267 1.5000000000000002 5.5199999809265146 6.4500000476837167
decision_type=2 2 2 2 2 2 2 2 2 2 2 2 2 2 2 2 2 2 2 2 2 2 2 2 2 2 2 2 2 2 2 2 2 2 2 2 2 2 2 2 2 2 2 2 2 2 2 2 2 2 2 2 2 2 2 2 2 2 2 2 2 2
left_child=2 4 3 7 5 9 35 27 11 21 33 12 -7 -13 15 16 19 23 39 20 -4 53 -21 -18 37 -12 32 41 -16 30 52 -23 -26 -11 56 43 -28 38 -9 -6 -29 51 55 57 -45 46 -31 -42 -39 -3 -51 -1 -30 -2 -10 -37 -20 -5 -19 -41 -17 -8
right_child=1 49 14 6 18 8 61 24 54 10 25 13 -14 -15 28 60 17 58 34 22 -22 31 -24 -25 26 -27 36 40 29 45 -32 -33 -34 -35 -36 42 -38 48 -40 59 47 -43 -44 44 -46 -47 -48 -49 -50 50 -52 -53 -54 -55 -56 -57 -58 -59 -60 -61 -62 -63
leaf_value=-0.026613427819152893 0.0018613361193852763 0.054452987551768819 0.012367796721166406 0.00092103280093701551 0.03997520337227347 0.032190615073047116 0.029498262043029369 0.027775521841716562 0.045312116835170356 -0.072047145877865176 0.060947285332963189 -0.05517796115036977 0.004280912651481783 0.044271222907169373 0.04533566474168732 0.028454246287480257 0.017138259906546827 -0.088315470086194447 0.041971893644003139 -0.0038196471442384083 -0.0061405378968320164 -0.0082131534964726902 -0.059298891893765353 0.040384918190488894 0.0045337947206689844 -0.021868968064527892 0.0054466774371174365 -0.010248925998589184 0.058546543936505005 -0.084686232657935498 -0.074284875679312523 0.015527049462331473 0.15912154884694918 -0.012245512153244374 0.049112995133837788 0.01014166966416475 -0.0080374283756672049 0.10936430991961266 -0.034293490619973908 0.011140018604824943 0.040937586571778581 -0.038216144864954664 -0.063835927660901293 0.012451153341723508 -0.039816908484540621 0.04742486732511221 0.041111422922168156 -0.0087543475797080671 0.037813068262058547 -0.057975548670410319 0.056426307921674058 -0.0052849346097764253 -0.036576548151484117 0.039397072273424837 -0.0029044475781767262 0.035686919255642331 0.02728298047752907 -0.056849147333265286 0.0083515064769527289 0.027641346613738151 0.050605244310090836 0.050831166431405977
leaf_weight=592.90569392964244 102.49980303645134 8273.9155378565192 4995.6638362631202 6221.5335851758718 1142.0623465254903 2797.9998432844877 840.83081242442131 194.07503626868129 2085.2962239012122 219.47054102644324 126.43647223711014 78.946734219789505 2386.4839177969843 1770.5657158941031 776.12633129954338 1066.0199696198106 3136.0478667654097 47.456463895738125 1545.4364677462727 304.92200843244791 1567.6717812903225 584.43510240316391 176.51153779402375 733.74097245186567 17.612992402166128 62.789939992129803 3046.1108288653195 6372.1895393393934 31.379305228590965 21.985719308257103 90.596207074820995 1429.6173556223512 18.496284388005733 82.343896962702274 4089.3804557844996 7796.3665353432298 1805.4186006858945 35.7356878221035 81.223857510834932 492.70008264482021 134.24035822600126 536.70185500010848 30.327937394380569 2154.2802866213024 69.724122747778893 341.6882435977459 28.887126609683037 127.50036217644811 176.6269633024931 25.0317662358284 27.978967145085335 554.74318414181471 24.627654049545527 725.21182283014059 52.04071469604969 171.9151970744133 767.94658686220646 28.977644491940737 13.331322252750395 1437.8909892588854 225.98440177738667 261.02684824168682
leaf_count=10186 181 9216 15965 43998 1239 3440 1185 2076 2172 1096 85 222 4859 1901 820 1413 5553 214 1737 813 4656 1338 751 888 288 175 29153 116208 21 94 385 2353 177 243 4259 25882 12894 61 1071 826 1004 16608 96 11017 243 310 30 1518 618 93 24 12370 202 783 98 315 1004 159 24 1838 200 221
internal_value=0.0187242 0.0373802 0.00611754 0.00217003 0.0310354 0.0243421 0.00850351 -0.00595831 0.0292974 0.0106996 -0.0214169 0.0247826 0.0193477 0.039996 0.0152039 0.0131721 0.0109091 0.0201653 0.0398641 0.00574181 0.007946 0.0162565 -0.0242515 0.0215566 0.00346188 0.03347 0.00107787 -0.012046 0.034126 0.0179264 -0.0396054 0.00863501 0.0860072 -0.0558423 0.0447841 0.0067558 0.000427132 0.0272945 0.00938682 0.0295989 -0.00917973 -0.0233197 0.0104067 0.00330855 0.0107931 0.0394706 -0.0137427 0.0167712 0.0503331 0.0541215 0.00223974 -0.0163217 0.016723 0.0347627 0.044135 0.0106978 0.0371118 0.000643357 -0.0672425 0.0234406 0.0323687 0.034598
internal_weight=75157.7 30306.5 44851.2 31268.6 21979.6 12504.1 17575 13693.6 9171.33 3332.8 491.041 7034 5184.48 1849.51 13582.6 12267.4 10975.3 3930.58 9475.42 7044.77 6563.34 2841.76 481.434 3869.79 5375.3 189.226 4887.64 8318.28 1315.29 539.164 146.603 2014.05 36.1093 301.814 6402.76 16473.1 4851.53 487.662 275.299 3072.65 6633.93 1684.35 7998.61 8474.52 2224 392.561 50.8728 261.741 212.363 8326.93 53.0107 1147.65 56.007 827.712 2137.34 7968.28 2313.38 6250.51 60.7878 1930.59 1292 1101.86
internal_count=358869 39182 319687 287348 29849 18946 83116 204232 12692 6254 1599 10422 8299 2123 32339 30477 28864 6679 10903 22185 20621 4655 1564 6441 46338 260 42512 157894 1862 1042 608 3691 465 1339 7000 81710 42047 3826 3147 3903 118730 39164 26293 55417 11260 434 124 2522 679 9333 117 22556 223 964 2270 26197 2741 44157 238 2664 1613 1406
is_linear=0
shrinkage=0.05


Tree=45
num_leaves=63
num_cat=0
split_feature=22 10 22 0 19 18 0 0 3 10 5 5 9 5 4 0 21 22 2 21 2 13 1 8 3 5 9 16 13 24 16 13 16 2 7 1 10 2 7 0 1 19 18 24 1 22 2 2 24 7 19 18 4 1 5 13 16 10 0 18 1 1
split_gain=6533.09 1266.92 591.681 611.75 583.554 265.197 235.702 227.364 209.142 190.939 230.009 195.11 179.899 199.527 178.232 158.648 148.071 139.074 131.443 123.995 128.229 123.479 105.629 101.284 100.861 208.548 100.185 266.66 94.7964 92.6788 88.7939 84.626 84.1083 122.299 82.9872 82.9839 78.7472 100.969 83.0322 74.9994 68.901 67.871 67.4048 79.0173 65.3792 65.0069 64.73 63.6079 62.1667 144.884 73.099 58.4479 56.4721 55.4592 54.5248 48.3718 46.7304 46.1382 44.5308 42.61 41.2041 41.1675
threshold=17.319483757019047 2.7525000572204594 15.832268238067629 3.8649998903274541 1.274009704589844 229.03364562988284 5.3150000572204599 3.5149999856948857 95.500000000000014 4.4049999713897714 78.500000000000014 1232.5000000000002 2.6000002622604375 264.50000000000006 9.5000000000000018 5.5199999809265146 3155296640.0000005 17.617656707763675 10.500000000000002 114851979264.00002 233.50000000000003 -0.29999996721744532 73.415000915527358 5.1949999332427987 27.500000000000004 486.50000000000006 2.4999998807907109 0.39288482069969183 -0.004902295069769024 -0.029600643552839753 0.98117637634277355 -0.022741392254829403 0.87253385782241832 24.500000000000004 4.2249999046325692 74.70999908447267 3.1475000381469731 16.500000000000004 6.4500000476837167 2.7949999570846562 5.5510001182556161 13.539001464843752 16.524444580078129 -6.9690010547637931 63.004999160766609 18.88132476806641 1.5000000000000002 13.500000000000002 -3.1999999284744258 4.3900001049041757 0.28558278083801275 9.5618000030517596 390.50000000000006 27.802000045776371 587.50000000000011 -0.2000000402331352 0.19048371165990832 3.8500000238418584 6.0499999523162851 622.96820068359386 117.17000198364259 4.6649999618530282
decision_type=2 2 2 2 2 2 2 2 2 2 2 2 2 2 2 2 2 2 2 2 2 2 2 2 2 2 2 2 2 2 2 2 2 2 2 2 2 2 2 2 2 2 2 2 2 2 2 2 2 2 2 2 2 2 2 2 2 2 2 2 2 2
left_child=2 32 3 5 7 24 35 19 12 10 36 17 15 29 22 16 21 -12 44 20 47 -4 46 -18 48 34 27 -10 -29 31 -31 -14 56 -34 -26 40 38 -38 -6 59 -5 -13 -37 -44 45 -9 -11 -3 49 -1 -50 -42 -22 58 -30 -21 -2 -20 -8 -7 -24 -41
right_child=1 4 8 6 9 39 53 18 26 14 11 41 13 -15 -16 -17 23 -19 57 55 52 -23 60 -25 25 -27 -28 28 54 30 -32 -33 33 -35 -36 42 37 -39 -40 61 51 -43 43 -45 -46 -47 -48 -49 50 -51 -52 -53 -54 -55 -56 -57 -58 -59 -60 -61 -62 -63
leaf_value=0.0081703787037168078 0 -0.0011611399223969913 -0.022063995654299517 -0.020754155130484651 -0.022415391098854598 -0.017816852816986646 0.026127473905617645 0.032541692409216609 0.051404043082866002 0.0084348579168281312 0.043132153803908814 -0.1319065677521177 -0.012747320469085048 -0.090865346984044151 0.039059320619832673 0.043484952930109205 0.042694784522442936 0.020624319208626091 0.037813000317360207 -0.0064791644230814717 -0.12239478175146262 0.011033977058493682 -0.10161944668661574 0.015788847091448736 0.036353375024084207 -0.056052666081944591 0.044797407491934407 0.030694113256600455 -0.070864600229973471 0.029137503115039556 -0.029171638026430725 -0.1046854513903228 0.041310909554432312 -0.077384240504570892 -0.068212471624947743 -0.031209015502788953 0.0027849035989412352 0.024712745207660935 0.030055262523509509 0.012044461039168742 0.020178879278902495 -0.0059553251397075442 0.081695179046715707 -0.00039030190956195008 0.0023327172967134388 0.04789350300800746 0.030217084957418285 0.024467148021005514 0.030419296028620479 0.1467300297127942 -0.0060706641403086119 0.007086623539287313 -0.018133189119059513 0.010977640228933452 0.025365093794785021 0.041917371273661991 0.054015392904812914 0.051187292853695533 0.049280679494489561 -0.041636112174488989 -0.017946220629148867 -0.016935248934581381
leaf_weight=354.63292805477977 40.084151409566402 316.65124227851629 286.54326950013638 208.81457110121846 390.80217321962118 299.42616627551615 847.88812077045441 2451.4378761574626 196.33818181604147 631.51477780938148 895.11981238797307 24.877262763679028 79.911566779017448 77.828129705041647 2396.2962003722787 407.20498394966125 608.31257456541061 2963.9500149786472 818.5239580180496 54.4655871540308 20.623853862285614 14099.137023709714 18.137756854295731 827.88279250264168 425.83023862168193 78.753667786717415 740.8979055210948 39.993620216846466 103.37909917160869 204.52545309811831 94.692507356405258 35.776814147830009 78.929262451827526 28.789271958172321 18.926314637064934 177.43113936111331 1653.5418028756976 768.81881877034903 92.379330962896347 128.84782091900706 928.52194792404771 18.546300008893013 28.593663174659014 3136.4244301877916 142.80475103855133 972.5896235704422 745.30649245530367 1021.2343299984932 139.07328558713198 18.946337647736073 6756.6932898052037 10410.369190696627 33.936897130683064 444.11017186939716 16.534091755747795 861.27666018903255 8042.582457177341 3410.146216057241 278.31293925642967 517.74895484186709 67.430555790662766 2210.1225718464702
leaf_count=4727 84 582 983 2052 1238 7409 1257 3040 181 1105 918 132 224 413 2748 406 601 4909 972 105 99 35673 80 1305 1229 852 773 51 506 369 273 179 144 120 102 1394 3106 1025 147 3753 3413 46 186 29496 246 989 917 1399 644 65 96109 54586 334 1064 23 946 9365 3626 234 16641 192 53435
internal_value=0.0179647 0.0365064 0.00609136 0.00147997 0.0299362 -0.00767823 0.00757213 0.0385488 0.0131839 0.0217749 0.0167326 0.0246617 0.0117945 -0.0179391 0.0306632 0.0126986 0.0119032 0.0258562 0.0426328 0.0247412 0.0153197 0.0103729 0.0168845 0.0272103 -0.00272436 0.0184498 0.0343264 0.012471 -0.0353233 -0.004062 0.0106322 -0.0418757 0.0531619 0.009122 0.0317494 0.00562771 0.00607637 0.00975384 -0.0123319 -0.0199035 0.0076358 -0.0795701 -0.00130869 0.000375272 0.0355343 0.0369165 0.0202431 0.0184014 -0.00425226 0.0155838 -0.00532971 0.00816085 -0.0591274 0.0259912 -0.0574547 0.0390295 0.053747 0.0486092 0.0318923 -0.0329469 -0.036709 -0.0153322
internal_weight=74189.2 28960.8 45228.4 27409.5 20770.4 10949 16460.5 10103.7 17819 10666.7 6808.04 3902.49 16721.8 492.734 3858.69 16229.1 15821.9 3859.07 7795.5 2308.19 1392.45 14385.7 1462.39 1436.2 7792.86 523.51 1097.14 356.245 159.907 414.906 299.218 115.688 8190.39 107.719 444.757 14890.2 2905.54 2422.36 483.182 3156.15 11547.7 43.4236 3342.45 3165.02 3566.83 3424.03 1376.82 1337.89 7269.35 373.579 6895.77 11338.9 54.5608 1570.31 119.913 915.742 8082.67 4228.67 1126.2 817.175 85.5683 2338.97
internal_count=359222 38614 320608 278648 28901 184966 93682 12338 41960 16563 11521 6005 40426 1458 5042 38968 38562 5827 8873 3465 2414 36656 2294 1906 103728 2183 1534 761 580 1045 642 403 9713 264 1331 91127 5516 4131 1385 81238 60051 178 31076 29682 4275 4029 2022 1981 101545 4792 96753 57999 433 2555 529 1051 9449 4598 1491 24050 272 57188
is_linear=0
shrinkage=0.05


Tree=46
num_leaves=63
num_cat=0
split_feature=22 10 6 0 10 2 2 18 0 22 12 15 15 1 3 12 15 15 3 8 8 7 21 12 1 17 16 15 1 1 0 16 1 15 17 2 18 1 6 1 16 16 2 9 16 12 12 0 16 9 2 1 1 2 15 18 16 18 0 16 18 9
split_gain=6186.33 1275.05 552.279 558.559 519.946 465.13 320.385 313.121 255.465 251.32 714.712 533.028 284.87 196.18 188.008 186.824 315.509 335.458 171.599 163.081 175.753 159.973 139.297 136.723 135.031 151.892 142.947 136.967 122.686 118.927 110.065 103.371 101.737 99.6637 96.8499 95.0513 91.1335 89.2557 85.6307 102.803 85.3355 84.4397 110.323 81.8875 240.488 91.3886 81.8335 75.49 75.4501 73.0307 71.5596 68.2032 64.9407 59.4304 57.4816 56.271 71.3976 54.2026 52.0051 48.2935 55.4928 46.5236
threshold=17.319483757019047 2.7525000572204594 1.5000000000000002 3.8449999094009404 3.8000000715255742 11.500000000000002 34.500000000000007 39.835540771484382 5.3150000572204599 18.429264068603519 1.9781917929649355 123.50000000000001 31.500000000000004 70.001998901367202 95.500000000000014 1.7504449486732485 12.500000000000002 9.5000000000000018 490.50000000000006 5.3200001716613778 5.4200000762939462 4.8949999809265146 200883372032.00003 2.3993241786956792 5.0009999275207528 2.1012820005416875 0.59990844130516063 42.500000000000007 0.9350000023841859 15.582000255584719 5.2049999237060556 0.74971264600753795 74.70999908447267 40.500000000000007 5.0108695030212411 2.5000000000000004 859.49902343750011 387.09999084472662 22.500000000000004 11.402499675750734 0.47037328779697424 0.87253385782241832 24.500000000000004 2.4999998807907109 0.39288482069969183 1.4484025835990908 1.7728884816169741 2.7949999570846562 0.1846335977315903 1.6999999284744265 21.500000000000004 27.802000045776371 3.4415000677108769 4.5000000000000009 5.5000000000000009 36.247600555419929 0.12503705173730853 670.03222656250011 5.9500000476837167 0.85608786344528209 3.8138769865036015 2.2000001668930058
decision_type=2 2 2 2 2 2 2 2 2 2 2 2 2 2 2 2 2 2 2 2 2 2 2 2 2 2 2 2 2 2 2 2 2 2 2 2 2 2 2 2 2 2 2 2 2 2 2 2 2 2 2 2 2 2 2 2 2 2 2 2 2 2
left_child=2 41 3 7 6 13 19 28 32 10 12 -12 -8 21 15 24 17 29 23 38 50 49 -22 -11 27 30 -27 48 54 -17 -26 -18 55 -33 46 -23 57 53 -3 -40 -29 -2 -43 44 -16 -46 -30 -38 -4 -6 -21 58 -49 -15 -1 61 -57 -9 -10 60 -34 -5
right_child=1 4 14 8 5 -7 9 36 51 18 11 -13 -14 37 43 16 31 -19 -20 20 22 35 -24 -25 25 26 -28 40 34 -31 -32 33 59 -35 -36 -37 47 -39 39 -41 -42 42 -44 -45 45 -47 -48 52 -50 -51 -52 -53 -54 -55 -56 56 -58 -59 -60 -61 -62 -63
leaf_value=-0.015215806029614688 0.0534005804098601 0.047767377889729366 0.02160847673739822 0.014289937824965564 0.021038378712196305 0.048250178072182008 0.043409140689805135 -0.011359654119528042 0.024784620420648509 0.038886191501618324 -0.10509757090319499 0.019778081467433595 -0.028739111777921468 -0.022017902570011183 0.051199759973965288 -0.048594377057322009 -0.067717835831021297 0.058322966716468388 -0.058388694332134186 -0.11449793311569466 0.00071704052007396789 0.023976086246827375 0.032327251817451018 -0.019312208246895557 0.011533956145501413 -0.0037113739522542447 0.033237955536130424 0.036582510565641012 -0.0020338232208996798 0.036331224849772074 0.038747835339536116 -0.058984280794280725 -0.050468279902669312 0.043204203995779122 0.028968143786969925 0.036325724555723159 -0.041516900043783743 0.016274004298012141 -0.089338794661856624 0.030676833005855237 -0.046738611576383537 0.039445552269968494 -0.073006083350210901 0.04393714356129149 0.03510740337137342 -0.055881604179576785 0.036488464349009174 0.031921985547745939 -0.023243104597372933 -0.01157649223352194 0.012290699528712014 0.0095437000829863058 -0.020473960628152627 -0.10315654136827135 0.055428113392424108 0.0074968414031687212 -0.0044845155521776488 0.031714766026735237 0.046639445969726634 -0.024555456132454714 0.00041794187087437328 -0.055290028978610906
leaf_weight=35.148710213601589 7737.1375541388988 335.44491428136826 111.05523140728474 2902.8457394689322 395.23194959759712 4507.3328432068229 818.04844016581774 4098.4673213940114 902.10808165371418 2996.852247428149 199.54793185740709 148.32597361505032 163.43764683790505 138.20482915639877 188.99482496082783 168.53705007582903 225.23337929695845 226.00411523878574 47.04780082963407 42.804040268063545 2531.4037709124386 2392.6474321186543 403.2417019456625 103.74537702649832 8668.9499489478767 307.05865734070539 1756.7163240239024 237.59335054457188 5727.8707086183131 53.588824316859245 387.60115557163954 44.284738659858704 53.454138126224279 49.422010064125061 279.4899791739881 4535.7662209495902 464.918177543208 165.73646396398544 26.111304238438606 51.196487694978714 34.350684687495232 78.584882378578186 29.043142639100552 717.17451388388872 35.704134698957205 111.79179256409407 140.25522756949067 61.355900920927525 575.2575980015099 301.7450490668416 14.584482461214064 490.90374480187893 1164.0590455215424 26.283771626651287 147.18204474449158 9269.762461848557 1434.77424364537 73.36155492067337 394.25967282056808 219.52450393140316 3318.3469648137689 23.235067158937454
leaf_count=353 9449 314 342 9283 589 5008 813 76368 1337 3468 819 208 414 354 178 690 982 176 742 184 5259 3275 504 322 22844 858 2309 351 59262 97 426 166 382 50 786 5460 15641 270 91 60 115 144 120 768 108 424 351 1965 2121 627 22 1152 32091 98 163 47504 7063 1840 350 1618 30008 86
internal_value=0.0172882 0.0356621 0.00580319 0.00210993 0.0290558 0.0354133 0.0189992 -0.00624288 0.00746756 0.0277895 0.00954605 -0.0519349 0.0313729 0.0281347 0.0140928 0.0124247 -0.0114877 0.0155507 0.0354872 0.00743445 0.00336279 0.0297687 0.00507175 0.0369317 0.0139445 0.0154964 0.0277389 -0.00405686 0.00146761 -0.0280123 0.0127034 -0.0494239 0.00559907 -0.005149 0.000264767 0.0320657 -0.0145683 -0.00955854 0.0368583 -0.0104187 0.0259068 0.0527886 0.00866201 0.0343927 0.0139657 -0.0337343 -0.00110618 -0.0243632 -0.0159573 0.00691477 -0.0825321 0.0254561 -0.0178226 -0.0355583 0.0417738 0.00757163 0.00589019 -0.0105936 0.0314659 -0.00188624 -0.000402014 0.013717
internal_weight=73290.1 28189.5 45100.6 31201.3 20344.7 12462.9 7881.79 12192.1 19009.2 4477.01 1329.36 347.874 981.486 7955.62 13899.3 12845.7 767.07 448.13 3147.65 3404.79 2992.03 7625.39 2934.65 3100.6 12078.6 11120.3 2063.77 958.257 6329.95 222.126 9056.55 318.94 17221.9 93.7067 6147.62 6928.41 5862.16 330.225 412.753 77.3078 271.944 7844.77 107.628 1053.67 336.491 147.496 5868.13 1690.33 686.313 696.977 57.3885 1787.27 1225.41 164.489 182.331 13630.6 10704.5 4171.83 1296.37 3591.33 3371.8 2926.08
internal_count=359222 38614 320608 287603 28901 15681 13220 188820 98783 6786 2254 1027 1227 10673 33005 31527 2161 963 4532 6434 5969 9951 5763 3790 29366 26437 3167 2929 60915 787 23270 1198 95944 216 60399 8735 127905 722 465 151 466 9713 264 1478 710 532 59613 49697 2463 1216 206 2839 34056 452 516 63936 54567 78208 1687 32008 30390 9369
is_linear=0
shrinkage=0.05


Tree=47
num_leaves=63
num_cat=0
split_feature=22 4 6 0 6 4 2 18 17 6 9 8 0 0 8 0 16 23 8 9 18 2 18 12 15 2 17 1 12 15 11 8 2 8 14 2 4 18 11 1 12 9 9 1 18 23 0 22 4 1 0 2 0 1 17 12 4 18 17 22 15 23
split_gain=5856.46 1086.42 506.851 569.884 356.357 644.105 1106.69 257.296 245.266 303.562 262.134 241.279 288.338 225.591 207.242 204.426 173.134 241.994 194.366 163.053 147.086 147.027 141.708 138.707 132.665 132.306 120.636 121.682 120.522 178.457 128.914 124.371 118.922 118.568 105.08 103.529 99.5002 98.1059 89.6327 88.724 83.3943 98.6384 81.522 77.1255 69.5303 64.8485 62.322 60.528 56.1348 86.1932 65.3314 54.7678 54.6703 51.9383 49.9666 60.6973 47.5115 44.97 44.4021 41.2513 40.5571 40.4865
threshold=17.319483757019047 1026.5000000000002 2.5000000000000004 4.2950000762939462 6.5000000000000009 866.00000000000011 155.50000000000003 9.1812973022460955 1.1696081757545473 32.500000000000007 4.0500001907348642 5.4900000095367441 3.4150000810623173 5.5199999809265146 6.8500001430511483 2.995000004768372 0.97156059741973888 7.2032797336578378 4.2449998855590829 2.7599999904632573 0.31303609907627111 33.500000000000007 0.063638195395469679 1.495974659919739 32.500000000000007 90.500000000000014 5.5058138370513925 0.9350000023841859 1.6155918240547182 13.500000000000002 5.5000000000000009 4.7599999904632577 2.5000000000000004 5.0699999332427987 3.5000000000000004 287.50000000000006 87.500000000000014 859.49902343750011 6.5000000000000009 23.005000114440922 1.884057939052582 1.3949998617172243 2.4999998807907109 128.30500030517581 3.8138769865036015 1775841537163264.2 4.5950000286102304 16.206096649169925 19.500000000000004 20.404999732971195 3.5949999094009404 11.500000000000002 3.5649999380111699 27.802000045776371 0.75109329819679271 1.6391165852546694 13.500000000000002 1.6022083163261416 8.0047168731689471 17.082131385803226 11.500000000000002 1.0000497102737429
decision_type=2 2 2 2 2 2 2 2 2 2 2 2 2 2 2 2 2 2 2 2 2 2 2 2 2 2 2 2 2 2 2 2 2 2 2 2 2 2 2 2 2 2 2 2 2 2 2 2 2 2 2 2 2 2 2 2 2 2 2 2 2 2
left_child=2 4 3 7 5 11 -7 26 9 10 25 40 22 43 -12 37 17 18 23 21 -14 -20 -13 -4 32 -6 27 61 29 31 -30 -19 56 42 -26 46 -29 39 -32 -9 41 -2 -11 57 -36 -28 51 -31 50 -50 -17 -10 -35 -15 55 -34 -18 59 -37 -5 -58 -1
right_child=1 -3 16 13 8 6 -8 15 35 33 14 12 20 53 -16 48 24 28 19 -21 -22 -23 -24 -25 34 -27 45 36 30 47 38 -33 54 52 44 58 -38 -39 -40 -41 -42 -43 -44 -45 -46 -47 -48 -49 49 -51 -52 -53 -54 -55 -56 -57 60 -59 -60 -61 -62 -63
leaf_value=0.060721201050066821 0.034867856329459594 0.054217781843044759 -0.038750939234409448 0.018578450620050559 0.020336959668080617 -0.51430766305281117 0.049302946985874646 -0.023149014630063459 0.025919147368686848 0.012606145770625792 -0.076609838732260224 0.022400392293727991 0.034862016017403845 0.035617654637458779 0.0040322609685257693 -0.0098090434391715237 0.010795140394623861 -0.050518563898856499 0.015017669371723906 -0.07758879850581131 0.01454283684575379 0.041701139884370228 -0.014841216699049318 0.077554122101021639 0.023118330364827678 0.043224145305678321 0.036815309060384514 0.003288818975085258 -0.069619161181878775 0.078424525846428672 0.021927906070085299 -0.0004797452519843963 0.012385594269988108 0.029841852347485511 -0.081975591716805754 0.031029215259498689 -0.021840524154801665 -0.035836793510605633 -0.066543879787275481 -0.0029319697139078603 0.055288371435938378 -0.056200879703400299 -0.095568117746347159 -0.0025577703428864844 0.035392392934591829 -0.0091155662797873932 0.048548927516850922 0.018225768485450444 -0.005802985782613429 0.082829514247366356 -0.0010083234514830417 0.040207756383466076 0.044898607036532513 0.013868596303994183 0.035157236121530704 0.042125134439363311 -0.070500716352730766 0.007837000602571368 -0.073178616756995538 -0.022983443253267379 0.013006531150916156 0.0063058583956057783
leaf_weight=116.41865512356162 145.43713595718145 5728.0964346025139 239.29990789294243 1478.2788841947913 4307.4206583574414 14.290134899318216 19.841008804738522 1227.0705817975104 803.33712185174227 58.074230916798115 109.88647999614477 354.20669809356332 1573.750662215054 926.80370680987835 282.31544771790504 3512.2395582348108 543.38118310272694 159.6748615168035 4434.3278917893767 43.900939047336578 2059.1471598930657 584.15994779020548 908.15900353714824 27.736835516989231 70.063867129385471 740.97551736980677 407.02404009923339 5241.3238803707063 151.53953339904547 74.886076897382736 100.42786106467247 547.69336105138063 624.06622119247913 810.84705504588783 65.747327551245689 15.093945581465958 424.89584476128221 689.38192045502365 38.881268508732319 974.07545810006559 593.6350062713027 36.32902953773737 23.72991880774498 1658.5673815310001 14.889765486121176 94.047850996255875 1952.2145561128855 95.275001615285873 65.644192077219486 45.855261988937855 5279.2354932762682 4379.7960190102458 2488.1753132045269 393.72371235489845 1934.6487119868398 236.8350587785244 34.28649540245533 12266.349029116333 27.678091605193913 61.285944476723671 24.121287390589714 48.876893006265163
leaf_count=182 173 7382 2317 2530 6401 174 26 22367 1150 93 366 534 1891 1053 623 67164 969 645 9166 224 3411 685 2547 43 112 861 903 38438 576 52 145 1052 1033 1288 281 116 2328 23073 166 17708 691 112 89 12275 19 223 2229 155 545 163 61795 5320 2764 782 2275 266 137 48381 373 134 46 200
internal_value=0.016641 0.0348467 0.00553142 0.00268316 0.0297319 0.0189949 -0.194452 -0.00346395 0.0335585 0.0279654 0.0206454 0.0203146 0.0162018 0.00932152 -0.0186866 -0.00782907 0.0154279 0.0105734 0.0150913 0.0172861 0.0233535 0.0181324 -0.00437819 -0.0264075 0.0243114 0.0237051 0.00466461 0.00263841 -0.0100256 -0.00076182 -0.0378601 -0.0118375 0.0263492 0.0397341 -0.0214659 0.0404265 0.00140003 -0.0193803 -0.00302727 -0.01421 0.0462189 0.016431 -0.0194881 0.00762605 -0.0600741 0.0281834 0.0408929 0.0450512 -0.00407643 0.0310158 -0.00452554 0.0379995 0.0412096 0.0291522 0.0306888 0.0206122 0.00616416 0.00884994 -0.0364214 0.0169069 -0.0362912 0.0447957
internal_weight=72389.4 27432.4 44956.9 34911.1 21704.3 5704.8 34.1311 18126.1 15999.5 8821.42 5440.6 5670.66 4895.26 16785 392.202 11793.5 10045.8 6497.8 5329.43 5062.39 3632.9 5018.49 1262.37 267.037 3548.04 5048.4 6332.59 5831.52 1168.38 877.529 290.849 707.368 3397.34 3380.83 150.701 7178.12 5666.22 2890.53 139.309 2201.15 775.401 181.766 81.8041 15464.5 80.6371 501.072 7135.35 170.161 8902.97 111.499 8791.48 5183.13 3299.02 1320.53 2795.55 860.901 601.789 13805.9 42.772 1539.56 58.4078 165.296
internal_count=359222 38614 320608 300244 31232 9559 200 235089 21673 12485 8251 9359 8383 65155 989 192815 20364 15226 12435 10075 5302 9851 3081 2360 5138 7262 42274 41148 2791 1904 887 1697 4726 4234 412 9188 40766 63148 311 40075 976 285 182 63320 300 1126 8699 207 129667 708 128959 6470 4052 1835 3574 1299 1152 51045 489 2664 183 382
is_linear=0
shrinkage=0.05


Tree=48
num_leaves=63
num_cat=0
split_feature=22 20 0 6 0 2 18 2 0 16 4 16 4 5 16 24 4 24 21 14 5 23 20 5 23 17 24 17 0 4 7 5 11 8 20 5 18 23 5 5 2 18 16 23 7 0 0 23 22 5 18 23 5 16 13 6 7 23 8 6 2 7
split_gain=5529.27 1309.65 473.716 463.301 518.777 351.143 283.074 275.302 247.991 225.673 220.147 204.986 212.9 166.863 229.788 164.018 259.576 189.998 135.391 180.725 130.543 129.008 107.314 104.84 98.7256 106.008 101.827 95.1673 93.6185 92.1921 85.6029 186.214 81.9808 76.3127 76.296 81.0425 69.7781 87.3208 123.157 86.4823 64.6773 64.0736 63.0773 61.864 77.1542 60.8424 56.919 56.747 124.185 62.7878 47.9519 45.6789 49.5294 46.2437 43.4593 41.5327 39.3316 38.7321 38.2992 37.6463 199.567 36.322
threshold=17.319483757019047 1.0815762281417849 3.8249999284744267 2.5000000000000004 3.6950000524520878 5.5000000000000009 6.539701223373414 63.500000000000007 5.3150000572204599 0.54774570465087902 554.50000000000011 0.9962335228919984 306.50000000000006 834.50000000000011 0.97156059741973888 -0.0065307195764034978 42.500000000000007 0.00027313784812577074 200883372032.00003 4.5000000000000009 1.0000000180025095e-35 0.00095459495787508797 0.22223646193742755 87.500000000000014 14971078099075074 5.5058138370513925 -0.027363264001905915 1.059228301048279 4.6949999332427987 162.50000000000003 4.8949999809265146 984.50000000000011 6.5000000000000009 5.1099998950958261 0.78725951910018932 154.50000000000003 38.50263977050782 0.059376535937190063 2.5000000000000004 8.5000000000000018 17.500000000000004 1.2600731849670412 0.47757886350154882 0.9386553466320039 4.8949999809265146 6.4500000476837167 2.7949999570846562 0.099801037460565581 14.650017738342287 8.5000000000000018 30.906991958618168 86.142211914062514 333.50000000000006 0.19048371165990832 -0.00060765820671804238 59.500000000000007 7.1499998569488534 0.00049369668704457592 4.9949998855590829 8.5000000000000018 37.500000000000007 5.1099998950958261
decision_type=2 2 2 2 2 2 2 2 2 2 2 2 2 2 2 2 2 2 2 2 2 2 2 2 2 2 2 2 2 2 2 2 2 2 2 2 2 2 2 2 2 2 2 2 2 2 2 2 2 2 2 2 2 2 2 2 2 2 2 2 2 2
left_child=3 2 7 4 6 28 24 10 36 42 18 61 -13 14 15 16 23 33 19 -2 46 -18 40 -5 25 32 -27 34 43 -19 -15 -32 -1 -17 35 -16 57 38 -38 -39 -7 -24 -9 -4 -45 -10 -8 48 -22 -49 -30 53 -53 -3 -33 -43 -20 -6 -36 60 -29 -11
right_child=1 51 5 13 8 22 20 9 45 11 -12 12 -14 30 27 17 21 29 56 -21 47 -23 41 -25 -26 26 -28 59 50 -31 31 54 -34 -35 58 -37 37 39 -40 -41 -42 55 -44 44 -46 -47 -48 49 -50 -51 -52 52 -54 -55 -56 -57 -58 -59 -60 -61 -62 -63
leaf_value=0.00041188894463906034 0.0010039208091653289 -0.0015489027856394483 0.035539688653103002 -5.8805250678007219e-05 0.045828522697918754 0.040054864740242641 -0.040638315468777435 -0.0071379679020919231 0.020809203433973411 0.01925300108988607 -0.080521858238635419 0.02708370530414584 -0.026644835003688035 0.050340532609131398 0.011988107130567529 0.032470464684737944 0.033807444270618207 0.0075727527931101438 0.035805790388496378 0.022337913872002398 -0.0090826551561945159 -0.045032988615227615 0.03569106166095435 0.033125243836040791 -0.037009208493348621 -0.0068892436265301149 0.045979558046181333 0.03076264387157146 0.034305237538898421 -0.035618779385843846 0.050422244972196321 -0.043690130370763636 0.024997222522823756 -0.010016796263320416 0.01323139580523105 -0.062262081147827192 0.0031830882121774966 -0.0010270626939612756 0.016483566369712262 -0.027494725730118803 0.051703513715957265 0.0057932203647967076 -0.13989896358063053 -0.0057001682168691652 0.018716169162984263 0.047426078239262509 -0.01888918171023304 -0.0072564309161284261 0.015547907659460972 -0.022412963250383375 0.007360949750890855 -0.044776262792759432 0.055223880059493149 0.053407548258067865 -0.17496388926614784 0.049048188747213194 0.00092614089864690406 0.0096756305008467228 0.050404998338991404 0.042644547241384764 -0.070271505913380064 0.047568170987786984
leaf_weight=3778.0466635487974 2724.2827181629837 38.260923594236374 433.37116967141628 1376.052577342838 74.239018209278584 2850.1544508785009 432.312479570508 14.639436006546019 1648.3417405337095 126.48759204149246 63.77477653324604 1044.1478468701243 222.93783437088132 451.93128558248281 1368.9304907396436 1210.2983800061047 58.116684570908546 2326.2231308706105 672.6808080971241 1561.3466305546463 2510.1056406795979 433.30286632478237 1544.1389368474483 286.72225596755743 142.98734569549561 133.47425225749612 283.11728999018669 1207.513535477221 1881.1802672818303 129.46001232042909 48.768610507249832 13.445159569382669 371.56723852828145 115.14809060841799 107.80954979360104 36.763050511479378 10472.182088889182 2284.8664303794503 2087.0148818716407 355.93092143535614 2100.7250319495797 330.74576199054718 22.822137802839279 379.02359070628881 2182.0028999000788 247.38696061074734 1003.5780265759677 1571.2692377343774 641.68100013583899 1212.0462906882167 182.22217784821987 24.506257832050323 23.056047722697258 6818.5463348701596 12.850038364529608 65.876607798039913 92.238801665604115 5594.4911445491016 199.82038917392492 532.89413168281317 49.983069069683552 1332.1068992167711
leaf_count=29141 5685 82 500 3909 179 3599 15641 29 2774 189 321 1435 1209 449 2352 1689 79 5928 822 2247 49087 1729 1959 631 455 470 476 1510 2286 405 60 38 1033 241 208 122 71687 13271 10263 3311 2437 568 102 803 3243 223 29611 28366 3692 18280 312 81 21 9049 68 62 173 22284 194 551 201 1400
internal_value=0.0160088 0.0340056 0.0274717 0.00527242 0.00255309 0.0337477 -0.00582136 0.0179478 0.00699736 0.0306635 0.0110722 0.0323517 0.0176129 0.0147784 0.0132458 0.00724862 -0.00376044 0.0135214 0.0122455 0.00878092 -0.0119387 -0.0356492 0.0410929 0.00567678 0.00375314 0.0050385 0.0290527 0.0233987 0.0237321 0.00528015 0.0421422 -0.00716402 0.00262002 0.0287708 0.0149556 0.00999981 0.00542348 0.0036569 0.00539482 -0.00460537 0.045008 0.031085 -0.0896824 0.0180706 0.0150999 0.0243084 -0.0254645 -0.00866178 -0.00406312 -0.0138641 0.0319329 0.0527612 0.00373527 0.0531 -0.112084 0.0130955 0.031613 0.010158 0.0374787 0.0314628 0.0266901 0.045131
internal_weight=71541.9 26731.3 19826.9 44810.7 34844.6 11949.4 12080.2 7877.47 22764.5 2763.14 5114.32 2725.68 1267.09 9966.03 9439.04 5935.32 2154.19 3781.13 5050.55 4285.63 7370.99 491.42 6891.64 1662.77 4709.19 4566.21 416.592 3503.71 5057.8 2455.68 526.995 75.0638 4149.61 1325.45 1713.32 1405.69 20868.7 15200 12559.2 2640.8 4950.88 1940.76 37.4616 2994.4 2561.03 1895.73 1435.89 5935.1 3151.79 2783.32 2063.4 6904.37 47.5623 6856.81 26.2952 396.622 764.92 5668.73 307.63 1790.39 1257.5 1458.59
internal_count=359222 38614 29381 320608 300244 15769 176252 13612 123992 4364 9248 4233 2644 20364 19749 14611 6348 8263 8927 7932 144677 1808 8625 4540 31575 31120 946 5138 7144 6333 615 166 30174 1930 2876 2474 120995 98532 81950 16582 6036 2589 131 4546 4046 2997 45252 99425 52779 46646 2598 9233 102 9131 106 630 995 22463 402 2262 1711 1589
is_linear=0
shrinkage=0.05


Tree=49
num_leaves=63
num_cat=0
split_feature=6 5 19 0 15 2 0 6 7 0 12 12 12 19 16 1 16 1 7 0 7 8 15 16 21 8 1 5 5 16 7 13 1 16 21 12 0 11 21 8 5 16 21 17 7 6 1 16 15 13 19 21 16 8 2 1 12 2 7 8 1 1
split_gain=4894.52 1408.28 625.152 502.783 293.418 259.921 252.751 228.527 228.041 227.157 211.673 234.665 221.232 176.983 164.681 155.294 131.82 131.493 128.497 125.803 123.777 139.982 148.293 121.462 113.494 107.793 105.1 252.439 104.529 97.5498 254.728 130.478 96.6839 88.1788 181.887 86.251 83.3071 119.492 82.1715 76.1121 66.0889 71.5273 63.9944 62.9164 61.2949 60.4821 84.9244 59.4952 220.171 57.6744 110.334 64.4664 55.1582 53.4392 56.1212 51.8658 51.3085 51.0862 62.1201 50.4865 44.8431 41.5893
threshold=3.5000000000000004 1460.0000000000002 1.8264722228050234 4.2950000762939462 9.5000000000000018 80.500000000000014 2.7949999570846562 34.500000000000007 5.5050001144409189 5.7099997997283944 2.0629960298538212 1.8575331568717959 2.1002959012985234 1.5875423550605776 0.34052124619483953 1.9959999918937685 0.99965035915374767 39.004999160766609 4.5850000381469735 3.7949999570846562 5.3200001716613778 4.3900001049041757 101.50000000000001 0.37507842481136328 0.47159077227115637 3.5749999284744267 22.005000114440922 45.500000000000007 1.0000000180025095e-35 0.19048371165990832 4.9949998855590829 2.1315670892363418e-05 128.30500030517581 0.9962335228919984 114851979264.00002 2.37049412727356 4.1949999332427987 5.5000000000000009 0.15630067139863971 4.8949999809265146 1.5000000000000002 0.047656901180744178 35715659776.000008 1.0020408034324648 3.5049999952316289 22.500000000000004 61.004999160766609 0.9974651336669923 24.500000000000004 -0.050000060349702828 94.619487762451186 2.8998295068740849 0.72749775648117077 5.4900000095367441 5.5000000000000009 27.001500129699711 1.8312438726425173 12.500000000000002 3.0949999094009404 5.1949999332427987 142.01249694824222 13.004000186920168
decision_type=2 2 2 2 2 2 2 2 2 2 2 2 2 2 2 2 2 2 2 2 2 2 2 2 2 2 2 2 2 2 2 2 2 2 2 2 2 2 2 2 2 2 2 2 2 2 2 2 2 2 2 2 2 2 2 2 2 2 2 2 2 2
left_child=3 2 8 4 6 7 28 10 16 13 11 -4 -12 42 26 57 36 24 38 33 21 25 -23 -19 -16 -17 44 -28 -1 30 -3 -32 40 52 -35 47 37 -2 -9 60 61 -42 -5 -37 -8 46 -21 56 -49 51 -51 -30 -10 54 -18 -11 -7 58 -6 -20 -34 -15
right_child=1 29 5 9 15 35 14 18 19 55 12 -13 -14 32 17 20 53 23 59 45 -22 22 -24 -25 -26 -27 27 -29 49 -31 31 -33 39 34 -36 43 -38 -39 -40 -41 41 -43 -44 -45 -46 -47 -48 48 -50 50 -52 -53 -54 -55 -56 -57 -58 -59 -60 -61 -62 -63
leaf_value=-0.040156252056426131 -0.010652972493570006 0.052899741253538815 0.011598376974784623 0.016663819080751301 0.089300638761049711 0.0053356449658921966 -0.0074666658935485719 0.04004613197316343 -0.019173446131534322 0.040283684525403547 -0.08431711887414764 0.034711837319383994 -0.002448110058044935 0.0077853255320297762 -0.0043107139017560933 0.022971029017676753 0.020703791784318647 0.051312584063051794 -0.010875653167602107 0.040307966654275849 -0.081683844665633595 0.027000583545207242 -0.062612712367376006 -0.013890090155352808 0.013975150910521926 -0.010274442252858068 -0.0029517065345777676 0.045355165223567834 0.03061001235626289 0.052949128505069547 -0.022876659673593529 -0.21720275192820512 -0.026823310948180426 -0.0018064296453816531 0.037914003257228684 -0.068468879933044471 0.026263739766412837 0.023749006266989805 -0.068114569966728808 -0.053439004053194565 0.021095725291417143 0.0084189014468661182 0.036555522673817918 0.043842853706788823 -0.02128663151319898 0.050214335493116914 -0.016527886282459676 0.03614749944863186 -0.065807618621020761 -0.038428373040927263 -0.010771569639023761 -0.0094196554568757775 0.042432194513182281 0.016206669622128606 0.042128945293271089 0.015983579860021073 0.047920421296863608 0.051909558885302236 -0.023913074568619033 0.03742292886435921 0.00034015444706237704 0.00056271675994089049
leaf_weight=416.05298732221127 550.05857883021235 89.72130112349987 8147.0930790416896 2136.845535852015 14.898540195077656 76.509751670062542 3382.5612035896629 26.051560252904892 37.046316720545292 702.02268742024899 91.978522792458534 1269.1035138070583 735.45407565683126 5410.7006350755692 1127.9651455879211 333.97197036072612 407.01525444537401 75.542898844927549 55.528149887919426 2474.576682806015 36.033573992550373 1077.5010190494359 47.271152034401894 1067.0208978913724 3415.2220449671149 894.85960889235139 4697.9134660698473 285.95994187146425 142.15048092231154 5952.3362187165767 21.229815408587456 13.963703274726866 167.99335628002882 521.70384047459811 642.0963157787919 32.41996368765831 859.90268243104219 464.67921108752489 49.484456077218056 75.42394956946373 1591.8304206356406 3709.4193856790662 500.03496132045984 18.981180438771844 1052.7187667116523 2200.1872533783317 66.88215085119009 451.61637533828616 59.010281624272466 458.2217089869082 1691.1725850403309 337.08025699481368 1000.1653337404132 383.26182591356337 1279.6111280620098 323.33246476948261 1031.1599798500538 311.75244038552046 49.903569851070642 1517.5274896994233 1502.0267838053405 3157.8796984925866
leaf_count=15641 1332 82 15562 3382 27 150 55092 29 80 717 357 1703 1621 18716 12954 1845 576 817 110 3169 168 2430 188 11973 16395 5785 71907 1197 1198 8269 51 84 1363 1334 788 245 1209 711 204 299 4733 9397 590 21 10137 2647 148 564 322 2573 30180 1468 1158 630 1440 565 1196 328 275 1816 10947 18327
internal_value=0.0153969 0.0304902 0.0251337 0.0039331 -0.00143544 0.0179671 -0.00374781 0.0153703 0.034058 0.0097579 0.0125866 0.0147175 -0.0116456 0.00846996 -0.00109795 0.0137306 0.024443 0.00562066 0.032646 0.0395159 0.00901555 0.0104404 0.0231777 -0.00953361 0.00943416 -0.00122359 -0.00515424 -0.000170455 -0.0168877 0.0520313 0.00818356 -0.103988 0.00644541 0.0296026 0.0201177 0.0364397 0.0148214 0.00510369 -0.0307099 -0.00464127 0.0078412 0.0122296 0.0204502 -0.0268543 -0.010752 0.0441093 0.0388044 0.0384685 0.0242497 -0.0131891 -0.0166851 0.00248264 0.0402106 0.0331432 0.0369769 0.0326489 0.044991 0.0435363 0.00300126 0.035709 -0.00240374 0.00512445
internal_weight=70719.6 30526.4 24449.1 40193.3 20915.8 13561.9 18149.6 11892.2 10887.2 19277.5 10243.6 9416.2 827.433 18252.2 15104.9 2766.19 3944.53 5685.75 1648.59 6942.66 2389.64 2353.6 1124.77 1142.56 4543.19 1228.83 9419.15 4983.87 3044.68 6077.25 124.915 35.1935 15615.3 2201.01 1163.8 1669.7 1874.64 1014.74 75.536 1745.44 13869.8 5301.25 2636.88 51.4011 4435.28 4741.65 2541.46 1618.3 510.627 2628.63 2149.39 479.231 1037.21 2069.89 1686.63 1025.36 1107.67 376.555 64.8021 1573.06 1670.02 8568.58
internal_count=359222 47608 39122 311614 242578 23900 231532 21402 15222 69036 19243 17265 1978 67754 180472 11046 5898 42139 2159 9324 10416 10248 2618 12790 29349 7630 138333 73104 51060 8486 217 135 63782 3360 2122 2498 3252 2043 233 12609 51173 14130 3972 266 65229 5964 3317 2232 886 35419 32753 2666 1238 2646 2016 1282 1346 630 302 1926 12310 37043
is_linear=0
shrinkage=0.05


Tree=50
num_leaves=63
num_cat=0
split_feature=22 10 19 0 2 0 16 10 11 16 2 12 8 12 3 1 3 0 3 2 1 1 12 15 14 21 19 12 1 2 0 13 10 15 10 8 2 21 0 8 1 15 24 19 2 1 1 18 1 16 1 19 13 1 3 3 15 0 24 18 2 15
split_gain=4973.95 1323.74 554.283 492.54 444.844 315.653 227.313 225.993 207.626 221.5 204.567 204.092 207.013 203.656 199.228 190.41 181.12 177.427 154.766 153.476 142.996 141.324 137.747 334.032 208.279 135.893 132.992 131.858 129.639 120.165 117.565 110.712 109.797 107.644 103.503 99.0004 95.6747 95.4737 92.1921 87.1778 84.0117 82.0285 76.1793 75.331 71.4227 71.3235 66.7754 66.6829 65.2951 84.2615 77.2679 61.7753 60.4925 57.7861 55.0933 54.124 53.2815 52.187 50.354 48.4985 48.0771 45.3477
threshold=17.319483757019047 2.7925000190734868 1.0890563726425173 4.805000066757203 6.5000000000000009 3.9550000429153447 0.87555310130119335 4.4600000381469735 5.5000000000000009 0.9566781520843507 77.500000000000014 1.7148070931434634 4.7599999904632577 1.1304348111152651 6.5000000000000009 20.404999732971195 18.500000000000004 4.2950000762939462 400.50000000000006 24.500000000000004 11.802000045776369 60.010000228881843 2.0629960298538212 1.0000000180025095e-35 3.5000000000000004 114851979264.00002 54.629438400268562 1.4814814925193789 19.704999923706058 233.50000000000003 2.6950000524520878 -0.003571415320038795 2.8000000715255742 2.5000000000000004 3.242499947547913 5.6250000000000009 6.5000000000000009 281311280.00000006 6.2500000000000009 3.1049998998641972 52.004999160766609 112.50000000000001 -0.012964424677193163 63.81402778625489 1.5000000000000002 5.5510001182556161 61.004999160766609 859.49902343750011 244.48500061035159 0.25932246446609503 18.005000114440922 28.849950790405277 -0.078964300453662858 26.005000114440922 41.500000000000007 42.500000000000007 107.50000000000001 5.2049999237060556 0.0075935537461191424 0.031398611143231399 13.500000000000002 12.500000000000002
decision_type=2 2 2 2 2 2 2 2 2 2 2 2 2 2 2 2 2 2 2 2 2 2 2 2 2 2 2 2 2 2 2 2 2 2 2 2 2 2 2 2 2 2 2 2 2 2 2 2 2 2 2 2 2 2 2 2 2 2 2 2 2 2
left_child=3 6 17 4 5 13 54 10 9 11 22 12 -6 30 46 39 -13 25 61 35 26 -17 24 -24 -4 29 45 51 31 33 59 42 -29 -3 -33 -8 -19 55 44 -15 -27 -31 -10 -28 53 -7 -9 -32 50 -50 -22 -11 -16 57 -2 -30 -20 -5 -21 -1 -42 -12
right_child=1 2 7 38 8 20 19 14 28 27 18 16 -14 15 52 21 -18 36 56 58 48 -23 23 -25 -26 40 43 32 37 41 47 34 -34 -35 -36 -37 -38 -39 -40 -41 60 -43 -44 -45 -46 -47 -48 -49 49 -51 -52 -53 -54 -55 -56 -57 -58 -59 -60 -61 -62 -63
leaf_value=0.07308918063341277 -0.025959275145977748 0.0066867791569181004 0.0039727772925183093 0.012471824657552148 -0.0097719419856750409 -0.028715407175200314 0.063587998309181118 0.016603039619877552 -0.051928924441006025 0.035102531238079493 0.040351847173132366 0.023083723390022771 0.022977526496524455 0.045610009571541078 0.011364574363409938 0.022738021883378631 -0.057362071794903047 0.031954892468545215 -0.083768865115043112 -0.13284963115612411 -0.012810584305622272 -0.0094695655546814649 0.012132899735485777 -0.047247410516422145 0.028439184432449229 0.041304656003108307 -0.044205738693287477 0.028599366384989319 -0.060779611194055852 -0.10693743029570352 -0.0059545730777827268 0.035494246507988811 -0.015126186286037381 0.029694629376638505 -0.042066965398806139 -0.053472519319400974 0.046610936043650027 0.051036066506201433 0.041973081596967311 -0.006785879041659764 -0.07963593688145619 0.0042230143887131604 0.012995775378327169 0.0043303037785983167 0.030659098712035704 0.017033712325922597 -0.02484403207416919 -0.018029120397196358 -0.0033076732112239157 -0.034189640571102971 0.0031069519127383109 -0.0031471956163793449 0.040377045128678242 0.0062422410968434473 0.0524424150661289 -0.0058933860839993704 0.0046875050333657024 0.025022746062327773 -0.018839062039918034 -0.026634302536699885 0.019664512965816484 0.019836165110974885
leaf_weight=11.366949684917925 21.84245478361845 836.16791488230228 2881.54885565117 2020.7651071846485 1180.8943170979619 86.29013193026185 52.780569851398468 1450.6570417582989 54.158913638442755 996.83750370144844 819.9905523583293 93.138161845505238 814.40927910804749 80.535993304103613 200.47256837040186 1397.9400286376476 273.8498989790678 1802.2766573354602 36.568623770028353 26.757867030799389 849.39176890999079 449.32932585850358 662.40307318791747 367.31907223910093 1245.6132533662021 1286.7843698784709 80.200770378112793 234.95541222393513 64.068279277533293 30.042258027940989 6006.1332277618349 1904.6319691129029 365.61734256893396 1301.1764013469219 43.146064441651106 26.252361595630646 2978.0038376376033 54.163465179502964 364.33870455622673 2998.6728858724236 21.48111392557621 35.328066382557154 248.68940263241529 5123.3279332071543 731.72555488348007 3626.6126189753413 103.18567860126495 1412.8343875408173 865.55264145508409 295.89258788153529 7363.3665814287961 117.60676673799753 1859.821143515408 1649.9300323873758 6738.5179654806852 146.63828919455409 30.75955312140286 1410.8641247600317 15.61922314763069 1119.378273146227 25.824059508740902 407.61288751661777
leaf_count=137 71 1451 5403 4380 5561 337 57 2212 237 1270 958 226 1247 929 338 6845 1131 2361 318 135 4719 4819 1329 1219 1632 1553 301 384 316 267 96829 3262 931 1735 366 131 3860 54 370 21069 73 194 546 24050 915 6412 295 40343 7536 1841 46083 532 2302 5389 9640 403 230 2050 54 29074 45 618
internal_value=0.0145394 0.03226 0.0252545 0.00448632 0.00237586 -7.70677e-05 0.0509665 0.0173587 0.014194 0.00721985 0.0117471 -0.0027086 0.00359749 -0.00588354 0.027369 0.00221272 -0.0369248 0.0348068 0.0295082 -0.0166912 0.00420084 0.0149003 0.00728133 -0.00906949 0.0113633 0.0262983 0.00873351 0.020892 0.025489 0.0186523 -0.010549 0.0293821 0.00199087 0.0207032 0.0337529 0.0244593 0.0410942 -0.00755853 0.0175878 -0.00539949 0.0388953 -0.0476292 0.00123603 0.00357292 0.0160517 0.0159617 0.0138332 -0.00825679 -0.00011042 -0.0112022 0.00145874 0.0310624 0.0375634 0.0139417 0.0521846 -0.0228142 -0.0438063 0.0176392 -0.0923463 -0.0255637 -0.0260391 0.0335656
internal_weight=69802.1 25264.8 18383 44537.3 38359.6 31766.8 6881.77 10066 6592.81 4077.31 6451.82 2362.29 1995.3 13476.2 3614.14 4926.48 366.988 8317.08 1294.93 121.41 18290.6 1847.27 5156.88 1029.72 4127.16 3536.8 8916.43 1715.02 2515.5 2202.71 8549.71 2250.63 600.573 2137.34 1947.78 79.0329 4780.28 264.87 6177.62 3079.21 1334.09 65.3703 302.848 5203.53 5813.28 3712.9 1553.84 7418.97 9374.2 1161.45 8212.76 1114.44 2060.29 5081.56 6760.36 210.707 67.3282 3431.63 42.3771 1130.75 47.3052 1227.6
internal_count=359375 38481 28393 320894 307790 291324 10088 16854 16466 11282 11707 8165 6808 200045 5147 33662 1357 11539 2124 377 91279 11664 9583 2548 7035 5318 31100 3117 5184 3647 166383 4411 1315 3186 3628 188 6221 773 13104 21998 1671 461 783 24351 12734 6749 2507 137172 60179 9377 50802 1802 2640 11819 9711 719 548 6430 189 29211 118 1576
is_linear=0
shrinkage=0.05


Tree=51
num_leaves=63
num_cat=0
split_feature=22 20 19 22 6 15 6 7 3 23 20 6 10 8 22 20 19 23 16 15 5 20 3 16 23 20 19 2 2 20 2 8 21 8 21 23 19 23 23 20 4 3 13 19 7 3 20 23 23 5 19 5 7 21 5 20 5 7 16 19 16 10
split_gain=4684.17 1365.64 529.913 373.019 318.945 418.49 269.74 170.173 167.184 164.606 167.697 151.787 147.715 138.449 135.742 127.246 107.449 112.742 133.079 105.945 105.811 151.284 99.1694 95.0718 254.29 93.2423 84.4154 83.8136 96.4803 92.7745 82.5473 81.3036 130.805 78.1051 71.486 70.7855 69.9913 135.665 103.052 142.047 126.693 111.811 76.8649 104.651 190.032 95.5108 68.5313 67.9853 63.805 69.1687 63.4639 60.8619 54.6021 63.0971 51.0928 127.572 62.6849 49.9438 242.356 75.2672 46.4497 45.8546
threshold=17.319483757019047 1.0660008788108828 1.0890563726425173 15.832268238067629 31.500000000000004 22.500000000000004 7.5000000000000009 4.5850000381469735 81.500000000000014 2.3147490018590723e+17 0.38667273521423345 5.5000000000000009 4.5025000572204599 5.0699999332427987 17.617656707763675 0.61650627851486217 3.4153746366500859 2.55617368221283 0.48793347179889685 73.500000000000014 530.50000000000011 0.64276379346847545 457.50000000000006 0.4387121200561524 1979.334655761719 1.0001331567764284 17.315091133117679 235.50000000000003 12.500000000000002 0.51435270905494701 31.500000000000004 5.2049999237060556 3155296640.0000005 4.3900001049041757 143251668992.00003 134.93400573730472 859.49984741210949 0.17437475174665454 9.9385471343994158 0.36298181116580969 10.500000000000002 17.500000000000004 0.018332388252019886 187.12464141845706 3.0949999094009404 6.5000000000000009 1.1368962526321413 7.2032797336578378 79338863067136.016 1.0000000180025095e-35 165.0266036987305 470.50000000000006 5.2650001049041757 4456456192.000001 401.50000000000006 1.3725674748420718 24.500000000000004 4.8949999809265146 0.28358483314514166 32.266136169433601 0.19048371165990832 2.867499947547913
decision_type=2 2 2 2 2 2 2 2 2 2 2 2 2 2 2 2 2 2 2 2 2 2 2 2 2 2 2 2 2 2 2 2 2 2 2 2 2 2 2 2 2 2 2 2 2 2 2 2 2 2 2 2 2 2 2 2 2 2 2 2 2 2
left_child=3 2 11 36 5 6 15 -6 16 25 -11 34 27 -9 -8 -4 31 20 47 -20 33 -22 -15 57 30 -7 -26 28 -13 -29 -25 32 46 -18 -2 60 37 42 39 40 -39 50 -1 44 -44 -45 -5 -19 49 -38 -40 -32 -33 -54 56 -56 -51 61 59 -59 -3 -10
right_child=1 35 4 8 7 9 14 13 23 10 -12 12 -14 22 -16 -17 17 18 19 -21 21 -23 -24 24 26 -27 -28 29 -30 -31 51 52 -34 -35 -36 -37 48 38 41 -41 -42 -43 43 45 -46 -47 -48 -49 -50 54 -52 -53 53 -55 55 -57 -58 58 -60 -61 -62 -63
leaf_value=0.0057002203281599721 0.016472597121940852 -0.0069502809757623907 0.0063416901685284834 0.01161962196044093 -0.034287954491749852 -0.030620504179666587 0.037278486425619109 -0.036515288645151182 0.053430123030333711 0.012797449319147737 -0.12635393561423633 0.014270463948157581 0.047265748536087338 0.03786859910224738 0.017291663158266312 -0.027058894306562539 -0.0048236832473701327 -0.0093236028314365432 0.0028662439112228941 -0.086523691308136197 0.041471521438577498 -0.031526558996092607 -0.039867714208322996 -0.092147522414898264 0.045160556651511551 0.034124395431346342 -0.031154589141911729 -0.098830155328504754 0.0367322360707883 0.012244625563344387 -0.029108634202421071 -0.06695967926495712 0.034719927710572231 0.014505409053646647 0.035877058811268993 -0.01723796369633207 0.00012011374819169609 -0.0049896079326984862 0.00018967259956807349 -0.03334937299473395 0.19623403844209514 0.051429680497427605 0.1521636424397447 -0.014498770664853208 0.029919849227409617 0.049427971611987025 0.05112908121959181 -0.0526583483276881 0.015500341243896047 -0.0062015491780985817 0.11604091279001726 0.046624080662123472 0.019951389163092949 -0.01512173863182838 -0.053554324064925211 0.082552775362958963 -0.027672488296774728 -0.13868495366611572 0.045861087386702443 -0.0061933207699233998 0.052641235071735792 0.0074165310472055204
leaf_weight=8035.5234069414437 1469.3179767876863 32.50786480307579 2352.6641163527966 4527.1911369115114 92.031575493514538 276.40324708074331 1136.5884722471237 65.754471868276596 446.47100135684013 29.495892584323883 78.046550936996937 580.40327502042055 2585.8324430137873 2411.7224339842796 3381.9555568099022 323.44173972681165 591.11062105000019 197.79571618884802 4168.8612139821053 32.410391204059124 91.498492475599051 304.25993722304702 40.902899269014597 42.811234019696712 337.71811871230602 68.60121364146471 39.792101889848709 22.783935591578484 2779.6194070652127 88.717360571026802 142.79736111313105 31.715176664292812 779.51298125088215 4458.3607743792236 704.21514216065407 36.249091535806656 9698.4997997265309 1491.306700784713 1401.5081731565297 564.71530501171947 6.8628992773592463 119.09740936756134 37.946681782603264 187.14781051501632 178.60279334336519 83.73394463211298 111.67316442728043 167.22212792932987 520.73612399399281 4289.8012823294848 10.922786824405192 31.550789915025234 220.23697450757027 304.02354633808136 25.95527097210288 46.983316332101822 368.55018723383546 25.474995285272598 170.66128510981798 18.3128941655159 6068.7556220442057 62.290531054139137
leaf_count=52147 2240 74 4380 8535 289 678 1309 168 436 48 341 968 3414 2963 5394 1267 3831 890 11250 166 148 1154 478 240 380 100 109 120 3695 409 523 118 916 10650 878 101 99136 15010 7426 7586 34 196 47 1729 770 445 113 1018 4858 83254 54 34 333 653 349 22 5842 121 213 40 9167 118
internal_value=0.013984 0.031471 0.0246841 0.00427826 0.0170977 0.0119427 0.014878 0.032187 0.0100118 -0.0346418 -0.0883762 0.0341347 0.0382054 0.0346309 0.0223274 0.00229433 0.00859907 0.00543072 -0.000362522 0.00215504 0.0102889 -0.014575 0.0365544 0.0271251 0.012273 -0.0176707 0.0370422 0.0314435 0.0328591 -0.0110844 -0.0307353 0.0139058 0.0157742 0.0122412 0.0227755 0.0519074 0.000612539 0.00343669 -0.00470827 -0.0120013 -0.00393422 0.0051132 0.00687242 0.0261353 0.051965 0.00535275 0.0125826 -0.0292794 -0.00167617 -0.0022974 0.00117059 -0.0151875 -0.00428941 -0.000368391 -0.00725302 0.033982 -0.00790689 0.0392967 0.0188967 -0.0847616 0.0523218 0.0478318
internal_weight=68997.7 24626 18488.5 44371.6 10257.6 7647.2 7194.65 2610.41 17303.8 452.547 107.542 8230.89 6057.36 2518.38 4518.54 2676.11 15985.9 10011.5 4566.29 4201.27 5445.23 395.758 2452.63 1317.88 594.67 345.004 377.51 3471.52 3360.02 111.501 217.159 5974.35 5418.38 5049.47 2173.53 6137.51 27067.9 12117.4 3594.41 2062.88 1498.17 1531.53 8522.95 487.431 216.549 270.882 4638.86 365.018 14950.5 14429.8 1412.43 174.348 555.976 524.261 4731.29 72.9386 4658.35 723.211 214.449 43.7879 6101.26 508.762
internal_count=359375 38481 29139 320894 17415 13517 12350 3898 41989 1167 389 11724 8606 3609 6703 5647 39775 29107 13324 11416 15783 1302 3441 2214 1286 778 489 5192 4663 529 797 10668 9564 14481 3118 9342 278905 85444 30306 22630 15044 7676 55138 2991 817 2174 8648 1908 193461 188603 7480 557 1104 986 89467 371 89096 928 374 161 9241 554
is_linear=0
shrinkage=0.05


Tree=52
num_leaves=63
num_cat=0
split_feature=22 20 10 3 22 9 12 15 3 20 7 20 9 5 23 6 5 7 9 3 3 12 21 23 16 12 9 21 13 17 3 18 18 17 23 12 16 5 20 23 3 5 23 20 22 21 23 20 16 13 23 23 7 5 13 13 16 18 13 20 3 23
split_gain=4411.03 1363.23 467.198 361.374 338.895 288.398 410.044 319.925 333.987 269.508 186.442 160.828 179.931 190.683 185.296 179.391 227.075 128.007 216.129 122.805 119.37 150.444 112.954 162.173 238.691 96.8317 95.2609 95.1282 86.3805 84.1987 82.418 76.6802 71.4 69.018 84.89 151.513 127.724 172.395 141.983 119.029 201.245 111.17 98.3745 87.394 83.2056 69.1114 68.6121 64.6541 61.266 54.033 53.5292 52.8475 49.7331 69.8683 48.8727 47.4168 45.7131 44.7212 52.3867 35.9402 33.2879 28.592
threshold=17.319483757019047 1.0660008788108828 4.4600000381469735 6.5000000000000009 15.832268238067629 3.6999999284744267 2.0672315359115605 240.50000000000003 31.500000000000004 0.78016996383667003 5.0699999332427987 1.0660008788108828 2.8000000715255742 294.50000000000006 783.26550292968761 8.5000000000000018 205.50000000000003 4.5850000381469735 3.8050001859664921 457.50000000000006 99.500000000000014 1.7504449486732485 99782704.000000015 0.22152373194694522 0.79987081885337841 1.941710412502289 2.1050002574920659 52175005696.000008 -0.45000001788139338 1.4344644546508791 1.5000000000000002 0.27305832505226141 1.4242204427719118 6.7697367668151864 0.23363447189331057 1.1864976882934573 0.55569657683372509 27.500000000000004 1.6134278178215029 0.041861176490783698 11.500000000000002 478.50000000000006 0.069724176079034819 0.3102103471755982 14.434614181518556 6273542.5000000009 134.93400573730472 0.35165551304817205 0.33339799940586096 -0.12799999862909314 20.192837715148929 8.8779945373535174 3.6950000524520878 600.50000000000011 0.00070986326318234216 0.0099999923259019869 0.19048371165990832 1.4242204427719118 -0.078964300453662858 1.8647106289863589 6.5000000000000009 0.9386553466320039
decision_type=2 2 2 2 2 2 2 2 2 2 2 2 2 2 2 2 2 2 2 2 2 2 2 2 2 2 2 2 2 2 2 2 2 2 2 2 2 2 2 2 2 2 2 2 2 2 2 2 2 2 2 2 2 2 2 2 2 2 2 2 2 2
left_child=4 2 5 27 33 6 9 8 -8 10 -2 15 13 14 26 16 28 18 -7 31 21 -18 23 48 -25 -11 -13 30 32 -30 50 -19 -6 34 35 42 37 49 45 40 -37 -41 44 -44 -1 -38 56 -39 -17 -36 -4 59 53 -15 -21 -24 -3 -5 -59 -35 -20 -32
right_child=1 46 3 57 11 17 7 -9 -10 25 -12 12 -14 52 -16 22 20 19 60 54 -22 -23 55 24 -26 -27 -28 -29 29 -31 61 -33 -34 51 36 39 38 47 -40 41 -42 -43 43 -45 -46 -47 -48 -49 -50 -51 -52 -53 -54 -55 -56 -57 -58 58 -60 -61 -62 -63
leaf_value=0.00089121794962609816 -0.010353870938820814 -0.0065768117820472084 0.023259057320868949 0.046022970248746645 0.0010326172319453542 0.04898969090586066 0.01404480488442634 0.044579499286339114 -0.097285355423001096 0.055210876646655999 0.014286889521774267 -0.064092973026075986 -0.066765842492269842 0.033208220238537839 0.057616984187791015 0.039424539486336084 -0.015352934710236538 0.035600656350661439 0.01872258661551688 -0.06025103179392341 0.034551935626865156 -0.076707837690923958 0.045285226080961596 -0.04462046310225376 0.013800608787744462 0.0065512538672856183 0.0014178098555868064 0.032554508787166807 0.0058610171074771952 0.015313910023529135 0.036480804221531736 0.02126025736551139 -0.057603441465890831 -0.057721989186190439 0.031399242407515703 0.018894853295031148 -0.0063015063110527002 0.045637919793117966 0.061417360510836995 0.033784703673651946 -0.040104879377396999 -0.055250898954218891 -0.0047936314785033511 -0.033240235108564803 0.016471384603220156 0.0097788364988643777 -0.016358630661357315 -0.044415989998018685 0.012565925194934522 -0.0084867146346980123 -0.010276805719624697 0.046209600018802532 0.049063512718894461 -0.071104992314311097 0.046839678414141606 0.0010405166237813178 0.052393004224834727 0.0091573612154462036 0.038603708613578189 0.048446449954559601 -0.073639147138684566 0.017260577977357385
leaf_weight=17235.915786061436 932.44386378675699 32.688188157975674 160.14943993836641 2865.2693542465568 121.69054301083088 74.064613278955221 97.638560634106398 89.001342840492725 214.13206562399864 483.26355158165097 4321.6007280740887 92.435077928006649 47.623738337308168 68.133296199142933 94.648187801241875 595.24753241986036 722.48363510146737 2438.1572321765125 10.471053041517733 51.95641827583313 96.629837885499001 115.20891541242599 505.13114315271378 223.35130785405636 791.16774358600378 130.27765978872776 136.18918397277594 1016.8591568619013 9239.9599297456443 3163.679934464395 231.09217371046543 1523.238520950079 89.290881089866161 23.000893741846085 87.024327769875526 499.50440382957458 1591.8012170828879 20.040878161787987 97.923604559153318 790.30332542583346 202.20717646554112 35.766328196972609 1083.620186150074 359.05658291652799 900.85568777471781 1150.0186558887362 36.339100643992424 439.7108505666256 332.72283095866442 2388.55729130283 453.66485791653395 135.59100785106421 708.58285823464394 19.905562791973352 12.489574655890463 69.102229617536068 5799.4449110552669 168.52696895599365 1560.7262914553285 10.992024518549441 87.200317371636629 1225.5570884048939
leaf_count=175880 2043 74 236 3988 267 84 273 86 928 418 7105 518 248 131 83 725 2551 3299 34 788 170 582 509 777 1304 297 348 1328 25641 6056 271 2354 433 187 1136 2141 20532 258 264 4539 1392 376 14120 4937 5425 6384 101 6931 590 34137 978 251 816 116 13 124 9167 289 2015 15 448 1864
internal_value=0.0134306 0.0306847 0.0239077 0.0332728 0.00407301 0.0170309 0.010235 -0.0386329 -0.0624702 0.0135797 0.00991176 0.00955293 0.027466 0.0315336 -0.000842081 0.00824922 0.00597067 0.0271734 -0.0150104 0.0289774 -0.0177997 -0.0238785 0.0205067 0.0147297 0.000902728 0.0449142 -0.0252109 0.0200302 0.00773293 0.00827352 0.013864 0.0300945 -0.0239142 0.000581662 0.000380281 0.00185018 -0.00499054 -0.0123027 0.00256771 0.0170102 0.00185333 0.0298615 0.000666176 -0.0118951 0.00166623 0.000442456 0.0516333 -0.0403891 0.0298237 -0.00707047 -0.00149528 0.0322856 0.0446627 0.00903318 -0.039022 0.0399807 0.0520606 0.0421639 0.0357438 -0.0228449 -0.0635973 0.0203362
internal_weight=68301.3 24016.3 18147.8 7681.85 44285.1 10465.9 6268.36 400.772 311.771 5867.59 5254.04 17233.2 1167.52 1119.89 323.272 16065.7 13548.9 4197.58 171.736 4025.84 934.322 837.693 2516.72 1942.49 1014.52 613.541 228.624 3087.32 12614.6 12403.6 2070.46 3961.4 210.981 27051.9 26882.3 21107.2 5775.08 2935.33 2839.74 1527.78 701.712 826.07 19579.4 1442.68 18136.8 2741.82 5868.47 459.752 927.97 2475.58 613.814 169.584 796.622 88.0389 64.446 574.233 5832.13 4594.52 1729.25 33.9929 97.6714 1456.65
internal_count=359375 38481 29139 10969 320894 18170 11150 1287 1201 9863 9148 41989 2260 2012 949 39729 35700 7020 566 6454 3303 3133 4029 3396 2081 715 866 4677 32397 31697 3349 5653 700 278905 278452 208810 69642 42462 27180 8448 3533 4915 200362 19057 181305 26916 9342 7189 1315 35273 1214 453 1063 247 801 633 9241 6292 2304 202 482 2135
is_linear=0
shrinkage=0.05


Tree=53
num_leaves=63
num_cat=0
split_feature=22 10 19 0 2 23 0 6 10 15 6 2 5 0 8 5 23 5 7 15 2 21 15 23 5 0 10 10 22 2 2 2 12 9 6 0 23 9 2 21 0 23 19 6 2 10 15 19 19 8 22 22 10 4 19 15 13 18 12 10 0 18
split_gain=4151.61 1313.2 502.389 450.731 357.106 291.535 269.369 261.876 203.95 210.386 403.638 186.244 179.365 177.751 164.207 147.283 146.314 179.103 270.364 132.416 208.594 129.488 122.004 214.267 144.416 109.51 102.358 212.527 121.013 101.096 100.013 97.7052 94.4656 111.074 93.8228 89.3614 88.5842 87.4243 106.561 76.9787 76.7245 72.0685 63.2404 57.7098 53.5415 49.726 98.4422 47.8963 43.4159 38.3551 37.5942 36.6972 65.9338 201.411 614.796 39.6215 36.5749 36.3718 35.2877 34.1306 32.3406 32.1519
threshold=17.319483757019047 2.7925000190734868 1.0890563726425173 4.805000066757203 6.5000000000000009 783.26550292968761 3.9550000429153447 7.5000000000000009 4.4600000381469735 14.500000000000002 31.500000000000004 18.500000000000004 1.0000000180025095e-35 4.2950000762939462 5.6250000000000009 44.500000000000007 1979.334655761719 1294.5000000000002 4.8949999809265146 6.5000000000000009 38.500000000000007 143251668992.00003 53.500000000000007 9.9385471343994158 19.500000000000004 3.9850000143051152 2.8000000715255742 3.1999999284744267 17.109120368957523 233.50000000000003 13.500000000000002 6.5000000000000009 1.1304348111152651 0.60000002384185802 44.500000000000007 5.7099997997283944 0.099801037460565581 1.1999999284744265 2.5000000000000004 63.790855407714851 2.8649998903274541 0.080826193094253554 32.266136169433601 6.5000000000000009 1.5000000000000002 2.9025000333786015 9.5000000000000018 6.6227431297302255 31.392448425292972 4.2900002002716073 18.797674179077152 17.6834831237793 2.6924999952316289 1026.5000000000002 36.366323471069343 2.5000000000000004 -0.07499999180436133 4.2625248432159433 1.3779823184013369 4.5025000572204599 2.8750000000000004 0.2205111160874367
decision_type=2 2 2 2 2 2 2 2 2 2 2 2 2 2 2 2 2 2 2 2 2 2 2 2 2 2 2 2 2 2 2 2 2 2 2 2 2 2 2 2 2 2 2 2 2 2 2 2 2 2 2 2 2 2 2 2 2 2 2 2 2 2
left_child=3 5 13 4 6 51 12 19 9 11 -11 -9 40 21 -7 37 17 22 -19 20 25 29 24 -24 -6 -4 39 28 -28 30 -3 50 41 -34 -31 44 -17 38 -8 -18 -1 -14 -20 -22 -5 -21 -47 -29 56 -41 58 52 53 54 -2 -53 -10 -39 -15 -33 -42 -38
right_child=1 2 7 35 16 14 15 8 48 10 -12 -13 32 31 -16 36 26 18 42 45 43 -23 23 -25 -26 -27 27 47 -30 34 -32 59 33 -35 -36 -37 61 57 -40 49 60 -43 -44 -45 -46 46 -48 -49 -50 -51 -52 55 -54 -55 -56 -57 -58 -59 -60 -61 -62 -63
leaf_value=-0.037174407535984159 -0.31926745655594402 0.0041414761996689314 -0.012982133641777919 0.011900528113026963 0.024985361931230087 0.064350244703847134 0.0022397879073859628 0.0064489023771092313 0.014511695939681869 -0.041108421732181641 0.019335485779172754 0.029591917003877116 -0.0018871782352166717 0.026693206699535749 -0.063995605150907339 0.031336680241076421 0.054453147428280224 0.048833409635545534 -0.13182522101804769 0.06060352100911566 -0.089877634110780161 0.037392320503388851 0.022278937572889627 -0.0575879643071186 -0.0072312255642040142 0.0097796929281999539 -0.028921257119296957 0.034043161182970058 0.028124052762004539 -0.1065203943195055 0.026695010470328191 0.03720814150367073 0.042372703801073927 0.00035044546364298404 0.01248575888725891 0.030477345566198702 0.048726332213949772 -0.0043896544771870067 0.019117718300573395 0.034959078186679642 0.16059442267654164 -0.012218889964660539 -0.0063591048838874667 -0.0085154032800504858 0.027167181710184764 0.048802122558431429 -0.046569085968117957 0.0074302709181838528 0.0085893352006460363 -0.023505562996035123 0.041171462971702981 0.00028419455153831262 0.05169155048832056 0.052912105828304037 0.024597399480448687 0.053293414631854046 0.037204285380966408 -0.029211828217397824 -0.01325350810672272 0.049208519822795928 -0.014296450091958507 -0.01228492404582901
leaf_weight=510.74039417132735 15.37994886189699 773.80767630785704 817.27348486706614 4518.3925854191184 411.33651493489742 34.077613189816475 15751.625211238861 1431.099963657558 199.26713954657316 447.29971175268292 718.43986365571618 2218.7675779964775 3189.0379840098321 1133.8212482482195 85.405620872974396 719.52426144480705 375.58645518124104 422.14083643257618 25.089826256036758 117.79744078218937 80.987238898873329 1141.8342415392399 1186.6152583807707 89.387327034026384 2222.6703972928226 1490.5558588057756 310.60195468366146 901.26421764492989 131.51432566344738 30.641951836645603 1351.3214996680617 935.55674514919519 161.63239746540785 4761.651161102578 34.222550198435783 958.54650069028139 23.352050736546516 309.26591622084379 993.38032779470086 57.287635207176208 1.6511527094990004 3588.8351588621736 16.642107248306274 30.182873860001564 658.76952540129423 73.531915053725243 41.494683638215065 209.47844413667917 169.86890130490065 53.057593457400799 500.73876360058784 35.690795511007309 418.60763527452946 142.75265312194824 62.302668571472168 5248.700262285769 1840.1491457298398 282.98814556747675 57.36810364574194 1746.1227555647492 1161.567487841472 189.12085587158799
leaf_count=19607 127 1358 2274 11008 1121 39 85582 2452 331 1178 1500 3075 57367 1619 376 1162 375 476 118 107 381 1549 2685 429 8196 2533 1037 1086 189 212 1949 1371 1863 31799 250 1227 40 757 1728 111 44 57275 37 63 869 79 127 440 273 166 624 84 585 237 128 8512 2481 1216 118 2489 32090 794
internal_value=0.0128977 0.0299143 0.0229313 0.00387725 0.00184938 0.0499927 -0.000330929 0.0153424 0.0203956 0.0146181 -0.00386819 0.0205232 -0.00572231 0.0324577 -0.0271185 0.00361598 0.0126076 0.00744661 0.0367884 0.00195173 -0.00151873 0.0237401 0.00395578 0.0166394 -0.00219069 0.00171473 0.0236682 0.0173759 -0.0119158 0.0166059 0.0184909 0.0390907 -0.00353087 0.00173938 -0.0444205 0.0164521 0.0229688 0.00257408 0.00324243 0.0436886 -0.0210265 -0.00735948 -0.0832278 -0.0681051 0.013849 0.0378828 0.01425 0.0290398 0.0329743 0.00684383 0.0296384 0.0515532 0.0400425 0.0177648 -0.0466114 0.0529365 0.0349977 -0.0162877 0.0247557 0.0450392 -0.0139062 -0.00535915
internal_weight=67617.8 23425.1 17382.2 44192.8 38057 6042.92 31644.4 9676.72 7024.89 4815.61 1165.74 3649.87 13375.1 7705.44 119.483 18269.3 6412.67 4373.88 463.873 2651.82 2419 3331.83 3910.01 1276 2634.01 2307.83 2038.79 1552.86 442.116 2189.99 2125.13 4373.61 11701.2 4923.28 64.8645 6135.71 931.997 17337.3 16745 485.932 1673.96 6777.87 41.7319 111.17 5177.16 232.824 115.027 1110.74 2209.29 110.345 1691.93 5923.43 639.043 220.435 77.6826 5284.39 2039.42 592.254 1191.19 2681.68 1163.22 212.473
internal_count=359375 38481 28393 320894 307790 10088 291324 16854 11290 8205 2678 5527 200045 11539 415 91279 16466 13062 631 5564 5251 5318 12431 3114 9317 4807 3404 2752 1226 3769 3307 6221 148304 33662 462 13104 1996 89283 87310 652 51741 114642 155 444 11877 313 206 1526 3085 277 2361 9673 1077 492 255 8596 2812 1973 1737 3860 32134 834
is_linear=0
shrinkage=0.05


Tree=54
num_leaves=63
num_cat=0
split_feature=22 20 0 0 2 7 2 6 22 20 10 0 18 7 1 7 1 1 24 16 22 8 2 0 1 10 13 20 6 4 10 10 0 13 8 4 13 21 23 23 1 2 6 9 1 1 2 4 6 23 21 1 23 16 0 1 16 18 18 1 2 20
split_gain=3902.2 1352.69 449.4 408.164 329.53 255.947 224.857 213.628 261.598 278.952 235.14 209.595 250.967 151.147 140.908 140.353 136.309 141.666 124.074 275.934 129.842 122.673 121.291 112.172 111.102 109.673 181.962 92.0822 186.885 148.015 90.7374 90.5145 85.6816 83.7263 79.2344 108.088 87.7726 77.7505 65.5102 62.421 62.0978 62.0562 61.0596 65.3768 60.5641 76.8221 56.5935 54.6538 52.4187 51.2392 62.6644 51.4171 48.5599 48.2584 48.044 47.0033 46.5693 42.0832 36.8526 35.2843 33.7923 31.1577
threshold=17.319483757019047 1.0660008788108828 4.3949999809265146 4.805000066757203 15.500000000000002 6.3500001430511483 2.5000000000000004 33.500000000000007 17.617656707763675 0.44675697386264807 2.8975000381469731 4.1949999332427987 38.50263977050782 4.5850000381469735 65.005001068115249 8.1500000953674334 57.004999160766609 18.005000114440922 -0.016524670645594593 0.95101466774940502 16.206096649169925 5.0699999332427987 316.50000000000006 2.6149998903274541 11.802000045776369 3.3474999666213994 -0.0057606447953730813 0.92516344785690319 9.5000000000000018 36.500000000000007 4.9699997901916513 4.4600000381469735 6.2500000000000009 -0.0027612580452114339 5.2449998855590829 79.500000000000014 -0.004195805173367261 397081936.00000006 0.16874294728040698 134.93400573730472 26.005000114440922 11.500000000000002 1.5000000000000002 0.98500001430511486 244.48500061035159 496.41000366210943 17.500000000000004 18.500000000000004 60.500000000000007 0.97628733515739452 52175005696.000008 61.004999160766609 0.076996866613626494 0.85608786344528209 5.2049999237060556 13.004000186920168 0.19048371165990832 62.708223342895515 85.827816009521499 9.9984998703002947 3.5000000000000004 0.26500733196735388
decision_type=2 2 2 2 2 2 2 2 2 2 2 2 2 2 2 2 2 2 2 2 2 2 2 2 2 2 2 2 2 2 2 2 2 2 2 2 2 2 2 2 2 2 2 2 2 2 2 2 2 2 2 2 2 2 2 2 2 2 2 2 2 2
left_child=3 2 5 4 11 7 49 8 9 -2 -10 12 16 48 22 30 17 -1 19 20 53 -15 37 -14 42 26 -21 28 29 -20 -16 46 40 -30 36 -36 -29 -7 -18 56 54 -33 59 -44 55 -46 61 -22 -9 -4 51 -51 -25 -6 57 -26 -3 -5 -59 -13 -42 -8
right_child=1 39 6 32 18 14 31 13 10 -11 -12 24 23 21 15 -17 38 -19 27 25 47 -23 -24 52 44 -27 -28 34 33 -31 -32 41 -34 -35 35 -37 -38 -39 -40 -41 60 -43 43 -45 45 -47 -48 -49 -50 50 -52 -53 -54 -55 -56 -57 -58 58 -60 -61 -62 -63
leaf_value=-0.00064015304381223603 0.0011332490440072512 -0.0084170507774577932 0.035831817331489713 0.021483294176920978 0.022653027506805111 0.020689409988219963 0.02174348227922672 -0.076084832513518358 -0.038339376376587235 0.039706230932812565 0.002151976858610973 -0.011282821352715949 -0.027671366459569531 -0.035777655134409905 -0.11162046885041479 0.050719210475391158 9.1312787848253388e-05 0.012348706443859192 0.020711379971542508 -0.076094258551258967 0.023973528608909014 0.033528059678880333 -0.063849759803128112 -0.0055744854413516953 -0.03265424056115606 0.051276850411479738 0.025494097581643217 -0.027102560026963554 0.044893907069570325 -0.028566993634606713 0.017716674639539035 0.035755655846401765 0.039659760692110843 0.012238705842513006 0.060012968751020135 -0.076600930385664678 0.035926238923080299 0.036244308274658014 -0.026298136331004265 -0.013748890226227231 0.0052500295769053289 0.048628342693790079 0.018472720690608506 -0.0019386178337137943 -0.035840283177982622 -0.0032342383833716204 0.037203454346460954 -0.074921207398358156 0.015480883837610634 0.01183434938991727 0.033202771016948525 -0.030443444258685743 -0.015031767318189469 -0.062865396935329873 0.024498204430780275 0.0023457091512953613 0.051928826693543532 -0.04481610539228148 0.0091312402113865303 0.0065066690743566793 0.046715550416201262 -0.004232543753313822
leaf_weight=6831.9547432307154 928.71766303479671 31.759973704814911 333.26033712178469 944.53419857472181 78.395904306322336 1410.1484599485993 536.91199202090502 45.251081399619579 404.18842040747404 945.96793499588966 3112.6348207816482 293.2929349988699 822.51059588976204 66.110016457736492 45.981695920228958 33.02030748128891 382.75031891465187 3028.9353771992028 259.43127715960145 57.809428665786982 14.732470519840716 1369.1609925627708 34.147538200952113 5017.061155166477 96.307075314223766 188.5513056665659 174.98153460770845 57.025388590991497 389.98970768600702 366.24843028560281 18.627589955925941 2145.5712418183684 350.67446383833885 397.33683674037457 22.279854655265808 37.441646672785282 1237.5087225958705 1890.5395527482033 607.35638947039843 36.33183740824461 1728.8667648434639 1700.3771713227034 2173.3880044519901 477.91517216712236 242.94012632220984 698.77897553890944 607.9441824760288 162.79672311991453 23.040571443736553 1267.9173558056355 349.64354425668716 75.232935130596161 1862.7041489053518 19.817681554704905 1569.5280177593231 6694.678903914988 5296.4128481149673 31.360923916101456 1442.356442540884 5244.5495191067457 49.635668583214283 146.22546815872192
leaf_count=48012 1754 74 397 1375 291 2443 820 204 1368 1214 6028 1661 23648 171 194 43 3982 18643 493 242 23 1819 661 97515 468 169 369 253 389 1364 31 3032 370 693 14 169 2211 2564 8024 101 5517 2514 3361 957 2699 4398 857 807 42 2051 452 200 30566 143 2252 36648 9167 94 3445 19578 51 280
internal_value=0.012393 0.0291569 0.0224176 0.00369582 0.00176305 0.0157393 0.0320418 0.010182 0.00553081 0.0206107 -0.00250985 0.000285532 -0.00332578 0.0268423 0.0268951 -0.0320482 0.00157326 0.00334993 0.0164606 -0.0023834 -0.0411929 0.0303096 0.0286313 -0.0102275 0.00449395 0.0230406 2.75055e-05 0.0212085 0.0122601 -0.00812583 -0.0745532 0.0376068 0.0156804 0.0284567 0.0305254 -0.0254041 0.0331271 0.0296086 -0.0161018 0.0511209 0.0142147 0.0414594 0.00855223 0.0147922 0.000194925 -0.0116802 0.0261034 -0.066598 -0.0453422 0.0179179 0.0143691 0.00944167 -0.00813759 0.00488689 0.0176803 0.00184388 0.0515667 0.0132448 0.00795023 0.00556174 0.00643569 0.016178
internal_weight=66911.6 22855.1 17490.6 44056.4 37939.5 10327.5 7163.08 6895.07 5391.51 1874.69 3516.82 34475.1 18553.3 1503.56 3432.47 97.6296 10851 9860.89 3464.35 697.085 275.743 1435.27 3334.84 7702.28 15921.9 421.342 232.791 2767.26 1413.01 625.68 64.6093 5137.03 6116.96 787.327 1354.26 59.7215 1294.53 3300.69 990.107 5364.5 5766.28 3845.95 8189.15 2651.3 7732.71 941.719 1291.08 177.529 68.2917 2026.05 1692.79 1343.15 6879.77 98.2136 3987.78 6790.99 5328.17 2418.25 1473.72 5537.84 1778.5 683.137
internal_count=359375 38481 29139 320894 307790 18536 10603 12600 10364 2968 7396 300160 230390 2236 5936 268 78661 66655 7630 2044 1264 1990 5668 151729 69770 780 611 5586 2939 1857 225 7503 13104 1082 2647 183 2464 5007 12006 9342 12734 5546 25557 4318 44213 7097 1957 830 246 3100 2703 2251 128081 434 7166 37116 9241 4914 3539 21239 5568 1100
is_linear=0
shrinkage=0.05


end of trees

feature_importances:
trigger_depth=348
trigger_mag=312
moment_accel=237
b_value_14d=202
hours_since_m4=190
n_events_30d=189
n_events_24h=170
median_mag_7d=161
active_ratio_7d_30d=150
moment_7d_log=149
n_events_72h=135
hours_since_last=135
rumble_ratio=126
n_m4_events_7d=111
mag_range_7d=109
depth_to_peak=96
max_mag_7d=94
max_mag_72h=91
n_events_7d=82
energy_ratio_24h_48h=75
rate_accel_6h_24h=64
depth_trend_7d=57
consec_up=54
mag_trend_72h=51
double_tap_count=22

parameters:
[boosting: gbdt]
[objective: binary]
[metric: auc]
[tree_learner: serial]
[device_type: cpu]
[data_sample_strategy: bagging]
[data: ]
[valid: ]
[num_iterations: 500]
[learning_rate: 0.05]
[num_leaves: 63]
[num_threads: 0]
[seed: 0]
[deterministic: 0]
[force_col_wise: 0]
[force_row_wise: 0]
[histogram_pool_size: -1]
[max_depth: 7]
[min_data_in_leaf: 50]
[min_sum_hessian_in_leaf: 0.001]
[bagging_fraction: 0.8]
[pos_bagging_fraction: 1]
[neg_bagging_fraction: 1]
[bagging_freq: 5]
[bagging_seed: 3]
[bagging_by_query: 0]
[feature_fraction: 0.7]
[feature_fraction_bynode: 1]
[feature_fraction_seed: 2]
[extra_trees: 0]
[extra_seed: 6]
[early_stopping_round: 0]
[early_stopping_min_delta: 0]
[first_metric_only: 0]
[max_delta_step: 0]
[lambda_l1: 0.1]
[lambda_l2: 1]
[linear_lambda: 0]
[min_gain_to_split: 0]
[drop_rate: 0.1]
[max_drop: 50]
[skip_drop: 0.5]
[xgboost_dart_mode: 0]
[uniform_drop: 0]
[drop_seed: 4]
[top_rate: 0.2]
[other_rate: 0.1]
[min_data_per_group: 100]
[max_cat_threshold: 32]
[cat_l2: 10]
[cat_smooth: 10]
[max_cat_to_onehot: 4]
[top_k: 20]
[monotone_constraints: ]
[monotone_constraints_method: basic]
[monotone_penalty: 0]
[feature_contri: ]
[forcedsplits_filename: ]
[refit_decay_rate: 0.9]
[cegb_tradeoff: 1]
[cegb_penalty_split: 0]
[cegb_penalty_feature_lazy: ]
[cegb_penalty_feature_coupled: ]
[path_smooth: 0]
[interaction_constraints: ]
[verbosity: -1]
[saved_feature_importance_type: 0]
[use_quantized_grad: 0]
[num_grad_quant_bins: 4]
[quant_train_renew_leaf: 0]
[stochastic_rounding: 1]
[linear_tree: 0]
[max_bin: 255]
[max_bin_by_feature: ]
[min_data_in_bin: 3]
[bin_construct_sample_cnt: 200000]
[data_random_seed: 1]
[is_enable_sparse: 1]
[enable_bundle: 1]
[use_missing: 1]
[zero_as_missing: 0]
[feature_pre_filter: 1]
[pre_partition: 0]
[two_round: 0]
[header: 0]
[label_column: ]
[weight_column: ]
[group_column: ]
[ignore_column: ]
[categorical_feature: ]
[forcedbins_filename: ]
[precise_float_parser: 0]
[parser_config_file: ]
[objective_seed: 5]
[num_class: 1]
[is_unbalance: 0]
[scale_pos_weight: 10.3222]
[sigmoid: 1]
[boost_from_average: 1]
[reg_sqrt: 0]
[alpha: 0.9]
[fair_c: 1]
[poisson_max_delta_step: 0.7]
[tweedie_variance_power: 1.5]
[lambdarank_truncation_level: 30]
[lambdarank_norm: 1]
[label_gain: ]
[lambdarank_position_bias_regularization: 0]
[eval_at: ]
[multi_error_top_k: 1]
[auc_mu_weights: ]
[num_machines: 1]
[local_listen_port: 12400]
[time_out: 120]
[machine_list_filename: ]
[machines: ]
[gpu_platform_id: -1]
[gpu_device_id: -1]
[gpu_use_dp: 0]
[num_gpu: 1]

end of parameters

pandas_categorical:null
