tree
version=v4
num_class=1
num_tree_per_iteration=1
label_index=0
max_feature_idx=24
objective=binary sigmoid:1
feature_names=trigger_mag trigger_depth n_events_24h n_events_72h n_events_7d n_events_30d n_m4_events_7d max_mag_72h max_mag_7d mag_range_7d median_mag_7d consec_up rumble_ratio mag_trend_72h double_tap_count depth_to_peak active_ratio_7d_30d rate_accel_6h_24h hours_since_last hours_since_m4 b_value_14d energy_ratio_24h_48h moment_7d_log moment_accel depth_trend_7d
feature_infos=[2.5:8.1999998092651367] [-3.6500000953674316:750] [0:1149] [0:1532] [0:1892] [0:6444] [0:231] [0:8.3000001907348633] [0:8.3000001907348633] [0:5.6999998092651367] [0:8.1999998092651367] [0:12] [0:2.5698325634002686] [-2.0999999046325684:1.8499999046325684] [0:36] [0:1554] [0:1] [0:404] [0:999] [0:999] [0:9.3670949935913086] [0:143919371255808] [0:21.56031608581543] [0:1.8118396476502154e+21] [-199.09500122070312:283.5]
tree_sizes=6666 6745 6751 6739 6787 6757 6769 6791 6826 6808 6812 6794 6814 6862 6813 6841 6852 6856 6864 6846 6867 6845 6881 6856 6835 6854 6864 6845 6851 6852 6866 6843 6858 6852 6855 6865 6871 6832 6835 6871 6871 6838 6851 6882 6878 6855 6871 6882 6887 6832 6875 6853 6880 6848

Tree=0
num_leaves=63
num_cat=0
split_feature=8 5 0 22 8 5 0 19 6 0 17 1 2 0 1 10 22 5 23 4 14 8 16 0 1 0 1 1 2 0 6 10 0 12 16 1 8 1 23 5 22 0 0 0 23 2 0 17 0 6 19 23 1 19 23 19 5 1 0 1 5 0
split_gain=3.28422e+06 313017 232191 169103 90205.1 57078.8 44925.7 41474.2 37811.7 34824.4 24637.4 22801.6 19918.5 14533 14072.4 14046 13995 13130.2 13002.3 13171.2 12125.8 11416.2 10893.1 11813 10076.6 9383.93 8983.38 8922.08 8312.19 7183.39 8458.51 5711.97 5682.2 5408.39 5081.85 4134.71 3934.37 3061.08 2857.68 2854.02 2842.75 2798.23 2677.22 2467.15 3117.68 2407.97 2158.08 1896.54 1763.62 1437.04 1317.14 1471.88 1272.45 1032.43 1302.37 942.088 928.974 900.655 706.704 689.767 647.15 622.327
threshold=4.5950000286102304 834.50000000000011 4.805000066757203 17.369933128356937 4.2099997997283944 179.50000000000003 4.4949998855590829 14.060287475585939 2.5000000000000004 5.4200000762939462 5.0108695030212411 20.89949989318848 328.50000000000006 4.2950000762939462 28.005000114440922 3.3474999666213994 15.832268238067629 108.50000000000001 223607204610048.03 17.500000000000004 17.500000000000004 4.2249999046325692 0.97156059741973888 3.9850000143051152 70.001998901367202 4.0950000286102304 43.004999160766609 8.6219997406005877 70.500000000000014 4.0050001144409189 3.5000000000000004 3.3925000429153447 4.3949999809265146 1.2812783122062685 0.96309915184974682 52.004999160766609 3.2350000143051152 48.004999160766609 0.010677785612642767 1.5000000000000002 15.549947738647463 4.0950000286102304 4.5950000286102304 4.0950000286102304 2501058509144064.5 5.5000000000000009 5.8500001430511483 0.9925418794155122 5.1099998950958261 5.5000000000000009 245.21841430664065 0.30364456772804266 37.93499946594239 550.74133300781261 0.13859882950782779 309.66522216796881 25.500000000000004 37.93499946594239 4.805000066757203 114.00500106811525 1.0000000180025095e-35 5.9500000476837167
decision_type=2 2 2 2 2 2 2 2 2 2 2 2 2 2 2 2 2 2 2 2 2 2 2 2 2 2 2 2 2 2 2 2 2 2 2 2 2 2 2 2 2 2 2 2 2 2 2 2 2 2 2 2 2 2 2 2 2 2 2 2 2 2
left_child=2 3 4 5 6 8 10 12 11 26 18 13 29 -2 53 20 21 24 25 -20 42 -6 23 -10 27 -1 40 -18 -24 30 -5 58 -13 38 36 49 -12 61 -19 57 52 -26 -9 44 -23 -31 59 -45 50 -17 51 -28 -4 56 -55 -41 -8 -16 -7 -39 -52 -11
right_child=1 -3 9 7 16 31 14 15 22 37 34 32 -14 -15 39 35 17 33 19 -21 -22 43 28 -25 41 -27 48 -29 -30 45 -32 -33 -34 -35 -36 -37 -38 46 -40 55 -42 -43 -44 47 -46 -47 -48 -49 -50 -51 60 -53 -54 54 -56 -57 -58 -59 -60 -61 -62 -63
leaf_value=-3.618245216204468 -2.7780303582560784 -3.7254244260695435 -2.6940645099514038 -2.315827935871444 -2.0390383966777956 -3.7249825091197319 -2.7658510425585567 -3.3002887665388974 -2.747303214440735 -2.0981647729364639 -2.2652340851582613 -3.3212216754547637 -3.7217014757410092 -2.2001678594544387 -3.3075259263058037 -2.4093573211519441 -3.3359085038368939 -2.1604722738946789 -3.3589655348663792 -2.2024389447277106 -1.9189471624040506 -3.5732941754610721 -1.9556012926516901 -2.154046844382659 -3.7230943352426169 -3.4579304267583506 -2.7318157377628429 -2.4754928370592548 -3.7183438578992796 -1.8340851468397399 -1.8474208992265104 -2.3547315359613212 -2.7817366105488617 -3.724473667300237 -1.9551267149629126 -3.0599550826926283 -3.7208205542950341 -3.7132025954297094 -3.7146148164819461 -3.0294238365507473 -2.220848550866239 -3.027863073576472 -2.2307819826628759 -3.2716895637221821 -2.925370815227105 -1.7200829088330876 -2.2474631560174627 -2.778917031327012 -2.8864350492308839 -2.0359598920651072 -3.3564387215047464 -3.7164061853784927 -3.4522537938504922 -2.9980795959261708 -3.7179079065644913 -3.3508783828677462 -3.7100389537591285 -3.5435503779957434 -2.8252473462934744 -2.9081826731223677 -3.7228124795136934 -1.8138134172122515
leaf_weight=4954.9890600703657 180.0240266919136 254.3098565749824 228.34783036261797 117.87967870011926 17.727265685796738 83.957717567682266 79.145560774952173 68.622432332485914 121.95264770835638 112.88121859356761 7.1302402503788498 101.47075503319502 13.269179500639437 303.98679482936859 50.969687972217798 54.444424755871296 34.523232657462358 9.1048906520009023 122.77015594393015 30.089136760681868 24.119837801903486 115.75107334926724 604.85010203719139 323.88462097197771 21.061806734651327 1118.3616473563015 12.930658742785456 303.35385240241885 6.706967093050479 982.77150681987405 1716.0132896080613 7.6610074304044238 97.201116144657135 47.045272774994373 25.746496196836233 13.875227831304072 10.663595162332056 3.5223640128970137 4.1013827547430983 52.860970132052898 38.329162932932377 44.265624687075615 5.624210759997367 85.947646833956242 21.226263742893934 3164.8425380438566 24.368422877043486 26.116470001637936 29.590582452714443 197.3511141911149 31.159518036991358 5.0905397720634928 6.3794372342526904 329.60006920993328 6.2727030366659156 46.461830575019121 2.6055843383073798 194.10718628764153 1.2406459003686894 8.7020796425640565 18.866360671818256 109.34710385650396
leaf_count=195007 4119 10541 4854 1620 120 3480 1782 2268 2711 1067 65 3399 550 3532 1690 835 1162 70 4205 325 116 4452 4168 3473 873 40515 267 5158 278 4463 8266 87 2223 1950 145 383 442 146 170 1461 436 1220 41 2794 534 7417 280 583 727 1648 1061 211 226 8974 260 1580 108 7354 13 207 782 421
internal_value=-2.69407 -1.99808 -3.3947 -1.94445 -3.46968 -2.36916 -3.52467 -1.82225 -2.30474 -2.47191 -3.56878 -2.59824 -1.79052 -2.4128 -3.1624 -2.34852 -2.94112 -2.77486 -3.57718 -3.12319 -2.87216 -3.23225 -2.11645 -2.31387 -2.67215 -3.58869 -2.78684 -2.56213 -1.97498 -1.78623 -1.87677 -3.57814 -3.0541 -3.46743 -2.39691 -2.15839 -3.09387 -2.02603 -2.61234 -3.40021 -2.63938 -3.24944 -3.2011 -3.3234 -3.46815 -1.74664 -2.5184 -3.1499 -3.20558 -2.11135 -3.35384 -2.99779 -2.71362 -2.96742 -3.01163 -3.17502 -2.79607 -3.49315 -3.70212 -3.12592 -3.49295 -1.95052
internal_weight=16837.6 8446.06 8391.51 8191.75 7762 1832.94 7031.77 6358.81 1740.08 629.515 6269.75 682.683 5994.78 484.011 762.024 364.037 730.225 463.456 6226.21 152.859 98.3665 266.769 1057.39 445.837 403.205 6073.35 370.694 337.877 611.557 5981.51 1833.89 92.8594 198.672 60.2515 43.5403 265.671 17.7938 258.821 13.2063 344.4 273.056 65.3274 74.2466 249.041 136.977 4147.61 36.5929 112.064 97.6377 251.796 68.0471 18.0212 234.727 417.624 335.873 99.3228 81.7511 245.077 85.1984 12.2244 50.0259 222.228
internal_count=359315 65631 293684 55090 282999 27483 263913 27607 23903 10685 240704 13273 22316 7651 23209 5291 19086 10603 240052 4530 2425 8483 10630 6184 8413 235522 8564 6320 4446 21766 9886 3580 5622 2190 652 2866 507 2121 240 12085 5516 2093 2309 8363 4986 11880 633 3377 3048 2483 2321 478 5080 11124 9234 3041 1890 9044 3493 353 1843 1488
is_linear=0
shrinkage=1


Tree=1
num_leaves=63
num_cat=0
split_feature=7 0 5 20 19 4 0 0 0 12 21 10 12 13 7 3 21 9 5 20 8 18 19 3 0 13 4 20 18 2 21 5 19 0 5 18 18 18 24 7 20 2 12 19 5 19 7 5 18 8 19 10 0 0 8 19 19 0 18 19 10 18
split_gain=89136.3 44138.6 13560.4 9507.89 7334.77 5360.49 2837.34 2784.85 2682.96 2516.82 2138.93 1899.76 2731.5 4374.78 1854.47 1732.49 1592.9 1551.41 2697.48 1215.21 1155.52 1084.16 1076.74 1211.69 1094.84 1007.57 949.472 941.615 933.889 912.284 1126.79 610.828 660.779 612.307 583.987 1475.91 655.113 528.727 522.261 470.727 459.186 400.749 682.427 400.614 323.383 280.748 255.558 229.662 326.615 321.671 353.379 414.935 253.032 333.508 227.435 193.312 164.773 158.525 296.794 155.377 146.839 137.487
threshold=4.1849999427795419 4.305000066757203 834.50000000000011 1.5698927640914919 621.40216064453136 45.500000000000007 3.8850001096725468 4.1949999332427987 4.6949999332427987 2.3993241786956792 2.5579880475997929 2.7975000143051152 2.0849295854568486 -0.0022460427135229106 5.1099998950958261 27.500000000000004 25055860.000000004 1.0900000333786013 179.50000000000003 0.62862789630889904 4.7599999904632577 17.918984413146976 54.629438400268562 5.5000000000000009 4.0950000286102304 -0.051428552716970437 9.5000000000000018 0.56830048561096203 2.5449078083038335 13.500000000000002 22.322518348693851 1.5000000000000002 78.38360977172853 4.4949998855590829 2.5000000000000004 156.94999694824222 282.38954162597662 97.170986175537124 0.035691952332854278 2.7949999570846562 0.43633897602558142 2.5000000000000004 1.20408171415329 232.33255004882815 1.0000000180025095e-35 3.6353195905685429 4.7900002002716073 2.5000000000000004 142.79580688476565 4.0850000381469735 101.83153915405275 4.6549999713897714 5.4200000762939462 5.2049999237060556 4.8949999809265146 0.1002597212791443 274.73713684082037 4.7099997997283944 223.89888763427737 126.70188903808595 4.1524999141693124 447.93930053710943
decision_type=2 2 2 2 2 2 2 2 2 2 2 2 2 2 2 2 2 2 2 2 2 2 2 2 2 2 2 2 2 2 2 2 2 2 2 2 2 2 2 2 2 2 2 2 2 2 2 2 2 2 2 2 2 2 2 2 2 2 2 2 2 2
left_child=1 3 9 4 7 10 21 17 31 11 37 15 22 27 -15 19 40 20 -19 38 -1 25 23 -13 -24 -6 -12 -14 -18 30 -17 33 55 45 36 -36 -9 -5 -2 -28 -8 42 -34 54 -23 -3 -31 49 52 57 51 -51 53 -49 -35 -33 -45 58 -10 -47 -57 -50
right_child=2 8 -4 5 6 -7 16 34 47 -11 26 12 13 14 -16 29 28 18 -20 -21 -22 44 24 -25 -26 -27 39 -29 -30 46 -32 32 41 43 35 -37 -38 -39 -40 -41 -42 -43 -44 56 -46 59 -48 48 61 50 -52 -53 -54 -55 -56 60 -58 -59 -60 -61 -62 -63
leaf_value=0.091685637575683931 0.41390866230604184 0.66900084707839913 -0.050969706479894676 -0.049747894118991248 0.28220112700956029 1.3340295144644452 0.10995038163763898 0.087061391227968091 -0.044437894661361811 -0.055590600932080694 -0.045673624008556402 0.34598392650129323 0.15785914352395786 -0.011028867772139468 0.32575687924020286 0.42099018985285319 0.8867574438065251 0.23632193227651321 -0.033625694607683845 -0.051584133584426678 0.37657413906639037 -0.005735099385966236 0.080899731385143989 0.32298232973564894 0.29260921462198602 0.064923637919099803 0.70151666857437311 -0.025647786399323247 -0.039252906678393387 0.4037308461764888 0.80199104546329814 0.41130921208988691 0.31516130547902121 0.015396944108588934 0.25188508394872156 0.54614061398222247 0.30338711997760903 0.66263542651999929 -0.046250954519472115 0.43042601555301147 0.41386333001730774 0.6123246112228542 -0.049346206116186155 0.46208315065848132 0.027171652406936461 -0.047072285416708819 0.35962698526669079 0.29305784269586127 0.42077884474762944 0.13895260677838062 0.12212883836385235 0.45108204198582968 0.37906839136252318 -0.046794699444076798 0.27487046681537824 -0.049641363123660041 0.25613412281326764 0.33677498142056861 0.29425366845206447 0.16262205536223573 0.14847755831937914 0.25145683522139339
leaf_weight=1334.3769309986383 32.755808318033814 1.7998220920562733 237.72360007092357 32.273757303133607 58.212647188454866 14.674020575359462 927.10121531412005 70.155533192679286 6.4125222582370034 42.513141073286533 8.8783193603157979 7606.5181143246591 154.63671761751175 43.237977646291256 718.47672658786178 89.99956220947206 9.5520425476133806 564.2461721431464 110.34603972546756 41.509534429758787 35.709184270352125 1296.8982416540384 87.577340628951788 26997.109012158588 209.01900890469551 556.82132720761001 22.524752721190453 126.38825024291873 3.5451131947338572 486.9382325746119 26.720342487096786 3.3403524979948989 405.93920447863638 28.536486309021711 167.02458817325532 58.437249537557364 71.323889845982194 1.8257655426859845 7.2903702761977902 104.53119646757841 11.755154231563209 10.911272224038838 12.974540663883088 10.58359571918845 1756.8990019243211 8.6780832298099977 2213.4825154691935 141.03991758450866 239.2988682501018 19.53563897870481 43.90623845718801 26.391143076121807 130.37151643261313 7.3098616264760485 11.101881042122839 17.065642070025206 612.83721969276667 1538.5673263911158 192.5266987234354 275.20031984336674 18.65618491359055 18.41524413600564
leaf_count=45806 182 17 10344 1244 1833 46 29715 1839 180 497 346 25120 732 460 1161 283 118 10454 4064 993 302 49814 1873 29017 1595 18978 39 1281 119 496 38 11 6058 601 2746 1257 1910 33 158 409 192 70 267 144 66138 190 1185 1331 1117 195 496 106 247 120 63 397 12218 10832 3513 7973 211 141
internal_value=0.289941 0.16416 0.325297 0.0916337 0.0822945 0.444822 0.0453861 0.152963 0.302519 0.327599 0.360703 0.328019 0.324834 0.244489 0.306644 0.367394 0.12226 0.130079 0.192174 0.137914 0.0993837 0.0254105 0.327227 0.328049 0.230596 0.0859217 0.448939 0.0755126 0.650748 0.373984 0.514326 0.247694 0.295108 0.22397 0.279762 0.33025 0.197516 0.00604433 0.330929 0.483628 0.114197 0.313017 0.303769 0.25054 0.0131977 0.161623 0.367728 0.335279 0.366631 0.325876 0.227929 0.32421 0.325452 0.276077 0.0931686 0.0950254 0.260373 0.330804 0.283144 0.156051 0.0549183 0.409718
internal_weight=50120.4 10998.5 39121.9 7217.11 7032.4 184.708 4620.78 2411.62 3781.4 38884.2 170.034 38841.7 35943 1042.74 761.715 2898.7 951.954 2044.68 674.592 81.5557 1370.09 3668.83 34900.2 34603.6 296.596 615.034 135.934 281.025 13.0972 2817.14 116.72 1417.62 468.887 948.737 366.941 225.462 141.479 34.0995 40.0462 127.056 938.856 429.825 418.914 663.059 3053.8 285.678 2700.42 2363.77 536.435 1827.34 89.833 45.9268 278.721 148.35 39.6384 39.0622 623.421 1737.51 198.939 283.878 35.7218 257.714
internal_count=359315 283900 75415 237402 235285 2117 166907 68378 46498 65071 2071 64574 61239 3634 1621 3335 30144 60626 14518 1333 46108 136763 57605 54137 3468 20811 794 2013 237 2002 321 28220 7014 21206 7752 4003 3749 1277 340 448 29907 6395 6325 13026 115952 8180 1681 18278 2956 15322 797 301 1698 1451 664 619 12362 14525 3693 8163 608 1258
is_linear=0
shrinkage=0.05


Tree=2
num_leaves=63
num_cat=0
split_feature=7 0 5 23 0 18 11 16 5 24 0 23 6 18 23 10 0 16 10 5 0 18 8 5 15 16 4 15 2 7 8 23 2 15 2 2 15 10 23 16 14 18 18 7 8 0 15 0 24 7 18 18 0 16 18 18 0 7 7 18 10 18
split_gain=50106.5 24958.6 7986.51 5774.6 2767.27 2220.85 2005.85 2685.37 1532.92 1513.86 1451.06 1421.53 3741.98 992.649 1249.45 1224.5 1161.43 2099.56 2931.45 968.666 922.468 973.466 767.191 2541.76 745.956 722.522 701.961 686.04 681.805 667.797 653.852 582.132 544.727 542.988 512.398 487.809 481.679 5313.32 468.791 452.754 411.845 400.385 394.918 380.719 347.227 346.682 324.424 534.234 309.381 295.334 283.411 1059.3 394.247 275.787 272.729 218.069 217.168 201.684 198.561 193.635 168.742 248.188
threshold=4.1849999427795419 4.1949999332427987 834.50000000000011 79338863067136.016 4.6949999332427987 6.2027976512908944 6.5000000000000009 0.70153161883354198 1.5000000000000002 -0.46727405488491053 3.8850001096725468 0.084537927061319365 1.0000000180025095e-35 0.76982304453849804 0.099801037460565581 3.1999999284744267 4.6949999332427987 0.75066137313842785 4.0025000572204599 1.5000000000000002 4.4949998855590829 3.8138769865036015 5.0699999332427987 169.50000000000003 8.5000000000000018 0.052651667967438705 42.500000000000007 7.5000000000000009 50.500000000000007 4.6649999618530282 4.1949999332427987 2.0514693260192876 3.5000000000000004 4.5000000000000009 9.5000000000000018 5.5000000000000009 110.50000000000001 2.9499999284744267 81523895231840272 0.40021881461143499 12.500000000000002 160.7404708862305 2.027076363563538 4.2650001049041757 3.4050000905990605 5.3150000572204599 176.50000000000003 3.8850001096725468 -0.59375539422035206 5.1099998950958261 362.70770263671881 480.14193725585943 4.2049999237060556 0.99457988142967235 14.077506542205812 88.049926757812514 5.1099998950958261 3.6650000810623173 5.0699999332427987 578.98843383789074 4.7049999237060556 113.79700088500978
decision_type=2 2 2 2 2 2 2 2 2 2 2 2 2 2 2 2 2 2 2 2 2 2 2 2 2 2 2 2 2 2 2 2 2 2 2 2 2 2 2 2 2 2 2 2 2 2 2 2 2 2 2 2 2 2 2 2 2 2 2 2 2 2
left_child=1 3 13 6 19 9 8 -8 10 32 -1 12 -10 22 15 49 17 18 -16 20 21 -3 23 28 -13 50 42 -19 31 46 34 -2 48 41 -27 43 37 -31 -30 -32 -25 44 -11 -17 -7 -18 47 -24 -5 -15 52 -52 -21 -38 -47 -22 60 -28 -37 -12 -6 -62
right_child=2 4 -4 5 56 33 7 -9 11 26 59 24 -14 14 16 35 45 27 -20 25 55 -23 29 40 -26 30 57 -29 38 36 39 -33 -34 -35 -36 58 53 -39 -40 -41 -42 -43 -44 -45 -46 54 -48 -49 -50 -51 51 -53 -54 -55 -56 -57 -58 -59 -60 -61 61 -63
leaf_value=0.0016752953650917995 0.21686935759821285 0.54065422337896163 -0.050898402289993518 -0.044388405817420033 0.22998783573505241 0.30637481291086766 -0.0503506210164456 0.49839947241080651 0.080471911626265991 0.29305140152341969 0.028192588695199635 0.035778625667815485 0.32951667861620182 -0.050777795875932424 0.069318058135352772 0.39362968987491515 0.24560609652056478 0.22445928711105367 0.21197274558900783 0.40132534272814191 -0.047268670068266044 0.10953378867610607 -0.056601251368506335 -0.053567010208628078 0.12961973945002639 0.084852245148038741 0.17536016889202893 0.2573377276256853 -0.053308755004999611 0.056182142854526364 0.25855423932300969 0.29584999492398245 0.62417327590253668 0.28721284066745872 0.41425340675724098 0.074775424255931075 0.2696413520947713 0.24979085453854388 0.23203218245744181 0.14845635086945072 0.18824596000161675 0.3711764758433907 0.11044173181119615 0.29259084725505924 0.01787562688782952 0.26399528446298343 0.34053059137378794 0.18482839413857233 0.54444866964914596 0.36889341038893186 0.023390695630267234 0.33110682658339274 0.25691129249056738 0.20711044187776362 0.32971451298323118 0.19145965832676493 0.25460724042582256 -0.052761360389977953 0.22957934134950586 0.11767409157099576 0.19605311094390454 -0.051578958335193652
leaf_weight=1970.0220053046942 273.03889281302691 12.364250425249336 226.43986313790083 6.1222550030797702 1331.3382682818919 10.144366176798938 36.266364177688956 56.111866863444448 1344.1700951661915 274.57135982811451 73.697845201939344 2001.8596905674785 169.14039819687605 33.165001293644309 491.53421470709145 113.15497374534607 4018.4768238663673 6123.2091800775379 1360.6214072555304 64.26361108571291 9.284034311771391 915.15783369727433 37.941120089963078 64.727216172963381 236.17197442799807 200.46393693052232 15.692574501037596 2237.1065005976707 24.479458976536989 360.20570296421647 237.98160267435014 2509.9169466551393 39.756485413759947 27.814078884199262 11.665445191785691 28.897465687245131 3697.825262401253 25010.246045345441 32.812527596950531 163.21181055903435 23.051965609192848 8.4189700894057733 35.093296444043517 1005.2258511967957 166.56191112101078 721.08156960457563 13.907100304961203 55.347298748791218 2.3824148979038 3.7784158643335095 51.491739492863417 60.743129346519709 240.47955616749823 205.02781791612506 232.94237566366792 821.80485045164824 1703.4914627075195 22.249021844938397 87.051235467195511 360.21652428433299 38.115638546645641 13.127658993005751
leaf_count=74790 1677 112 10344 159 13665 292 1258 176 45943 1451 2354 63819 3102 945 7224 436 4330 12700 5783 933 214 23823 411 1545 5459 4432 44 2450 400 2793 1965 5637 131 145 18 226 874 14074 39 1440 102 138 567 2085 3962 427 5 116 20 27 1072 850 3096 451 255 12812 4287 355 59 10690 175 151
internal_value=0.222166 0.133777 0.245133 0.0689571 0.209399 0.215838 0.0546111 0.284682 0.0511117 0.285783 0.0199273 0.0710834 0.10851 0.246509 0.236382 0.284405 0.232343 0.222585 0.174175 0.173152 0.15039 0.115862 0.251659 0.276469 0.0457371 0.211816 0.247983 0.233287 0.284656 0.249177 0.176657 0.288184 0.547379 0.0850545 0.104849 0.292888 0.249636 0.247045 0.111204 0.214258 0.011285 0.0532745 0.272795 0.303161 0.0360968 0.252333 0.122803 0.0870252 0.159964 0.0006036 0.262974 0.191429 0.288594 0.266412 0.280376 0.188733 0.242088 0.0435412 0.19201 0.102587 0.226486 0.132745
internal_weight=61722.7 12731.4 48991.2 6856.46 5874.98 608.807 6247.66 92.3782 6155.28 395.867 2403.94 3751.34 1513.31 48764.8 16456.2 1271.27 15185 10212.5 1852.16 2788.91 1758.61 927.522 32308.5 2928.03 2238.03 1030.3 347.606 8360.32 2840.25 29380.5 613.323 2782.96 48.2612 212.939 212.129 1234.33 29273.3 25370.5 57.292 401.193 87.7792 185.125 309.665 1118.38 176.706 4972.5 107.196 93.2884 8.50467 36.9434 416.978 112.235 304.743 3902.85 954.024 831.089 3086.07 37.9416 115.949 433.914 1382.58 51.2433
internal_count=359315 283900 75415 214855 69045 7264 207591 1434 206157 2727 87834 118323 49045 65071 36947 3778 33169 28157 13007 50767 36961 23935 28124 9400 69278 13806 2417 15150 7753 18724 7855 7314 310 4537 4450 2806 18192 16867 439 3405 1647 4392 2018 2521 4254 5012 532 527 179 972 5951 1922 4029 1325 682 13026 18278 399 285 13044 13991 326
is_linear=0
shrinkage=0.05


Tree=3
num_leaves=63
num_cat=0
split_feature=7 0 3 1 23 1 13 11 10 23 21 0 24 11 22 6 22 22 1 1 10 23 23 22 22 22 1 24 21 17 0 13 24 0 23 0 11 22 3 7 24 0 12 22 22 24 0 21 22 1 21 23 21 22 11 11 1 1 9 11 6 0
split_gain=34168.1 16096.8 4707.29 4410.42 3951.67 2638.46 1911.64 1393.64 1489.65 1211.61 1187.41 977.466 920.712 779.106 703.92 690.898 664.532 629.268 622.239 1737.45 691.707 571.765 552.858 686.758 537.768 641.346 517.678 505.254 497.256 445.202 410.119 404.359 395.864 371.079 347.269 2824.75 814.406 493.206 915.755 510.935 344.195 339.566 560.774 299.697 298.078 286.863 339.232 326.479 553.917 326.607 283.776 268.591 258.09 254.922 249.409 244.021 232.591 231.594 229.22 226.791 294.504 265.901
threshold=4.1849999427795419 4.1949999332427987 463.50000000000006 35.001499176025398 79338863067136.016 613.19500732421886 -0.050000060349702828 6.5000000000000009 2.717499971389771 0.01563982013612986 2.5579880475997929 5.1099998950958261 -4.0560712814331046 2.5000000000000004 15.611403465270998 1.5000000000000002 14.767840385437013 16.342941284179691 70.001998901367202 465.03950500488287 3.5500000715255742 1.4125363230705263 0.89849010109901439 17.794147491455082 14.332015037536623 14.304471969604494 569.09851074218761 -0.43872077763080591 99500124.000000015 0.66731771826744091 2.5049999952316289 -0.023631368763744828 -1.0000000180025095e-35 4.5950000286102304 1.7800663709640505 3.8850001096725468 1.5000000000000002 17.369933128356937 88.500000000000014 4.6649999618530282 0.0049496262799948463 4.6949999332427987 1.1389359235763552 16.403818130493168 17.571660041809086 6.6030540466308603 4.305000066757203 17761735.000000004 15.100024700164797 23.755000114440922 223414280.00000003 223607204610048.03 14807760.000000002 15.780285358428957 6.5000000000000009 5.5000000000000009 496.41000366210943 2.4750000238418584 1.9699999094009402 1.5000000000000002 5.5000000000000009 4.5950000286102304
decision_type=2 2 2 2 2 2 2 2 2 2 2 2 2 2 2 2 2 2 2 2 2 2 2 2 2 2 2 2 2 2 2 2 2 2 2 2 2 2 2 2 2 2 2 2 2 2 2 2 2 2 2 2 2 2 2 2 2 2 2 2 2 2
left_child=1 4 18 45 5 6 9 12 -9 16 15 14 -8 -11 26 24 -1 -17 29 20 -20 32 59 -24 25 -6 51 52 53 30 40 -29 -16 -28 35 36 -31 38 -36 -39 50 42 -32 -23 -30 46 47 49 -49 -3 -2 -5 -12 -22 -26 -42 -13 -54 -33 61 -61 -21
right_child=2 3 -4 11 10 -7 7 8 -10 13 27 56 -14 -15 21 17 -18 -19 19 22 28 43 23 -25 54 -27 33 31 44 34 41 58 -34 -35 37 -37 -38 39 -40 -41 55 -43 -44 -45 -46 -47 -48 48 -50 -51 -52 -53 57 -55 -56 -57 -58 -59 -60 60 -62 -63
leaf_value=-0.043035369128898555 -0.056209503692645005 0.1622766327935308 -0.052170255267131788 0.069536157362765069 -0.040480101395992056 0.80329684447602079 0.16220311943414767 0.33160259162129169 -0.05187762003285297 0.24305798208025942 0.37402761404473928 0.1617957018385705 0.035686888243756536 0.06303785473747496 -0.050423062186965344 0.3069628976746801 0.54240754875441688 0.042361480507987825 -0.05375288867750555 0.42810402568515643 -0.051676126886758544 0.13380564654716615 0.016354192649607427 0.20213020463460346 -0.012971259083306406 0.81494562583417829 0.25382348270391952 -0.051767891809135186 0.19600526761795461 0.43034104228167269 0.16112482871805442 0.21270445593626275 0.25981279685866671 -0.048526092455396456 0.22053626381650165 0.20646873504661786 0.013921796168493056 0.095146769698185654 -0.053802669634845951 0.20331144428634793 0.02549224102382884 0.20658075127675338 0.1946261402894322 -0.053305125011346134 0.074414057198006492 0.34113261555621027 0.19778473164862659 0.44938272055214956 0.06201084252758992 0.056072788193764114 0.14926283212138511 0.22498638685336536 0.39391627008772967 0.086975213110091695 0.20231661136594306 0.21032967555452192 0.26498435024993339 -0.048505639354322616 -0.049962369303160559 0.1139273477967685 0.2883844342507928 0.12610421183602044
leaf_weight=5.6011766064912072 40.313406758010387 410.70292932167649 184.38103906996548 1418.8667279388756 3.99045506119728 10.580748450011013 146.44801051728427 80.266181707382202 36.403733007609844 99.344981152564287 67.713937221094966 276.2971727438271 6017.3221205361187 152.6495119407773 10.803236082196234 53.161809062585235 28.835289819166064 39.105839762836695 66.28301851823926 44.097041610628366 40.049501722678542 72.448399662971497 53.687741354107857 721.2859359420836 148.43776789493859 3.6022928692400455 63.470453474670649 15.385989805683492 193.01582516729832 11.306159436702726 1497.5602956209332 354.12954291142523 130.70361374691129 11.667883843183516 5741.4285683631897 1799.3668300770223 258.74811251834035 112.27003258652985 30.196099780499935 32072.675873782486 22.966598985716701 4547.263704566285 8914.1868197377771 29.512899063527584 70.645297758281231 33.726020714268088 4249.6396820116788 22.529163382947445 15.836923837661741 89.717266604304314 27.357258636504412 27.60052883066237 3.5057549048215142 175.75471590831876 13.783086676150559 85.396282119676471 72.258163392543793 8.033717015758155 8.121795888990162 33.767848147079349 106.49158906564116 10.00863293558359
leaf_count=186 539 7460 7573 28378 116 131 3950 259 1145 2402 216 1407 195596 3676 150 141 246 435 1227 280 806 798 569 277 3521 28 1032 251 1082 83 6312 2282 1000 228 12245 2421 5730 500 582 15016 219 3621 14105 401 231 85 25312 96 170 1856 95 525 19 1484 9 52 147 139 107 229 78 59
internal_value=0.182439 0.11314 0.199782 0.167677 0.0612823 0.0490991 0.0477611 0.0419815 0.212481 0.173882 0.172509 0.107363 0.0387195 0.134708 0.0921511 0.087162 0.448515 0.196527 0.200602 0.168572 0.0969274 0.171063 0.208762 0.189304 0.0269069 0.412395 0.0794173 0.221158 0.117837 0.201479 0.194032 0.196028 0.235905 0.206787 0.20429 0.183847 0.0328975 0.205399 0.219091 0.202937 0.116917 0.194932 0.189824 0.0796058 0.163849 0.194084 0.192976 0.154745 0.295246 0.143396 0.0277481 0.0726592 0.336903 0.0611012 0.00641749 0.171792 0.183899 0.106201 0.20668 0.28495 0.247523 0.375632
internal_weight=71092.7 14232.2 56860.5 6935.78 7296.42 6577.45 6566.87 6280.44 116.67 286.431 718.972 2113.63 6163.77 251.994 1765.07 262.081 34.4365 92.2676 56676.1 1515.09 545.748 243.468 969.339 774.974 169.814 7.59275 1521.61 456.891 479.465 55161 15135 377.637 141.507 75.1383 40026 2069.42 270.054 37956.6 5771.62 32184.9 176.034 14959 10411.7 101.961 263.661 4822.15 4788.43 538.786 38.3661 500.42 67.6707 1446.47 79.2534 215.804 162.221 108.363 348.555 11.5395 362.251 194.365 140.259 54.1057
internal_count=359315 283900 75415 69045 214855 207591 207460 200950 1404 6510 7264 34066 199546 6078 32512 4250 432 576 67842 6322 4830 2349 1492 846 3674 144 30163 3014 3603 61520 24943 2640 1150 1260 36577 8234 5813 28343 12827 15516 905 24038 20417 1199 1313 34979 34894 9582 266 9316 634 28903 374 2290 3530 271 1554 158 2389 646 307 339
is_linear=0
shrinkage=0.05


Tree=4
num_leaves=63
num_cat=0
split_feature=7 0 5 12 1 16 23 3 10 5 20 16 1 1 19 20 12 12 1 6 0 16 0 5 10 1 14 10 0 5 19 10 12 16 19 19 8 1 19 0 1 0 1 1 5 12 16 1 1 19 22 22 0 16 0 19 20 7 22 22 1 8
split_gain=26018.2 11209.4 4184.19 3048.68 2863.81 1905.26 2558.88 2057.72 1688.54 1419.94 1242.56 1130.12 1119.23 1076.29 1007.07 962.259 952.695 900.542 766.19 742.271 1635.88 1140.28 702.511 733.945 712.426 814.431 650.744 634.828 608.557 579.039 539.292 521.901 732.2 468.047 430.464 357.205 345.186 344.646 315.295 304.171 303.108 294.685 598.644 268.686 1286.94 267.533 213.896 179.19 160.74 151.81 157.156 442.45 403.159 232.816 302.485 176.767 159.028 150.561 141.26 226.408 275.791 173.833
threshold=4.1849999427795419 4.1949999332427987 834.50000000000011 1.0588235259056094 35.001499176025398 0.58359211683273327 0.019254887476563457 9.5000000000000018 2.7274999618530278 1.5000000000000002 0.99318918585777294 0.081646312028169646 613.19500732421886 19.704999923706058 2.5118931531906132 0.36298181116580969 1.0689654946327212 2.37049412727356 512.20498657226574 2.5000000000000004 4.3949999809265146 0.98390334844589245 3.8850001096725468 1.0000000180025095e-35 4.7650001049041757 73.415000915527358 1.0000000180025095e-35 2.992499947547913 4.5950000286102304 5.5000000000000009 659.88781738281261 2.7975000143051152 2.1493430137634282 0.18758670240640643 678.70220947265636 35.309854507446296 4.3900001049041757 40.002500534057624 859.49984741210949 4.7099997997283944 227.0100021362305 4.6949999332427987 5.7504999637603769 10.000500202178957 1.5000000000000002 1.1764705777168276 0.066716123372316374 36.895000457763679 613.19500732421886 0.23242208361625674 15.550014972686769 15.858222961425783 4.2950000762939462 0.34787365794181829 4.2950000762939462 1.5875423550605776 0.94411861896514904 3.7949999570846562 17.369933128356937 15.813388824462892 14.994999885559084 4.305000066757203
decision_type=2 2 2 2 2 2 2 2 2 2 2 2 2 2 2 2 2 2 2 2 2 2 2 2 2 2 2 2 2 2 2 2 2 2 2 2 2 2 2 2 2 2 2 2 2 2 2 2 2 2 2 2 2 2 2 2 2 2 2 2 2 2
left_child=1 3 14 12 41 6 7 10 29 18 -5 15 22 27 49 -8 -13 19 28 20 21 -16 23 -1 25 -24 -15 -10 47 -7 33 -21 -33 37 35 -20 -22 -11 -25 -35 -30 42 -3 46 -45 -31 -44 -6 -36 58 53 52 -52 55 -55 -51 -53 -32 59 60 -2 -61
right_child=2 4 -4 5 9 8 11 -9 13 30 -12 16 -14 26 17 -17 -18 -19 34 31 36 -23 24 38 -26 -27 -28 -29 40 45 57 32 -34 39 48 -37 -38 -39 -40 -41 -42 -43 43 44 -46 -47 -48 -49 -50 50 51 56 -54 54 -56 -57 -58 -59 -60 61 -62 -63
leaf_value=-0.0085409576662616657 0.1557525708360683 -0.052477673635880573 -0.050819709508012678 0.33231564951414055 0.16701339221535536 -0.048909985579273674 0.63163293787308916 -0.051127327547518857 -0.05384688611987043 -0.052354592661635529 -0.049509469431367033 0.19822667187756315 0.38262119987818488 0.10060606023892593 0.055599400415951516 -0.04561820729429944 0.019141317726328846 -0.057303362706920075 0.44949372391110887 0.1886815645273475 0.23415464064165642 0.14938290150655867 0.10006054409550991 0.062370311307819698 0.38174330489754099 -0.003651769752438268 0.25619667045246181 0.087260503613718773 0.095515846314637609 0.15190358115440494 0.0098025938091514837 0.16366147065972811 0.075279783229442579 0.073478282707333545 0.23171547626425643 -0.051431784690929627 0.16304512897536794 0.18457010162608223 0.025643756366178744 0.18107054708606413 -0.053256435764794878 0.16879239815313896 0.16975626169751371 0.054623616667175169 0.19572041877109392 0.25700327878024554 0.12234694261752964 0.0076941953598835605 0.058731788785253251 0.23427855765954642 -0.020529457672227719 0.17110402654438886 0.15623116851374991 0.031552931182299578 0.25793343799668161 0.55415415976014415 0.18627651683368382 0.26001172055534377 0.1766253259216185 0.27765639495577998 -0.052684825411544234 0.19076805983583783
leaf_weight=1334.5844530649483 72.522249061614275 37.294290779158473 213.17488888837397 172.51439184136689 17.172892514616251 18.097717896103859 13.443595299497249 58.487330853939056 120.0754037424922 15.354158710688351 23.99089740216732 78.032651586458087 21.683715157210827 151.22395400516689 740.96788959205151 8.0146940387785417 1239.8606169465929 46.688861913979053 3.0126010887324801 2193.1621576342732 201.32963003963232 578.23321991972625 556.66796627081931 828.47703575901687 17.179228864610195 286.32014666870236 123.47665687277913 232.7756746225059 482.60639391466975 80.637957978993654 92.590358853340149 12803.377317821607 241.41161680594087 246.07142635062337 102.02015496790409 30.464782811701298 1403.7551492787898 548.39818916469812 1991.166605912149 90.344480086117983 36.178900972008705 3360.2938329875469 1194.8777731657028 345.90179216489196 304.35306292958558 339.44909752905369 315.07382249459624 624.21264257654548 16.471104770898819 12.789795063436033 57.051802475005388 22397.021560426801 72.480587288737297 21.44493180513382 48.998134408146143 8.8124769143760187 2031.7063334062696 5.4423045925796023 17793.148299977183 63.582035087049007 19.656384509056807 2231.9637580756098
leaf_count=49786 387 672 10344 2307 309 556 79 1792 2568 212 751 2086 131 2884 9007 237 33540 491 7 1179 920 3274 14407 24549 93 8079 311 3185 6309 269 1656 18274 1116 3210 1111 616 3866 4828 66512 563 585 10986 13211 5599 2453 733 2058 14392 197 99 742 15577 299 214 111 39 664 71 5324 119 257 3112
internal_value=0.155844 0.0979199 0.170095 0.0550042 0.139885 0.098297 0.0636306 0.208494 0.150045 0.0930233 0.285659 0.0359121 0.0321207 0.0971917 0.170843 0.387688 0.029891 0.160864 0.0587565 0.161428 0.138178 0.0967925 0.0305281 0.0219998 0.0716366 0.0648662 0.171237 0.039211 0.0448364 0.225335 0.137958 0.16588 0.162032 0.150078 0.164006 0.00523094 0.172108 0.178027 0.0364549 0.102838 0.0850487 0.159343 0.144822 0.148253 0.120871 0.237249 0.159954 0.012221 0.208404 0.174892 0.172146 0.171883 0.0787788 0.239536 0.190493 0.383735 0.172374 0.0262288 0.178238 0.190176 0.111163 0.193297
internal_weight=78817.6 15564.3 63253.3 7696.16 7868.13 2660.08 1594.34 254.993 1065.74 2310.34 196.505 1339.35 5036.08 627.552 63040.1 21.4583 1317.89 18208.9 1312.14 18162.2 2924.29 1319.2 5014.4 4154.23 860.167 842.988 274.701 352.851 1160.17 438.185 998.201 15238 13044.8 900.168 151.969 33.4774 1605.08 563.752 2819.64 336.416 518.785 5557.79 2197.5 2160.21 650.255 420.087 1509.95 641.386 118.491 44831.2 24650.3 24558.3 129.532 92.0453 70.4431 21.6023 24428.7 98.0327 20180.9 2387.72 92.1786 2295.55
internal_count=359315 283900 75415 214855 69045 51298 40792 4850 10506 34066 3058 35942 163557 8948 65071 316 35626 38127 23526 37636 17067 12281 163426 140847 22579 22486 3195 5753 21595 1558 10540 20569 19390 8813 1931 623 4786 5040 91061 3773 6894 34979 23993 23321 8052 1002 15269 14701 1308 26944 17745 17282 1041 463 325 138 16241 1727 9199 3875 644 3231
is_linear=0
shrinkage=0.05


Tree=5
num_leaves=63
num_cat=0
split_feature=7 0 5 23 1 13 19 18 19 15 0 1 1 19 1 0 24 15 0 6 4 5 16 5 1 24 23 0 23 23 4 17 0 23 4 0 5 1 7 0 13 23 23 9 1 18 18 19 1 1 18 4 18 2 16 1 16 0 19 19 4 13
split_gain=19975.2 8735.23 3242.97 3048.5 2000.26 1256.61 1235.65 925.166 907.171 1477.69 1213.48 1193.29 1222.27 875.596 860.689 842.62 774.13 650.485 1136.87 1120.82 1614.47 1068.11 685.94 1603.06 533.104 665.93 512.208 491.281 449.801 444.756 655.741 426.276 389.602 388.905 378.932 374.875 369.604 413.766 486.517 365.895 344.233 342.673 330.23 360.768 328.088 312.722 307.561 298.216 279.377 276.693 257.763 404.421 241.126 237.429 577.355 231.497 216.096 214.536 213.75 285.874 258.807 200.193
threshold=4.1849999427795419 4.1949999332427987 834.50000000000011 79338863067136.016 35.001499176025398 -0.050000060349702828 688.66018676757824 13.011324882507326 859.49984741210949 7.5000000000000009 3.6950000524520878 16.005000114440922 53.004999160766609 2.2203239202499394 569.09851074218761 3.8850001096725468 -10.745800018310545 7.5000000000000009 4.0950000286102304 17.500000000000004 69.500000000000014 300.50000000000006 0.68427395820617687 198.50000000000003 7.9995000362396249 0.80000004172325145 5001769931243521 3.7949999570846562 223607204610048.03 19907145499672580 214.50000000000003 1.9964285492897036 4.4949998855590829 26636253298425860 65.500000000000014 4.0950000286102304 2.5000000000000004 110.00049972534181 1.0000000180025095e-35 5.5199999809265146 -0.062857132405042634 34.252059936523445 0.23363447189331057 1.0000001192092898 8.0009999275207537 214.14318847656253 637.14471435546886 18.490462303161625 613.19500732421886 67.005001068115249 0.15464583039283755 5.5000000000000009 164.761344909668 258.50000000000006 0.97628420591354381 613.19500732421886 0.35091777145862585 4.3949999809265146 23.825433731079105 58.264444351196296 1.5000000000000002 -0.0072397347539663306
decision_type=2 2 2 2 2 2 2 2 2 2 2 2 2 2 2 2 2 2 2 2 2 2 2 2 2 2 2 2 2 2 2 2 2 2 2 2 2 2 2 2 2 2 2 2 2 2 2 2 2 2 2 2 2 2 2 2 2 2 2 2 2 2
left_child=1 3 13 5 39 24 36 34 11 15 -11 16 -13 53 28 -10 -7 18 19 20 -15 -21 23 27 35 31 52 -19 32 47 -31 -26 -8 -28 50 40 46 45 -39 44 -1 -27 56 -44 -3 -38 48 -24 -6 -48 51 -5 -9 -2 -55 57 -20 -16 60 -60 -46 -52
right_child=2 4 -4 7 6 8 14 26 9 10 -12 12 -14 17 55 -17 -18 22 42 21 -22 -23 29 -25 25 41 33 -29 -30 30 -32 -33 -34 -35 -36 -37 37 38 -40 -41 -42 -43 43 -45 58 -47 49 -49 -50 -51 61 -53 -54 54 -56 -57 -58 -59 59 -61 -62 -63
leaf_value=-0.051474295189335544 0.15411292539109103 0.046609757362884578 -0.050751544539419324 0.34527724770776946 0.073690258342876194 0.31971352820234933 -0.0034862272522682876 -0.023391544224084907 0.0067068816303391624 0.13556004706894462 0.81667645808828859 0.13655842998903767 0.040218591228855655 0.10211010371215695 0.38431168097227536 0.071983136190829911 0.014594750494449618 0.067221245854734629 0.1749138964512198 0.15446333042547675 -0.061525403659960433 -0.059281249198438947 0.1611423394052319 -0.041171933630145922 0.21583719022501691 -0.05150836399543493 0.21304398265585356 0.15775143964239347 0.38548014218554 0.14323485703918368 -0.029607039828389161 -0.049528165442587459 0.058020411577348441 -0.05350880932694177 -0.052294635193596756 0.52633395652350234 0.14956929576147648 0.12914499935815762 -0.022585864584297566 0.15903848248931587 0.21342216430109368 0.41558960767461289 0.12533943742314688 0.1479745035213654 0.31207154525607744 0.2548862810168338 -0.047654038193197357 0.19241525088785968 0.33993420204289887 0.27563120535946978 0.071951220504093347 0.17587622724572008 0.31417996377656587 0.16124854410775927 -0.059943925559883197 0.050784085069905886 0.1044361407057435 0.17347878979658107 -0.054520997592000776 0.13235264555591975 0.13867624606132364 0.16355254877284409
leaf_weight=66.267893666401505 47137.159792542458 113.81242696195841 200.98619252815843 48.484932059422135 566.17840055376291 20.213981710374355 445.07107766345143 136.84934992156923 3623.2340331505984 171.59649656526744 5.8617772646248332 705.85933135822415 618.77806977182627 2278.9848948214203 21.63824524730444 571.59674768149853 1051.7502443343401 188.99542165920138 1169.7523482777178 1470.6722358837724 160.72408299334347 60.335889114066958 3567.2390833236277 139.40195681713521 217.7726277820766 42.84896126203239 57.049226488918066 769.65658728592098 8.0934707447886449 1532.0562072023749 56.539008460938931 15.865217508748172 608.97200341150165 17.412912528961897 19.222915379330516 2.4868179298937312 264.47337713651359 318.72462702915072 62.899307526648045 1599.0620360076427 13.99832336232066 3.312655482441186 2670.5069639757276 5532.7776690609753 36.658990155905485 100.7087265253067 7.7563829831778994 1018.4776022117585 9.128618158400057 34.879150997847319 72.311621570959687 145.39732043072581 4.5011068545281878 84.187757167965174 44.433224488049746 17.703876245766878 126.26668635010719 33.320019863545895 20.020792722702026 4488.3506159707904 58.197615467011929 423.49334530159831
leaf_count=1719 25258 1286 10232 409 7745 243 10569 3515 125624 2177 50 15088 16651 11974 192 14208 26611 1785 1923 1112 1461 561 1841 2704 3025 1056 239 927 75 1380 416 365 8663 206 334 14 1763 2688 978 1032 257 36 7563 4440 174 607 144 811 74 348 515 145 55 22 540 203 315 243 238 32192 228 1858
internal_value=0.137507 0.0887846 0.149557 0.0511392 0.123177 0.0400505 0.085249 0.136514 0.0351796 0.0216177 0.162537 0.0599 0.0916232 0.15015 0.0466279 0.0156178 0.0206456 0.141537 0.134981 0.112429 0.0913072 0.146003 0.153658 0.116976 0.130631 0.163507 0.0455721 0.139998 0.0351235 0.160161 0.137065 0.197662 0.0320657 0.150762 0.164089 0.018789 0.117301 0.141057 0.10413 0.138169 -0.00315743 -0.00978112 0.144394 0.140623 0.131062 0.179244 0.0884019 0.16813 0.078506 0.216959 0.170194 0.219819 -0.0104754 0.153927 0.0849242 0.211965 0.168137 0.261962 0.133138 0.13151 0.208297 0.150375
internal_weight=85081 16871.8 68209.2 8056.17 8815.65 7131.44 2499.55 924.723 6768.89 4372.29 177.458 2396.6 1324.64 68008.2 1134.8 4194.83 1071.96 20742.4 13470 3970.72 2439.71 1531.01 7272.37 1098.05 362.552 279.799 215.813 958.652 1062.14 6174.31 1588.6 233.638 1054.04 74.4621 708.91 82.753 1364.75 746.806 381.624 6316.1 80.2662 46.1616 9499.3 8203.28 4717.04 365.182 617.943 4585.72 575.307 42.6355 689.687 193.882 141.35 47265.8 128.621 72.6621 1296.02 54.9583 4603.23 4508.37 94.8566 495.805
internal_count=359107 283842 75265 214400 69442 207124 34292 7276 200652 142059 2227 58593 31739 65033 19945 139832 26854 39213 29349 15108 13435 1673 9864 5416 6472 4482 4015 2712 19307 4448 1796 3390 19232 445 3261 1990 14347 6036 3666 35150 1976 1092 14241 12003 34118 2370 8311 2652 7819 492 2927 554 3570 25820 562 638 2238 435 32832 32430 402 2373
is_linear=0
shrinkage=0.05


Tree=6
num_leaves=63
num_cat=0
split_feature=7 0 5 16 20 1 19 20 21 19 19 0 8 1 18 5 12 1 1 15 20 8 18 8 5 0 8 8 0 16 21 1 1 1 18 16 1 5 1 24 24 1 5 11 20 18 18 18 18 7 7 10 20 18 1 7 5 20 21 20 0 0
split_gain=17213.9 6643.01 2615.31 2140.9 1821.21 1515.85 1066.9 1189.19 867.669 859.514 840.475 759.753 688.237 682.619 664.576 750.857 629.795 611.513 542.526 530.213 2000.08 716.69 500.2 495.03 455.408 443.691 405.859 395.606 370.701 359.541 338.08 350.897 344.393 327.44 318.663 314.515 296.846 288.326 282.902 261.167 249.891 240.385 237.501 224.447 214.204 205.934 396.035 180.059 149.504 148.912 142.547 212.471 252.017 138.231 132.703 126.366 379.901 210.656 630.443 611.708 113.79 97.7573
threshold=4.1849999427795419 4.1949999332427987 834.50000000000011 0.58359211683273327 1.2095741629600527 37.93499946594239 859.49984741210949 0.99318918585777294 12554001.500000002 2.5118931531906132 688.66018676757824 3.8850001096725468 4.0850000381469735 262.01499938964849 565.06338500976574 59.500000000000007 2.37049412727356 569.09851074218761 9.9984998703002947 4.5000000000000009 0.70663928985595714 4.7599999904632577 1.0461295843124392 5.1949999332427987 2.5000000000000004 5.5199999809265146 3.7949999570846562 4.2099997997283944 4.6949999332427987 0.99965035915374767 6273542.5000000009 8.0009999275207537 24.7504997253418 21.505000114440922 703.24029541015636 0.99965035915374767 46.004999160766609 1.5000000000000002 10.996500015258791 3.6000000238418584 3.1006993055343632 5.9709999561309823 1.5000000000000002 3.5000000000000004 0.58822348713874828 323.32046508789068 354.54977416992193 7.6040153503417978 3.8138769865036015 3.6950000524520878 2.7949999570846562 2.6974999904632573 1.6703642010688784 0.52970612049102794 613.19500732421886 4.8949999809265146 249.50000000000003 0.53616631031036388 117.06243133544923 0.38667273521423345 6.7500000000000009 4.6050000190734872
decision_type=2 2 2 2 2 2 2 2 2 2 2 2 2 2 2 2 2 2 2 2 2 2 2 2 2 2 2 2 2 2 2 2 2 2 2 2 2 2 2 2 2 2 2 2 2 2 2 2 2 2 2 2 2 2 2 2 2 2 2 2 2 2
left_child=1 3 9 6 8 25 7 14 12 55 37 13 33 34 15 -1 19 26 43 20 23 -22 -20 -11 -16 30 28 35 -12 -14 31 61 53 -5 -8 -21 41 45 -33 40 -39 -13 -15 -10 -29 48 -47 -34 -7 -38 -6 -52 -53 -32 -19 56 57 59 -59 -2 -56 -3
right_child=2 5 -4 4 50 10 11 -9 18 16 17 36 29 42 24 -17 -18 54 22 27 21 -23 -24 -25 -26 -27 -28 44 -30 -31 32 38 47 -35 -36 -37 49 39 -40 -41 -42 -43 -44 -45 -46 46 -48 -49 -50 -51 51 52 -54 -55 60 -57 -58 58 -60 -61 -62 -63
leaf_value=0.051650485143192829 0.12623700139829186 -0.021592211001698242 -0.050687118107061863 -0.024137705773159893 0.26352390995856539 0.24408594655627974 0.018407867787597978 -0.051884154285752972 -0.053469597865217391 0.10793380002050133 0.0045910186700345882 -0.049980143343591986 0.027097184217425793 0.16142857560019969 0.16669600850796085 0.1291515103990061 -0.057160837864473395 0.20124194689371136 0.20664146102848871 -0.052085632731645695 0.098045995633329108 -0.060339446805273693 0.052541614580994114 0.12975705825964171 0.54185436262465847 0.14162750865381377 0.26093817542898201 0.12865870094669929 0.067467475680031128 0.12580899226894535 0.024481672713706389 0.11934598260466439 0.19298403317791407 0.050986626816656368 -0.012961949898235382 0.16083373364149312 0.020546922026767583 0.11264953247527032 0.092831868600047954 -0.054114993047541853 0.31391470367761898 0.10966644703892597 0.5247847352100613 0.14924236320039722 0.14474928837892723 0.28608099035782641 0.066304482570668177 0.41431054808783485 0.0024170254305145638 0.26635487713221573 0.18466866987480757 -0.052011498424506392 0.1475475253816802 0.16265915055253422 -0.04937341952044557 0.13826753185914953 -0.056790148394839618 0.17259769973418015 -0.017313178196569672 -0.060846786949209863 0.19391086725836462 0.075804626398686625
leaf_weight=1907.910960001871 2548.9337440133095 61.313934726640582 191.42211284674704 349.87191384099424 46.887180492281914 5.7140263654291621 2054.7553089428693 222.51659822277725 46.918821869418025 3964.4120574854314 657.0283677726984 24.794541524723172 142.89442415907979 17.674037240445617 53.316956361755729 373.84609149768949 46.510716481134295 67.860538750886917 196.69789259321988 49.808288235217333 108.25809156149626 205.24665714427829 73.056471714749932 7831.5816332772374 9.0370700024068338 1724.2959304004908 17.914797645062208 4455.3187991678715 363.74806098267436 263.48612755350769 22.395991861820221 3570.2102173753083 22.443730052560568 246.25423941574991 1334.3979370817542 25.344514966011047 243.64451621472836 1065.9218006059527 1437.4258827902377 22.529442194849253 15.018315456807612 327.9394129794091 5.9202890787273637 18.095917209982872 4136.481153331697 22.382431782782078 178.80257764831185 20.095244042575359 138.19895043224096 5.3377528879791489 355.50414266251028 21.639635048806667 53.553139425814152 105.23788052797318 11.516816176474096 48186.302067073062 27.114103401079774 529.64870511554182 47.381845843046904 43.866032272577286 6.8749269992113105 42.973052989691496
leaf_count=45317 5795 1000 10232 10024 45 17 66122 6563 857 15513 14567 627 2002 474 1312 5926 503 435 928 996 522 1911 1210 7555 133 1050 160 5802 3890 1839 164 21816 72 6903 49945 29 6026 8424 11339 289 33 7040 119 114 5277 280 2760 73 2180 106 228 467 73 461 201 19487 396 461 425 361 2 229
internal_value=0.122761 0.0789598 0.133636 0.0464825 0.0945524 0.107415 0.0332132 0.0583863 0.064529 0.134125 0.074539 0.0171071 0.0411719 0.00796307 0.0688736 0.0644016 0.125515 0.0420509 0.134129 0.125927 0.11912 -0.00549273 0.165274 0.122433 0.228842 0.119478 0.0313317 0.135423 0.0270457 0.0912632 0.112221 0.109866 0.181878 0.00692051 0.0060551 0.0208227 0.0688619 0.0997191 0.111756 0.11222 0.115738 0.0983208 0.270436 0.00428268 0.136422 0.0595243 0.092074 0.304767 0.0136651 0.026881 0.178299 0.168421 0.0901222 0.138831 0.169241 0.137611 0.127679 0.129276 0.156992 0.123048 0.0466196 0.018833
internal_weight=90373.5 17975.9 72397.6 8395.95 1814.86 9579.9 6581.09 2566.63 1337.28 72206.2 2573.51 4014.46 1002.51 3412.75 2344.11 2281.76 20823 1124.94 334.769 20776.5 12109.5 313.505 269.754 11796 62.354 7006.39 1038.69 8666.95 1020.78 406.381 5282.1 5111.92 170.173 596.126 3389.15 75.1528 601.716 1448.57 5007.64 1103.47 1080.94 352.734 23.5943 65.0147 8591.8 345.098 201.185 42.539 143.913 248.982 477.584 430.697 75.1928 127.634 86.2523 51383.2 3196.94 3169.83 577.031 2592.8 18.3917 104.287
internal_count=359107 283842 75265 214400 24690 69442 189710 59251 23877 65033 33238 130459 20768 116660 52688 51243 38108 19255 3109 37605 25501 2433 2138 23068 1445 36204 18617 12104 18457 3841 35154 34384 770 16927 116067 1025 13799 13983 33155 8746 8457 7667 593 971 11079 5237 3040 145 2197 6132 813 768 540 625 638 26925 7438 7042 886 6156 203 1229
is_linear=0
shrinkage=0.05


Tree=7
num_leaves=63
num_cat=0
split_feature=19 5 1 19 1 2 16 19 1 5 6 20 10 5 20 10 1 19 5 23 3 22 5 15 23 20 12 23 23 1 10 20 1 16 10 1 10 22 16 20 12 23 5 12 12 2 16 22 1 5 9 5 19 10 9 1 5 16 22 6 1 1
split_gain=15024.1 2177.94 1940.35 1344.88 1164.11 2173.56 1020.02 927.067 785.826 663.919 647.468 582.081 581.873 628.371 612.596 735.341 565.227 660.6 877.742 704.046 579.791 933.72 535.683 631.129 652.661 502.208 491.504 482.799 628.726 496.696 470.939 454.919 428.341 356.732 309.108 292.648 288.332 257.894 263.351 252.273 1010.86 204.378 170.442 336.923 1189.3 166.482 484.262 164.467 196.675 170.629 161.797 155.187 256 147.011 107.224 104.182 102.599 81.4836 69.0874 70.7109 55.6307 84.4034
threshold=54.629438400268562 834.50000000000011 46.004999160766609 670.05950927734386 9.004399776458742 5.5000000000000009 0.64729991555213939 2.5118931531906132 512.20498657226574 175.50000000000003 3.5000000000000004 0.36298181116580969 3.6999999284744267 94.500000000000014 1.7505140304565432 2.7074999809265141 10.996500015258791 327.20553588867193 26.500000000000004 0.039292082190513618 5.5000000000000009 14.947823047637941 87.500000000000014 14.500000000000002 0.088593959808349623 0.49398541450500494 2.3445750474929814 0.32936513423919683 0.28712885081768041 103.01499938964845 4.5650000572204599 0.48076881468296057 72.049999237060561 0.29001159965991979 3.7975000143051152 613.19500732421886 2.7975000143051152 15.262008666992189 0.75066137313842785 0.93826279044151317 2.1493430137634282 0.46773073077201849 8.5000000000000018 1.0666666626930239 1.0834456682205202 260.50000000000006 0.97628420591354381 18.700008392333988 72.049999237060561 393.50000000000006 1.6000000238418581 16.500000000000004 315.19067382812506 2.7975000143051152 4.2500000000000009 21.003499984741214 4.5000000000000009 0.76750472187995922 18.720302581787113 22.500000000000004 524.87500000000011 569.09851074218761
decision_type=2 2 2 2 2 2 2 2 2 2 2 2 2 2 2 2 2 2 2 2 2 2 2 2 2 2 2 2 2 2 2 2 2 2 2 2 2 2 2 2 2 2 2 2 2 2 2 2 2 2 2 2 2 2 2 2 2 2 2 2 2 2
left_child=1 7 4 11 5 12 -7 45 42 16 22 27 14 33 31 -16 20 19 -19 -18 25 -22 23 24 -9 -6 39 28 32 -30 36 -2 -4 -14 -11 -32 -29 -24 -39 40 -12 -8 43 56 -45 47 -47 48 49 -1 -50 52 -13 -43 -28 -25 -5 -41 -49 -60 -10 -62
right_child=2 -3 3 8 9 6 41 10 60 34 26 51 13 -15 15 -17 17 18 -20 -21 21 -23 37 55 -26 -27 54 30 29 -31 35 -33 -34 -35 -36 -37 -38 38 -40 57 -42 53 -44 44 -46 46 -48 58 50 -51 -52 -53 -54 -55 -56 -57 -58 -59 59 -61 61 -63
leaf_value=0.12303769542872865 0.020225176395276139 -0.050632130800576075 0.13191508909339852 0.011629741667732093 0.097639696541716184 -0.051491380292706404 0.23227737321385927 0.1541510651941031 0.2138078164801033 -0.052090245580546125 0.11676851726787779 -0.044926214405611731 0.19461358225363309 0.62595980399547857 -0.048555257680370945 0.40314816642339707 0.14445270978228394 0.070310155774325478 -0.052104526722509349 0.078231406286886573 0.35341556323732481 0.11183145648613309 0.36661422828636386 0.13325091253501684 0.088265215016228471 -0.052628339944318953 0.12050839291830893 0.40250587501327262 0.5467064652955369 0.13919203861525373 0.088690183249389667 -0.052505038804149674 0.070994379379983111 0.031408617679230047 0.18128492954068487 0.38335164791357534 -0.0032045833469920935 -0.039189836333127503 0.12150475539358432 0.088537140308182549 -0.0060063496691786971 0.14483609971347053 -0.051873967906113864 0.43834780413022556 -0.050472414953839688 0.13204467840867148 -0.060370198963812773 0.13648607488292772 0.09494828229531295 0.043311241838552901 -0.016042747850450491 -0.052700538607871786 0.47483712932709188 0.041775960280625829 -0.057517943288244999 0.18528605088903835 -0.036171085170576593 0.13392151031633887 0.12376123361824053 0.12955603923733117 0.054129204934798128 0.1322971327489505
leaf_weight=27053.361023614183 1434.1536366529763 183.65556003339589 384.25449729710817 1939.3101984336972 5692.1760922335088 70.979124950245023 65.941179161891341 415.78237308375537 13.950234964489935 117.14345423877239 13687.615351118147 5.7774950154125673 54.443451896309853 4.873199012130498 15.094086199998854 20.5972731243819 638.5857001002878 3789.4427628517151 151.5809393003583 1095.8653295300901 56.735833151265979 135.88297326304018 3.7997933737933627 221.51204549893737 4078.004604741931 55.52464828453958 9.2180385589599592 3.4353856034576884 12.218580031767489 19.581057263538241 147.19496547058225 251.88710414431989 1184.4080395046622 85.973194384947419 15.133286207914351 8.0939379893243295 344.4864765368402 120.8939649220556 31.237911701202393 111.66132172755897 169.55765863880515 491.4523474406451 108.68121715635061 19.173405438661575 31.968608228489757 102.49116154015064 47.056475058197975 2426.6906981021166 236.82135784439743 68.857166128233075 37.700065463781357 110.24501509033144 2.8282635938376188 38.430757980793715 48.606031527742743 201.5220647752285 118.1446371525526 2615.2759854607284 9784.9539688080549 14142.73756441474 52.887401811778545 113.11787517741323
leaf_count=20365 36553 10277 4133 51139 47143 2120 35 1261 205 3340 15240 125 862 13 463 75 4896 65676 3983 10787 408 1009 14 372 19771 1270 1 43 116 234 1059 6584 16774 1063 4 18 5602 2098 138 631 1071 353 3109 296 901 24 564 451 625 394 203 2421 26 487 523 110 3354 730 3316 2717 705 827
internal_value=0.111143 0.121088 0.071254 0.0430695 0.0803668 0.0495919 0.127013 0.121506 0.0170796 0.0869991 0.112752 0.07108 0.0218852 0.11763 0.0137391 0.215867 0.0882678 0.0769422 0.0655885 0.102685 0.0990727 0.184474 0.0970437 0.0999368 0.0943953 0.0961783 0.117534 0.0771627 0.0905951 0.307821 0.0343363 0.00933195 0.085995 0.0956518 -0.0241933 0.106435 0.00192917 0.00573324 -0.00558306 0.118041 0.115266 0.148337 0.00889658 0.0120543 0.137585 0.12503 0.0714676 0.125178 0.122408 0.122837 0.0796848 -0.0362898 0.157022 0.137464 -0.0274867 0.158429 0.00886622 0.132098 0.128053 0.127192 0.117271 0.107897
internal_weight=94700.7 75799 18901.7 4619.76 14281.9 2533.83 666.803 75615.4 2397.23 11748.1 21714.7 2222.52 1867.02 145.29 1721.73 35.6914 11615.8 5675.47 3941.02 1734.45 5940.32 192.619 5072.75 4916.82 4493.79 5747.7 16641.9 2103.67 1600.46 31.7996 503.211 1686.04 1568.66 140.417 132.277 155.289 347.922 155.932 152.132 16584.1 13857.2 595.824 2217.28 2108.6 51.142 53900.7 149.548 53751.1 27396.7 27122.2 274.521 118.851 8.60576 529.883 57.8241 423.034 2057.45 2726.94 26354.4 23927.7 179.956 166.005
internal_count=359107 80896 278211 91087 187124 48608 2995 70619 60536 138516 41960 30551 45613 1938 43675 538 135172 85342 69659 15683 49830 1417 23764 21514 21032 48413 18196 27979 21257 350 6722 43137 20907 1925 3344 1077 5645 2250 2236 17672 16311 875 58799 55690 1197 28659 588 28071 21587 20759 828 2572 151 840 524 482 54493 1361 6484 6033 1737 1532
is_linear=0
shrinkage=0.05


Tree=8
num_leaves=63
num_cat=0
split_feature=7 0 5 12 0 16 20 7 5 15 1 1 1 19 20 24 16 8 15 20 20 15 20 0 5 20 0 12 8 5 5 1 20 5 5 8 12 15 20 24 1 24 16 1 1 1 0 5 1 2 15 12 6 16 2 0 21 8 1 2 16 0
split_gain=14147.2 4712.68 1827.11 1613.39 1136.01 1127.65 1245.35 1068.93 844.865 901.578 824.849 737.107 719.641 575.74 547.002 521.397 1455.69 724.689 497.134 1490.76 889.063 793.913 658.984 489.155 592.694 465.181 433.129 394.539 365.345 369.263 340.811 335.455 292.906 713.217 308.92 279.131 379.879 657.614 2259.64 302.032 255.739 249.174 228.257 214.332 202.22 200.854 186.549 182.48 163.776 163.751 149.497 2235.92 419.947 135.945 135.291 171.275 123.985 171.303 167.807 142.853 135.381 127.764
threshold=4.1849999427795419 4.1949999332427987 834.50000000000011 1.1515592932701113 5.2049999237060556 0.56863656640052807 0.99318918585777294 5.0099999904632577 259.50000000000006 176.50000000000003 9.9984998703002947 35.001499176025398 115.00999832153322 356.90486145019537 1.2095741629600527 -4.9000003337860099 0.12911561131477359 2.7050000429153447 10.500000000000002 0.40241117775440222 0.53616631031036388 1.0000000180025095e-35 0.4142207950353623 3.8850001096725468 1.0000000180025095e-35 0.39866006374359136 5.1099998950958261 1.4624754190444949 4.0850000381469735 51.500000000000007 7.5000000000000009 9.004399776458742 0.38035337626934057 17.500000000000004 8.5000000000000018 6.3500001430511483 1.3585215806961062 7.5000000000000009 0.61073186993598949 -9.8670428997138502e-05 613.19500732421886 -1.5999999642372129 0.36380347609519964 262.01499938964849 569.09851074218761 59.004999160766609 4.5950000286102304 1.0000000180025095e-35 195.0100021362305 216.50000000000003 1.0000000180025095e-35 2.0629960298538212 35.500000000000007 0.66419699788093578 1.5000000000000002 4.9949998855590829 17761735.000000004 4.0050001144409189 8.0009999275207537 2.5000000000000004 0.85608786344528209 4.6050000190734872
decision_type=2 2 2 2 2 2 2 2 2 2 2 2 2 2 2 2 2 2 2 2 2 2 2 2 2 2 2 2 2 2 2 2 2 2 2 2 2 2 2 2 2 2 2 2 2 2 2 2 2 2 2 2 2 2 2 2 2 2 2 2 2 2
left_child=1 3 7 15 11 6 10 8 18 25 41 56 -12 40 28 16 -1 -18 19 26 22 -21 -20 24 43 -10 -2 -22 30 -30 -7 -26 34 -34 -25 36 54 38 -38 -39 45 -5 -19 -17 48 -13 -42 -46 -15 -27 51 -37 -53 -16 55 -9 58 -58 61 -60 -59 -3
right_child=2 4 -4 5 -6 14 -8 35 9 -11 12 13 -14 44 53 23 17 42 20 21 27 -23 -24 32 31 49 -28 -29 29 -31 -32 -33 33 -35 -36 50 37 39 -40 -41 46 -43 -44 -45 47 -47 -48 -49 -50 -51 -52 52 -54 -55 -56 -57 57 60 59 -61 -62 -63
leaf_value=0.49581136101087253 0.098005161684526887 -0.02234634279333907 -0.050564043335269031 0.13031221894148784 0.11399982767046971 0.086557416005320006 -0.051802281711105624 0.094163021485404091 0.1444380191615853 0.11687750861231967 0.11219843654071733 0.11426130131288446 -0.05156491421125791 0.037295586604349673 0.24094980771418884 -0.013868489543376179 0.57900970403607521 0.079921223436373034 0.088770551638973655 0.09545598935971239 0.17952829158737951 -0.012198149906671348 -0.063263718289937265 0.057166352823131539 -0.0012425974320944631 -0.059312366873429528 0.13031139048529969 0.12529758497415908 0.11880572710357734 -0.0036187114405551984 -0.054676137765994962 0.033879273140804085 0.55735934661302788 0.038383590521780642 -0.01673221523965266 0.11661686534936484 0.096438113777597881 0.089461239308357476 -0.057535474530165588 0.11879795824099278 0.087757114842595144 -0.052179068025630715 -0.051966426215751461 0.15404977043337617 0.13227523207726777 0.064830428139098936 0.35964757398150604 -0.0509263981307728 -0.0069867083051787463 0.070710541352429754 0.12028845552477252 -0.059530115346179607 0.075739622197954673 0.14051456676449611 0.11584889348888275 0.12284797623801758 0.17560491055722474 -0.057024428611661342 0.086146851295901286 0.16421163649823606 0.10965016264027475 0.092747014460353897
leaf_weight=20.622308569028974 9559.2841443568468 62.557528041303158 173.64673132076859 20.397312380373478 2766.4572007618845 83.540243029594421 284.91921990551054 1702.1072301827371 35.877005863934755 196.75797755643725 596.1492805108428 283.06230359151959 74.946838365867734 1106.5550827197731 38.130329454317689 1364.8094946164638 5.3188608251512042 87.252296356484294 734.41953241080046 271.29901898466051 414.24712371453643 460.83920182846487 78.174659136682749 1068.7832578215748 864.30537357740104 227.02695514634252 1176.4635822847486 1938.7204162403941 415.16004701144993 72.133404523134232 85.353839907795191 3178.8869416397065 8.7590211518108863 21.172582203522325 162.3952107951045 10998.443263418972 2991.411606695503 1126.7072258330882 258.20545413717628 4299.2469257023185 12.903857775032522 148.7524475324899 51.311356514692307 18.272220123559237 82.805720247328281 780.26001039706171 13.322201710194348 15.627244185656307 256.7336052544415 26.211752772331238 20694.759795133024 214.43189109303057 77.237108446657658 453.69187414646149 19937.697147481143 778.14207802712917 90.56248339638114 15.930918596684931 5171.5561035126448 59.693419262766838 44.107922282069921 37.901367019861937
leaf_count=144 22757 1015 10232 277 3381 1456 8839 2527 31 190 7685 1685 1888 18452 97 49401 47 1585 1349 703 346 3557 702 20633 24132 3208 841 2081 1856 866 1682 83997 43 446 3389 3188 3815 1676 1791 1886 81 3806 1181 387 588 7211 19 221 4842 45 5228 1303 130 563 7217 462 258 144 31074 180 113 178
internal_value=0.101614 0.0639882 0.111179 0.0375265 0.0863399 0.074022 0.0383924 0.111539 0.0995669 0.0345967 0.0690077 0.0768013 0.0938527 0.0545545 0.108875 0.025409 0.113103 0.0551721 0.101721 0.0968497 0.119332 0.0277628 0.0740783 0.0232345 0.0167081 -0.0215921 0.101558 0.134919 0.078773 0.100703 0.0152512 0.0263717 0.0512768 0.203525 0.0474092 0.114406 0.110997 0.102047 0.0841883 0.112725 0.0820623 -0.029507 0.0310238 -0.0115368 0.034005 0.0780889 0.234191 0.10292 0.0289537 -0.0456093 0.117717 0.112993 -0.0235557 0.148784 0.114456 0.10321 0.0871414 0.132317 0.0858398 0.0870698 0.0651325 0.0215132
internal_weight=98296.5 19925.1 78371.4 9125.06 10800 2273.17 1125.17 78197.7 15119.3 485.874 840.246 8033.58 671.096 2551.27 1148.01 6851.89 164.505 143.883 14633.4 11467.9 3165.56 732.138 812.594 6687.38 5426.27 289.116 10735.7 2352.97 656.188 487.293 168.894 4043.19 1261.11 29.9316 1231.18 63078.4 31093.5 8675.57 3249.62 5425.95 1089.55 169.15 138.564 1383.08 1461.72 1063.32 26.2261 98.433 1363.29 253.239 31984.9 11290.1 291.669 491.822 22417.9 2480.25 5482.31 150.601 5331.71 5231.25 60.0388 100.459
internal_count=359107 283842 75265 214400 69442 29015 22495 65033 35810 3474 13656 66061 9573 33099 6520 185385 2957 2813 32336 27858 4478 4260 2051 182428 157917 3284 23598 2427 5860 2722 3138 108129 24511 489 24022 29223 19374 9168 5606 3562 8996 4083 2766 49788 24103 8896 100 809 23294 3253 9849 4621 1433 660 10206 2989 32962 515 32447 31254 257 1193
is_linear=0
shrinkage=0.05


Tree=9
num_leaves=63
num_cat=0
split_feature=22 0 5 18 23 7 1 1 5 8 19 23 1 3 1 23 7 5 1 5 8 0 22 9 0 3 17 19 23 1 23 21 5 1 5 1 23 21 21 23 1 12 21 18 1 0 19 3 0 22 12 1 5 12 8 18 1 1 19 6 9 0
split_gain=13125.7 4451.22 1671.29 1513.55 1015.76 969.567 941.043 827.448 822.073 915.137 774.775 1002.71 941.35 682.376 626.155 693.15 687.365 595.856 539.815 482.767 455.927 453.582 436.685 544.156 435.958 490.75 440.249 432.095 385.007 356.29 350.215 348.505 329.813 324.766 387.95 321.054 263.636 515.116 559.458 410.616 260.396 489.531 347.833 341.894 326.55 320.163 259.197 241.893 221.501 217.691 213.526 203.927 260.722 193.079 187.662 200.567 186.786 183.849 175.115 317.267 602.489 171.751
threshold=16.011638641357425 4.1949999332427987 834.50000000000011 9.5618000030517596 7648041500672.001 5.0099999904632577 43.004999160766609 16.005000114440922 179.50000000000003 6.3500001430511483 274.73713684082037 0.050147395581007011 71.005001068115249 15.500000000000002 10.000500202178957 0.011946235317736866 3.1049998998641972 118.50000000000001 9.9984998703002947 1.5000000000000002 4.4749999046325692 5.5199999809265146 17.109120368957523 2.6000002622604375 5.1099998950958261 38.500000000000007 1.7983516454696657 2.8411347866058354 19907145499672580 569.09851074218761 3223.5991210937505 6273542.5000000009 18.500000000000004 48.004999160766609 1.0000000180025095e-35 218.004997253418 0.73185688257217418 2795091.5000000005 6302104.5000000009 0.67952802777290355 19.005000114440922 1.1389359235763552 56852558.000000007 1.0461295843124392 22.704999923706058 3.7949999570846562 659.88781738281261 17.500000000000004 4.5950000286102304 15.250007629394533 2.1337922811508183 10.996500015258791 2.5000000000000004 2.0849295854568486 4.2449998855590829 0.49451291561126715 124.00500106811525 6.3904998302459726 0.57966360449790966 17.500000000000004 4.3499999046325692 4.5950000286102304
decision_type=2 2 2 2 2 2 2 2 2 2 2 2 2 2 2 2 2 2 2 2 2 2 2 2 2 2 2 2 2 2 2 2 2 2 2 2 2 2 2 2 2 2 2 2 2 2 2 2 2 2 2 2 2 2 2 2 2 2 2 2 2 2
left_child=1 3 5 4 14 8 21 36 24 13 11 12 -9 -10 17 16 -16 18 -1 29 -17 31 23 27 25 26 -2 -7 -27 48 -11 51 46 34 -12 -13 37 39 -39 -5 41 45 -43 44 -42 -6 56 -45 -8 -35 -15 57 -53 -32 55 -33 -21 -3 -24 60 -60 -29
right_child=2 6 -4 7 40 22 19 10 9 30 33 35 -14 50 15 20 -18 -19 -20 32 -22 -23 58 -25 -26 28 -28 61 -30 -31 53 54 -34 49 -36 -37 -38 38 -40 -41 43 42 -44 47 -46 -47 -48 -49 -50 -51 -52 52 -54 -55 -56 -57 -58 -59 59 -61 -62 -63
leaf_value=0.057156143942930594 0.081337507110058868 0.0015902033576050878 -0.05057442330959027 0.00094233237471650082 -0.02639412881298055 0.10317138203837894 0.0083366783988297315 0.20245181429113362 0.10617027264916244 0.11845454869171068 0.0023338513563578842 0.026986670044119022 0.021395759385352833 -0.047812636987151005 0.30382407262110006 -0.015849224751186271 8.0940264978743419e-06 -0.051842485913069405 0.14637202939738592 0.1053670381025586 0.091575554146648933 0.10900955199358493 0.10943042872788059 -0.04268063128325545 0.12348001640574627 0.12071881660299118 0.10533199488127212 0.0157075155844833 0.053133036922850853 0.10708118356234289 0.12650754083865517 0.050255686310309106 -0.054739364273705293 0.0066506726872646044 0.059203211518924576 0.15047261929292485 -0.032922448399303292 0.27909770745820539 0.021740634135801677 0.21766426727179305 0.2551244853026236 0.12525554218966381 0.025397447380819574 -0.018429633174407555 0.1295285174674605 0.095632226168537504 0.0025338844584284286 0.13756083556030238 0.049724397670582995 0.18940452411097095 0.2325590206987295 0.051371904949411511 0.095088479618809382 -0.058152006661136728 0.094752347062938114 0.15970961736170355 0.067740756650740072 0.084469106298476648 0.098858937172459638 0.10861863693446952 -0.044121965693010301 0.0794263175715475
leaf_weight=585.16835629940033 7651.336081314832 68.155001906678081 175.52136450447142 2231.1093435510993 137.72072664834559 1177.0450149774551 738.8376370370388 226.94560454972088 100.55425279960036 335.7614200077951 437.11898989602923 581.75147903338075 105.26408953219652 323.19027945399284 37.683064486831427 733.56349363550544 35.952637018635869 89.910334430634975 239.48500232212245 628.64744913578033 113.11273058131337 1990.0562804788351 33564.450986847281 83.844929359853268 1220.3563353940845 1973.3891628794372 2573.6145886443555 236.63584989309311 238.73927836120129 152.35661292076111 18.735721401870251 51.587644830346107 46.488893527537584 1615.4905010834336 956.11479852721095 57.008332069963217 480.34970112331212 34.677061123773456 52.317512495443225 21.072969483211637 72.507885465398431 494.59993856400251 106.69865608215332 52.734495211392641 196.37750963866711 86.800217412412167 101.72697835043073 45.57979517057538 574.93471314013004 15.465444860979913 5.953936703503131 1309.0894128195941 464.48137828707695 49.057581301778555 768.51282859966159 255.45202125608921 717.56496907770634 4223.056870970875 12501.314657866955 16652.7123107519 73.5409961566329 191.49372237175703
leaf_count=9049 18871 881 10629 64679 2490 1364 14526 2226 447 56 13871 10084 2175 5095 398 15937 649 2731 2472 3364 437 1134 9171 503 760 1188 3493 1083 605 921 6 269 607 47091 24186 790 11537 526 1156 442 110 936 504 778 552 417 1545 16 6423 265 19 10552 2307 509 1585 749 5088 21751 10548 5848 386 320
internal_value=0.0937968 0.0595653 0.103282 0.0345942 0.0640052 0.103625 0.0798881 0.021518 0.0919088 0.0436085 0.0361517 0.0749939 0.145334 -0.00717706 0.0406134 0.0114682 0.15754 0.0698918 0.083217 0.0553521 -0.00140068 0.0878364 0.106256 0.0810322 0.0948519 0.0920327 0.0873871 0.0875199 0.113454 0.0349236 0.0975806 0.0819202 0.0753537 0.0236584 0.0413788 0.0382334 0.000775464 0.00770857 0.126389 0.00306805 0.0999138 0.08412 0.107616 0.135095 0.164235 0.0209742 0.0795689 0.0544962 0.0264767 0.00850169 -0.0420368 0.077235 0.0628708 -0.00594871 0.108238 0.141559 0.0853802 0.0831546 0.106933 0.104062 0.0980189 0.044338
internal_weight=101081 21933.5 79147.2 9842.58 3027.89 78971.7 12090.9 6814.69 14490.7 833.253 3995.16 970.97 332.21 429.698 1834.88 920.312 73.6357 914.564 824.653 2960.56 846.676 9130.39 64481 1689.02 13657.4 12437.1 10225 1605.17 2212.13 1466.13 403.555 7140.34 1494.43 3024.19 1393.23 638.76 2819.53 2339.18 86.9946 2252.18 1193.02 825.82 601.299 367.2 268.885 224.521 1447.94 98.3143 1313.77 1630.96 329.144 6064.78 1773.57 67.7933 1075.55 307.04 1346.21 4291.21 62792 29227.6 12574.9 428.13
internal_count=359107 288206 70901 216504 37476 60272 71702 179028 31049 6132 100688 15275 4401 5561 31673 17421 1047 14252 11521 32474 16374 39228 29223 3270 24917 24157 22364 2767 1793 21870 571 38094 10604 85413 38057 10874 78340 66803 1682 65121 5803 4347 1440 1456 662 2907 9997 794 20949 47356 5114 35491 12859 515 2603 1018 8452 22632 25953 16782 10934 1403
is_linear=0
shrinkage=0.05


Tree=10
num_leaves=63
num_cat=0
split_feature=22 0 20 4 22 4 16 12 0 0 18 1 1 1 13 21 18 0 1 1 16 18 24 1 22 1 18 20 18 18 10 15 20 12 2 1 1 2 24 12 13 21 18 16 0 2 16 0 1 1 10 0 18 10 18 13 22 18 0 22 18 2
split_gain=12644.6 3653.83 1354.27 1321.83 1037.43 1689.32 1003.62 873.656 833.074 616.674 523.207 476.943 572.34 703.978 429.161 363.112 360.634 353.563 350.515 329.26 288.099 282.339 274.716 261.112 246.35 223.234 221.046 211.549 262.485 193.105 186.416 406.086 2500.01 703.887 165.006 160.84 231.831 155.068 145.881 226.636 102.338 97.4135 131.917 110.859 107.509 96.632 96.3644 70.3022 55.4037 85.3735 106.648 102.787 55.2044 92.6553 57.9382 48.449 47.5699 44.7818 132.748 38.9082 30.9275 49.2003
threshold=16.011638641357425 4.305000066757203 1.4573985338211062 670.50000000000011 17.694078445434574 159.50000000000003 0.54774570465087902 1.919459402561188 2.7949999570846562 5.2049999237060556 12.080500125885012 6.5915000438690194 46.004999160766609 18.005000114440922 -0.060000032186508172 2.4139168262481694 17.213609695434574 5.3150000572204599 13.004000186920168 595.94750976562511 0.75066137313842785 354.54977416992193 9.0049991607666033 557.15499877929699 15.70000219345093 35.001499176025398 608.45587158203136 0.82642972469329845 0.039736110717058189 514.98422241210949 4.5025000572204599 73.500000000000014 0.70663928985595714 2.184900283813477 2.5000000000000004 3.4415000677108769 3.0004999637603764 216.50000000000003 -0.0023105030413717027 1.3636364340782168 0.037159185856580741 25063742.000000004 26.060723304748539 0.59990844130516063 4.805000066757203 13.500000000000002 0.68427395820617687 6.6499998569488534 24.7504997253418 134.79499816894534 3.0900000333786015 5.4200000762939462 0.86854863166809093 4.5650000572204599 0.035409444943070419 0.00070986326318234216 14.560017108917238 703.24029541015636 5.4200000762939462 19.756238937377933 14.077506542205812 1.5000000000000002
decision_type=2 2 2 2 2 2 2 2 2 2 2 2 2 2 2 2 2 2 2 2 2 2 2 2 2 2 2 2 2 2 2 2 2 2 2 2 2 2 2 2 2 2 2 2 2 2 2 2 2 2 2 2 2 2 2 2 2 2 2 2 2 2
left_child=1 2 8 4 5 7 -4 10 14 18 20 35 13 -13 15 16 -1 -12 41 -14 -2 23 -17 34 -25 26 -23 28 -16 -27 31 32 33 -6 -20 36 -10 -7 39 -33 -34 42 44 -44 -3 -37 56 48 57 50 -50 -51 54 -54 -43 -48 -8 -11 -59 -40 61 -32
right_child=3 9 6 -5 30 37 46 -9 11 47 17 12 19 -15 27 22 -18 -19 21 -21 -22 25 -24 24 -26 29 -28 -29 -30 -31 60 38 40 -35 -36 45 -38 -39 59 -41 -42 52 43 -45 -46 -47 55 -49 49 51 -52 -53 53 -55 -56 -57 -58 58 -60 -61 -62 -63
leaf_value=0.19964349689619634 0.082090645933721895 -0.057336427867965382 -0.051561782966007275 -0.051204844096464155 0.096612780403314974 -0.060517950744424946 0.22873668280157636 -0.062853500479274502 0.020147889070820945 0.10505223939491914 0.068502852415289847 0.03536874162164954 0.020208948049812776 0.070785084386792485 0.1501437132785392 -0.054685681702970515 -0.050452874802640296 0.1179584705097399 0.061738227669371572 0.11695378904831844 0.096805920821759275 0.12021225086241082 0.32266206348188287 0.1754457485426606 -0.054647558371133068 -0.036691943934235131 0.048125093639089907 -0.053394618311260966 -0.0023781479571528307 0.032900443689539642 0.093169838017541362 0.097649454479502518 -0.06279421743278879 0.00089881189065677653 0.15077286588074834 -0.020678112264517687 0.22642109156542253 0.064067749122470485 0.10933315642958391 -0.016053966135405742 0.088863403053567672 0.12288080175830295 0.077408687382506766 0.025649626593247911 0.075308320907321424 0.076275229773366426 0.093620569092105074 0.11307539380352112 0.04443041822208884 0.17526576221390308 0.10171944085303958 0.084156853137598561 0.12019339147275908 0.044863651370432078 0.060886292438898641 0.12790164764296266 0.13586079129401138 0.043826237680989935 0.09583691242655748 0.094173492221044861 0.11232925904229613 0.10326121217283982
leaf_weight=68.181780846789479 4421.5587973371148 33.686262687668204 91.454286577180028 150.60180894564837 20160.179931025952 206.77432215772569 32.556199481710792 93.482412811368704 296.08569497428834 825.9358604028821 3659.4729088563472 3399.2622730638832 2922.1823902223259 2394.8181296437979 27.752525046467781 48.308135524392128 17.726055551320314 403.06289881467819 1391.6091208383441 89.762539222836494 14171.058803662658 130.9532830491662 4.3474256619811049 91.728891015052795 12.796301890164612 113.56447798758745 570.27796421945095 205.83350489288568 1489.2350023388863 770.34002363309264 1387.5270102620125 156.66200442612171 262.02931815572083 194.0576379224658 53.724618028849363 496.48043829388916 13.306498490273951 27.523782800883055 7058.5532450564206 60.246006317436695 10.739046137779949 51.014204911887646 3521.458543561399 108.16511314362288 26.296004682779312 26.110678970813751 164.36179557256401 492.95078824460506 251.06271860748529 41.202539592981339 121.97260743379593 138.98259206116199 300.74030289053917 49.322941854596138 161.34894428402185 386.10594466142356 36.848273547366261 144.62009373307228 930.29571793973446 512.88454236835241 1008.7338574938476 27440.471518531442
leaf_count=499 11801 336 2781 9115 9907 3531 53 799 7650 623 10201 60809 64097 39723 301 772 384 287 8984 589 12634 626 14 361 103 1630 3799 5288 42913 11449 738 59 2668 903 96 13651 318 61 1146 216 12 82 15624 526 59 164 165 135 812 127 191 293 482 110 360 190 53 512 711 345 868 5893
internal_value=0.0873057 0.0541651 0.035642 0.0964852 0.0967597 0.0877452 0.102556 0.0891213 0.0314938 0.076046 0.0897514 0.0374075 0.040826 0.0500176 0.000867215 0.0852005 0.147995 0.0734386 0.068307 0.0231317 0.0933113 0.0555764 -0.0180044 0.0707661 0.146979 0.0406863 0.0617463 -0.00595815 0.000505941 0.0239222 0.100315 0.0973804 0.093685 0.0957006 0.0651532 0.00121354 0.0297364 -0.0456511 0.107153 0.0661167 -0.0565023 0.0776768 0.07466 0.0758751 0.0010139 -0.015688 0.125348 0.095413 0.0918185 0.0774062 0.0633976 0.10587 0.0972909 0.109752 0.0763083 0.117863 0.182128 0.0959675 0.0888912 0.108319 0.103106 0.102779
internal_weight=103930 22544.8 12210.7 81385.6 81235 22982.9 711.326 22748.6 11499.4 10334 22655.2 9638.01 8806.03 5794.08 1861.38 138.563 85.9078 4062.54 7387.03 3011.94 18592.6 3134.99 52.6556 1549.86 104.525 1585.14 701.231 1722.82 1516.99 883.905 58252.1 28415.4 20627 20354.2 1445.33 831.983 309.392 234.298 7788.35 216.908 272.768 4252.03 3689.61 3629.62 59.9823 522.591 619.872 2947.02 2454.07 553.22 373.035 180.185 562.426 350.063 212.363 550.468 69.4045 1900.85 1074.92 7571.44 29836.7 28828
internal_count=359629 288445 240414 71184 62069 39314 3242 35722 237172 48031 34923 187001 165218 100532 50171 1669 883 10488 44627 64686 24435 27048 786 9544 464 17504 4425 48502 43214 13079 22755 15256 13490 10810 9080 21783 7968 3592 1766 275 2680 17579 16545 16150 395 13815 461 3404 3269 1423 1003 420 1034 592 442 355 106 1846 1223 1491 7499 6631
is_linear=0
shrinkage=0.05


Tree=11
num_leaves=63
num_cat=0
split_feature=22 0 5 20 22 5 23 12 0 0 3 7 0 18 23 18 16 0 0 1 24 3 3 1 5 1 21 20 18 16 16 1 1 1 3 23 18 22 18 18 20 14 24 0 1 1 21 18 1 23 7 0 1 20 1 1 18 0 1 0 13 21
split_gain=12010 3090.58 1282.9 1207.1 1114.19 1560.1 888.62 724.727 709.708 605.031 577.327 572.265 607.019 556.579 615.043 444.236 498.094 445.508 600.125 533.219 376.682 374.967 335.145 289.686 458.768 210.301 183.404 178.279 215.809 154.58 319.696 152.142 187.407 151.989 136.632 353.184 123.007 116.194 169.839 114.84 160.766 108.443 107.418 96.1698 165.779 164.315 111.146 84.8344 77.3862 96.7126 75.4717 67.7752 60.1079 55.396 54.5421 65.4377 82.268 68.2722 43.6812 78.6565 41.6642 63.0958
threshold=16.011638641357425 4.305000066757203 834.50000000000011 1.4573985338211062 17.694078445434574 198.50000000000003 2.0514693260192876 1.919459402561188 2.7949999570846562 5.2049999237060556 9.5000000000000018 4.6649999618530282 4.0950000286102304 4.7529194355010995 0.14827972650527957 0.29215972125530248 0.3195160329341889 3.9550000429153447 3.9850000143051152 17.005000114440922 -9.4782500267028791 101.50000000000001 213.50000000000003 13.004000186920168 2.5000000000000004 7.2010498046875009 158764192.00000003 0.98085451126098644 418.31759643554693 0.20388507097959521 0.38098174333572393 595.94750976562511 100.29500198364259 26.005000114440922 444.50000000000006 183.75904846191409 331.28443908691412 18.797674179077152 64.45932769775392 0.29215972125530248 0.36649332940578466 12.500000000000002 0.004279494285583497 4.6050000190734872 4.3559999465942392 7.0004999637603769 69390084.000000015 608.45587158203136 6.9744999408721933 2507710473961472.5 2.7949999570846562 6.6499998569488534 47.002500534057624 0.94411861896514904 24.7504997253418 134.79499816894534 323.32046508789068 5.4200000762939462 15.000500202178957 5.3150000572204599 0.00070986326318234216 12574343.000000002
decision_type=2 2 2 2 2 2 2 2 2 2 2 2 2 2 2 2 2 2 2 2 2 2 2 2 2 2 2 2 2 2 2 2 2 2 2 2 2 2 2 2 2 2 2 2 2 2 2 2 2 2 2 2 2 2 2 2 2 2 2 2 2 2
left_child=1 3 4 8 5 7 -5 13 20 23 -7 12 22 21 -15 16 26 19 -19 -17 48 -2 52 43 31 -18 -10 28 -22 33 -31 32 -25 -26 39 -36 -33 -14 -39 53 -41 -12 -43 45 -45 -3 -47 -46 -1 -50 -8 54 -6 -13 58 56 -56 -57 59 -11 61 -52
right_child=2 9 -4 6 11 10 50 -9 15 51 41 34 37 14 -16 17 25 18 -20 -21 27 -23 -24 24 29 -27 -28 -29 -30 30 -32 36 -34 -35 35 -37 -38 38 -40 40 -42 42 -44 44 47 46 -48 -49 49 -51 60 -53 -54 -55 55 57 -58 -59 -60 -61 -62 -63
leaf_value=0.22517337053697173 0.089359380318563691 -0.054156782483915401 -0.050468340152898 -0.05162549459677504 -0.068141449292461909 0.10560923724696868 0.16618730080682906 -0.06275311120845016 -0.052897220172306747 0.0453650365833154 -0.057375350448527075 0.096400476685382666 0.08708350784874469 0.097032274888732173 0.062047064125360686 0.0060264731151852616 0.005983333478721156 0.5032350263497839 0.045131225987846413 0.036368330562053582 0.01518230186263049 0.001716245380297168 0.13400997904708911 0.044589276999953145 0.011823114012376859 0.10284476991215026 0.10318790941374728 -0.052703248464774866 -0.022978492779613623 0.015659884347170899 0.10517912159479725 0.21235453746497324 0.011151001442135801 0.10159306767960891 0.093765983009078582 -0.060771711637681115 0.05720400991579945 -0.076563957149719405 0.10803233248962307 0.094000686808750192 0.080829594312718731 -0.058330776107570786 0.10778216036016011 0.2164581113653421 0.088948176824860781 0.059509366215656695 0.091930355972648703 0.068672343432388441 -0.046929500888560828 0.19451234544666915 0.031713058806279053 0.1057574395418247 0.02270696224499183 0.10292879658077941 0.079462289531216521 0.14848890022876374 0.032376860592756809 0.07726487956455251 0.10329473170764958 0.088271583258242747 0.11855221052428369 0.10508763354951932
leaf_weight=19.726345278322697 16410.192427802831 28.89955685660243 160.30513076949865 89.255372012965381 138.34490085020661 76.298553740605712 71.01023443415761 83.914689242839813 92.444797089323401 119.99062213301659 280.25419603940099 27943.360342105851 406.03481301665306 1716.2038646154106 4745.4503217395395 2548.1611400470138 63.205144885927439 6.1768688149750224 3337.1842695977539 3355.4721863400191 1112.9673639275134 123.10998578369617 26.044741161167622 1607.3013893291354 51.84995811060071 510.13434248790145 22.582664959132671 159.37112739495933 554.07949430309236 232.68838649988174 174.31159739196301 21.004932165145874 568.35086093097925 568.98255813121796 133.69748271256685 50.128595963120461 33.343885898590088 27.195557497441769 21.325284272432327 23314.728297777474 2639.2095121834427 16.971926368772984 20.350728929042816 20.633764244616032 846.27105638757348 1811.7385234348476 314.73617185279727 1427.8466669470072 8.0883587040007097 6.8528849184513083 40.718846190720797 500.56068126857281 20.361175913363695 3992.3880574218929 213.34802495315671 46.233815044164658 168.30339129269123 143.76861067116261 451.40487213432789 1370.5784104764462 406.29155937582254 117.27281659841537
leaf_count=19 16900 378 10676 2791 1059 137 37 675 2027 354 5069 8212 436 2317 12253 62921 1028 52 42803 75233 25797 564 9 13703 257 2872 65 4543 19641 1630 672 58 7838 2650 37 631 240 131 41 8377 2745 218 17 49 1879 9788 613 4872 169 2 188 135 96 584 406 127 597 293 296 1196 210 16
internal_value=0.0816027 0.0498589 0.090562 0.032982 0.0908378 0.0816144 0.0955898 0.0832984 0.0291284 0.0695619 -0.0170072 0.0945237 0.0473496 0.0838343 0.0713534 0.0344358 0.0731789 0.0315436 0.0461293 0.0232761 0.000788692 0.0887072 -0.0289412 0.0621139 0.0507433 0.0922044 -0.0215856 -0.00234997 0.00248956 0.0783848 0.0541756 0.0379714 0.0358655 0.0941349 0.0950421 0.0514964 0.120011 0.0783639 0.00500979 0.0951794 0.0926647 -0.0467207 0.0325633 0.0704237 0.0776122 0.0627356 0.0643513 0.0762556 0.161715 0.0687507 0.116329 0.0885793 -0.0563856 0.09722 0.0851158 0.0711221 0.0588502 0.0953089 0.0891938 0.0848537 0.109763 0.0865268
internal_weight=105589 23243.1 82345.9 12521 82185.6 23472.7 724.549 23078.9 11796.4 10722.1 393.875 58712.8 639.306 22995 6461.65 9935.36 688.367 9246.99 3343.36 5903.63 1861.09 16533.3 184.751 7707.96 3257.83 573.339 115.027 1826.42 1667.05 1027.83 407 2230 2175.65 620.833 58073.5 183.826 54.3488 454.556 48.5208 57889.7 25953.9 317.577 37.3227 4450.13 2294.75 2155.37 2126.47 2274.12 34.6676 14.9412 635.293 3014.19 158.706 31935.7 2513.63 571.654 381.651 190.002 1941.97 1490.57 564.283 157.992
internal_count=359629 288445 71184 240414 60508 38150 3242 32709 237172 48031 5441 22358 1772 32034 14570 187001 5992 181009 42855 138154 50171 17464 1164 44627 27048 3900 2092 49981 45438 5209 2302 21839 21541 2907 20586 668 298 608 172 19918 11122 5304 235 17579 6800 10779 10401 6751 190 171 451 3404 1155 8796 3269 1423 1003 420 1846 1550 414 204
is_linear=0
shrinkage=0.05


Tree=12
num_leaves=63
num_cat=0
split_feature=22 0 22 4 20 4 23 12 20 0 24 7 0 17 0 18 0 20 0 23 23 10 18 16 10 22 23 18 23 18 18 10 8 22 8 23 18 0 0 18 23 23 23 22 18 14 24 12 18 0 18 18 13 7 13 13 22 16 8 7 13 17
split_gain=11461.2 2641.94 1204.37 1449.01 1089.79 898.392 775.114 673.062 650.743 591.198 542.985 521.197 536.09 516.049 511.933 649.682 428.42 406.248 329.373 326.58 356.063 253.496 248.579 213.175 423.363 240.49 186.005 170.316 194.593 228.192 247.572 138.569 238.242 459.901 220.615 127.372 122.99 131.222 103.853 103.376 166.23 170.748 163.453 101.922 151.288 97.0339 103.214 84.1383 78.5844 69.3641 77.1261 69.2744 58.7923 56.6354 38.8753 55.2699 37.3574 38.9917 33.7721 56.5808 32.4308 47.4397
threshold=16.011638641357425 4.305000066757203 17.694078445434574 159.50000000000003 1.4573985338211062 670.50000000000011 2.0514693260192876 1.919459402561188 0.99318918585777294 5.2049999237060556 -10.745800018310545 4.6649999618530282 4.0950000286102304 1.0425278544425967 3.9550000429153447 622.96820068359386 5.1099998950958261 0.18380038440227511 3.9850000143051152 0.22662043571472171 15.080227375030519 2.7849999666213994 13.525680541992189 0.45984147489070898 3.0900000333786015 16.182035446166996 629879972298752.12 38.50263977050782 0.55062574148178112 153.22216796875003 160.7404708862305 4.5025000572204599 6.3500001430511483 18.508732795715336 6.4500000476837167 20.192837715148929 398.72888183593756 4.4949998855590829 6.3500001430511483 32.047138214111335 1.563636362552643 1.8975817561149599 0.70794644951820385 18.797674179077152 64.45932769775392 12.500000000000002 0.004279494285583497 1.156250059604645 218.85085296630862 5.6199998855590829 398.72888183593756 37.341819763183601 0.050077496096491821 2.7949999570846562 0.0079157426953315752 0.0054562734439969071 15.910464763641359 0.26092258095741278 7.2500000000000009 5.0699999332427987 0.00070986326318234216 3.3220045566558842
decision_type=2 2 2 2 2 2 2 2 2 2 2 2 2 2 2 2 2 2 2 2 2 2 2 2 2 2 2 2 2 2 2 2 2 2 2 2 2 2 2 2 2 2 2 2 2 2 2 2 2 2 2 2 2 2 2 2 2 2 2 2 2 2
left_child=1 4 3 7 8 11 -6 13 10 27 19 12 21 16 15 -12 17 -2 -16 22 -21 -4 -1 24 -15 -25 -10 39 36 35 -31 32 33 -13 -34 -30 48 -38 -18 40 42 -42 -3 -14 -45 -5 -47 51 -29 50 -11 -41 -23 -8 55 -28 57 -51 59 -33 61 -55
right_child=2 9 5 45 6 -7 53 -9 26 49 14 31 43 23 18 -17 38 -19 -20 20 -22 52 -24 25 -26 -27 54 28 29 30 -32 58 34 -35 -36 -37 37 -39 -40 47 41 -43 -44 44 -46 46 -48 -49 -50 56 -52 -53 -54 60 -56 -57 -58 -59 -60 -61 -62 -63
leaf_value=-0.047596436919672164 0.057057442281103238 0.052170609746123767 0.099684487793491053 -0.059160218571232798 -0.051489761781250677 -0.051172245795643258 0.15085493990787902 -0.061400193129501748 -0.052517045060041602 0.087617107681635942 0.027979476355558919 0.083485865945735441 0.081241232476655004 -0.057616436873564103 0.32214635206448072 -0.0072841511916775627 0.091495386138822729 0.075970427272229857 0.0426032261736062 -0.020000821748449357 0.17024912312586105 -0.067021347879361481 0.23931977493811149 0.11743330506316528 0.072055703817375708 0.08586065437880222 -0.055262720672606729 0.055663517122538753 -0.041792238408583433 0.20372549678723134 -0.05442782136262532 0.066499164212303216 0.097783863202601642 0.033093114208459888 0.086536196124030351 0.025568804777986322 0.029645985797960087 0.054658033826686575 0.13082856641577897 0.065345772206166483 0.19994090068352321 0.077558192766536818 -0.061531887547128045 -0.074535121218111219 0.098550475738470616 -0.056716146930707659 0.10023013764169082 0.21067091693940432 0.077759333034154707 0.0889625985069359 0.060034931674207086 0.16589939511383378 0.02559034480611487 0.033256887376542421 0.10596513868984732 0.094961287541391784 0.12381550490026463 0.062374339205054502 0.095664127573982238 0.091714508978465822 0.11037397236389671 0.097778103394014132
leaf_weight=8.2716213501989824 4982.2019037231803 348.53750425763428 31.087447518482804 203.61088957823813 85.123090551234782 113.02477959170938 74.32416102476418 86.551721479743719 315.86782760359347 460.71774135529995 6309.7087330054492 8881.7212816234678 413.34261272102594 68.047989442944527 9.5983193144202215 1646.2970591597259 1181.5191501379013 6678.997713137418 3576.6575420945883 58.017255080863833 41.405998231843114 130.96788079477847 58.43193655833602 654.93763446062803 735.50544993393123 9087.6505819670856 12.896941654384136 781.04458180069923 106.93392086774111 29.113618955016136 12.874129720032213 238.55897422134876 7058.3298879899085 479.2936449944973 11906.267124770209 199.58509901165962 606.73682234436274 4108.1154253445566 203.80846561491489 59.162176601588726 29.153871458023787 761.93970571830869 33.87504318356514 26.581798579543829 22.27808303385973 19.179149972274899 20.851341500878334 20.956147402524948 874.50817394629121 1766.9112317413092 600.52900674939156 24.970480661839247 19.07557512447238 39.531432727351785 20.249083954840899 9.9466866701841354 76.291570819914341 162.61796470731497 6889.3054303228855 22788.14707056433 414.42116777785122 118.88445068150759
leaf_count=139 11436 1503 76 4838 2791 7441 37 799 9171 649 127585 5706 436 1026 53 55571 838 12528 43058 1012 124 1080 332 692 1429 6917 113 3943 865 100 130 245 1248 857 5889 1292 7503 22601 57 235 36 1789 259 131 41 411 17 35 4293 1124 1424 43 61 178 12 2 36 171 1020 5965 210 26
internal_value=0.0766321 0.0460942 0.08542 0.0759434 0.0306218 0.0892613 0.0898155 0.077192 0.0270222 0.0639879 0.0290563 0.0895318 0.0446549 0.0777032 0.0277573 0.0206819 0.0710338 0.0678959 0.0434424 0.118569 0.0600876 -0.0281243 0.203489 0.0859458 0.0610104 0.0879954 -0.0392064 0.0568128 0.0536073 0.0171461 0.12503 0.0900266 0.0874863 0.08091 0.0907276 0.00199312 0.0555982 0.0514474 0.0973759 0.0735985 0.0692171 0.0823214 0.0419513 0.073186 0.00467818 -0.0452055 0.0253636 0.121364 0.067378 0.0826711 0.0720851 0.0968469 -0.0551227 0.10846 0.0572247 0.0111782 0.0882308 0.0867578 0.0924287 0.0914564 0.102698 0.0820183
internal_weight=106785 23864.2 82920.8 23922.9 12799.6 58998 732.284 23679.2 12067.3 11064.6 11708.4 58885 643.333 23592.7 11542.3 7956.01 13046.5 11661.2 3586.26 166.127 99.4233 181.131 66.7036 10546.1 803.553 9742.59 358.961 7997.51 6718.91 348.507 41.9877 58241.6 28325.6 9361.01 18964.6 306.519 6370.41 4714.85 1385.33 1278.59 1173.51 791.094 382.413 462.202 48.8599 243.641 40.0305 105.089 1655.55 3067.07 1061.25 84.1327 150.043 647.161 43.0927 22.8436 2005.82 1929.53 29916 23026.7 572.837 158.416
internal_count=359629 288445 71184 40988 240414 30196 3242 35722 237172 48031 227874 22755 1825 34923 226267 183156 24859 23964 43111 1607 1136 1217 471 10064 2455 7609 9298 44627 40727 2387 230 20930 13700 6563 7137 2157 38340 30104 895 3900 3587 1825 1762 608 172 5266 428 313 8236 3404 2073 278 1141 451 127 115 1331 1295 7230 6210 414 204
is_linear=0
shrinkage=0.05


Tree=13
num_leaves=63
num_cat=0
split_feature=7 2 16 3 19 23 1 20 8 8 4 1 1 19 1 1 21 6 2 1 18 3 18 18 18 20 21 18 23 2 11 10 16 20 1 16 3 20 6 19 9 9 1 24 1 6 8 2 20 8 21 1 20 4 18 1 9 1 8 16 14 20
split_gain=10823.4 1418.48 1358.48 1025.26 903.679 1318.16 1188.24 1133.34 762.102 750.095 1477.61 655.604 529.447 475.737 469.093 465.871 455.713 453.371 924.203 507.148 474.438 450.391 415.243 408.396 380.073 374.61 388.616 321.509 305.483 301.083 296.06 283.036 279.247 264.678 244.306 243.313 220.988 288.769 174.328 257.102 461.157 282.756 171.449 152.994 149.591 207.584 146.357 136.402 133.176 119.297 117.09 174.918 123.244 92.9811 120.597 90.5114 81.6071 79.1964 78.1965 61.4629 1087.29 334.273
threshold=4.6099998950958261 6.5000000000000009 0.49975961446762091 463.50000000000006 699.65585327148449 0.069724176079034819 37.93499946594239 0.28642667829990393 5.0050001144409189 5.7099997997283944 159.50000000000003 8.9640002250671404 20.005000114440922 274.73713684082037 56.010000228881843 4.6649999618530282 0.018456174992024902 5.5000000000000009 18.500000000000004 15.000500202178957 12.080500125885012 34.500000000000007 194.15230560302737 0.15464583039283755 204.08771514892581 0.53616631031036388 10.620341777801515 27.805417060852054 0.35397322475910192 47.500000000000007 2.5000000000000004 3.4974999427795415 0.17395862191915515 1.7505140304565432 546.54351806640636 0.42776788771152502 11.500000000000002 0.33152243494987493 17.500000000000004 0.53656458854675304 4.3499999046325692 3.3999997377395634 6.3904998302459726 -0.22959478944540021 4.0025000572204599 11.500000000000002 4.9949998855590829 216.50000000000003 0.25777189433574682 4.8949999809265146 281311280.00000006 33.854999542236335 0.81180197000503551 3.5000000000000004 172.46152496337893 613.19500732421886 2.3999999761581425 595.94750976562511 4.4749999046325692 0.98970836400985729 10.500000000000002 0.37224116921424871
decision_type=2 2 2 2 2 2 2 2 2 2 2 2 2 2 2 2 2 2 2 2 2 2 2 2 2 2 2 2 2 2 2 2 2 2 2 2 2 2 2 2 2 2 2 2 2 2 2 2 2 2 2 2 2 2 2 2 2 2 2 2 2 2
left_child=1 4 43 9 5 13 11 16 25 10 17 15 21 36 -14 33 27 18 20 -20 -2 -9 32 35 -24 26 56 -7 -18 -10 -25 -28 -15 -6 53 -13 37 -1 39 -11 41 -41 -17 58 45 -19 -38 -12 -42 -46 52 -52 -27 54 -8 57 -4 -36 -3 -40 -61 -62
right_child=3 2 8 -5 6 7 34 12 29 38 47 23 14 22 -16 42 28 44 19 -21 -22 -23 24 30 -26 50 31 -29 -30 -31 -32 -33 -34 -35 55 -37 46 -39 59 40 48 -43 -44 -45 49 -47 -48 -49 -50 -51 51 -53 -54 -55 -56 -57 -58 -59 -60 60 61 -63
leaf_value=0.07674661561199303 0.075305644746360409 -0.048143476961435894 -0.066017470490914748 -0.054323439172239696 0.034153537672671139 -0.04503992135548892 0.025188329609328243 -0.02907442728088025 -0.066281258094206097 0.087178495528844546 -0.065225553116219415 -0.049195554529509668 0.057131131684277525 -0.01592139960942069 -0.034441850809372357 -0.037253549818250346 0.088732503751857317 0.059890825003400129 -0.072852993266543056 0.066285463082258231 0.041866665277646237 0.095351301135624164 0.25651944098918622 0.048063655687683116 0.061630910036554146 0.11803707331050142 -0.01777860655730364 0.037712842159492894 0.053173293979028806 0.1166588537048997 -0.011675447746997789 0.094667742685042577 0.052336811650016593 0.1460566774392684 0.048506076137547538 0.16597046793684866 -0.056528719546399764 0.11482486683671041 0.090826905439147038 0.08245771037813332 0.0646037589856404 0.06169863825267017 0.0089329549775247312 -0.045155412622451686 0.056620490630944667 -0.086826609053886894 0.075532025731804051 0.048144370754997799 -0.070556083430986752 0.083748638923094643 -0.064651892645995135 0.13124760102222863 0.093060648643450913 -0.051862450794907637 7.0042548942912195e-05 -0.0084221684708766422 0.068450214629735925 0.12319323974440773 0.13441851984814013 0.087698908990391219 0.067204547034045242 -0.076479729588185566
leaf_weight=2872.5766120962799 7865.3405952714384 7.7490176837891367 74.551893042400479 135.99339778814465 426.18504653312266 121.23836067132652 604.16439560800791 944.97462255321443 109.27704239077866 12591.857359111309 200.92836561240256 14.512707533314822 586.48293832316995 308.86134856194258 182.72695257514715 395.04308783635497 755.99780324846506 144.21751517988741 176.26488447468728 102.89514165744185 1231.9202777929604 77.800768399611115 24.409369710832834 8164.1821015253663 2375.7855395562947 688.19075724110007 69.93223444186151 3027.9572207145393 3070.6457238737494 27.279300363734365 212.30401352792978 272.16884358227253 289.23295501805842 59.591215407475829 87.963362548500299 104.61235469207168 47.142369204200804 609.12559632025659 15239.730915766209 6456.7304259315133 23.850458197295666 2226.0136254429817 406.9532664604485 234.05818657111377 428.21216967143118 27.968499513342977 36.183460153639317 29.754630098119378 68.036187931895256 13224.834822394885 26.265338011085987 18.586128152906895 1981.1324351215735 71.797722036018968 2273.3897458259016 35.539101310074329 12.390877759084104 61.686708740890026 18.392691515386105 15456.754032645375 57.311323523521423 131.74429989978671
leaf_count=12922 9581 154 732 7536 11915 1352 14409 12660 1040 3561 4019 362 3849 5980 2849 12392 3717 239 1108 167 3186 127 248 85567 17917 785 427 20866 11465 44 4474 394 4580 117 662 841 937 3398 3334 3071 21 2811 9520 6370 656 133 59 117 388 6640 166 14 2066 1818 50496 268 30 191 22 4022 38 799
internal_value=0.07223 0.0477375 0.0775791 0.0824981 0.0439951 0.0522064 0.0342463 0.0395122 0.0863026 0.0827448 0.0752955 0.0428293 0.00403838 0.0691549 0.0353549 0.00957101 0.0486223 0.0765479 0.0680332 -0.0214968 0.0707831 -0.0195208 0.0544339 0.0478683 0.063721 0.0913262 0.0477232 0.0345121 0.0602211 -0.0291173 0.0465477 0.0716821 0.0171116 0.0481631 0.00745071 0.139524 0.0815156 0.0834409 0.0860838 0.0825771 0.0759641 0.077144 -0.0138292 -0.0322689 0.0823171 0.0356666 0.000973789 -0.0504363 -0.0351018 0.0829024 0.0981968 0.0175104 0.0995436 0.00394086 0.00535247 0.063001 -0.0462362 0.0799392 0.0803387 0.0885068 0.0862409 -0.0327718
internal_weight=107609 31789 3539.97 75820.4 28249.1 15331.1 12917.9 8767.82 3279.77 75684.4 23432.3 9783.38 1791.99 6563.32 769.21 1287.77 6975.84 23201.7 9376.42 279.16 9097.26 1022.78 2998.29 8495.61 2400.19 3143.22 429.044 3149.2 3826.64 136.556 8376.49 342.101 598.094 485.776 3134.54 119.125 3565.03 3481.7 52252 21366.5 8774.63 8682.74 801.996 260.2 13825.2 172.186 83.3258 230.683 91.8866 13653 2714.17 44.8515 2669.32 2949.35 2877.55 185.189 86.9428 149.65 26.1417 30885.5 15645.8 189.056
internal_count=359629 308202 12244 51427 295958 102926 193032 56885 5698 43891 25846 125188 19485 46041 6698 33944 37400 21710 14042 1275 12767 12787 28725 91244 18165 4614 1583 22218 15182 1084 90041 821 10560 12032 67844 1203 17316 16320 18045 9852 6291 5882 21912 6546 7668 372 996 4136 409 7296 3031 180 2851 66723 64905 1121 762 853 176 8193 4859 837
is_linear=0
shrinkage=0.05


Tree=14
num_leaves=63
num_cat=0
split_feature=22 0 22 5 15 5 3 0 23 23 24 2 3 7 0 0 9 20 0 20 5 6 7 1 1 5 23 23 24 13 1 22 3 1 13 1 16 9 1 20 1 18 18 1 1 20 15 20 13 20 24 1 1 1 5 9 1 2 15 0 22 18
split_gain=10836.5 2222.29 1356.29 1316 887.097 1141.54 876.623 869.212 667.118 915.538 579.755 512.601 462.033 446.732 462.544 433.424 415.028 630.243 408.487 406.3 1033.36 400.462 362.71 348.684 438 433.892 425.199 339.765 303.2 281.369 275.37 261.521 254.045 252.731 241.246 241.043 234.572 300.024 218.986 178.248 177.047 177.679 158.505 194.547 194.363 158.314 144.88 1566.61 530.621 335.546 144.653 143.72 130.88 129.11 127.431 118.918 117.362 109.551 107.832 92.659 89.3936 134.055
threshold=16.011638641357425 4.5950000286102304 17.694078445434574 198.50000000000003 5.5000000000000009 104.50000000000001 463.50000000000006 3.9550000429153447 0.010677785612642767 0.51895633339881908 -7.5916669368743888 1.5000000000000002 9.5000000000000018 4.6649999618530282 4.0950000286102304 5.6199998855590829 2.6999999284744267 0.66757008433341991 5.1099998950958261 0.46206772327423101 96.500000000000014 4.5000000000000009 3.5949999094009404 11.802000045776369 6.5915000438690194 1.5000000000000002 0.099801037460565581 0.79445296525955211 -0.49999998509883875 0.17000003904104236 14.605000019073488 13.971089363098146 213.50000000000003 214.0100021362305 -0.051428552716970437 227.0100021362305 0.9566781520843507 1.7999998331069949 582.23999023437511 0.18380038440227511 536.20501708984386 282.38954162597662 398.72888183593756 210.26499938964847 25.651499748229984 0.89812183380126964 112.50000000000001 0.70663928985595714 0.0049999998882412919 0.36649332940578466 0.54304945468902599 16.544000625610355 557.15499877929699 140.004997253418 69.500000000000014 1.7000001668930056 93.009998321533217 216.50000000000003 46.500000000000007 6.3500001430511483 18.797674179077152 64.45932769775392
decision_type=2 2 2 2 2 2 2 2 2 2 2 2 2 2 2 2 2 2 2 2 2 2 2 2 2 2 2 2 2 2 2 2 2 2 2 2 2 2 2 2 2 2 2 2 2 2 2 2 2 2 2 2 2 2 2 2 2 2 2 2 2 2
left_child=1 4 3 11 7 8 13 10 50 29 22 18 -5 14 32 35 36 21 27 20 -12 -18 31 24 -9 38 -27 55 -11 -10 -29 -1 -4 -24 -21 42 37 -13 -25 -26 -37 -42 43 56 51 -38 47 49 -49 -15 54 -44 -43 -46 -6 -2 -3 -14 -19 -20 -16 -62
right_child=2 15 6 12 5 -7 -8 23 9 28 19 16 57 46 60 -17 17 58 59 34 -22 -23 33 25 39 26 -28 30 -30 -31 -32 -33 -34 -35 -36 40 45 -39 -40 -41 41 52 44 -45 53 -47 -48 48 -50 -51 -52 -53 -54 -55 -56 -57 -58 -59 -60 -61 61 -63
leaf_value=0.16684592026420764 0.069438369093377694 0.067493899651587683 -0.053992783653991808 0.08454898032615811 0.057059440281904496 -0.052804785288590263 -0.05434500979576376 -0.053800848900236856 -0.05312766207332012 -0.057651339422094772 0.0136561672150991 0.073831697451305259 -0.055774275930855537 0.083082926125161063 0.073498232078961931 0.080372146337617786 -0.0048657648913975199 -0.067997980060493332 0.079712983785004132 0.026377594602455569 0.28817475575134754 0.073005514074753516 0.12148627775961654 0.0081864991506192582 0.056655346328601697 0.065315150074633357 0.018923915817296282 0.051766093701255345 0.092821054244991416 0.099139047631300284 0.021844217725749984 -0.052536585513903701 0.10763281417703884 0.40341450532356932 -0.043420728395327964 -0.0571764098050241 0.077051304874157511 0.047264812514915738 0.079467689929502941 -0.057409241660541947 -0.05965590426268419 0.17892754092363494 0.051326606477870622 0.21473909530553367 0.019570142432737053 0.094839030065346636 0.088955539273116141 -0.059120236116962946 0.083021626412861829 0.069878596889412253 0.35385787406685831 0.088485050923046205 0.032345575358185032 0.080093184452383615 0.23563931377545821 0.0061966804226909061 0.029003728012210902 0.039954843741907428 0.097177223489544953 0.12190692547789606 -0.073654289547579632 0.087640513730693828
leaf_weight=17.024883715435863 2084.4004541635513 2224.9069449901581 150.9658359522 82.926192665472627 15.502748144790528 185.03265818674117 118.5079645998776 94.568388534709811 169.01354225352407 33.821557665243745 7130.2869894970208 3965.8003843277693 305.5123268282041 45556.370648428798 421.02376255206764 2028.3168439120054 205.13623563572764 128.28481554612517 797.97074614465237 164.131901467219 33.451285824179649 839.91633769124746 138.11556802131236 1910.2561464123428 2684.6424573175609 1129.5570202600211 879.76410688832402 2336.8372637666762 1132.4133178796619 35.956148993223906 1150.1569039188325 54.138736382126808 27.970886535011232 7.7230039630085221 494.93258714582771 82.017035651952028 9331.2046094089746 1464.1372499912977 113.24447826296091 33.889505386352539 28.482557971030474 23.876886319369078 2783.6221338137984 20.827005159109831 705.06745450943708 1473.5732642896473 6502.2859298288822 265.50829743500799 86.149388447403908 5432.1287112832069 18.331683129072189 289.18294179439545 41.019476033747196 100.04214407131076 32.385192384943366 77.474499247968197 220.24856700748205 32.341892249882221 9.8068943023681623 161.2210855036974 26.286653861403465 23.399721786379814
leaf_count=192 3487 5705 1281 143 107 5302 6688 1691 3790 474 167955 5439 7782 13107 439 1331 682 900 646 2372 155 616 904 28474 16829 8545 7894 4393 2994 290 4869 1053 70 43 11734 912 7082 3841 665 379 210 89 8878 68 5981 351 1642 2584 43 4167 30 732 251 908 61 357 1447 354 1 45 134 41
internal_value=0.0682904 0.0394665 0.076985 0.0670814 0.0287481 0.0638509 0.0811146 0.0249177 0.0788972 0.0712893 0.0137649 0.0686167 -0.020526 0.0813901 0.0400521 0.0601609 0.0731215 0.0444562 0.0567326 0.0115214 0.0149788 0.0577251 0.0941972 0.0380107 0.0515267 0.028571 0.0450251 0.0515897 0.0884073 -0.0260408 0.0419071 0.00146303 -0.0282424 0.139096 -0.0260171 0.0538606 0.0752074 0.0666791 0.0122155 0.055211 -0.00391234 0.042928 0.055459 0.0654035 0.0491188 0.0794862 0.0818536 0.0809523 -0.0241474 0.0816777 0.232955 0.0548529 0.0882492 0.0271869 0.18028 0.0671782 0.0640422 -0.0465048 -0.0556174 0.0869297 0.0660292 0.00243902
internal_weight=108113 25055.8 83057.3 24446.7 16508.2 1622.46 58610.6 14885.7 1437.42 1371.2 8039.8 24025.9 420.78 58492.1 649.647 8547.61 17417.9 1183.14 6608.06 7822.8 7163.74 1045.05 217.002 6845.92 2813.1 4032.82 2009.32 5648.87 1166.23 204.97 3486.99 71.1636 178.937 145.839 659.064 6519.29 16234.7 5429.94 2023.5 2718.53 175.396 93.3789 6343.9 2465.98 3877.91 10804.8 57842.4 51340.2 351.658 50988.5 66.2196 3072.81 64.8964 805.11 47.8879 2161.87 2445.16 337.854 138.092 959.192 470.71 49.6864
internal_count=359629 288445 71184 40988 261933 13048 30196 248885 7746 7548 184408 32709 8279 23508 1965 26512 18912 2199 13797 182216 168110 1298 2192 64477 18899 45578 16439 13106 3468 4080 9262 1245 1351 947 14106 25181 16713 9280 29139 17208 1462 550 23719 7220 16499 7433 21543 19901 2627 17274 198 9610 340 6889 168 3844 7152 8136 901 691 614 175
is_linear=0
shrinkage=0.05


Tree=15
num_leaves=63
num_cat=0
split_feature=22 1 22 5 1 23 1 20 12 20 10 15 9 20 5 12 4 2 4 9 22 4 12 5 22 15 1 7 23 20 1 24 1 3 23 2 10 7 9 1 1 23 10 6 12 15 1 1 22 22 22 9 1 15 21 21 22 7 1 24 2 22
split_gain=10738.8 1101.28 913.315 1502.57 775.422 648.305 604.878 806.026 641.474 625.786 645.003 608.856 567.711 442.232 534.072 439.715 410.975 380.193 344.572 334.7 474.778 315.973 291.879 279.663 329.063 274.829 259.613 238.891 233.604 202.364 481.32 189.08 188.317 182.4 180.612 180.611 409.366 288.725 180.106 178.691 220.456 168.342 160.647 157.029 207.752 1157.28 161.322 143.312 138.412 388.681 129.206 127.22 113.93 111.099 107.505 101.344 168.041 106.663 93.765 83.6378 79.4176 76.8622
threshold=16.403818130493168 56.010000228881843 17.783444404602054 198.50000000000003 569.09851074218761 79338863067136.016 8.9640002250671404 0.99318918585777294 1.1722229123115542 1.5415191650390627 3.6999999284744267 3.5000000000000004 1.7050000429153445 0.33152243494987493 2.5000000000000004 1.1485328078269961 5.5000000000000009 1.5000000000000002 638.50000000000011 2.6999999284744267 17.235943794250492 101.50000000000001 1.6666666865348818 5.5000000000000009 15.731436729431154 8.5000000000000018 35.001499176025398 5.0699999332427987 1.4125363230705263 0.89812183380126964 6.5915000438690194 0.004279494285583497 88.509998321533217 9.5000000000000018 0.9386553466320039 43.500000000000007 3.3925000429153447 4.0850000381469735 0.80499994754791271 90.006500244140639 91.745498657226577 0.14827972650527957 4.3999998569488534 17.500000000000004 2.00000011920929 1.0000000180025095e-35 76.022998809814467 595.94750976562511 14.349936008453371 14.304471969604494 16.09733867645264 3.6000000238418584 67.005001068115249 63.500000000000007 35439336.000000007 0.022732324898242954 16.011638641357425 3.0249999761581425 23.005000114440922 0.38879363238811498 298.50000000000006 15.466084957122805
decision_type=2 2 2 2 2 2 2 2 2 2 2 2 2 2 2 2 2 2 2 2 2 2 2 2 2 2 2 2 2 2 2 2 2 2 2 2 2 2 2 2 2 2 2 2 2 2 2 2 2 2 2 2 2 2 2 2 2 2 2 2 2 2
left_child=1 5 3 17 13 6 9 8 11 10 16 -8 -10 14 39 38 -1 22 27 29 -21 -22 26 32 -25 -11 41 35 -12 30 -19 -20 -16 -5 -28 36 37 -4 48 52 -41 -2 47 44 46 -46 -29 61 49 -7 -44 -38 -3 -31 -50 56 -17 -57 -59 -40 -35 -6
right_child=2 4 18 33 42 15 7 -9 12 25 28 -13 -14 -15 23 55 -18 19 31 20 21 -23 -24 24 -26 -27 34 43 -30 53 -32 -33 -34 60 -36 -37 51 -39 59 40 -42 -43 50 -45 45 -47 -48 -49 54 -51 -52 -53 -54 -55 -56 57 -58 58 -60 -61 -62 -63
leaf_value=0.010626193974775419 0.079035468287745242 0.0040674339271963116 0.091911387195405342 0.059607440358998967 0.040617242987805675 -0.049872919676986857 0.042676292747779496 -0.046900477458198628 0.084109911255441705 -0.053236922241653273 0.11653426859807695 -0.026665486368337505 0.014874362407517406 -0.054999482146981783 0.015014210932842987 -0.055961948454453195 -0.04339407544922963 0.023669516147459886 -0.051988370986461509 -0.052951241754961888 0.060631313119044052 -0.076442298902585276 -0.061111998473252049 -0.00090799504965619288 0.059850337658959946 0.1023078171459315 0.058947567838348917 0.077867430074372232 0.012695660874314951 0.084812800415392423 0.073021088042082613 0.079151342748483774 0.063094337001801504 -0.056627119768955042 0.0038808148432215579 0.087981949296454462 0.05078257867169033 -0.0669685617647931 -0.06702304291293823 0.1455099820482392 0.0086887658697177381 0.055193153901757809 0.16463884325861153 0.080948519851866463 -0.021613342845446804 0.075136143981712297 0.04275314207954159 0.086694023237135057 0.035650238828224455 0.32772524038002704 0.024637129419825265 0.085496569830423044 -0.033069292495790166 0.12450470591776285 0.05747016704310292 0.17558783673782904 0.079974200760238118 0.075984428905222889 0.10592961746157646 0.037417900726725135 0.069663550407864455 -0.058191328229834464
leaf_weight=1354.7669874150306 982.11164536327124 367.65583002567291 37.412542006000876 41.340795269235969 148.23480500653386 11.682690588757398 14803.481347035617 242.71738166734576 1620.3196323271841 31.241446973755956 165.36442048288882 322.76223038323224 363.04716250114143 221.40216742828488 264.30080778896809 34.44235253892839 474.57110787089914 514.53333758562803 78.65039776545018 108.05322942882776 1210.1556519269943 42.7001485042274 52.656959753483534 761.81711729057133 313.87948353216052 257.24644849263132 248.69355876743793 18746.489706867374 80.873760689049959 1407.1077412888408 13391.993898831308 40.966607942245901 902.10938961617649 289.71236190292984 369.80370920151472 459.97693205904216 924.66976329684258 111.14396502822638 47.176225274801254 28.898275705054402 1976.8403376992792 3125.8014085628092 77.178499903529882 32408.755899265409 355.85331107676029 2327.7389867566526 337.55995323508978 266.08195267617702 875.54048605076969 14.550066336989401 21.489395178854465 375.23176829516888 469.017598727718 208.02399415522814 1635.1955928727984 31.583397939801216 62.692402645945549 1193.9988591261208 347.7729384675622 30.936984524130821 12.149976406246422 21.737972103059292
leaf_count=33718 853 6721 351 76 830 203 133525 6811 8604 916 1526 3944 1932 4053 3305 441 10439 1287 5268 617 1426 267 434 13210 1681 244 450 6943 788 632 10244 67 9494 8955 1660 185 1231 871 366 476 34806 4909 162 8484 1383 1566 405 963 5053 57 89 210 9902 33 3457 71 123 2072 285 90 101 170
internal_value=0.0648073 0.0392872 0.0745445 0.0658965 0.0198095 0.0440256 0.0401894 0.0434223 0.0447065 0.0164501 0.00683879 0.0411947 0.071453 0.014017 0.0170335 0.0616598 -0.00340119 0.0675414 0.077929 0.0710722 0.0472197 0.0558983 0.0550552 0.0352736 0.0168553 0.0853203 0.0563631 0.0781098 0.0826393 0.07316 0.0711973 -0.00675013 0.0522262 -0.0378041 0.0260903 0.0606266 0.0518814 -0.0265757 0.0488196 0.00263656 0.0107341 0.0609124 0.0771445 0.0787244 0.0754093 0.0623017 0.0772489 0.0638198 0.0511235 0.163723 0.13475 0.060865 -0.0167591 0.090002 0.0498804 0.0817165 0.0316435 0.0847826 0.0828066 -0.0256456 -0.0513142 0.0276848
internal_weight=108052 29842.6 78209.3 22004.8 5840.64 24002 19716.4 17352.3 17109.6 2364.06 2075.58 15126.2 1983.37 5305.92 5084.52 4285.57 1829.34 21661.6 56204.4 16882.6 1360.91 1252.86 4779.07 2242.11 1075.7 288.488 4726.41 56084.8 246.238 15521.7 13906.5 119.617 1166.41 343.203 618.497 1908.43 1448.46 148.557 2615.08 2842.41 2005.74 4107.91 534.723 54176.4 21767.6 2683.59 19084 436.055 2536.97 26.2328 98.6679 1299.9 836.673 1615.13 2510.74 1670.49 97.1348 1573.36 1541.77 78.1132 301.862 169.973
internal_count=359435 300527 58908 31944 85862 214665 202447 154816 148005 47631 46471 137469 10536 83648 79595 12218 44157 22812 26964 14506 2310 1693 8306 27690 14891 1160 7872 21629 2314 12196 11531 5335 12799 9132 2110 2848 2663 1222 9226 51905 35282 5762 2214 18781 10297 2949 7348 1963 8770 260 251 1441 16623 665 8510 2992 564 2428 2357 456 9056 1000
is_linear=0
shrinkage=0.05


Tree=16
num_leaves=63
num_cat=0
split_feature=22 0 18 19 0 16 23 20 5 5 15 5 1 20 22 20 23 19 16 15 1 5 1 22 5 7 23 18 15 16 3 5 5 8 0 8 20 1 18 1 1 5 1 0 1 2 22 20 7 20 19 23 16 0 1 23 23 18 15 5 6 19
split_gain=10564.5 2028.93 1099.54 1088.52 1057.38 592.135 636.267 698.69 558.38 479.746 895.186 445.967 569.02 431.992 470.479 999.721 429.656 421.362 409.767 402.966 393.473 435.681 386.715 329.939 405.544 326.18 318.055 303.666 295.05 291.025 277.704 255.31 459.28 242.06 231.472 221.312 372.97 210.245 169.215 164.827 180.956 158.088 154.071 152.005 148.931 148.016 303.416 138.893 132.865 256.067 127.531 116.454 185.789 116.326 111.474 109.763 107.52 101.463 94.815 107.09 92.573 170.174
threshold=16.403818130493168 4.805000066757203 29.866975784301761 4.6019885540008554 3.9550000429153447 0.94142156839370739 0.062827456742525115 0.44315767288208013 799.50000000000011 98.500000000000014 12.500000000000002 25.500000000000004 31.003000259399418 0.95530068874359142 17.235943794250492 0.71228122711181652 0.14827972650527957 254.67264556884768 0.70153161883354198 5.5000000000000009 10.000500202178957 1.5000000000000002 57.004999160766609 17.694078445434574 198.50000000000003 2.5049999952316289 0.010677785612642767 5.5850374698638925 11.500000000000002 0.081646312028169646 15.500000000000002 8.5000000000000018 1.5000000000000002 4.6099998950958261 5.5199999809265146 5.5050001144409189 0.44675697386264807 557.15499877929699 194.15230560302737 63.004999160766609 108.01150131225587 4.5000000000000009 214.0100021362305 3.9850000143051152 5.5510001182556161 260.50000000000006 18.720302581787113 0.22920235991477969 5.0699999332427987 0.38035337626934057 0.31567972898483282 0.15855016559362414 0.24993529170751574 4.5950000286102304 58.004499435424812 81523895231840272 0.35637168586254125 0.0044458333868533382 37.500000000000007 49.500000000000007 17.500000000000004 0.49586832523345953
decision_type=2 2 2 2 2 2 2 2 2 2 2 2 2 2 2 2 2 2 2 2 2 2 2 2 2 2 2 2 2 2 2 2 2 2 2 2 2 2 2 2 2 2 2 2 2 2 2 2 2 2 2 2 2 2 2 2 2 2 2 2 2 2
left_child=1 2 5 23 11 6 7 17 13 10 -8 31 29 14 16 47 30 -1 -15 25 51 43 -14 24 35 27 -9 -7 -18 -13 -5 32 -4 -27 39 44 53 -23 -33 54 50 42 -42 -22 55 48 -47 -16 49 -25 -41 52 -6 -37 -3 -2 -53 -11 -21 -60 61 -50
right_child=3 34 4 8 20 19 9 26 -10 57 -12 12 22 18 15 -17 28 -19 -20 58 21 37 -24 45 -26 33 -28 -29 -30 -31 -32 38 -34 -35 -36 36 -38 -39 -40 40 41 -43 -44 -45 -46 46 -48 -49 60 -51 -52 56 -54 -55 -56 -57 -58 -59 59 -61 -62 -63
leaf_value=0.10279175584190324 0.021736109164382428 0.056484191804582931 -0.0088181558720693293 0.074145817953298929 0.044340912918134974 -0.04479679840245078 0.019014316107932357 0.046702104566996333 -0.05062529501902549 0.10218698283608729 0.087222024325026459 0.091330263520900512 0.1856016487801031 -0.054769896324984135 0.070135259876613454 -0.053410513024872798 0.02540789818068194 0.022066935855551265 0.084975692835637509 0.087557645579429508 0.24853254243673703 0.033493036835113128 -0.050803945707020917 0.063556255689312252 -0.041680656513002151 0.037635022515737936 -0.053011050678928889 0.37978726034134402 0.062550225394265219 -0.038480394187243111 -0.054432319891871986 -0.034526600275147173 0.02280624655032152 0.072686928880875662 0.073857913317384935 0.033313809383395558 -0.085176181947184071 0.082685517088237237 0.057692748532960109 0.1507303657142505 0.087212949048761049 -0.062411607760613497 -0.003912076839646581 0.0085636901547614906 0.070911902940216529 0.07429045096705765 -0.064664060222436079 0.057209348451856934 0.077446399780617028 -0.046064588399798108 -0.042243163067507028 -0.064732124624730936 0.12534842685207317 0.069311658448052094 0.13122725272132865 0.075972684247925748 0.025299605790633364 -0.054355199034811008 0.077891061496105765 -0.062302520478974166 0.078595408066057873 0.067649490392830677
leaf_weight=756.20802993141115 275.45778068527579 3238.9724242053926 2561.60368748568 1120.3347443602979 3766.681441616267 5.7569550070911673 3626.1078522931784 170.40775464102626 112.99909987859428 9.9531962852925044 553.90505341626704 65.989830449223518 101.96806487999856 53.122414488345385 6145.736989967525 178.76415331847966 2406.2084965147078 206.55791407823563 2086.7570889974013 1054.1945567298681 5.6181587576866141 1993.7171113397926 20.304588479921222 565.65051168203354 84.333625378087163 1927.3672925755382 148.91666578873992 12.775075791403649 688.12191350385547 120.45357893593609 42.896512985229492 632.75969700701535 2078.8317709751427 664.37828671187162 2521.2003461197019 434.02193712443113 51.37798847258091 243.73555589467287 53.045601340010762 8.2786404043436033 158.22455236315727 28.645931903272867 65.191455226391554 2734.7375031076372 11160.367450650781 124.20615420490503 56.318349985405803 3207.3229868840426 13074.70216002129 58.034735021181405 112.05880953371525 35.836657462641597 71.540702832862735 473.36224590241909 50.385919343680143 141.36349817365408 332.69774792715907 213.69840057194233 31.332205768674612 22.564346320927143 28219.315022866242 6854.3964045252651
leaf_count=2059 697 7178 76530 1179 20401 139 43279 2718 9181 4 1623 821 459 1032 4355 1745 6739 3464 951 797 13 14478 439 378 1131 10813 3890 178 1483 2476 937 13578 44932 886 1783 618 232 1024 1064 5 785 194 422 35447 8157 142 732 4077 3800 335 974 306 273 232 213 72 1557 5032 16 277 6461 4242
internal_value=0.0615863 0.036602 0.0300741 0.0713735 0.0215851 0.0434473 0.0332886 0.0642806 0.05976 0.0242518 0.0280726 0.0045317 0.0628586 0.0605465 0.0572919 0.0634699 0.0434477 0.0855186 0.0814802 0.0589665 0.0320455 0.0225221 0.14621 0.0743981 0.0671613 0.0482034 0.000165029 0.252094 0.0336868 0.00768028 0.0693573 0.0011389 0.00534979 0.0466469 0.0621673 0.0678972 0.0447087 0.0388886 -0.0273127 0.0540987 0.0224689 0.0464995 0.060702 0.00914797 0.069813 0.0762623 0.0307958 0.0657099 0.0764299 0.0532905 -0.0277935 0.0433053 0.0458844 0.0521542 0.0576701 0.04028 0.0163798 -0.0469425 0.0842497 0.0190408 0.0767284 0.0740807
internal_weight=108022 30406.6 24223.6 77615.2 14819.5 9404.12 5685.75 1282.09 16042.3 4403.66 4180.01 5634.96 308.716 15929.3 13789.4 9531.82 4257.56 962.766 2139.88 3718.37 9184.56 4977.81 122.273 61572.9 12620.3 2610.28 319.324 18.532 3094.33 186.443 1163.23 5326.24 4640.44 2591.75 6182.96 12536 958.762 2237.45 685.805 3661.76 372.399 252.062 223.416 2740.36 11577.2 48952.6 180.525 9353.06 48772.1 623.685 120.337 4206.76 3838.22 907.384 3289.36 416.821 368.534 223.652 1108.09 53.8966 48148.4 19929.1
internal_count=359435 300527 288973 58908 213798 75175 62069 12131 31679 49938 44902 140299 4195 22498 20515 10177 10338 5523 1983 13106 73499 50962 898 27229 11139 12016 6608 317 8222 3297 2116 136104 121462 11699 11554 10008 1082 15502 14642 9771 2380 1401 1207 35460 8926 16090 874 8432 15216 713 979 22537 20674 850 7391 769 1863 5036 1090 293 14503 8042
is_linear=0
shrinkage=0.05


Tree=17
num_leaves=63
num_cat=0
split_feature=8 0 12 19 16 10 0 16 20 5 8 6 0 5 16 15 24 10 15 10 22 5 18 22 12 22 20 22 12 2 10 20 13 12 16 0 7 18 22 12 24 0 8 20 5 2 22 8 15 7 20 5 5 18 18 6 12 0 22 2 0 18
split_gain=10299.7 1786.05 1480.5 946.991 866.063 1014.54 856.969 504.503 533.782 501.007 479.07 380.221 362.802 348.391 620.32 340.033 506.608 317.79 267.136 514.748 456.696 255.133 455.877 254.144 481.698 304.182 251.563 246.068 243.659 275.701 214.699 762.188 232.55 214.397 340.658 267.882 236.091 199.175 195.609 195.404 182.128 170.446 169.013 160.746 143.462 134.247 279.211 129.965 129.214 126.71 232.832 118.037 112.719 117.676 137.856 96.2893 197.07 89.2501 82.6367 80.4614 97.2451 71.6172
threshold=4.8949999809265146 4.6050000190734872 1.1333333849906924 4.6019885540008554 0.58359211683273327 2.9499999284744267 4.0950000286102304 0.325603798031807 0.41863007843494421 799.50000000000011 4.7049999237060556 3.5000000000000004 5.5199999809265146 96.500000000000014 0.081646312028169646 13.500000000000002 -0.044752569869160645 3.6999999284744267 9.5000000000000018 4.5025000572204599 16.468716621398929 1.5000000000000002 480.14193725585943 17.694078445434574 1.8464346528053286 16.769082069396976 0.54818400740623485 13.732015132904055 1.0909091830253603 1.5000000000000002 2.7975000143051152 0.71228122711181652 -0.0002428627267363481 1.3779823184013369 0.98117637634277355 4.4949998855590829 5.5050001144409189 0.15464583039283755 15.262008666992189 2.1493430137634282 -3.1999999284744258 3.0949999094009404 4.1949999332427987 0.22920235991477969 80.500000000000014 260.50000000000006 18.720302581787113 5.6250000000000009 1.5000000000000002 5.0699999332427987 0.38035337626934057 52.500000000000007 6.5000000000000009 0.49451291561126715 0.86854863166809093 17.500000000000004 2.1493430137634282 6.6499998569488534 15.276435852050783 2.5000000000000004 3.1950000524520878 234.58136749267581
decision_type=2 2 2 2 2 2 2 2 2 2 2 2 2 2 2 2 2 2 2 2 2 2 2 2 2 2 2 2 2 2 2 2 2 2 2 2 2 2 2 2 2 2 2 2 2 2 2 2 2 2 2 2 2 2 2 2 2 2 2 2 2 2
left_child=1 2 6 23 5 27 13 8 -7 11 15 18 40 21 58 16 -6 -12 19 20 -5 37 -23 24 33 -26 -17 -4 29 44 -13 39 -33 59 35 -35 -36 -1 -29 -32 -3 -9 -31 -30 -8 49 -47 -21 -19 50 -25 -45 53 -42 -55 56 -51 -14 -15 60 -2 -54
right_child=3 12 4 9 10 7 28 41 -10 -11 17 30 57 14 -16 26 -18 48 -20 47 -22 22 -24 45 25 -27 -28 38 43 42 31 32 -34 34 36 -37 -38 -39 -40 -41 52 -43 -44 51 -46 46 -48 -49 -50 55 -52 -53 61 54 -56 -57 -58 -59 -60 -61 -62 -63
leaf_value=0.071477636652926793 0.0053928513676009563 -0.076322101493159031 0.30577134653364313 0.101888448131075 0.074170592007363506 0.082662053176549677 0.028913733865389653 -0.056768700138576468 0.019545669396044154 -0.050553033396923221 -0.074364251210439949 0.079519569668425619 0.065493571254729877 0.10052005403814333 -0.051863382083700553 -0.017315605426419425 0.024073295942605658 0.087971481225934858 0.080773847117894967 0.040734675455134116 -0.017091667016536898 0.012736250130540628 0.099830863150360105 0.060794319312751526 0.083007214362473589 -0.071135923543132321 0.08641873378945325 -0.002334201482990194 -0.072232433153707948 -0.055380070251072902 0.062669915349610986 -0.062088826843029271 0.032846764884577329 -0.00030684345726354431 0.070238608453527127 0.074230260542353016 -0.013532942774686876 -0.004862400092068289 -0.054822893215167562 -0.010238178068662895 0.071623680914091811 0.016878095200581963 0.060765652831733401 0.037311976241411818 0.089476029641982868 0.071340287835793562 -0.06390863385039959 0.07060182174166886 -0.03026422310009802 0.072076497691489827 -0.044475049247576691 -0.074233830510978274 0.060374446545292518 -0.084265113093396349 0.044763822437269438 0.07589893685012436 0.040052896981145975 0.087430759592247539 0.26522291968297712 0.072791730369446875 0.064011330223696553 0.10455874970691487
leaf_weight=86.887586750090122 73.010010369122028 28.182893827557564 4.6143537089228621 92.26275734975934 1212.6050450876355 949.22949554026127 8541.0201176740229 93.898974068462849 518.91322986315936 105.49961346760392 100.43039404414594 1592.7708941763267 1965.4515507295728 11.951890995725988 33.481102282181382 60.051773704588413 866.79435661621392 70.229423142969608 377.27648212853819 1150.8861139938235 595.46007131785154 4754.8948298525065 154.20353613607585 561.91933289170265 45.150376487523317 103.57549338322133 1760.5710652405396 383.88658115640283 88.062058765441179 31.559022512286901 9536.7274459665641 158.53169141896069 107.39536888618022 440.20482945162803 1328.8378211539239 164.92452607676387 89.363613680005074 3064.6097327452153 329.63856009114534 92.412984924390912 428.72128304839134 455.24761796183884 988.36874147504568 110.47785341925919 98.244884602725506 122.948192874901 54.200414275750518 538.96481285244226 33.51188874989748 19188.081895807758 57.161696362309158 29.132209531962872 762.94937654584646 19.879608098417521 4948.4065779820085 27772.061888601631 497.69821298122406 626.2140012383461 35.414580378681421 6316.5789818167686 2748.7071076929569 106.54118078202009
leaf_count=634 234 151 38 218 3173 4280 62532 1437 6352 9025 556 761 1653 150 737 267 4924 87 536 2676 3061 87272 2959 378 47 709 1475 9373 638 358 8206 1662 578 1562 952 101 211 84925 7731 434 397 3890 1361 353 76 142 732 576 105 7354 335 175 1267 86 16611 6461 688 151 37 2917 2549 119
internal_value=0.058707 0.0358208 0.028943 0.0691579 0.0487498 0.0269384 0.021426 0.0451017 0.0603855 0.0576128 0.0632757 0.0584178 0.0550621 0.00941041 0.112057 0.0671837 0.0533116 -0.011313 0.0416993 0.0354654 -0.000997643 0.00836648 0.0154928 0.0719379 0.0651598 -0.0240657 0.0829868 -0.024068 0.031318 0.0325235 0.0624226 0.0596623 -0.0237507 0.0663512 0.0515525 0.0200885 0.0649507 -0.00273409 -0.026633 0.0619687 0.04856 0.00419579 0.0571162 -0.0197249 0.0296133 0.0735252 0.029805 0.0502996 0.0498054 0.0736855 0.0510104 0.0136379 0.0491345 0.0464196 0.0442297 0.0739801 0.0712692 0.0708278 0.226705 0.0696212 0.0624988 0.0659081
internal_weight=107667 33754.3 24867.9 73912.6 6839.62 2735.43 18028.3 2017.29 1468.14 14348.2 4104.19 14242.7 8886.35 8141.44 80.8476 3900.02 2079.4 204.172 2754.85 2377.57 687.723 8060.6 4909.1 59564.4 11310.4 148.726 1820.62 718.139 9886.86 9659.19 11487.8 9895.07 265.927 11161.6 2023.33 605.129 1418.2 3151.5 713.525 9629.14 6294.68 549.147 1019.93 227.672 8639.27 48254.1 177.149 1689.85 103.741 48076.9 619.081 139.61 6266.5 5397.01 4968.29 47457.8 19685.8 2591.67 47.3665 9138.3 2821.72 869.491
internal_count=359435 306330 285895 53105 43688 33101 242207 15959 10632 27733 10587 18708 20435 176714 924 9839 8097 748 7067 6531 3279 175790 90231 25372 9282 756 1742 17142 65493 64327 11641 10880 2240 8526 2826 1663 1163 85559 17104 8640 18631 5327 1719 1166 62608 16090 874 3252 192 15216 713 528 18480 17094 16697 14503 8042 1804 187 5700 2783 1386
is_linear=0
shrinkage=0.05


Tree=18
num_leaves=63
num_cat=0
split_feature=22 1 16 3 1 22 5 12 15 2 1 15 21 1 1 5 2 12 15 7 15 5 7 5 3 18 1 14 12 16 2 6 12 22 2 14 6 1 16 22 18 18 18 22 1 12 1 1 4 22 1 13 24 11 5 12 2 6 15 2 18 18
split_gain=10094.8 1175.83 979.172 663.437 600.813 549.352 1021.96 566.853 573.813 469.463 389.857 425.845 503.151 384.418 461.088 499.355 343.82 274.821 354.096 273.95 260.708 405.087 259.807 258.552 248.369 232.348 231.802 217.565 215.174 194.658 193.081 181.821 214.142 736.017 178.783 336.295 162.883 161.339 160.822 156.943 156.267 200.26 144.881 194.103 133.56 142.82 117.351 109.354 213.39 207.71 107.715 107.028 103.334 97.3507 257.324 94.8988 85.6098 74.5361 71.5645 67.7701 53.0343 83.6393
threshold=16.84104156494141 56.010000228881843 0.94142156839370739 463.50000000000006 569.09851074218761 17.775240898132328 198.50000000000003 1.8464346528053286 39.500000000000007 1.5000000000000002 8.9640002250671404 58.500000000000007 1119986.6875000002 10.000500202178957 18.005000114440922 1.5000000000000002 39.500000000000007 1.5161872506141665 5.5000000000000009 2.8046609163284306 1.5000000000000002 2.5000000000000004 5.0699999332427987 5.5000000000000009 3.5000000000000004 309.16978454589849 127.00650024414064 1.5000000000000002 1.2309187054634096 0.74971264600753795 1.5000000000000002 17.500000000000004 1.884057939052582 18.797674179077152 43.500000000000007 8.5000000000000018 1.5000000000000002 73.415000915527358 0.44455622136592871 16.750019073486332 81.619411468505874 245.11674499511722 1.4242204427719118 12.857500076293947 87.005001068115249 1.031278729438782 67.005001068115249 112.01499938964845 6.5000000000000009 15.324227333068849 7.0004999637603769 -0.0051675699651241294 -0.11292196810245513 1.5000000000000002 32.500000000000007 2.0347852706909184 298.50000000000006 10.500000000000002 79.500000000000014 17.500000000000004 354.54977416992193 527.19042968750011
decision_type=2 2 2 2 2 2 2 2 2 2 2 2 2 2 2 2 2 2 2 2 2 2 2 2 2 2 2 2 2 2 2 2 2 2 2 2 2 2 2 2 2 2 2 2 2 2 2 2 2 2 2 2 2 2 2 2 2 2 2 2 2 2
left_child=1 2 10 5 20 6 7 30 -9 39 11 12 19 17 24 -16 27 18 -12 -1 21 44 34 25 -15 -23 -25 52 -14 -13 38 32 37 -34 35 55 -32 -24 -2 42 53 -42 50 -44 46 -46 -3 48 49 -22 -4 -29 -11 -6 -55 -7 -8 -49 -19 -33 -43 -62
right_child=3 4 9 -5 40 22 56 8 -10 16 13 29 28 14 15 -17 -18 58 -20 -21 47 23 31 26 -26 -27 -28 51 -30 -31 36 59 33 -35 -36 -37 -38 -39 -40 -41 41 60 43 -45 45 -47 -48 57 -50 -51 -52 -53 -54 54 -56 -57 -58 -59 -60 -61 61 -63
leaf_value=0.012964832299650257 0.064747737461857621 0.003059725140322208 -0.0097800308002610244 -0.054463145755926035 0.11406997262209839 0.050823933105412701 -0.059623361374751674 -0.067444757106980668 0.10807807949864956 0.071713707513744382 0.041501736224213076 -0.051599082976570426 0.069633758025805487 0.020569614031188489 0.017318003439399193 0.045648836665284957 -0.068699496847355102 -0.062878383445841443 0.081618667131798772 -0.026026287712736504 -0.051690943721232036 0.050934789736223576 0.069950232453878089 0.030175594094430019 -0.01378200271664745 -0.016467876018690954 -0.016786767605054993 0.039769987034758307 0.00060097535810433277 0.10614804045280637 0.012317367298110882 0.068393323554820959 0.067342494382219106 0.013998021348713204 0.079331898837925977 -0.065427150893980587 0.065035464680226515 0.034435297137083556 0.040139193961117592 -0.080880816659313765 -0.034062172911549109 0.093998163350702574 0.16454089276386041 0.030544407564688732 0.0058640449669097377 0.10665564827062797 -0.034926475453616275 -0.057730280164751346 -0.062731036739658713 0.093669204455613483 0.057877694659017556 0.087661169178000112 0.05277171053696629 -0.066234351427808702 0.11756237594279373 -0.019662309280725224 0.077815896042940425 0.073621584002953475 0.06219263952439559 0.074155204678610337 -0.054750175698476768 0.055232069274583323
leaf_weight=1131.5395837780088 1103.0805693119764 399.90150195918977 61.671314485371113 111.1541400430724 170.04016703739762 1339.5921650677919 192.89612415339798 163.04681407473981 64.02649312093854 1059.2449962459505 8985.1804085988551 21.495300827547908 417.02060525864363 2429.5494391471148 2325.7211182378232 4709.6584110930562 47.528013613075018 75.351016720756888 586.59198111016303 746.98725144006312 36.036124426871538 1169.0740691106766 16874.226219363511 626.4011350274086 670.63681855704635 142.94837120175362 451.10761372745037 132.75420837849379 154.86310474947095 166.37121015042067 149.00388756394386 6752.453944131732 3120.5486773885787 816.64711906388402 444.95451145991683 67.282518217340112 12639.812583174556 329.48649828881025 1695.6877450570464 25.996489956974983 70.453225608915091 80.232153784483671 26.466770075261593 2042.5460849143565 2146.1035740133375 34.74467883259058 411.82390903681517 214.67441599071026 77.024441033601761 72.717144129797816 1120.0978638790548 1166.8329282682389 2355.3048915956169 30.504996385425329 47.450111404061317 48.916435804218054 11.161892011761664 10.505070656538008 12.58639063593 24311.834061563946 18.028797276318073 205.5524862036109
leaf_count=26847 1225 6783 593 7470 319 1628 4351 1172 17 1558 48333 725 4045 26765 30215 37901 432 914 2218 13612 786 11057 6123 8423 8050 1763 5620 207 1289 22 438 2493 2739 1718 275 629 8190 398 2746 123 475 196 540 12340 36395 214 8784 3428 924 474 2525 432 4515 187 13 533 7 4 113 6018 185 921
internal_value=0.0560657 0.0348842 0.0389804 0.0671893 0.0154241 0.067383 0.0592335 0.0606689 -0.0176748 0.0539568 0.0336116 0.0155453 0.00996278 0.0360183 0.0292085 0.0362879 0.0639872 0.0431593 0.043969 -0.00254274 0.0104026 0.0133354 0.0697945 0.0286818 0.013135 0.0435803 0.0105125 0.0653403 0.0509825 0.0878948 0.0618115 0.0704572 0.0668568 0.0562855 0.0515624 0.0430228 0.0644226 0.0692724 0.0498596 0.0393646 0.0620735 0.0414727 0.0403523 0.0323396 0.00107438 0.00752027 -0.0162255 -0.0279347 0.000460654 0.0454255 0.0543374 0.0828072 0.0586685 0.0928521 0.0456487 0.0483248 -0.0517383 -0.0512819 -0.0444229 0.0729051 0.0590596 0.0461369
internal_weight=107123 36887.3 30472 70235.8 6415.32 70124.7 16018.7 15814.7 227.073 8038.44 22433.6 2638.28 2450.41 19795.3 10135.6 7035.38 4761.67 9659.71 9571.77 1878.53 5793.06 5382.1 54105.9 2389.53 3100.19 1312.02 1077.51 4714.14 571.884 187.867 15587.6 52205.2 21140.9 3937.2 1900.75 1455.79 12788.8 17203.7 2798.77 3276.78 622.262 374.267 3250.78 2069.01 2992.57 2180.85 811.725 410.957 185.778 108.753 1181.77 1299.59 3414.55 247.995 77.9551 1388.51 204.058 225.179 87.9374 31064.3 303.813 223.581
internal_count=359435 311265 224314 48170 86951 40700 18146 13788 1189 23265 201049 46540 45793 154509 102931 68116 7144 51578 50551 40459 84655 79039 22554 26863 34815 12820 14043 6712 5334 747 12599 19489 10978 4457 3065 2790 8628 6521 3971 16121 2296 1777 15998 12880 52176 36609 15567 5616 2184 1260 3118 639 6073 519 200 2161 4358 3432 1027 8511 1302 1106
is_linear=0
shrinkage=0.05


Tree=19
num_leaves=63
num_cat=0
split_feature=8 0 12 19 0 9 11 4 23 5 23 6 5 4 9 6 17 19 0 15 10 23 19 9 18 10 12 10 10 11 10 10 8 23 4 0 17 24 0 24 8 9 0 12 18 23 8 18 23 0 11 15 0 23 19 10 18 23 0 24 6 0
split_gain=9956.94 1655.81 1116.27 984.144 945.894 559.743 450.14 669.399 517.641 417.22 403.24 365.949 292.505 489.164 280.986 272.226 305.546 259.662 248.51 243.475 442.085 302.116 238.543 237.742 234.339 223.547 373.296 328.439 250.957 207.565 175.239 167.229 171.977 426.482 582.665 142.663 142.593 139.684 139.245 214.435 136.94 132.896 471.824 122.422 91.5282 77.798 121.201 203.208 118.206 142.622 117.305 77.4436 73.2673 65.3133 59.2818 54.4754 54.3234 53.2472 76.349 49.468 167.276 39.3919
threshold=4.8949999809265146 4.805000066757203 1.1333333849906924 4.6019885540008554 4.0950000286102304 2.1999999284744267 5.5000000000000009 49.500000000000007 0.37713336944580084 799.50000000000011 39763608338432.008 3.5000000000000004 96.500000000000014 10.500000000000002 0.8999999761581422 4.5000000000000009 25.10000038146973 56.398862838745124 5.6199998855590829 9.5000000000000018 4.5025000572204599 7943.2844238281259 0.41669137775897985 0.50000011920928966 0.035409444943070419 2.7975000143051152 2.1493430137634282 2.8474999666213994 4.2550001144409189 2.5000000000000004 3.242499947547913 4.5650000572204599 6.3500001430511483 1.2633387228756708e+18 30.500000000000004 5.5199999809265146 9.7750000953674334 8.0149998664855975 4.6949999332427987 -0.075196776539087282 3.1950000524520878 4.4500000476837167 3.0949999094009404 1.0421571731567385 0.17921653389930728 0.20919195562601092 3.5849999189376835 77.275520324707045 0.091604102402925505 5.5199999809265146 1.5000000000000002 1.0000000180025095e-35 6.6499998569488534 0.005681962240487338 0.087300140410661711 3.4974999427795415 42.586389541625984 3223.5991210937505 4.805000066757203 0.0024815582437440757 6.5000000000000009 5.1099998950958261
decision_type=2 2 2 2 2 2 2 2 2 2 2 2 2 2 2 2 2 2 2 2 2 2 2 2 2 2 2 2 2 2 2 2 2 2 2 2 2 2 2 2 2 2 2 2 2 2 2 2 2 2 2 2 2 2 2 2 2 2 2 2 2 2
left_child=1 2 4 15 12 6 7 10 -8 11 -4 19 24 -14 17 16 22 37 45 20 21 -5 57 -19 40 59 28 -28 -27 -26 -10 32 33 36 -35 -18 -17 -6 39 -24 -1 51 -43 -22 -16 48 -47 56 -3 -50 -49 -34 -20 55 -9 -7 -48 58 -2 60 -13 -40
right_child=3 18 5 9 14 53 8 54 30 -11 -12 25 13 -15 44 31 35 23 52 -21 43 -23 38 -25 29 26 27 -29 -30 -31 -32 -33 41 34 -36 -37 -38 -39 61 -41 -42 42 -44 -45 -46 46 47 50 49 -51 -52 -53 -54 -55 -56 -57 -58 -59 -60 -61 -62 -63
leaf_value=-0.050137905516339613 0.046067451153895669 0.04430818581176578 0.032579019602088859 -0.038476391346683132 0.042180375139822646 -0.04914422159327253 -0.053908727399590364 0.057420068792214757 0.080902992012801697 -0.050464796400897273 0.062092817292644598 0.07493986132875334 0.1897975428468891 -0.051777687395148986 0.021164107398074269 0.059150540215820814 -0.082678230360690483 0.025999573176977115 0.061831833588626976 0.074369133201490079 0.032399454343787812 0.027589133450449967 0.013246222610650022 -0.062203795885004888 0.0081059923135030302 0.044900427169913298 0.067087043278130309 -0.066386273869009887 0.061765935217841808 -0.017859259532397639 -0.02229802519018298 0.071698585471988693 0.063919458215050379 0.05220328754356382 -0.092606456601198262 0.075168298849260781 0.072709305422014481 -0.072041144214313832 0.057021002528590083 0.050548789042898529 0.096809849661950984 -0.03548471496576229 0.064022008733485944 0.059316031577036944 -0.078485631074949436 0.10656445794250041 0.053888180340474427 -0.048396741437691286 -0.075693970629113136 0.080480111171744917 0.072893754497254118 0.073030276151789822 0.082345122338643897 -0.067724640130129951 -0.054168654560694897 0.10939697092055894 0.084998810999968616 0.069002271411307187 0.071830265620133671 0.077585687846926876 -0.05927737261658407 0.075926785444610678
leaf_weight=17.981410002335906 695.91822968423367 3156.6288676438853 3468.9692210610956 318.34580583591014 3481.6412661653012 10.225181457586586 78.373021041043103 11.807626875117419 1311.275791962631 97.191176922060549 1741.2381589785218 101.47917444352061 53.88749161735177 33.27968373708427 31.77057820931077 7675.302960797213 54.358561277389526 8844.1744374409318 1618.2298745140433 373.21516711637378 942.76351495087147 376.71037610247731 475.00478089600801 76.112746234983206 7310.3233755491674 3482.5027048252523 74.311154880560935 117.81144567392766 6108.2959828451276 859.19166174530983 41.991132726892829 23019.135934859514 3159.4656677469611 202.65647946298122 104.42087745666504 18.405081748962402 2637.9429740924388 26.074321966618299 770.11214424669743 2067.0237272158265 104.08806116506457 131.67201307509094 1189.4718645270914 774.80444125831127 78.933370556682348 116.08589969575405 802.43625975772738 72.352738603949547 42.977825209498405 20.928224466741085 26.384151317179203 9998.2476097792387 617.84482595324516 123.05296424310654 201.56057307124138 9.5503396987915039 175.32437675446272 4602.0522069036961 505.49581056833267 1408.2913092840463 29.156418034806848 460.78832796216011
leaf_count=389 817 8360 31165 1936 8123 299 2533 26 1348 9025 3425 113 165 759 63 5958 246 64415 1277 536 2205 1343 925 740 162007 5672 274 1009 3925 12887 377 5210 1354 133 407 2 902 155 551 2398 507 787 707 1047 459 148 974 358 222 8 51 2384 151 1153 3564 1 221 2231 190 290 358 170
internal_value=0.0535666 0.0315078 0.0261647 0.0641597 0.0203794 0.0434513 0.0454947 0.0388964 0.070443 0.0523571 0.0424534 0.0530693 0.00737046 0.0979683 0.0290707 0.0670608 0.0593662 0.0297786 0.0539315 0.0368046 0.0309632 -0.00267446 0.0601428 0.0252395 0.00640573 0.0570674 0.0542653 -0.0146541 0.0556478 0.00537275 0.0776829 0.0686025 0.06576 0.060897 0.00280411 -0.0422064 0.0626258 0.0413096 0.0503157 0.0435883 0.0748916 0.0693223 0.0540815 0.044572 -0.0499093 0.0470232 0.0579904 0.0526537 0.0429437 -0.0240204 -0.0155299 0.070848 0.0675363 -0.0542238 -0.047731 0.0287609 0.0595529 0.0665209 0.0569621 0.0748302 0.0447233 0.0641583
internal_weight=106537 34564.7 27915.5 71972.4 20917.5 6998.04 6855.22 5423.58 1431.64 14204.9 5210.21 14107.7 8378.75 87.1672 12538.7 57767.5 9649.16 12428 6649.19 2785.84 2412.62 695.056 9576.4 8920.29 8291.58 11321.8 9782.92 192.123 9590.8 8169.52 1353.27 48118.3 25099.2 10620.3 307.077 72.7636 10313.2 3507.72 3772.93 2542.03 122.069 14478.9 1321.14 1717.57 110.704 4413.12 1192.58 1076.5 3220.53 63.906 98.7369 13157.7 2236.07 142.828 213.368 19.7755 977.761 5803.47 1201.41 1538.93 130.636 1230.9
internal_count=359435 306330 294560 53105 250669 43891 42438 38180 4258 27733 34590 18708 176714 924 73955 25372 7530 73433 11770 7067 6531 3279 7282 65155 175790 11641 10880 1283 9597 174894 1725 17842 12632 7400 540 248 6860 8278 4044 3323 896 5232 1494 3252 522 10342 1752 1604 8590 230 409 3738 1428 1453 3590 300 1195 3238 1007 761 471 721
is_linear=0
shrinkage=0.05


Tree=20
num_leaves=63
num_cat=0
split_feature=8 19 19 1 6 5 10 15 1 13 8 11 4 23 21 5 15 20 1 6 10 15 20 23 1 1 8 10 20 6 1 10 22 8 1 13 1 1 21 13 1 22 2 22 1 5 23 6 10 22 21 10 10 8 23 3 15 13 2 4 20 15
split_gain=9775.72 920.479 898.09 801.325 533.277 415.509 397.035 426.816 380.598 359.612 360.605 352.007 581.82 434.644 523.815 341 333.989 320.935 340.518 310.047 345.288 432.538 302.427 302.104 290.783 260.693 255.706 244.003 994.763 229.187 222.966 220.242 244.36 459.696 264.032 209.027 202.086 198.366 165.863 149.973 141.235 134.648 131.086 250.36 126.345 123.439 155.74 115.312 105.286 102.593 98.0448 159.999 92.0618 115.47 404.861 90.1121 85.055 75.9861 73.8422 130.156 73.7945 296.441
threshold=4.8949999809265146 2.3680639266967778 699.65585327148449 36.00849914550782 31.500000000000004 655.50000000000011 2.7325000762939458 9.5000000000000018 35.844999313354499 -0.051428552716970437 3.2050000429153447 5.5000000000000009 59.500000000000007 0.076996866613626494 9.7264113426208514 198.50000000000003 1.0000000180025095e-35 0.96781408786773693 72.049999237060561 3.5000000000000004 4.5025000572204599 11.500000000000002 0.58193194866180431 4.1818459033966073 6.3904998302459726 20.005000114440922 4.1949999332427987 2.7975000143051152 0.71228122711181652 4.5000000000000009 9.9984998703002947 3.5924998521804814 17.694078445434574 5.2049999237060556 27.802000045776371 -0.049999941140413277 512.20498657226574 28.861500740051273 1262937024.0000002 -0.28535711765289301 613.19500732421886 18.797674179077152 254.50000000000003 18.720302581787113 50.004999160766609 6.5000000000000009 0.99992042779922496 33.500000000000007 3.4974999427795415 17.819834709167484 397081936.00000006 4.4600000381469735 4.5650000572204599 6.3500001430511483 1.2633387228756708e+18 1.0000000180025095e-35 1.0000000180025095e-35 -0.29999996721744532 34.500000000000007 43.500000000000007 0.2327849939465523 85.500000000000014
decision_type=2 2 2 2 2 2 2 2 2 2 2 2 2 2 2 2 2 2 2 2 2 2 2 2 2 2 2 2 2 2 2 2 2 2 2 2 2 2 2 2 2 2 2 2 2 2 2 2 2 2 2 2 2 2 2 2 2 2 2 2 2 2
left_child=2 29 11 6 5 19 7 8 24 10 16 12 13 17 26 22 -8 18 -1 20 21 -3 35 -16 -4 -12 -15 -21 -29 31 -11 32 33 38 49 -13 39 -32 -2 -5 -38 60 52 -44 50 46 -41 -37 -36 -34 51 -33 53 54 -31 -10 -55 -22 -24 -60 -6 -62
right_child=1 4 3 36 41 -7 9 -9 55 30 25 15 -14 14 23 -17 -18 -19 -20 27 57 -23 58 -25 -26 -27 -28 28 -30 42 37 44 34 -35 48 47 40 -39 -40 45 -42 -43 43 -45 -46 -47 -48 -49 -50 -51 -52 -53 -54 56 -56 -57 -58 -59 59 -61 61 -63
leaf_value=0.052354852220846862 0.065334888037734518 -0.0043531476463319332 -0.0049639158086376908 0.22244446029869169 0.061749847391025861 -0.05107092992171839 0.30540632686304686 0.080348966271076433 0.16193930391244585 -0.034054578749910296 -0.027839277807786361 0.08572424729964831 -0.06170625769155709 -0.0038081560378326407 0.020651511477025215 -0.05172922643873408 0.019844028169688388 -0.051884194511554974 0.026360692450830555 0.072562008861367641 0.074788277393723165 0.065588473763178848 0.080141005533059376 0.046305197429463096 0.030264468272942602 0.12834810171351976 0.023467650227278886 0.05269334573857435 -0.042942887497492498 0.062394464037389935 0.018071278232402035 -0.039978281859553683 0.082254162901860176 -0.079683208898263858 -0.087488327827925927 -0.065406778926860462 0.054469901552847491 -0.03649952736449813 -0.014513507824218376 -0.0056319427288030934 -0.058267246906408166 0.070846318576648318 0.063231100241808641 -0.068301108602768834 0.029083740887138956 -0.03911983884735732 0.030930359777482958 0.10998674575417618 0.04848485310981205 0.044379970273112662 0.063979598749172847 0.052868696227294169 0.069869617578209087 0.061366877832659483 -0.0066403594466843728 0.43438203026404087 0.070832910405778535 0.043962731734669629 0.080336010760893251 -0.066130666543679703 -0.011526918735275218 0.064517802182505829
leaf_weight=5477.9719065949321 198.38903013803065 869.18170287832618 627.49593894742429 6.3013621736317864 1019.431440487504 103.93069505691528 26.443971885368228 413.62559243664145 26.674478782340888 411.53643614053726 72.379228109493852 44.052430596202612 153.71228534728289 1105.2398815052584 1568.798162329942 61.786919648759067 16.629769936203957 83.267019587568939 1641.6220291834325 1374.5308069940656 225.45333005487919 295.34374884516001 1009.4685299098492 4307.5012014899403 8702.400121781975 41.069229759275913 3851.2177461432293 9866.5396312400699 278.84010525792837 8619.226444949396 968.23418193683028 57.85248900949955 354.14872396551073 110.86337359435856 42.483946174383163 81.247241988778114 235.65562121942639 200.06918643601239 95.916550949215889 2691.3228554092348 30.606338128447533 4165.6903736731037 116.9604301052168 51.217067872174084 292.57283054292202 236.47069651260972 325.57192123867571 9.6430362462997419 20.336775898933411 372.29376386106014 6815.70680116117 220.34348055720329 20163.428338378668 3344.710443392396 217.42091651260853 3.144582347944378 8912.772585333325 1936.8897805437446 37.739769853651524 23.966088358312845 191.8067684918642 382.95928817801178
leaf_count=28239 288 3767 17088 55 498 9315 134 581 467 10674 1210 72 2950 17716 11280 2331 149 2722 15460 680 127 524 960 9465 76979 274 18814 9161 2526 4999 14409 167 71 545 186 782 1388 3506 271 55540 257 1613 110 614 408 5449 6400 2 13 416 3789 161 4512 1500 422 27 2091 3468 8 158 523 259
internal_value=0.0513846 0.062029 0.0295601 0.0203791 0.0531557 0.0481666 0.0267674 0.0306814 0.0284776 0.00472884 0.0767707 0.036653 0.034873 0.0356998 0.0293637 0.0621374 0.198223 0.0452229 0.0463664 0.0488651 0.0353934 0.013422 0.0680127 0.039462 0.0278943 0.0292855 0.0173849 0.0527517 0.0500604 0.0657028 -0.00244957 0.0582323 0.0382424 0.00663967 0.0544305 -0.00247787 -0.000474547 0.00869866 0.0393337 -0.00390187 0.0413227 0.0660941 0.0672486 0.0229775 0.0614584 -0.00441003 -0.00167568 -0.0457495 -0.0433218 0.0629386 0.0627887 0.0334687 0.0674284 0.0650915 0.0606948 0.203994 0.0682555 0.0472121 0.0768915 0.0232223 0.0536368 0.0391561
internal_weight=105210 70717.2 34492.9 15035.6 20710.6 14950.7 11509.7 9773.34 9359.72 1736.36 156.522 19457.2 18189.3 18035.6 10832.8 1267.9 43.0737 7202.86 7119.59 14846.8 3326.87 1164.53 1206.12 5876.3 9329.9 113.448 4956.46 11519.9 10145.4 50006.6 1579.84 8580.91 1194.43 405.169 789.263 134.943 3525.93 1168.3 294.306 3259.67 266.262 5759.89 41425.7 168.177 7386.48 3253.37 3016.89 90.8903 62.8207 726.442 7093.9 278.196 41257.6 21094.1 8836.65 29.8191 12257.5 2162.34 1071.17 61.7059 1594.2 574.766
internal_count=358570 53024 305546 194587 32461 29568 125498 95142 94561 30356 1767 110959 106646 103696 57275 4313 283 46421 43699 20253 7886 4291 1982 20745 94067 1484 36530 12367 11687 20563 28589 6315 1790 1104 686 856 69089 17915 559 67444 1645 2893 14248 724 4525 67389 61940 784 199 487 4117 328 13524 9012 5421 494 3591 3595 1126 166 1280 782
is_linear=0
shrinkage=0.05


Tree=21
num_leaves=63
num_cat=0
split_feature=8 0 19 19 0 15 6 9 14 23 18 17 22 4 0 6 10 22 22 9 23 22 18 22 10 15 1 23 1 18 1 1 1 18 7 1 23 1 22 0 2 22 7 19 6 9 8 23 23 10 3 17 15 6 14 15 9 22 1 23 15 2
split_gain=9605.43 1400.75 1132.66 923.947 601.688 762.435 524.59 424.484 473.278 447.881 557.487 384.476 335.293 318.918 318.563 276.538 262.707 255.225 249.228 234.87 226.432 223.524 223.186 308.336 216.292 413.238 239.05 223.557 205.925 237.233 204.9 211.599 265.54 203.287 174.953 164.432 155.407 140.607 130.665 112.303 107.907 244.695 92.6277 90.9515 144.662 245.879 86.4521 92.5513 280.583 84.7605 126.978 75.4125 73.5989 70.884 68.8086 253.829 382.268 67.7172 66.6676 62.6838 61.1139 60.268
threshold=4.8949999809265146 4.805000066757203 659.88781738281261 2.3680639266967778 3.8850001096725468 6.5000000000000009 31.500000000000004 2.1999999284744267 1.5000000000000002 0.076996866613626494 1.3382917046546938 10.511194229125978 14.767840385437013 521.50000000000011 5.7099997997283944 3.5000000000000004 4.5025000572204599 17.694078445434574 15.353228092193605 3.9499999284744267 0.56588366627693187 16.750019073486332 295.28097534179693 14.885159969329836 3.1999999284744267 10.500000000000002 13.973999977111818 134.93400573730472 10.68650007247925 703.24029541015636 191.66999816894534 177.00099945068362 127.00650024414064 12.544302940368654 3.3950001001358037 13.444999694824221 0.37713336944580084 262.01499938964849 18.797674179077152 3.9850000143051152 254.50000000000003 18.720302581787113 3.8950001001358037 0.20858556032180789 13.500000000000002 3.9999998807907109 5.5050001144409189 3223.5991210937505 134.93400573730472 3.6999999284744267 5.5000000000000009 3.9018073081970219 2.5000000000000004 14.500000000000002 1.5000000000000002 85.500000000000014 2.3000000715255742 15.888527870178224 546.54351806640636 0.005681962240487338 129.50000000000003 65.500000000000014
decision_type=2 2 2 2 2 2 2 2 2 2 2 2 2 2 2 2 2 2 2 2 2 2 2 2 2 2 2 2 2 2 2 2 2 2 2 2 2 2 2 2 2 2 2 2 2 2 2 2 2 2 2 2 2 2 2 2 2 2 2 2 2 2
left_child=1 2 7 17 5 22 11 8 9 12 -11 13 -1 15 30 16 -5 24 20 -17 -7 36 23 -4 25 26 -2 60 29 52 31 32 42 34 -30 -35 -10 -24 54 -31 43 -42 -3 -19 45 -45 47 48 -26 50 -48 -49 -6 -13 -8 56 -56 -16 -32 -9 -27 -57
right_child=3 14 4 6 28 18 38 59 21 10 -12 53 -14 -15 57 19 -18 40 -20 -21 -22 -23 37 -25 46 27 -28 -29 33 39 58 -33 -34 35 -36 -37 -38 -39 -40 -41 41 -43 -44 44 -46 -47 49 51 -50 -51 -52 -53 -54 -55 55 61 -58 -59 -60 -61 -62 -63
leaf_value=0.031686482616790405 -0.059804035968210614 0.03906463597815147 0.0084288595701697624 0.014940148727875587 -0.02196155315314445 -0.050489439002822017 0.059736926636768266 0.028838263264817834 0.0043788462831496622 0.03921477826479057 0.013578354152083772 -0.084455628624981696 0.057234925067894397 -0.05062213354263119 0.061157310426828704 0.052531230678787837 0.044654265756444725 0.068344682115734676 -0.055304007346474393 0.018676212533844206 0.075945015775262123 -0.072818211704436947 -0.019282070186037153 -0.047207320859268813 0.055694075802615053 -0.068460301578987928 0.03608739138790016 0.067065348503572264 -0.052468759397054601 0.10977447182752081 -0.061503717230249159 0.15005371747787632 -0.061681271962057471 -0.057427729029274191 0.10901668164823169 0.011346697060099192 0.068487741576009772 0.096118259058645586 0.068751442292828466 0.032858406074352357 0.065229016012000735 -0.067359630801373249 0.055647793053788301 0.059169237097526167 0.066049240831532172 0.011446490824549196 0.056849332727691548 0.058524682269467346 -0.020799140927928811 0.046761257166630883 -0.09921451345558957 0.070213009989651604 0.065992653905844106 0.049493088513326337 0.054380159254179695 0.013266063555387007 -0.081909789142666556 0.086248801383860277 0.019610686999698389 -0.067400021738316662 0.043175600082102687 0.070425379818222111
leaf_weight=3632.0949671743438 154.04715004190803 3362.0312285684049 2533.3269270416349 1134.0811577383429 255.74062334746122 37.656769527122378 989.39906135201454 18.945695364847779 102.76137688849121 3318.0208859993145 5880.7975853094831 65.745802955701947 1992.9099629465491 82.930362988263369 1605.3157559931278 10840.278058443218 2171.8139734193683 17444.581713643856 45.333053017035127 539.68953904975206 456.35819855704904 29.922021785750985 2304.3493609763682 275.15751923527569 1915.239173932001 41.246677140705287 110.96150045096874 494.6757155880332 19.995691619813442 47.454972494393587 60.442860458046198 44.848577678203583 60.212761044502258 88.958112005144358 87.73162736184895 2562.971437478438 1225.2949361959472 25.712453212589025 4080.1908289473504 3102.2636491581798 111.63246848341078 49.396498828195035 1137.2998269051313 6048.0403596153483 15664.852360826917 283.35025542974472 25.553008288145065 3398.9324707463384 127.2880470007658 703.62413321435452 24.630237489938736 2419.935444638133 25.221427535638213 10.863919287919996 113.81401827931404 54.649774326942861 92.220323344692588 333.35770699381828 42.324496600776911 122.83987499494106 16.422160037793219 322.78001647163182
leaf_count=33674 722 8268 57018 4422 2451 1154 499 289 1823 11679 44480 343 9011 8141 1040 11475 3595 4220 1054 1580 980 372 69804 5837 1549 354 189 304 272 652 470 83 454 927 389 33010 1270 483 1613 15823 94 614 1224 3201 4587 450 26 2325 353 576 101 748 123 12 69 112 453 115 150 1167 150 147
internal_value=0.0492227 0.0277919 0.0229222 0.0599595 0.0111665 -0.000588074 0.0510364 0.0314678 0.0322237 0.0296311 0.0228292 0.0460919 0.0407476 0.0466729 0.0484419 0.047226 0.03447 0.0636885 0.0559083 0.0509279 0.0662148 0.0604784 -0.00652869 0.00296134 0.0562691 0.031613 -0.0196499 0.0562085 0.0219472 0.0301265 0.041396 0.0429558 0.0418686 0.0117701 0.0787899 0.00901702 0.063538 -0.0179658 0.0640098 0.0340533 0.0654541 0.0243612 0.0432689 0.0656211 0.0634579 0.0570364 0.0586037 0.0601625 0.0509168 0.0422833 -0.0200919 0.0633977 -0.0138423 -0.0650032 0.0516703 0.037904 -0.00669962 0.0655166 -0.0281817 -0.0543935 -0.0363908 0.0622192
internal_weight=104371 34837.7 28191.8 69532.9 11868.2 5677.89 20498.5 16323.6 16181.8 14823.8 9198.82 14845.4 5625 14768.8 6645.83 14685.9 3305.9 49034.4 539.348 11380 494.015 1357.98 5138.55 2808.48 9432.56 817.353 265.009 552.345 6190.34 3430.68 4707.16 4604.39 4559.54 2759.66 107.727 2651.93 1328.06 2330.06 5653.05 3149.72 39601.9 161.029 4499.33 39440.8 21996.2 6331.39 8615.2 7861.4 2042.53 753.807 50.1832 5818.87 280.962 76.6097 1572.86 583.464 206.034 1938.67 102.767 141.786 57.6688 377.43
internal_count=358570 305546 293742 53024 189977 136330 32461 103765 102309 98844 56159 29568 42685 29213 11804 21072 8017 20563 3188 13055 2134 3465 133142 62855 7397 1719 911 808 53647 19049 10649 10029 9946 34598 661 33937 3093 70287 2893 16475 13166 708 9492 12458 8238 3651 5678 4975 1902 703 127 3073 2574 355 1280 781 522 1155 620 1456 504 259
is_linear=0
shrinkage=0.05


Tree=22
num_leaves=63
num_cat=0
split_feature=7 19 8 5 1 6 2 7 2 16 23 23 15 8 23 5 15 5 1 19 18 18 12 19 12 1 16 13 5 8 16 23 23 1 1 16 6 19 15 12 18 1 12 19 1 7 19 5 1 6 23 16 8 1 19 7 24 17 12 15 24 24
split_gain=9431.37 983.047 735.35 1341.52 441.77 412.611 456.746 396.284 344.193 782.034 677.516 574.208 388.101 357.627 433.186 342.995 408.834 618.134 332.776 300.616 298.199 290.903 278.402 275.666 260.996 254.559 300.649 251.597 249.873 275.976 211.286 207.712 193.73 237.12 197.261 192.809 188.406 271 348.638 734.352 489.908 244.426 173.534 172.776 172.145 146.381 144.441 134.686 133.385 204.936 129.534 440.444 128.757 125.297 122.765 119.311 110.718 108.243 102.767 97.009 97.7609 88.9746
threshold=4.8949999809265146 274.73713684082037 5.7850000858306894 154.50000000000003 36.00849914550782 6.5000000000000009 23.500000000000004 4.9100000858306894 6.5000000000000009 0.49975961446762091 0.073633689433336272 19907145499672580 1.0000000180025095e-35 4.4749999046325692 4.1818459033966073 75.500000000000014 8.5000000000000018 22.500000000000004 7.9995000362396249 699.65585327148449 2.2867499589920048 14.655291557312013 1.4548531770706179 101.83153915405275 1.344949007034302 44.004999160766609 0.071526959538459792 -0.0080863274633884413 24.500000000000004 4.1349999904632577 0.39288482069969183 8.3375896792858853e-05 0.23363447189331057 103.01499938964845 595.94750976562511 0.25010785460472112 17.500000000000004 0.37929444015026098 4.5000000000000009 2.0849295854568486 0.40651999413967138 76.022998809814467 1.3779823184013369 20.212387084960941 512.20498657226574 5.5050001144409189 259.71893310546881 23.500000000000004 5.0009999275207528 10.500000000000002 0.99992042779922496 0.34052124619483953 3.2050000429153447 613.19500732421886 19.040555953979496 4.7900002002716073 -10.745800018310545 4.2522728443145761 1.3250222206115725 5.5000000000000009 -0.055946754291653626 -27.483714103698727
decision_type=2 2 2 2 2 2 2 2 2 2 2 2 2 2 2 2 2 2 2 2 2 2 2 2 2 2 2 2 2 2 2 2 2 2 2 2 2 2 2 2 2 2 2 2 2 2 2 2 2 2 2 2 2 2 2 2 2 2 2 2 2 2
left_child=1 8 3 5 15 6 21 -8 10 59 24 27 23 14 -14 16 17 18 -3 20 25 42 -15 30 28 -6 -27 43 46 -30 -12 -26 34 -34 -22 -25 37 -4 39 41 -41 -39 -2 -11 50 -23 -1 -13 49 -7 52 -52 -21 -46 -49 -29 -19 -50 -5 60 -10 -33
right_child=2 4 36 58 19 48 7 -9 9 11 12 47 13 22 -16 -17 -18 56 -20 44 32 45 -24 35 31 26 -28 55 29 -31 -32 61 33 -35 -36 -37 -38 38 -40 40 -42 -43 -44 -45 53 -47 -48 54 57 -51 51 -53 -54 -55 -56 -57 -58 -59 -60 -61 -62 -63
leaf_value=0.037006596950328638 0.053076559649295973 0.00028464117932508378 0.064517902254814713 0.034896058936711119 0.31723169049027122 0.040099841396165535 0.073916913876066845 -0.081330021010430367 0.070493138573069491 0.036340494849760596 0.056921458419264104 0.027346402584194737 -0.018764281705610161 0.032237379529699135 0.032042856891489384 -0.053024656881290204 0.070942737855619442 0.11113663491955755 0.027811126772386154 -0.0053050925642128613 0.01480849113839227 0.0070390105821628137 -0.011149340937249955 0.041077238714184061 0.10880297780455572 0.41899708403900188 -0.050051256289002116 0.067421873827073167 0.10367103272789442 0.055628735025262811 0.033359539308266371 0.11375231001535589 0.17248019676812551 -0.04959933209386963 0.1099009213225996 -0.0012437398816332488 0.065299566759707869 0.051653430163338732 0.06698649052499081 -0.080988157533539232 0.032022859676323415 -0.024096021130010001 0.033809258331084294 -0.068633214775789084 0.049034280451707234 0.059481236385618856 0.078077719888750036 -0.085003105671447185 0.05631436308210102 -0.10675978994371925 0.17167256437957734 0.0041258990555224934 -0.052302204161666949 -0.058012582769571011 0.0088538447684243567 0.0048560167342728243 -0.047145110808677559 0.067275530005616355 -0.055495039689065766 -0.056759509598572337 -0.056980842535359802 -0.037065690529010036
leaf_weight=2171.3552543446422 5861.5195909067988 1209.7048512827605 9783.6356862336397 34.203844651579857 14.960270527750252 128.49078105762601 59.086240753531456 129.42869410291314 34.422612886875868 472.9950561337173 1228.4966507479548 90.939563147723675 1252.5711741158739 2578.7926021162421 629.54866413772106 140.85568226315081 469.98782053589821 10.477477438747881 11927.747266124934 2706.3454602025449 1410.2321470975876 652.5490715354681 430.90245458297431 396.4179464392364 31.972504746168852 3.2708661071956184 16.246162759140134 2814.8850163388997 379.50176963675767 1441.430866446346 4273.3418129347265 9.4273891448974592 41.941375404596329 16.12543904222548 55.792209383100271 832.84426536597311 25942.78079273412 5828.4269841015339 2872.9229142107069 179.86456133425236 203.22045913152397 107.84258834272623 1470.8668138943613 41.784406192600727 243.4517167545855 166.36502224206924 238.00363112427294 91.521280090324581 7129.1999357827008 28.094610288739204 43.032207075506449 360.42928833886981 153.09892727062106 29.888663172721863 55.460156253539026 78.66126267798245 338.3504622168839 3366.1239821612835 312.64619519934058 179.41446343623102 25.158946530893445 162.2757474007085
leaf_count=10542 4977 30394 2976 33 55 192 22 670 113 1056 5026 113 15680 5251 3011 4399 1272 32 102331 56128 15693 1653 2264 3131 113 13 314 2871 2385 1883 11691 1 363 333 175 6294 8598 3785 969 938 649 286 2645 287 1388 196 1253 610 4297 118 734 6841 3741 257 406 265 7967 914 11104 4683 541 1648
internal_value=0.0472207 0.0278686 0.0590059 0.0508442 0.0197882 0.0526245 0.0442797 -0.0325113 0.0356434 0.0490058 0.0324069 0.0547502 0.0260584 0.0153342 -0.0017592 0.0243486 0.0251336 0.0235317 0.0252771 0.00716642 0.0254534 0.0460601 0.0260223 0.0338479 0.0490379 0.168823 0.0449036 0.0599922 0.0516993 0.0656954 0.0386309 -0.00619655 0.0220983 0.110927 0.0185033 0.0124223 0.0625183 0.0587125 0.0525268 0.0459427 -0.0210973 0.0502726 0.0492174 0.0276936 -0.000896886 0.0177585 0.0410965 -0.0202598 0.0591528 0.0132082 -0.00409543 0.0223886 -0.00784054 0.0371421 -0.049734 0.065725 -0.0420725 0.0598364 -0.0464923 -0.0384746 0.0165313 -0.0281453
internal_weight=103391 39134.1 64257.3 19338.6 19191.9 18991.7 8339.82 188.515 19942.1 3885.24 16056.9 3646.25 11622.9 4891.81 1882.12 14097.1 13956.3 13486.3 13137.5 5094.81 1558.57 8151.3 3009.7 6731.1 4433.97 34.4773 19.517 3408.33 4230.29 1820.93 5501.84 203.676 1524.09 58.0668 1466.02 1229.26 44918.7 18975.9 9192.28 6319.35 383.085 5936.27 7332.39 514.779 3536.25 818.914 2409.36 237.921 10651.9 156.585 3262.91 403.461 2859.44 273.34 146.981 2893.55 348.828 10495.3 346.85 238.996 59.5816 171.703
internal_count=358570 313548 45022 26821 232430 15684 10163 692 81118 10945 70173 5608 52348 26206 18691 146395 141996 140724 132725 86035 16946 9471 7515 26142 17825 382 327 4479 16063 4268 16717 1762 16564 696 15868 9425 18201 9603 6627 5658 1587 4071 7622 1343 69089 1849 11795 1129 5521 310 67444 7575 59869 1645 1016 3136 7999 5211 11137 5337 654 1649
is_linear=0
shrinkage=0.05


Tree=23
num_leaves=63
num_cat=0
split_feature=7 0 19 22 0 5 3 20 3 16 9 24 16 6 9 10 12 3 12 20 0 21 22 5 5 19 15 20 12 15 1 8 1 19 21 1 0 0 19 1 1 1 14 8 15 20 1 19 24 21 1 14 22 1 0 1 7 16 10 1 0 21
split_gain=9269.12 1301.91 1059.23 861.84 789.025 717.362 590.097 579.072 498.388 465.369 427.212 702.023 366.843 357.65 485.767 350.092 334.094 305.123 291.624 284.615 278.147 299.559 258.948 243.057 389.945 237.154 285.181 1126.65 343.495 235.292 221.931 220.069 212.628 194.742 186.946 257.311 206.099 176.194 136.851 120.095 112.698 108.912 98.3248 96.8087 101.523 107.127 83.285 128.671 79.6457 76.5642 71.7852 211.085 66.2663 62.2845 62.2971 97.3811 59.6687 73.0206 56.9141 221.274 194.138 110.447
threshold=4.8949999809265146 5.1099998950958261 274.73713684082037 17.694078445434574 3.6950000524520878 136.50000000000003 38.500000000000007 1.6134278178215029 457.50000000000006 0.70153161883354198 1.7850000858306887 -0.10677629336714743 0.96110200881958019 6.5000000000000009 2.6000002622604375 4.5650000572204599 1.1333333849906924 19.500000000000004 1.4244499206542971 0.28642667829990393 4.9100000858306894 0.00032713335531298077 15.762842178344728 2.5000000000000004 20.500000000000004 0.57966360449790966 110.50000000000001 0.70663928985595714 2.1493430137634282 8.5000000000000018 21.003499984741214 5.4900000095367441 10.68650007247925 304.28939819335943 0.99205109477043163 78.784999847412124 3.8850001096725468 5.7099997997283944 315.19067382812506 63.004999160766609 42.004999160766609 108.01150131225587 12.500000000000002 5.5050001144409189 6.5000000000000009 0.19673874229192737 117.17000198364259 442.56677246093756 0.0097100608982145804 0.037864545360207565 11.802000045776369 2.5000000000000004 15.888527870178224 29.003000259399418 5.9500000476837167 35.844999313354499 3.8950001001358037 0.99965035915374767 3.7024999856948857 29.003000259399418 3.3950001001358037 216354299904.00003
decision_type=2 2 2 2 2 2 2 2 2 2 2 2 2 2 2 2 2 2 2 2 2 2 2 2 2 2 2 2 2 2 2 2 2 2 2 2 2 2 2 2 2 2 2 2 2 2 2 2 2 2 2 2 2 2 2 2 2 2 2 2 2 2
left_child=1 2 6 5 7 13 10 23 25 -8 16 12 -12 14 20 -13 19 31 49 -1 21 -2 -18 40 -25 58 27 28 -27 -9 -20 -16 33 -6 36 -36 -34 39 -35 56 -4 -41 -7 50 45 -45 -43 -48 -29 -11 51 -15 53 -39 55 -55 57 -3 59 61 -61 -5
right_child=3 37 4 8 32 42 9 29 -10 18 11 15 -14 43 17 -17 22 -19 30 -21 -22 -23 -24 24 -26 26 -28 48 -30 -31 -32 -33 34 38 35 -37 -38 52 -40 41 -42 46 -44 44 -46 -47 47 -49 -50 -51 -52 -53 -54 54 -56 -57 -58 -59 -60 60 -62 -63
leaf_value=0.028224980408898471 -0.006541170382497595 0.04232744104550118 -0.0081945011200944672 0.063053924336345643 -0.06683486864794741 -0.052211775469033717 -0.054796987956354376 -0.038992856345030497 -0.05628040963504527 0.07242391856506912 0.0026561350051315571 -0.024150967790747806 0.067623752908420653 0.055593434347814143 -0.054630561364204445 0.064682543397547573 0.022680434546695862 -0.078244460797906021 0.066008875642287163 -0.0076123406216939962 0.062491754466173104 0.041511389733355532 0.050258721218760988 0.015463836893312372 -0.031147821237264069 0.05658392515675166 0.069691194374997573 -0.069065712647745942 -0.000960517517575785 0.073353364344347693 -0.018956219084192899 0.037098889715951093 -0.024255776201767502 0.12024859136414795 0.074906925019264284 -0.05275395240992814 0.01552557279974151 0.062821642376112721 0.029436875188628323 -0.062115166379849984 -0.03003093314201943 0.091847785283314498 0.043198455697598698 0.046849216890060039 0.058272298680340742 -0.040605833785487655 -0.068836874081352542 0.039044500237573811 -0.0066530078800385089 -0.077054207335877159 0.064815152154949457 -0.019330734866067296 0.079493595271930617 0.045011878947562249 0.048635097895827671 -0.079418232508655692 0.059165734326996268 -0.031126500455651202 0.064951833664296618 -0.10002406456429749 0.03218502266130812 0.035123536956686817
leaf_weight=8914.235889993608 344.98533910512924 1496.5938034132123 2152.0640287622809 4188.649645563215 51.319855334237218 206.90344986319542 91.48588351951912 53.202978115528822 90.709452801384032 9.5458173602819425 364.22298411931843 1185.6420509805903 538.50139289349318 3090.2169364914298 85.70797011628747 121.358523465693 1171.3785485653207 117.31537035480142 2047.1949665974826 590.09984158165753 1554.6599734425545 5305.721608646214 3145.6436429647729 2274.471804542467 557.89139848668128 19015.65129506588 3654.2356705535203 176.74470169469714 262.70902388542891 343.07809571176767 79.348284837789834 265.02205270901322 350.25424943864346 40.962313916534185 240.39350395929068 46.396091213449836 4457.1464322665706 1251.3759755194187 5303.746336620301 44.6202192902565 814.72217791713774 35.488490082323551 30.20637396350503 61.583780080080032 137.4252907410264 78.482936359941959 38.774325929582119 89.570944413542747 72.330391772091389 47.396755672991276 2458.6013015471399 96.391599856317043 462.62190023064613 36.9681356549263 266.42964760959148 25.834821917116642 624.43665171042085 33.858217187225819 21169.488001033664 36.890266109257936 102.91112800315022 392.17505977675319
leaf_count=38113 1041 2451 58063 1502 394 3957 2921 1358 6644 2 1853 7294 573 1763 442 95 12559 662 1837 6410 861 6423 7228 45207 13434 9307 1226 1947 764 438 396 439 8402 124 1796 815 45965 583 27585 301 25255 70 132 43 70 235 201 282 297 343 1210 273 169 35 295 127 469 105 5165 162 99 358
internal_value=0.0453119 0.0262881 0.0230611 0.0572089 0.0139474 0.0461735 0.0313666 -0.00020014 0.060313 0.0551995 0.027981 0.00756046 0.0414487 0.0476778 0.0405389 -0.0158556 0.0312446 -0.00879511 0.0598336 0.0259988 0.043745 0.0385762 0.0427838 -0.00420091 0.00627321 0.0605297 0.0568419 0.0544337 0.0557995 0.0581975 0.0628288 0.0145771 0.0223026 0.0292206 0.0149694 0.0541254 0.0126217 0.0519005 0.0301562 0.0425593 -0.0142009 0.00625931 -0.0399057 0.0569178 0.0279035 -0.0020591 0.0251753 0.00613364 -0.0510604 -0.051092 0.0583379 0.0533201 0.0626767 0.0577043 0.0381074 -0.00653821 0.0460639 0.0406799 0.0638292 0.0587812 -0.00312892 0.060672
internal_weight=102394 39398.3 34991.7 62995.7 16685.6 13833.2 18306.1 6195.43 49162.5 2274.97 16031.1 2209.72 902.724 13596.1 7673.41 1307 13821.4 468.045 2183.49 9504.34 7205.37 5650.71 4317.02 5799.15 2832.36 49071.8 23181.7 19527.4 19278.4 396.281 2126.54 350.73 10490.2 5396.03 5094.19 286.79 4807.4 4406.57 5344.71 2363.34 2966.79 208.454 237.11 5922.7 277.492 140.067 163.834 128.345 249.075 56.9426 5645.21 3186.61 2043.23 1580.61 329.233 62.803 2154.89 1530.45 25890.1 4720.63 139.801 4580.82
internal_count=358570 313548 308460 45022 228836 17551 79624 143755 27471 5499 74125 9815 2426 13462 9868 7389 64310 1543 2578 44523 8325 7464 19787 141959 58641 20827 13541 12315 10071 1796 2233 881 85081 28103 56978 2611 54367 5088 27709 3879 83318 854 4089 3594 348 278 553 483 2244 345 3246 2036 1209 1040 457 162 3025 2556 7286 2121 261 1860
is_linear=0
shrinkage=0.05


Tree=24
num_leaves=63
num_cat=0
split_feature=7 0 19 8 5 0 3 2 16 23 19 3 12 23 9 1 21 23 21 0 23 0 0 18 19 10 12 3 12 1 1 2 5 8 10 13 12 2 21 0 1 5 23 1 9 23 3 9 2 7 17 0 1 19 2 1 1 16 10 1 7 0
split_gain=9059.87 1211.66 932.874 760.322 1139.71 681.836 593.47 507.622 459.612 394.298 359.108 400.321 341.443 358.349 290.513 282.152 263.156 462.217 356.012 247.886 221.979 191.144 250.292 221.452 181.099 186.784 1348.37 199.416 175.376 182.712 169.651 167.251 195.418 166.986 167.818 164.687 157.158 152.976 128.652 109.803 107.687 224.334 142.293 104.291 104.285 101.209 382.423 157.333 94.7328 410.818 94.3031 90.5635 107.805 96.6243 72.2226 66.1736 115.772 64.8595 96.7255 60.746 50.0367 49.6256
threshold=4.8949999809265146 5.4200000762939462 699.65585327148449 5.7099997997283944 154.50000000000003 3.8850001096725468 38.500000000000007 2.5000000000000004 0.70153161883354198 26636253298425860 2.5118931531906132 76.500000000000014 1.4355753064155581 2507710473961472.5 1.1649999618530276 23.755000114440922 9.7264113426208514 0.79445296525955211 12.3161678314209 4.7099997997283944 8.3375896792858853e-05 3.1049998998641972 3.0949999094009404 14.655291557312013 0.6273736059665681 2.8524999618530278 2.1493430137634282 7.5000000000000009 1.3636364340782168 10.000500202178957 20.404999732971195 26.500000000000004 21.500000000000004 6.7500000000000009 4.5025000572204599 0.0041433556471019992 1.5555555224418642 3.5000000000000004 7910144256.000001 4.9949998855590829 10.68650007247925 1.0000000180025095e-35 1.563636362552643 25.651499748229984 1.2000001668930056 364.85275268554693 31.500000000000004 3.9999998807907109 204.50000000000003 6.4500000476837167 6.0182926654815683 6.6499998569488534 26.005000114440922 228.36736297607425 216.50000000000003 180.68000030517581 45.00849914550782 0.26319888234138494 4.5025000572204599 76.022998809814467 5.1099998950958261 4.9100000858306894
decision_type=2 2 2 2 2 2 2 2 2 2 2 2 2 2 2 2 2 2 2 2 2 2 2 2 2 2 2 2 2 2 2 2 2 2 2 2 2 2 2 2 2 2 2 2 2 2 2 2 2 2 2 2 2 2 2 2 2 2 2 2 2 2
left_child=1 2 6 4 10 7 12 21 -8 30 28 31 16 20 15 -9 17 -1 -18 40 -14 22 -4 -23 48 45 33 -28 37 38 -10 32 -12 34 -27 -33 -15 39 -30 -2 41 -7 -42 -11 -6 -26 47 -47 -5 -50 -31 52 -3 57 -46 56 -55 -54 -59 -35 -56 -21
right_child=3 51 5 24 44 19 8 14 9 43 11 -13 13 36 -16 -17 18 -19 -20 61 -22 23 -24 -25 25 26 27 -29 29 50 -32 35 -34 59 -36 -37 -38 -39 -40 -41 42 -43 -44 -45 54 46 -48 -49 49 -51 -52 -53 53 55 60 -57 -58 58 -60 -61 -62 -63
leaf_value=0.029153385615326322 0.040901729580475693 0.056374394467101463 -0.0048114448494052907 0.062524153012693137 0.069152352970443726 0.025538834199815331 -0.054466775729937467 0.057800362925977969 0.065154502183011304 -0.072838804509499908 0.033266715330120003 -0.089007117312010567 0.11654144260990745 -0.0048869235281743355 -0.057070556121614935 -0.054990778671448276 0.11186811908181807 0.006649014231739205 0.034081716397860999 0.041462645647501711 -0.018759492256576284 0.023441564400299195 0.03930551624629669 -0.026555843852682795 0.069039976156139118 0.044481998350214741 0.090698059771362749 -0.072063792520805178 0.0045771574627133651 0.038071086776103019 -0.012113436663993412 -0.037290861886922384 0.051945728044943143 0.062521082877561612 0.057580790476809585 0.073256007895315486 0.048633095855102303 0.060031949187245949 0.044976213114094256 0.061678617965581176 0.0049120626745770904 -0.023706294169577032 0.05243768644330709 0.042647847152273745 -0.06296785483294591 0.016628747049123444 -0.069112802844484261 0.13689974946736955 0.064978513547264957 -0.093674844162847964 0.067493651574595512 0.073986184109026951 0.069077206967036717 0.016967371805538221 0.045616097016692815 0.043916093179363361 -0.07187042135820422 -0.045788796840209506 0.068284821953294036 0.033709313946351238 -0.051890513797274607 0.027325377037568595
leaf_weight=8985.5902326637879 2256.2614311724901 2014.5077502131462 2602.5729797752574 23047.393094914034 17.894225463271141 2947.0113903656602 94.467186198104173 606.66306512802839 1979.8460590029135 69.525798950344324 3224.7927310727537 59.866179328411818 30.289776935242116 194.08202288672328 72.794247838668525 60.183263888582587 149.8048949316144 3059.8945584306493 6462.4852018654346 1242.595925681293 975.34460290055722 255.55944275297225 365.78480642102659 1622.697932398878 2965.5820877207443 4791.5698576904833 19.546163082122803 239.585583277978 471.10819174349308 551.17708767205477 73.27048441208899 128.08535139635205 2492.3115647099912 6173.246749214828 5068.0891095101833 44.586875930428505 464.00255070440471 7439.99430642277 338.49174968153238 896.30036206543446 2441.7404780872166 250.07318925857544 167.42216441035271 26.226945536211133 257.38816737057641 48.463053587824106 62.154794100672007 62.182276397943497 186.70127936452627 51.177021875977516 551.49427937716246 525.44029565155506 184.16744462400675 138.42170701920986 28.383014786988497 99.08134600520134 48.757422816008329 35.152334749698639 37.249417021870613 193.18572939932346 22.82042245939374 1269.1254341714084
leaf_count=62943 2356 1338 70402 6464 3 15434 3345 3517 1420 716 4790 364 91 517 1327 1130 387 15349 23274 4130 8563 4870 9222 44330 770 3859 9 1784 1043 643 376 416 2217 1935 2149 6 813 2831 321 420 31449 2416 1317 71 8492 126 455 15 49 433 258 144 126 221 48 169 290 122 41 182 2584 3688
internal_value=0.043554 0.0248729 0.0223271 0.0555305 0.0471315 0.0121378 0.0286046 -0.00137235 0.0530115 0.0577619 0.0487704 0.0386406 0.0259075 0.0041971 0.0371802 0.0475463 0.0278428 0.0234381 0.0358614 0.0212108 -0.0145675 -0.00726332 0.000634723 -0.0197416 0.0592054 0.0556497 0.0535097 -0.0594661 0.0535862 0.0395954 0.06239 0.0399539 0.0414182 0.0553178 0.0512207 -0.00845956 0.0328579 0.0561075 0.0215087 0.046828 0.0155276 0.0216792 0.00798248 -0.0410412 -0.0453586 0.0668683 0.0293863 0.0848862 0.0621993 0.0305757 0.052839 0.0549713 0.0510351 0.031144 -0.0522167 0.0110865 -0.00640595 0.0533734 0.0129627 0.061653 0.00190188 0.0343351
internal_weight=101242 39551.8 36469.1 61689.8 18781 13904.2 22564.8 5586.26 2243.34 2148.87 18454.5 5949.64 20321.5 1663.72 739.641 666.846 18657.8 12045.5 6612.29 8317.97 1005.63 4846.62 2968.36 1878.26 42908.9 19623.6 16485.2 259.132 12504.8 1912.27 2053.12 5889.78 5717.1 16226.1 9859.66 172.672 658.085 10592.6 809.6 3152.56 5806.25 3197.08 2609.16 95.7527 326.486 3138.38 172.8 110.645 23285.3 237.878 1102.67 3082.78 2557.34 542.83 308.592 286.26 187.179 256.569 72.4018 6366.43 51.2034 2511.72
internal_count=358570 313548 311097 45022 26792 193232 117865 134798 5928 2583 15665 7793 111937 9984 5974 4647 101953 78292 23661 58434 8654 128824 79624 49200 18230 11284 9918 1793 7872 2265 1796 7429 7007 8125 6008 422 1330 5607 1364 2776 50616 17850 32766 787 11127 1366 596 141 6946 482 901 2451 2307 969 11124 680 511 289 163 2117 2632 7818
is_linear=0
shrinkage=0.05


Tree=25
num_leaves=63
num_cat=0
split_feature=22 0 16 0 19 21 9 20 11 15 16 23 19 19 20 4 15 20 12 7 13 22 16 0 12 4 9 3 0 0 15 12 4 15 12 17 13 0 24 24 15 22 23 19 19 15 3 12 19 23 0 22 22 0 3 0 20 17 7 0 19 19
split_gain=8577.53 1270.01 1485.37 786.689 679.455 636.311 502.919 463.186 405.584 369.901 355.723 321.558 656.217 362.441 319.837 310.89 285.991 1143.03 401.913 277.681 270.605 203.156 189.457 178.193 262.67 302.501 281.457 171.433 160.609 149.794 141.26 578.261 391.162 180.17 173.879 141.189 132.426 120.789 114.744 100.208 198.151 99.5482 95.9094 162.009 95.0942 81.8871 73.6993 69.9674 69.2362 89.7823 66.1732 62.737 55.2991 53.8884 52.4048 46.3455 38.0259 29.8473 34.7161 23.4734 55.4192 37.5473
threshold=17.235943794250492 5.3150000572204599 0.95101466774940502 2.995000004768372 2.0839102268218999 1.0000000180025095e-35 2.6000000238418584 0.58822348713874828 4.5000000000000009 9.5000000000000018 0.29412288963794714 0.108183391392231 168.52339172363284 3.0137666463851933 0.58193194866180431 34.500000000000007 111.50000000000001 0.70663928985595714 2.0629960298538212 3.8017375469207768 -0.060000032186508172 15.499352455139162 0.8485543727874757 4.4049999713897714 2.1493430137634282 25.500000000000004 3.8999999761581425 2.5000000000000004 3.5949999094009404 4.305000066757203 112.50000000000001 2.2147871255874638 259.50000000000006 106.50000000000001 2.0849295854568486 0.78103595972061168 -0.017132863402366635 4.805000066757203 -27.483714103698727 0.0075935537461191424 30.500000000000004 15.888527870178224 3.6542624572427475e+17 0.13189041614532473 94.619487762451186 121.50000000000001 4.5000000000000009 1.4737790226936343 154.79366302490237 3537691010400256.5 5.4200000762939462 18.859163284301761 17.188548088073734 6.4500000476837167 2.5000000000000004 5.7099997997283944 0.43966817855834966 4.5111939907073983 5.0699999332427987 5.5199999809265146 688.66018676757824 603.11645507812511
decision_type=2 2 2 2 2 2 2 2 2 2 2 2 2 2 2 2 2 2 2 2 2 2 2 2 2 2 2 2 2 2 2 2 2 2 2 2 2 2 2 2 2 2 2 2 2 2 2 2 2 2 2 2 2 2 2 2 2 2 2 2 2 2
left_child=1 2 3 9 29 37 7 8 -7 19 27 12 15 21 -15 -5 17 23 45 20 -1 -13 -12 24 26 -26 -6 -11 -14 30 31 32 34 -33 -2 -34 -9 38 -4 -19 -41 53 -32 -44 -40 -18 50 -8 49 -39 -25 54 -21 59 -31 -43 -48 58 -56 60 61 -3
right_child=4 41 5 11 16 6 47 36 -10 10 22 13 28 14 -16 -17 18 39 -20 52 -22 -23 -24 46 25 -27 -28 -29 -30 51 42 33 35 -35 -36 -37 -38 48 44 40 -42 55 43 -45 -46 -47 56 -49 -50 -51 -52 -53 -54 -55 57 -57 -58 -59 -60 -61 -62 -63
leaf_value=0.064455939886185587 0.05543568945609692 0.044372948633754877 0.12201070907304271 0.04817326739636002 0.036833029050924462 0.039444455902079095 0.040083935744575631 0.012574756024523929 -0.031966880563677226 0.17933525513007109 0.056180730783723168 0.091087156822422466 0.0064204366835755276 0.0024472955470617357 0.039598745640331633 -0.059428013835111565 0.042814225987810192 -0.061822329211856833 0.067703146850800672 -0.053616627051745802 -0.0096362531753862394 0.026124466642322881 -0.065940748132961607 0.03655475897807732 0.074428659688937304 -0.076081536116691162 0.059177817670568858 -0.053339401775741681 0.021823348975079961 0.048091935721328784 0.066846747520832125 -0.084350837569595299 0.022379439816553912 0.064706568501705961 0.023908546087092038 -0.09685787432312204 0.064240559992172028 -0.070231520486395235 0.012839736105121225 -0.062391157703120863 0.077920175987387374 0.054837657086426322 0.047319550924373066 -0.098313103886362579 -0.014368922951493671 -0.062269014792779478 0.055025611617925275 -0.078266491086808193 0.087722105597253519 0.038729083979745477 0.064579952379524228 0.063732743389766394 0.033175746981278821 0.063731573738584416 0.039281826968078373 0.076369885735707799 0.084727235716839863 0.062889524569517644 0.058194871779457515 0.048089842512787799 0.021835784953250271 0.096612271659851839
leaf_weight=128.75126940011978 12514.120629461482 202.32387988269329 18.794543027877808 2866.9369441838935 5759.3940859921277 7014.5454223360866 13.650007873773573 131.1574412304908 203.84494887664914 7.424102406948804 488.55385999847203 127.33684800192714 1969.2058553965762 5696.081099643372 643.98581106960773 67.88556728605181 23.890229649376124 252.14888095064089 2102.7441119952127 401.60891568893567 2450.6848093755543 2008.78027585987 33.103962929919362 1056.9240211099386 49.611020293086767 97.218532120808959 1872.522399187088 136.80713737942278 12126.386551095173 1123.8898801207542 2762.0558576863259 99.532786807511002 43.433433563448489 24.563897578045726 455.95129361003637 55.826575823128223 2564.4017754793167 20.649805724620819 719.39961908385158 58.29948066174984 42.706234700977802 475.96229837089777 118.8539383513853 21.739187224768102 578.38066306710243 72.971942438744009 4304.431856289506 95.921240262687206 59.644218012690544 150.17294430732727 266.38656251132488 11484.745685038157 18.516211439855397 478.83605295419693 262.29501649364829 575.0460133254528 113.91021818481386 4397.0531822182238 6799.3271381696686 1643.8956138342619 311.33727492764592 42.227651856839657
leaf_count=1588 5887 297 11 5796 6546 15112 19 391 654 23 2282 749 46951 53554 5263 1540 262 5015 776 3852 63283 4474 253 1163 81 622 853 4540 90662 678 863 615 75 18 593 462 1888 135 2915 491 59 337 97 239 9171 6247 2034 545 90 255 116 2501 73 189 237 203 59 1074 2375 1445 669 29
internal_value=0.0420622 0.0256521 0.0230943 0.0170805 0.0550387 0.0382534 0.0428596 0.0440391 0.037423 -0.00457692 0.0291051 0.0201931 0.0241541 0.0122319 0.00622735 0.0456632 0.046341 0.043677 0.0631142 -0.012063 -0.0059125 0.0300401 0.0483101 0.0459973 0.041048 -0.0250336 0.0423231 -0.040176 0.0196725 0.058518 0.0547628 0.0525509 0.0535721 -0.0545248 0.0543297 -0.0449302 0.0617341 0.00839702 0.00253482 -0.0450211 -0.0028348 0.0535781 0.0647934 0.0242305 0.000708099 -0.0361274 0.0526934 -0.0632484 0.0417085 0.0251963 0.0422446 0.0610269 -0.0497099 0.0484106 0.0585519 0.0666849 0.0558115 0.0595731 0.0574987 0.0450459 0.035965 0.0537704
internal_weight=100709 44472.2 40742.6 29172 56236.5 11570.6 10023.5 9913.95 7218.39 3665.45 665.889 25506.6 17030.4 8476.18 6340.07 2934.82 16073.2 13873.6 2199.61 2999.56 2579.44 2136.12 521.658 13520.4 7778.75 146.83 7631.92 144.231 14095.6 40163.4 16096.1 13193.4 13069.3 124.097 12970.1 99.26 2695.56 1547.04 1316.57 353.155 101.006 3729.63 2902.65 140.593 1297.78 96.8622 5741.65 109.571 230.467 170.823 1323.31 24067.3 420.125 2678.62 12582.6 1051.01 4418.34 11458.7 7061.62 2199.78 555.889 244.552
internal_count=359276 319238 316069 284883 40038 31186 18609 18045 15766 75894 7098 208989 144949 64040 58817 7336 24324 17039 7285 68796 64871 5223 2535 11474 8102 703 7399 4563 137613 15714 8849 7650 7017 633 6480 537 2279 12577 12097 5565 550 3169 1199 336 12086 6509 3372 564 480 390 1279 6865 3925 2629 4364 540 2093 3686 2612 2440 995 326
is_linear=0
shrinkage=0.05


Tree=26
num_leaves=63
num_cat=0
split_feature=7 0 16 0 10 19 19 8 3 8 15 9 4 10 8 18 1 0 11 15 12 3 15 1 1 1 0 24 8 0 9 1 8 10 1 7 12 10 10 9 24 19 9 1 7 7 1 16 19 1 0 13 0 1 18 16 3 12 15 10 13 24
split_gain=8195.89 1151.81 1144.96 859.902 638.841 622.03 459.892 399.913 543.293 312.673 432.154 417.291 336.366 256.786 341.209 254.257 249.097 242.172 239.469 236.282 389.979 487.747 229.943 471.545 781.912 227.807 201.823 201.566 187.829 219.772 193.051 185.69 180.857 178.971 171.98 242.994 162.526 159.994 151.683 414.731 151.415 148.578 145.729 142.737 127.837 127.78 125.87 121.77 120.286 119.324 188.536 101.107 91.4713 93.1248 86.6245 77.7858 63.7288 62.7801 690.964 232.39 151.015 118.287
threshold=5.0099999904632577 5.3150000572204599 0.75066137313842785 2.995000004768372 2.8000000715255742 2.2203239202499394 36.366323471069343 5.7850000858306894 50.500000000000007 4.2099997997283944 1.0000000180025095e-35 1.7199999094009402 5.5000000000000009 2.9424999952316289 4.5250000953674325 9.9902806282043475 9.9984998703002947 2.7949999570846562 2.5000000000000004 111.50000000000001 2.1493430137634282 25.500000000000004 5.5000000000000009 125.53499984741212 131.004997253418 56.010000228881843 4.6949999332427987 -18.989995956420895 6.3500001430511483 4.305000066757203 3.7000001668930058 595.94750976562511 4.7599999904632577 4.4600000381469735 1.9959999918937685 2.7949999570846562 2.0347852706909184 3.5500000715255742 4.3500001430511483 3.8999999761581425 -1.5999999642372129 31.392448425292972 2.5799999237060551 19.704999923706058 5.1099998950958261 5.5050001144409189 25.651499748229984 0.70153161883354198 2.3680639266967778 12.501500129699709 4.2950000762939462 -0.21431070566177365 6.6499998569488534 29.915499687194828 19.388281822204593 0.71473780274391185 7.5000000000000009 2.0629960298538212 1.0000000180025095e-35 3.4974999427795415 -0.0033388062147423621 -0.0094575351104140264
decision_type=2 2 2 2 2 2 2 2 2 2 2 2 2 2 2 2 2 2 2 2 2 2 2 2 2 2 2 2 2 2 2 2 2 2 2 2 2 2 2 2 2 2 2 2 2 2 2 2 2 2 2 2 2 2 2 2 2 2 2 2 2 2
left_child=1 2 3 13 22 28 17 8 18 10 15 12 -11 34 16 -5 -15 41 33 20 38 -22 23 32 -25 43 -13 -12 29 30 40 -27 -4 45 35 -1 -19 -32 39 -9 51 -6 -10 -8 -35 -7 -36 -42 -44 50 -20 -2 53 -3 -51 -23 -31 -30 59 -59 61 -60
right_child=5 52 4 9 6 7 25 19 42 11 27 26 -14 14 -16 -17 -18 36 49 -21 21 55 -24 24 -26 31 -28 -29 57 56 37 -33 -34 44 46 -37 -38 -39 -40 -41 47 -43 48 -45 -46 -47 -48 -49 -50 54 -52 -53 -54 -55 -56 -57 -58 58 60 -61 -62 -63
leaf_value=0.075304306936091137 -0.072916841331782556 0.052271442476962776 0.033222797540670743 0.052892094911384017 -0.015428175042302398 -0.068535399587240683 0.0058966394141315914 0.018584492178563831 0.024187253546545443 0.022638548310199749 0.11182430202743512 -0.016820707355333413 0.045387003561038211 -0.037266086324968563 -0.064588641868793775 0.017535723048568406 0.04275204684064432 0.037011349538727679 0.0088808254276311893 0.066457445247601402 0.089732129420528051 0.064919438320540576 0.065070976327386773 0.87862471586504542 -0.042487967584225038 -0.043156532761035794 0.049396229249065983 -0.0089272303459146784 0.060984120886958704 0.052154653915985255 -0.11223347553442087 0.10478551787694704 -0.061200441433921553 -0.019949319652373121 -0.02844791892601219 -0.056887456809399883 -0.063272395872707179 0.046166031488105504 0.053667652871567585 0.056939023531018207 0.024089638233796191 0.080968920339623593 0.041327766243012473 0.034564537989161315 0.032568815276836492 0.022952255338113389 -0.003745538827656348 0.049807837440948688 -0.067112432376483094 0.057318743523593646 0.046533883522060844 0.020414460894122709 0.070388336899271722 0.030099206989509963 -0.0011393199436523806 -0.069360836186510677 0.059684733121120229 -0.081496942830684843 0.049777200265766729 0.033442664653667457 0.061913451415357729 -0.055102159730530467
leaf_weight=109.85452521406114 36.342527747154236 2529.5765171796083 553.80598706007004 525.71364781726152 340.50193589832634 95.891917198896408 1339.7741440217942 1323.9747276837006 82.626335632055998 3805.8585660699755 34.218709325417876 675.63914408534765 2842.2858684202656 115.8076547216624 110.87052403576672 15058.430940208957 583.3585872836411 7637.6893700193614 495.23412500414997 1778.8542567240074 76.44561954215169 10.730922451242803 1970.7839610353112 3.2871541343629342 4.7709574121981859 273.39584855735302 137.64452850166708 1841.8595027541742 18038.214557930827 4421.2734915614128 34.204003527760506 22.024095177650452 54.863474489189684 135.07446246594191 1438.5097792823799 49.744761328678578 39.713812621310353 28.300975799560547 4819.4389103502035 1510.7774478942156 499.00650390330702 44.268896052613854 28.640056362375617 642.16740786284208 785.54915149509907 62.208544284105301 804.8519627917558 6532.7310532759875 196.17926501855254 1333.5704398415983 1016.1646353714168 129.15780754387379 547.13520237803459 590.22150287404656 66.313893042504787 164.66961091291159 8234.739449672401 119.35861585475504 56.796966105699539 68.514321848750114 2530.8331350143999 49.262350961565971
leaf_count=1733 126 1867 5074 5815 1385 457 8942 2037 109 11776 277 4788 5132 2541 949 148750 7421 11427 1164 594 100 13 1300 17 120 3702 153 29194 4785 2326 149 43 607 356 39319 1084 350 17 2338 688 1273 73 47 4119 1089 117 20972 4127 9524 942 732 169 155 1123 148 1344 2395 507 42 69 1144 140
internal_value=0.0404675 0.0245875 0.0221885 0.0165277 0.0345061 0.0534374 0.0289396 0.0443263 0.0316151 0.0196663 0.0160028 0.028235 0.0323703 -0.00781405 0.0165147 0.0187321 0.0294567 0.0345439 0.0365513 0.0499623 0.0462423 -0.0149105 0.0567279 0.0299969 0.388227 0.00909095 -0.00556076 -0.00666372 0.0565602 0.0530717 0.0461133 -0.031794 0.0246172 0.0164001 -0.0160208 0.0339733 0.0364838 -0.0408371 0.0482568 0.0390401 0.0468747 -0.00414334 -0.0323413 0.0152006 0.0248446 -0.0325879 -0.0195933 0.0479871 -0.0531541 0.044008 0.0342136 -0.000365151 0.0514362 0.0480894 0.0545471 -0.0607958 0.0570589 0.0598873 0.0528628 -0.0395987 0.0594649 0.000956545
internal_weight=99489.7 44728.6 41061.7 28134.6 12927 54761.1 10339.5 13982.3 4297.45 24921.7 17460.2 7461.43 6648.14 3213 810.037 15584.1 699.166 8062.17 3990.01 9684.89 7906.04 251.846 2587.51 616.728 8.05811 2277.36 813.284 1876.08 40778.7 19915.8 7259.74 295.42 608.669 1078.72 2402.96 159.599 7677.4 62.505 7654.19 2834.75 7197.24 384.771 307.446 1981.94 920.624 158.1 2243.36 7031.74 224.819 2911.28 1511.4 165.5 3666.93 3119.8 1399.88 175.401 12656 20863 2824.77 187.873 2636.89 106.059
internal_count=359276 320208 317063 279904 37159 39068 30041 21799 14685 205885 184036 21849 16908 74019 10911 154565 9962 13235 5005 7114 6520 1457 7118 5818 137 16806 4941 29471 17269 10582 5861 3745 5681 2019 63108 2817 11777 166 5063 2725 5695 1458 9680 13061 1445 574 60291 5400 9571 2986 1896 295 3145 2990 1090 1357 4721 6687 1902 576 1326 182
is_linear=0
shrinkage=0.05


Tree=27
num_leaves=63
num_cat=0
split_feature=7 8 6 19 2 23 23 10 10 5 1 1 10 15 12 15 12 5 15 9 10 23 23 2 11 7 2 19 10 5 17 1 13 15 12 2 1 1 18 15 23 19 13 10 15 21 12 15 5 12 12 1 15 12 10 6 6 12 7 19 12 10
split_gain=8040.69 960.673 643.216 547.012 310.776 485.868 305.403 363.122 327.342 293.964 293.401 298.572 272.001 247.877 279.658 243.563 992.819 402.755 374.68 275.441 261.546 240.77 239.281 236.853 233 224.554 288.408 217.284 195.765 194.353 190.051 184.887 216.221 230.17 204.307 206.863 156.465 154.8 154.257 140.666 131.012 218.088 122.637 118.317 118.071 113.904 112.926 111.297 110.959 108.369 144.873 106.711 106.376 285.878 106.226 142.16 102.9 100.727 142.741 94.724 94.3106 93.0127
threshold=5.0099999904632577 4.2099997997283944 6.5000000000000009 1.5875423550605776 6.5000000000000009 0.37713336944580084 0.19871146231889728 3.3925000429153447 4.2550001144409189 126.50000000000001 43.004999160766609 569.09851074218761 4.5650000572204599 11.500000000000002 1.3215838670730593 110.50000000000001 2.1493430137634282 319.50000000000006 60.500000000000007 3.8050001859664921 3.4974999427795415 2.939575088824976e+17 8.8779945373535174 1.5000000000000002 7.5000000000000009 5.4400000572204599 14.500000000000002 46.89708328247071 2.8000000715255742 82.500000000000014 10.511194229125978 34.004499435424812 0.099999915808439269 3.5000000000000004 1.4194764494895937 7.5000000000000009 48.004999160766609 70.001998901367202 1.1112003922462466 2.5000000000000004 3.6542624572427475e+17 0.13189041614532473 0.0010403282358311119 3.7474999427795415 3.5000000000000004 6435832320.000001 2.1337922811508183 96.500000000000014 2.5000000000000004 1.043478310108185 1.0006242394447329 25.651499748229984 58.500000000000007 1.6249999403953554 5.0075001716613778 3.5000000000000004 4.5000000000000009 2.00000011920929 5.6250000000000009 135.38284301757815 1.2904995083808901 5.2650001049041757
decision_type=2 2 2 2 2 2 2 2 2 2 2 2 2 2 2 2 2 2 2 2 2 2 2 2 2 2 2 2 2 2 2 2 2 2 2 2 2 2 2 2 2 2 2 2 2 2 2 2 2 2 2 2 2 2 2 2 2 2 2 2 2 2
left_child=1 9 3 36 6 60 7 -3 13 10 31 42 15 29 -15 16 17 19 20 -4 -18 24 -17 44 28 26 27 39 -7 -8 37 34 38 -34 35 -1 45 46 -33 -5 -24 -42 48 -11 -10 52 -27 -19 -12 50 -9 -23 53 -2 55 -38 -32 -47 -59 -51 -6 -39
right_child=2 4 12 25 5 21 8 49 23 43 11 -13 -14 14 -16 22 18 47 -20 -21 -22 51 40 -25 -26 30 -28 -29 -30 -31 56 32 33 -35 -36 -37 54 61 -40 -41 41 -43 -44 -45 -46 57 -48 -49 -50 59 -52 -53 -54 -55 -56 -57 -58 58 -60 -61 -62 -63
leaf_value=0.018082852949044128 0.041721771131957734 -0.03969456583821751 0.046247410241078785 0.0091256982467274768 0.023839283280540257 0.060643953252065723 0.0079834605288920148 0.04216197495750014 0.02140576630853655 -0.053527827112463094 0.00015604334001777318 0.047057714583093609 0.05959236923026387 -0.075574925038872531 0.057599319021150758 -0.041914143158887585 -0.078652904019415923 -0.074713835542920201 0.055394425218732869 0.059584994774271441 0.029974514154118809 -0.079260675130337077 0.065013639731538717 0.04175390931129358 -0.064146950469428879 0.034657022533572023 -0.071736481269836228 -0.078141067602804717 0.039644557435250305 -0.067431172499399061 -0.084738094847836468 -0.057321163930426966 0.034106043820406932 0.28896215054113839 -0.057475591020046103 0.047613823322298306 -0.10106465624417867 -0.089404380865197253 0.035532259229633115 0.048273193037031238 0.047379340132298609 -0.095436516417724396 -0.053207001333471296 0.11789995599142174 0.050491126579381845 0.054443349831660097 0.063170676557402425 0.023209952918340233 0.014278959384676307 0.047939559603537518 -0.00053730828437606557 0.045146049105194486 0.068008687385407288 -0.028245376032081888 0.035475527076445725 0.016794332768609754 0.026964927251865663 0.088262797322091913 -0.023261451738295327 0.099309642667115838 -0.062677240802072418 0.021977452091220019
leaf_weight=15859.762519250624 1533.8823781535029 133.47727253567427 10450.802624542266 721.41655615344644 41.192428551614285 1808.9933316465467 2895.5165091305971 705.90859334543347 4997.2829534783959 184.39771792385727 3459.7644657362252 452.29564817994833 18727.592806696892 42.622068367898464 418.15436277166009 54.09084086632356 245.22029973892495 78.572223742492497 102.31793793011457 6191.3931579589844 70.843653276562691 54.733292297460139 4127.9822127837688 2638.9838157594204 46.161333829164505 2281.2620640806854 100.05616529006511 56.573009921237826 2910.1794295506552 87.023731304332614 49.258525118231773 45.011159364134073 18.926458563655615 16.267638254910707 86.390653828158975 615.74244095757604 38.225468680262566 36.714225912466645 1726.9857212677598 336.24126017373055 138.76065543107688 32.068323226179928 88.299990439787507 9.7007828615605813 375.18313767015934 6685.9546408727765 411.82823516801 44.963718613609672 2325.4795378781855 2241.8400583192706 275.93525798246264 24.125866417773068 288.1793867982924 160.55856586061418 220.42950722575188 72.781970530748367 34.216821476817131 40.138315163552761 93.831220462918282 93.714521799236536 126.00932473829016 36.524729371070862
leaf_count=155018 1379 1335 6798 1504 86 1744 12018 1338 13027 5996 58794 1673 5200 240 934 4271 1660 1409 192 1922 83 621 912 2549 446 2615 4238 318 4573 826 249 591 127 91 1475 1533 172 203 17006 437 104 436 1731 9 311 3080 372 232 29360 2582 627 58 102 525 205 88 38 12 223 102 3387 89
internal_value=0.0389399 0.0233158 0.0520333 0.0424439 0.0315006 0.0422781 0.0278742 0.0409182 0.0239408 0.0167649 0.0172474 0.00795728 0.0551753 0.0110414 0.0451328 0.0513316 0.0486459 0.0505447 -0.0273718 0.051213 -0.0542713 0.0451724 0.0619196 0.0294823 0.0466086 0.0271698 0.00914931 0.016475 0.0477064 0.00575949 0.0348406 0.0204458 0.0356357 0.156774 0.018786 0.0191896 0.0492357 0.0370874 0.0331398 0.0216097 0.0632367 0.0201412 0.00493797 -0.0443741 0.0234469 0.050506 0.039041 -0.0391319 0.00583535 0.0441742 0.0301684 -0.0410488 0.0398975 0.0350763 0.0154319 -0.0242858 -0.0391143 0.053583 0.0105214 0.0500446 -0.041318 -0.0342424
internal_weight=98268.7 44806.1 53462.7 13198.1 19917 5011.4 14905.6 3450.88 11454.8 24889 24694.9 6325.84 40264.6 3443.32 460.776 21537 17184.1 16765.7 418.382 16642.2 316.064 4844.19 4352.9 8011.45 4765.33 4064.09 1214.29 1114.23 4719.17 2982.54 2849.8 18369.1 1807.19 35.1941 16561.9 16475.5 9133.98 2766.33 1772 1057.66 4298.81 170.829 5873.54 194.099 5372.47 8802.54 2693.09 123.536 5785.24 3317.4 981.844 78.8592 1982.62 1694.44 331.437 111.007 83.4753 6819.92 133.97 2335.55 167.202 73.239
internal_count=359276 320208 39068 15849 46804 10915 35889 5984 29905 273404 267399 91558 23219 14018 1174 18019 12296 10361 1935 8720 1743 7442 5723 15887 6763 10063 6497 2259 6317 12844 3566 175841 17815 218 158026 156551 5786 3279 17597 1941 1452 540 89885 6005 13338 5321 2987 1641 88154 4649 1965 679 2006 1904 465 260 287 3315 235 2684 3473 292
is_linear=0
shrinkage=0.05


Tree=28
num_leaves=63
num_cat=0
split_feature=22 0 15 5 20 23 0 7 0 17 0 20 0 15 20 12 2 8 13 5 12 8 22 21 23 20 10 23 1 1 0 10 15 2 5 11 20 1 12 22 5 15 21 20 10 13 1 1 22 0 1 23 10 23 13 15 22 20 10 2 1 0
split_gain=8158.43 1147.72 1076.3 772.469 678.01 579.357 626.755 552.183 420.845 377.268 373.843 355.427 335.221 407.135 972.813 445.709 322.069 321.73 321.302 318.705 295.586 278.384 309.644 270.754 266.212 220.971 410.261 217.622 216.319 180.356 178.467 174.971 169.495 162.682 151.023 128.042 126.281 126.009 118.97 109.967 106.931 117.856 102.429 98.0509 224.961 114.622 93.3116 84.5195 78.8055 70.5411 89.6714 75.3314 70.3229 69.9539 131.767 63.2672 124.712 63.108 58.7966 70.2646 57.5059 61.513
threshold=17.235943794250492 4.6949999332427987 10.500000000000002 186.50000000000003 0.5321224331855775 5001769931243521 2.995000004768372 5.0699999332427987 5.6199998855590829 1.7983516454696657 3.8850001096725468 0.40241117775440222 4.305000066757203 110.50000000000001 0.70663928985595714 2.184900283813477 42.500000000000007 6.3500001430511483 0.0085714287124574202 26.500000000000004 1.9781917929649355 4.4049999713897714 13.832668781280519 958644512.00000012 0.37713336944580084 0.38667273521423345 2.7925000190734868 0.005681962240487338 26.914999961853031 191.66999816894534 4.5950000286102304 2.8600000143051152 7.5000000000000009 3.5000000000000004 179.50000000000003 2.5000000000000004 0.89812183380126964 177.00099945068362 1.0462001562118532 16.617491722106937 24.500000000000004 75.500000000000014 5934002432.000001 0.35534448921680456 3.8999999761581425 -0.023631368763744828 11.802000045776369 124.00500106811525 15.888527870178224 5.3150000572204599 64.005500793457045 1.041130352069837e+17 5.055000066757203 2.2282954436671181e+19 0.00087299678125418733 5.5000000000000009 16.997534751892093 0.20814628899097445 4.6549999713897714 28.500000000000004 26.914999961853031 7.0499999523162851
decision_type=2 2 2 2 2 2 2 2 2 2 2 2 2 2 2 2 2 2 2 2 2 2 2 2 2 2 2 2 2 2 2 2 2 2 2 2 2 2 2 2 2 2 2 2 2 2 2 2 2 2 2 2 2 2 2 2 2 2 2 2 2 2
left_child=1 2 5 4 10 6 21 25 23 32 28 19 13 14 15 17 24 -9 -16 -8 34 22 -1 29 -6 35 -27 -13 -4 37 40 -17 36 49 -15 -2 -7 47 -31 -12 -28 -42 -18 44 45 -37 -46 -3 60 50 57 -52 -23 -22 -55 -11 -57 -14 59 -35 -10 -62
right_child=7 8 3 -5 16 9 11 12 48 55 39 27 33 20 18 31 42 -19 -20 -21 53 52 -24 -25 -26 26 30 -29 -30 38 -32 -33 -34 58 -36 43 -38 -39 -40 -41 41 -43 -44 -45 46 -47 -48 -49 -50 -51 51 -53 -54 54 -56 56 -58 -59 -60 -61 61 -63
leaf_value=-0.016655312933581908 0.0007596999962687838 0.027996952231615791 -0.06810096839426287 -0.052732554768110611 -0.021561753213702132 0.015607550226944645 0.013615068541207252 0.039324530326684037 0.053536820991382239 0.048809799418769659 -0.032107689547059025 0.05373565791653076 0.047267995405150032 0.045947547794390614 -0.058016240135221914 0.064244437601689949 -0.069723027431233139 0.053159312582018503 0.057641841693816115 0.03445913398293287 0.064416675629834427 -0.051988429603212365 0.014288768639823084 0.049081688317557305 0.06222965887480101 0.058412608649842115 0.097993419629217995 -0.018803044260285038 0.026208769435507834 -0.033832409169888326 0.06220713958811605 -0.056519170388089728 -0.10810047215563606 0.051444068132413756 -0.06614359746311714 0.033375137532213418 0.067019956376340686 0.10102602405188364 0.063402216885074025 0.047958907177371397 -0.069043621914282094 0.0031904300331820901 0.065343736852542467 0.065641661700598694 0.028902020995373191 -0.075094982857425038 0.051253678250894642 -0.0099123270549453472 0.068809572525931506 0.059966220702388953 0.02464311864024445 -0.071679500379912151 0.061690799906847199 -0.044349307885554343 0.059199243436224937 -0.069009028966824357 0.047487165706685749 0.012571846705631134 0.060157500025615623 0.059946052166201441 0.022548054260849749 0.067214037159690182
leaf_weight=1890.8438715748489 227.53026968985796 7184.6558026820421 210.95884278044105 203.98127504764125 97.474584016017616 2162.9010061360896 18008.755749555305 7920.2022248730063 1329.8819224387407 1879.8540307953954 49.67065741494298 113.0384245342575 3941.1792744994164 53.220367580652237 303.2610926637426 36.817018285393715 64.292460730299354 9012.8279871754348 73.916356341913342 2041.910198754631 4175.5418734997511 378.23817790299654 1410.6274322676472 1604.9990776181221 2871.1996071869507 201.07816434744745 11.71161264926195 1107.4332919134758 84.542461162433028 187.34231072291732 43.944415216334164 145.10743199381977 25.771375209093094 6072.3105137879029 66.448882997501642 37.546613097190857 125.63795693032444 57.490322522819042 36.786686047911644 284.36054076999426 219.05532396864146 75.670394995249808 16.992346063256264 323.99648680537939 963.29781146347523 65.724141679704189 919.35664872825146 149.44123649969697 650.41972996294498 981.72209750115871 72.912940144538879 26.980125144124031 13.261781997978686 42.610560911241919 103.5404285043478 33.798204407095909 66.594925962388515 136.8643851801753 11864.627567216754 4189.1622154936194 347.1065921112895 99.154309540987015
leaf_count=52482 577 17430 1682 7575 1571 4482 177425 6794 725 1646 310 736 2351 32 4689 43 503 4022 50 6603 1094 2725 21215 1135 2780 373 65 14052 258 1252 49 802 115 2702 6491 54 57 156 55 263 2064 477 3 124 1054 269 631 982 261 314 109 88 20 451 32 108 44 182 2942 1113 558 29
internal_value=0.0374567 0.0217931 0.0170471 0.0417773 0.047031 0.0137632 0.0108438 0.0508681 0.0352948 0.0307257 -0.000204554 0.0141449 0.0521556 0.0475433 0.0441036 0.0458545 0.0567792 0.0466913 -0.0352447 0.0157396 0.0610764 -0.00816736 -0.00343193 0.0304117 0.0594704 0.0303411 0.00164107 -0.012042 -0.0411048 0.0264705 -0.0309984 -0.0318347 0.0170027 0.0558611 -0.0162843 0.0365733 0.0184603 0.0278109 -0.0176402 0.0359777 -0.0445396 -0.0505327 -0.040976 0.040097 0.035896 -0.0356682 0.0398411 0.0272226 0.0538281 0.0478288 0.0449619 -0.0017757 -0.0479775 0.063223 0.0288793 0.0467446 0.00792461 0.0461081 0.0577317 0.0549209 0.0483034 0.0326116
internal_weight=97097.6 44789.4 33142.1 3883.47 3679.49 29258.7 24964.1 52308.2 11647.3 4294.56 629.533 21271.1 49219.3 21933.5 17492.1 17115 3049.96 16933 377.177 20050.7 4441.36 3692.97 3301.47 9220.72 2968.67 3088.91 551.46 1220.47 295.501 7615.72 350.382 181.924 2314.31 27285.8 119.669 2537.45 2288.54 7391.59 224.129 334.031 306.437 294.726 81.2848 2309.92 1985.93 103.271 1882.65 7334.1 2426.56 5159.66 4177.94 99.8931 391.5 4321.69 146.151 1980.25 100.393 4078.04 22126.1 10261.5 1776.14 446.261
internal_count=359276 319238 296655 14945 7370 281710 275258 40038 22583 6452 2513 198816 34301 24500 16400 11661 4857 10816 4739 184028 8100 76442 73697 21010 4351 5737 3028 14788 1940 19875 2655 845 4654 9801 6523 2709 4539 18568 1307 573 2606 2541 506 2132 2008 323 1685 18412 1573 3044 2730 197 2745 1577 483 1798 152 2533 6757 3815 1312 587
is_linear=0
shrinkage=0.05


Tree=29
num_leaves=63
num_cat=0
split_feature=7 8 6 17 3 10 13 10 21 4 2 6 5 6 1 1 12 4 10 9 9 5 9 11 7 1 1 6 6 4 1 5 21 5 24 1 5 10 17 24 12 24 5 10 9 7 12 2 10 24 7 14 7 18 5 5 18 2 7 5 24 24
split_gain=7693.62 856.539 670.969 706.801 370.168 411.16 399.27 304.739 390.531 691.902 294.581 290.633 257.081 250.826 248.961 270.153 246.925 254.721 213.662 389.667 498.517 418.204 197.793 185.423 184.832 184.648 222.603 180.899 161.833 158.111 345.948 337.19 150.793 183.851 222.016 213.812 149.615 135.615 134.147 129.282 286.783 120.688 118.426 109.83 210.368 118.954 109.254 105.792 133.764 281.82 103.982 101.011 96.4323 96.3211 92.7087 107.566 77.5828 76.9938 198.084 70.8492 62.2749 61.3612
threshold=5.0099999904632577 4.2099997997283944 17.500000000000004 1.0020408034324648 30.500000000000004 2.7024999856948857 -0.014038300607353447 3.9050000905990605 216354299904.00003 39.500000000000007 6.5000000000000009 1.5000000000000002 126.50000000000001 8.5000000000000018 43.004999160766609 595.94750976562511 1.6075282692909243 30.500000000000004 2.8000000715255742 2.1000000238418584 4.2000000476837167 69.500000000000014 2.0949997901916508 7.5000000000000009 6.7500000000000009 70.001998901367202 125.53499984741212 14.500000000000002 3.5000000000000004 14.500000000000002 7.9995000362396249 75.500000000000014 1782406720.0000002 32.500000000000007 0.9767284393310548 20.005000114440922 148.50000000000003 4.2550001144409189 4.3656418323516855 2.3158333301544194 1.4857142567634585 -9.4782500267028791 2.5000000000000004 4.4600000381469735 2.3999999761581425 5.5050001144409189 1.7966102957725527 18.500000000000004 3.9499999284744267 0.0066502012778073558 4.4049999713897714 1.0000000180025095e-35 3.7949999570846562 3.8138769865036015 2.5000000000000004 1.5000000000000002 0.15464583039283755 265.50000000000006 6.3500001430511483 5.5000000000000009 0.0036310558207333092 -3.7979999780654903
decision_type=2 2 2 2 2 2 2 2 2 2 2 2 2 2 2 2 2 2 2 2 2 2 2 2 2 2 2 2 2 2 2 2 2 2 2 2 2 2 2 2 2 2 2 2 2 2 2 2 2 2 2 2 2 2 2 2 2 2 2 2 2 2
left_child=1 12 3 4 25 60 13 8 11 24 16 38 14 -7 28 39 32 46 23 36 21 -21 -13 51 -10 43 -27 -8 29 30 -1 -31 33 34 -3 -35 50 53 -5 42 -41 -14 -16 44 -2 -45 -18 48 49 -4 -20 61 -48 -19 55 -17 -9 -49 -59 -28 -6 -12
right_child=2 10 47 7 5 6 27 56 9 -11 18 22 41 -15 15 54 17 37 19 20 -22 -23 -24 -25 -26 26 59 -29 -30 31 -32 -33 -34 35 -36 -37 -38 -39 -40 40 -42 -43 -44 45 -46 -47 52 57 -50 -51 -52 -53 -54 -55 -56 -57 -58 58 -60 -61 -62 -63
leaf_value=-0.0044241060217838852 0.00084174051958823496 0.024199578363528106 -0.12265728024690895 0.010485285671305291 -0.050303960567117757 -0.10034874612711996 -0.089024704448921049 0.057704547896650984 -0.019570432243611852 -0.10941076460074409 0.077916170891775036 -0.071318936753117124 0.12491196958254674 0.039505003947777395 0.00014769498050593816 0.047610783100743806 -0.068202640727623914 -0.051524302190336616 0.059712647578270397 0.018277834881734924 0.062602484950100401 -0.059725440476643576 0.047394615414907221 -0.060807599285960884 0.047360442004625358 -0.093838014302687039 0.039251855477349482 -0.010045520331327423 -0.057466511263850543 0.051193662857022183 0.019738022011374836 -0.039053881611109766 0.049274460855737535 0.02439623235928165 -0.0045576395657191222 0.050375426230133427 -0.055335197953296639 0.064747296678057717 -0.080264726541483672 -0.054060464833501735 0.3154071039918746 -0.053507034997792968 0.014519664303825451 0.030272853926901856 0.037630541978640512 0.046206184798865096 0.055292482980964897 0.057499967764078765 0.050958513491807071 0.035861732751958357 0.03648554580123009 0.057201139203596346 -0.066573663580505218 0.018728185518057935 -0.0097552575286690771 0.12655576875108726 0.0497638893669715 0.057082932986256198 -0.063667013047113905 -0.030488824073692022 0.063359042036844379 -0.063007902044203798
leaf_weight=1631.5183365810663 575.47515500709414 9628.7086351662874 32.745407477021217 146.05532078444958 12.007160152774302 35.923093350604177 202.1856711958535 5955.8682656437159 146.67063210904598 113.15709878504276 9.617489814758299 34.469174072146416 9.0735502243041974 243.11433102563024 3619.9498909749091 161.88175786286592 167.66958255320787 67.181317922659218 779.62891917675734 374.02167413383722 269.2775896191597 316.21688600676134 4778.9754255269654 34.159188166726381 342.28065323084593 56.968180995434523 124.7907809689641 113.39700989658013 69.317465208470821 770.8024974828586 16032.098620919511 118.71662445180118 699.08660770952702 1796.7527547860518 720.82854775898159 1422.4648214634508 36.781751356087625 114.66990780830383 55.333019196987152 145.41587946563959 4.4575660210102788 173.86067219823599 2372.7532019354403 1890.3942970857024 1197.6641450673342 3131.7012198120356 40.340359624475241 18374.296311860438 6120.517297104001 164.76903087645769 1290.0627039130777 1726.1950013996102 25.724632363766432 170.53170015942305 44.134859196841717 59.333466924726963 6594.5811582505703 119.01555177569389 46.408620302099735 50.326152846217155 211.68274341151118 27.607176612131298
leaf_count=37498 1015 23655 157 329 974 202 2663 1864 289 516 1 114 1 234 59406 607 1295 571 803 612 250 3081 10218 396 210 298 162 424 771 3161 132037 2374 453 3831 2729 2236 899 39 285 2698 25 6004 28582 2184 1583 1907 179 6212 2705 144 1502 3090 189 712 149 91 3293 59 808 149 70 281
internal_value=0.0360843 0.0210066 0.0494008 0.0437815 0.0312306 -0.000589651 -0.0223367 0.0491994 0.0394991 0.00143909 0.0288135 0.0440666 0.0149002 0.0211884 0.0153326 0.00682909 0.025312 -0.00647785 0.0394991 0.0314516 0.00502721 -0.017485 0.0465288 0.0531972 0.027274 0.0349362 -0.00886788 -0.0607826 0.0182579 0.0185441 0.0175059 0.0391131 0.0266187 0.0254475 0.022196 0.0358892 0.0434776 0.0203428 -0.0146977 0.00468977 -0.0410208 -0.0439993 0.00584045 0.0364341 0.0257007 0.0402168 -0.0468489 0.0552789 0.0496514 0.0090706 0.045262 0.0554416 0.00748012 -0.00123796 0.0561298 0.0692818 0.0535369 0.0571936 0.0229983 0.0191217 0.0570389 -0.0253816
internal_weight=95801.6 44930.8 50870.8 26013 7845.63 818.31 594.62 18167.4 5616.94 602.108 19717.5 5014.83 25213.3 279.037 25030.4 6407.93 14854 586.118 4863.57 3065.99 959.516 690.239 4813.44 1797.58 488.951 7027.32 232.085 315.583 18622.5 18553.1 17663.6 889.519 14267.8 13568.8 10349.5 3219.22 2106.47 352.383 201.388 6142.58 149.873 182.934 5992.7 6795.23 1773.14 5022.1 233.735 24857.8 6318.03 197.514 2069.69 1763.42 66.065 237.713 265.35 221.215 12550.4 18539.7 165.424 175.117 223.69 37.2247
internal_count=359276 320208 39068 28983 11865 4567 3523 17118 11961 1015 46804 10946 273404 436 267399 91558 35889 2985 10915 7147 3943 3693 10332 3768 499 7298 609 3087 175841 175070 169535 5535 32904 32451 26384 6067 3204 1322 614 90711 2723 6005 87988 6689 2598 4091 1663 10085 3006 301 2305 3372 368 1283 847 698 5157 7079 867 311 1044 282
is_linear=0
shrinkage=0.05


Tree=30
num_leaves=63
num_cat=0
split_feature=22 22 19 9 20 16 10 23 8 21 1 3 20 20 23 6 1 23 11 10 1 23 12 1 23 20 19 23 11 16 23 1 1 10 1 9 21 20 23 21 8 12 8 7 22 8 7 13 22 17 3 1 23 13 19 10 17 1 23 10 12 7
split_gain=7957.51 970.12 611.345 607.462 375.964 412.253 402.257 366.202 352.043 345.053 446.141 320.67 291.749 355.5 289.471 274.624 245.52 241.431 241.011 225.596 336.847 329.669 224.962 213.824 255.979 255.93 207.372 201.227 285.696 260.761 199.537 177.335 175.761 170.363 249.47 208.953 268.979 1263.01 227.072 333.474 162.393 431.737 219.851 159.323 132.118 129.44 125.375 125.08 116.096 113.616 108.234 106.971 101.063 99.0188 97.2244 96.837 90.6212 84.3064 83.8704 100.407 82.1797 73.3347
threshold=17.235943794250492 15.954098224639894 2.0839102268218999 2.6000002622604375 0.56830048561096203 0.23813045769929889 3.4499999284744267 5001769931243521 4.2900002002716073 162.9443283081055 14.605000019073488 88.500000000000014 1.6134278178215029 0.77141305804252636 0.14827972650527957 31.500000000000004 43.004999160766609 2.0514693260192876 4.5000000000000009 4.4600000381469735 51.004999160766609 3.5588830189888476e+18 2.1074177026748662 6.1875000000000009 1.0000497102737429 0.54818400740623485 659.88781738281261 0.0092679550871253031 6.5000000000000009 0.18758670240640643 0.59456610679626476 23.755000114440922 90.006500244140639 3.8500000238418584 41.004999160766609 3.2100000381469731 216354299904.00003 0.37439180910587316 3223.5991210937505 17740919808.000004 6.1499998569488534 1.3548387885093691 5.5050001144409189 6.7500000000000009 17.188548088073734 5.6250000000000009 5.5050001144409189 0.29999996721744543 19.210180282592777 1.4902593493461611 1.5000000000000002 72.049999237060561 2.2282954436671181e+19 0.41250005364418035 4.6019885540008554 2.6725000143051152 4.1702897548675546 557.15499877929699 0.34576587378978735 4.6549999713897714 1.1379603743553164 5.5050001144409189
decision_type=2 2 2 2 2 2 2 2 2 2 2 2 2 2 2 2 2 2 2 2 2 2 2 2 2 2 2 2 2 2 2 2 2 2 2 2 2 2 2 2 2 2 2 2 2 2 2 2 2 2 2 2 2 2 2 2 2 2 2 2 2 2
left_child=1 12 33 4 6 -6 7 44 -8 11 -11 -7 13 16 -10 19 23 -14 -9 20 21 22 -4 24 -1 -25 30 29 60 47 -18 -23 -28 34 35 38 52 -38 39 -2 41 -17 54 -36 -3 -40 49 -15 51 -22 58 56 -37 -5 -43 -30 -35 61 -21 -60 -29 -53
right_child=2 3 15 53 5 9 8 18 14 10 -12 -13 17 27 -16 40 26 -19 -20 50 46 31 -24 25 -26 -27 32 28 55 -31 -32 -33 -34 48 43 36 37 -39 45 -41 -42 42 -44 -45 -46 -47 -48 -49 -50 -51 -52 57 -54 -55 -56 -57 -58 -59 59 -61 -62 -63
leaf_value=0.010939414604370278 -0.070166835700814417 -0.04055442647352063 0.027453536686115415 -0.070997566981463311 -0.056067976868238237 0.058291117678299725 -0.056472191071384237 0.037753055425941595 0.045415053832769413 -0.065809629085580149 0.05719392698439453 -0.065957828681678113 -0.051496410214614222 -0.053666846902173881 0.026043986181475232 0.044330634609461329 0.019371693506404247 0.066103926693024118 -0.091582557022574437 0.061071086789681144 -0.053085427392146882 -0.055440485745709304 0.053252158236824068 0.017502927887927441 -0.039165935261275542 0.056273634205628503 -0.017193702296383565 -0.0030024736699980838 0.067199066556988873 0.12472553973104222 -0.0097349911031619028 0.02809092290613471 0.0063913809539242377 0.048931794962861819 -0.11224843493743908 0.055016289199648349 0.049397369092470889 -0.11729352997086318 0.048639323484221869 0.044066556352217706 0.054978496509411445 0.056455151807541265 -0.11862743750752053 0.014557853433417981 0.076335841398497709 -0.0038394022178957648 -0.10255576234852247 0.14178678556862587 0.058185964361087555 0.074972577416410863 0.046138459016763049 0.020931764356625082 0.022264680773546784 0.072210906179027076 -0.074351182809349312 -0.054676840296605994 0.056770471903299216 0.038331919484120555 -0.062807908392827391 0.020248716381132771 -0.053587837659054519 -0.087111598473149407
leaf_weight=938.67684019356966 131.64910903666168 469.02013838943094 3817.6591021404602 171.29015952395275 94.224262330681086 2488.9744738847949 118.43734414502978 431.50637486949563 2396.6302229240537 140.08363826107234 153.38626943528652 52.207425101194531 48.091309784911573 55.874532558955252 9940.5596573203802 946.22262506186962 3210.3386267051101 406.3494411399588 38.324642080813646 112.68283872306347 45.353696077130735 166.04781257547438 1087.6667365217581 18083.741887565702 348.77527936547995 435.27641748450696 1308.1403716653585 97.512732219882309 86.110989180393517 50.497958089224994 720.11683071032166 101.66117954533547 1990.488016301766 10127.568032681942 36.963471658527851 5818.9052201500162 744.94989378750324 133.07739883102477 645.4986390369013 122.26854853332043 3645.9222775651142 41.624360935762525 63.563492702320218 70.576147364452481 24.553491231519729 143.21819207072258 60.619179759174585 8.5758393034338933 10582.143194615841 26.650003172457218 4097.5743795931339 29.830236494541168 247.93929818179458 12.15519919991493 20.311336729675531 19.205847471952438 5926.5760961622 106.43815046548843 38.91865261644125 411.10145818442106 462.56517603900284 31.318681016564369
leaf_count=22712 953 2972 14618 1371 2555 3302 1750 645 2620 821 212 650 1652 1379 17157 577 26184 284 191 59 240 815 1371 141207 6019 2120 27123 1966 51 274 6529 221 35854 4867 173 2367 362 624 492 80 1956 49 358 126 57 247 334 9 2761 8 2513 35 636 16 142 602 1783 78 135 726 10904 106
internal_value=0.0347605 0.0194866 0.0485609 0.0291084 0.0301251 0.0463604 0.026578 -0.00454038 0.0289855 0.0497855 -0.00152717 0.0557116 0.0138591 0.0132084 0.0298108 0.0399928 0.014169 0.0535621 0.0270203 0.0352784 0.0282146 0.030235 0.0331846 0.0170477 -0.00265028 0.0184175 0.00627979 -0.020042 -0.0306024 0.0407816 0.0140365 -0.0237147 -0.00296264 0.0521644 0.0457823 0.0468016 0.0499374 0.0240226 0.0258817 -0.0151835 0.0499415 0.032766 -0.054049 -0.0296145 -0.0345869 0.0391109 -0.0501944 -0.0258142 0.0540899 -0.00524239 0.0433115 0.0514142 0.0536825 -0.0611413 0.012979 0.0446212 0.0518292 0.0115567 0.0226716 0.0129314 -0.0448106 -0.0348357
internal_weight=94384.2 44801.7 49582.5 16531.4 16347.9 2928.88 13419 963.405 12455.6 2834.65 293.47 2541.18 28270.3 27815.9 12337.2 14683.6 27035.6 454.441 469.831 9965.94 5305.66 5173.03 4905.33 19806.5 1287.45 18519 7229.08 780.343 665.395 114.948 3930.46 267.709 3298.63 34898.9 8095.05 7987.51 6944.87 878.027 1042.63 253.918 4717.64 1071.72 125.499 107.54 493.574 788.717 132.623 64.4504 26803.9 72.0037 4660.28 16221.7 6066.84 183.445 61.9357 105.317 16054.1 167.587 562.703 450.02 560.078 61.1489
internal_count=359000 319188 39812 34319 32932 7540 25392 3865 21527 4985 1033 3952 284869 282933 19777 24122 267748 1936 836 21040 17607 17025 15989 172058 28731 143327 95690 15185 13523 1662 32713 1036 62977 15690 6060 5761 3989 986 1772 1033 3082 1126 549 299 3029 739 582 1388 9630 248 3433 6869 3003 1387 191 653 6650 219 920 861 12870 141
is_linear=0
shrinkage=0.05


Tree=31
num_leaves=63
num_cat=0
split_feature=22 19 14 19 6 9 23 6 16 2 22 9 23 3 8 16 23 23 5 17 1 8 6 9 1 9 3 5 3 13 11 22 23 17 5 21 3 23 16 22 22 1 1 1 22 6 19 9 7 1 7 1 6 19 19 9 17 16 2 3 2 2
split_gain=7755.22 787.404 696.942 509.413 346.064 321.89 372.882 346.689 295.052 267.591 259.174 241.149 280.498 229.313 227.356 397.597 236.618 235.318 488.404 330.18 222.755 213.279 206.086 196.099 448.96 209.849 422.764 194.005 190.567 175.717 166.868 160.666 155.794 152.112 143.585 141.864 134.217 131.969 124.772 123.928 122.652 102.902 101.814 96.2878 103.69 95.9778 133.896 185.04 502.293 130.583 91.8053 217.873 91.7745 91.297 85.3512 85.0476 82.3766 81.8238 79.1685 90.6226 67.5027 69.1487
threshold=16.926589965820316 2.0839102268218999 1.5000000000000002 2.5118931531906132 31.500000000000004 1.8999997377395632 5001769931243521 2.5000000000000004 0.66725873947143566 36.500000000000007 17.694078445434574 2.1050002574920659 26636253298425860 11.500000000000002 4.3900001049041757 0.325603798031807 1.9952592849731448 0.019254887476563457 1.5000000000000002 2.6148351430892949 11.802000045776369 5.5050001144409189 1.5000000000000002 3.9499999284744267 10.996500015258791 3.8999999761581425 175.50000000000003 4.5000000000000009 9.5000000000000018 -0.017132863402366635 4.5000000000000009 18.797674179077152 3.349085927009583 1.4902593493461611 136.50000000000003 2.2817045450210576 4.5000000000000009 0.073633689433336272 0.083402894437313094 15.409848213195803 16.528291702270511 23.005000114440922 26.914999961853031 32.835000991821296 17.463814735412601 17.500000000000004 0.20858556032180789 3.9499999284744267 6.7500000000000009 63.004999160766609 4.9949998855590829 16.544000625610355 14.500000000000002 151.29294586181643 0.28558278083801275 1.3949998617172243 5.5058138370513925 0.77842378616333019 2.5000000000000004 10.500000000000002 17.500000000000004 203.50000000000003
decision_type=2 2 2 2 2 2 2 2 2 2 2 2 2 2 2 2 2 2 2 2 2 2 2 2 2 2 2 2 2 2 2 2 2 2 2 2 2 2 2 2 2 2 2 2 2 2 2 2 2 2 2 2 2 2 2 2 2 2 2 2 2 2
left_child=2 10 3 11 22 14 58 27 13 29 21 32 -13 37 17 16 -16 18 -5 -19 -17 34 36 25 57 26 -24 -8 54 41 -26 50 38 35 56 -34 43 -4 -1 -35 -40 -10 -9 44 -3 46 -12 49 -49 -48 51 -6 -30 -45 -23 -56 -2 -25 59 -7 -47 -62
right_child=1 4 8 5 31 6 7 42 9 -11 45 12 -14 -15 15 20 -18 19 -20 -21 -22 28 23 24 30 -27 -28 -29 52 -31 -32 -33 33 39 -36 -37 -38 -39 40 -41 -42 -43 -44 53 -46 60 47 48 -50 -51 -52 -53 -54 -55 55 -57 -58 -59 -60 -61 61 -63
leaf_value=-0.099082831150047262 0.040727489093321266 -0.01751749219737788 0.071183827462195468 0.010046210777673004 -0.070276416917028559 -0.039534180544014461 -0.070101433161236917 -0.10174533257018795 -0.086789113337782442 -0.051583917519991709 0.053970098308892614 -0.078003415379122698 0.046650688953771384 -0.057087509801741515 0.040444304152068788 0.023140321819074522 -0.042624585272799609 0.0020357369679156038 0.028398205303469221 0.042531431550691251 -0.00048302199464582689 0.039523234003932088 0.034620483059071262 0.028207542098804252 0.055562948195371456 0.061850562127329672 -0.067981863200960557 0.065204262570182053 -0.083807358717238323 0.058358808373914321 -0.017624791741536028 0.054955257191111523 -0.062212271833252987 0.10894571536604075 -0.022409635345350939 0.028238750067021808 -0.069886832892614908 -0.059696168938507245 0.0048446959968574226 0.043057882417912002 0.042931398285934154 0.034634337629082725 0.012833751263157597 -0.047469316195351087 0.040292551289784255 0.047475701657528041 0.047119000184518783 -0.11699380459633267 0.034409809546600723 -0.0089829680626429993 0.039287921925921537 0.045841073852560338 0.042210158796681628 0.096570436787025885 0.023629179601146008 -0.042972633174519284 0.054012355706304097 -0.077597831719584384 -0.067401433188127122 0.039787557240068737 0.056798115917415293 0.036589466928164255
leaf_weight=22.766894722357392 3637.0762051194906 110.148970535025 87.241102781146765 13021.07578118518 65.945662260055542 222.05473025329411 28.953661862760782 58.239618008956313 32.218972181901336 59.75884055532515 6695.7516498723999 107.53496534191072 76.32964962720871 116.81791338091716 2513.7504515815526 2223.4227769691497 87.912654735147953 7357.0839840881526 5025.2654955196194 539.36584762297571 1808.9594208467752 333.30416394770145 9812.4282188513316 20.328876506537199 269.58797777816653 703.88972214143723 100.51207796903327 236.76519880443811 65.695177346467972 1736.8641995657235 108.66927026677877 3184.0447194650769 43.365034587681293 73.507016435265541 79.393084791023284 1998.2984942048788 56.829480695538223 23.771536412648857 670.64623850211501 2091.5019829850644 308.12698467634618 35.844158083200455 28.407652281224728 94.240156572312117 256.68789348378778 2719.7997040320188 5812.7434923844412 63.091284081339836 376.13696587830782 105.15498106181622 1244.8352853925899 100.86425157636404 17.713357478380203 11.47745794802904 125.22869709134102 76.268376521766186 1747.5133218131959 143.35205494519323 223.33200491173193 42.040261066518724 13706.167016616091 445.48455236339942
leaf_count=118 2882 302 160 129684 321 1683 153 255 166 442 2421 578 67 3360 4732 4352 626 100711 43484 2252 6999 248 12666 31 246 227 8892 328 260 1071 569 1684 167 186 606 3328 403 299 2646 2352 333 43 44 433 310 1300 3328 278 365 190 987 93 11 29 129 199 816 1035 2127 164 4009 820
internal_value=0.0334619 0.0462185 0.0171523 0.0156357 0.0370881 0.0133335 -0.017213 0.0219279 0.0452565 0.0518166 0.0503463 0.0298967 -0.026255 -0.00840516 0.0141217 0.022383 0.0376201 0.0120081 0.0151582 0.00480746 0.012544 0.0409143 0.0325103 0.0339563 0.00459904 0.0354538 0.0335729 0.0502346 0.0130414 0.0552695 0.0345327 0.0487201 0.0318846 0.0361051 0.0440641 0.0262856 0.0020142 0.0428306 0.0141344 0.0453465 0.0168714 -0.0231958 -0.0644052 0.0108009 0.0229201 0.0522618 0.049019 0.0437956 0.0124343 0.0461199 0.0346238 -0.000179576 -0.0568029 -0.0310261 0.0240295 -0.00164321 0.0450491 -0.0643351 -0.0455055 -0.0267859 0.0547674 0.0561649
internal_weight=93191.6 52290.4 40901.2 38808.7 16283.8 33416.6 839.793 352.366 2092.52 1864.69 36006.5 5392.08 183.865 227.831 32576.8 6634.05 2601.66 25942.8 18046.3 7896.45 4032.38 6082.19 11688.2 11158.8 541.938 10616.8 9912.94 265.719 618.21 1804.93 378.257 4595.69 5208.21 4206.67 5463.98 2041.66 529.384 111.013 1001.54 2165.01 978.773 68.0631 86.6473 472.554 366.837 29924.3 13052.9 6357.13 439.228 5917.9 1411.65 166.81 83.4085 105.718 534.801 201.497 5384.59 163.681 487.427 264.095 16871.5 14151.7
internal_count=359000 46090 312910 307369 28228 297594 4754 780 5541 1722 17862 9775 645 3819 292840 16709 5358 276131 173168 102963 11351 5151 25143 23666 1881 21785 21558 481 847 1280 815 3085 9130 6033 4304 3495 1477 459 3097 2538 2979 209 299 1074 612 12711 6582 4161 643 3518 1401 414 271 462 576 328 3698 1066 3974 1847 6129 4829
is_linear=0
shrinkage=0.05


Tree=32
num_leaves=63
num_cat=0
split_feature=22 0 18 16 8 12 21 15 13 5 9 2 24 10 4 9 2 0 1 21 5 1 9 12 5 0 16 15 10 13 22 10 5 10 1 10 5 9 1 16 8 10 9 21 16 1 1 12 1 8 8 9 24 4 18 1 1 15 15 15 10 1
split_gain=7557.7 1083.25 934.886 634.769 487.619 565.447 608.336 538.335 461.294 431.527 417.158 356.206 344.421 412.845 342.392 338.154 313.204 294.179 283.306 279.258 264.259 239.614 310.668 221.805 312.504 218.317 228.456 181.732 1391.82 260.272 196.204 172.228 166.369 164.276 156.713 149.099 307.68 208.655 147.139 139.122 152.719 139.629 129.998 121.272 115.894 115.231 232.762 121.673 113.368 398.793 112.594 730.031 100.879 175.54 99.4421 91.498 95.4823 84.5273 82.3295 570.946 81.6541 74.6717
threshold=17.235943794250492 4.805000066757203 3.3964555263519292 0.9566781520843507 6.3500001430511483 1.3585215806961062 162.9443283081055 7.5000000000000009 -0.014488053508102892 40.500000000000007 2.6000000238418584 7.5000000000000009 0.0036310558207333092 3.0475000143051152 48.500000000000007 3.6000000238418584 2.5000000000000004 4.305000066757203 29.915499687194828 561149408.00000012 198.50000000000003 10.000500202178957 1.800000071525574 1.5715581774711611 63.500000000000007 5.6199998855590829 0.56863656640052807 1.0000000180025095e-35 3.4974999427795415 -0.014488053508102892 19.210180282592777 3.5325000286102299 1.5000000000000002 3.0900000333786015 11.402499675750734 3.3025000095367436 1.5000000000000002 1.7199999094009402 191.66999816894534 0.083402894437313094 4.2900002002716073 2.9499999284744267 4.2500000000000009 162.9443283081055 0.78954041004180919 54.003999710083015 496.41000366210943 1.1333333849906924 85.905002593994155 8.1500000953674334 6.4500000476837167 2.7599999904632573 1.500000059604645 7.5000000000000009 0.1330712512135506 180.68000030517581 22.005000114440922 3.5000000000000004 114.50000000000001 24.500000000000004 4.5025000572204599 47.002500534057624
decision_type=2 2 2 2 2 2 2 2 2 2 2 2 2 2 2 2 2 2 2 2 2 2 2 2 2 2 2 2 2 2 2 2 2 2 2 2 2 2 2 2 2 2 2 2 2 2 2 2 2 2 2 2 2 2 2 2 2 2 2 2 2 2
left_child=1 2 3 20 5 16 8 15 11 17 23 44 14 -14 -10 19 52 35 39 -8 21 22 -1 24 -5 26 38 28 29 42 50 -13 34 -23 -19 36 -4 -37 55 41 -41 -11 54 -25 -7 47 -47 -20 -32 -50 -30 -52 -2 -54 -6 56 -3 -34 59 -9 -18 -27
right_child=4 25 9 10 27 6 7 58 12 18 -12 31 13 -15 -16 -17 60 32 45 -21 -22 33 -24 43 -26 61 -28 -29 30 -31 48 -33 57 -35 -36 37 -38 -39 -40 40 -42 -43 -44 -45 -46 46 -48 -49 49 -51 51 -53 53 -55 -56 -57 -58 -59 -60 -61 -62 -63
leaf_value=0.033335004111750791 0.034693052255493399 0.028177786844254024 -0.0030488446455060555 0.033231977983797269 0.031862021250378555 0.026047497591860286 -0.048413945335721013 0.054945447195847 0.012279272781829021 -0.053736709583645251 -0.076522255031692077 0.066805231398224904 0.048069052723243626 -0.0288679246815381 -0.064366990608697286 -0.095093088625218064 0.042984746188695244 0.014242799268538829 0.01611695466401836 0.028012030122289439 -0.05283201573503124 -0.031965433807964537 -0.010314313474294588 0.058981272657774135 -0.07393010886648109 0.051096827027930426 0.043673133781910206 0.054723303672182533 0.047079570672862003 -0.080518299723230144 0.054688476490107385 -0.0052440052512037058 0.019653116402923037 0.0071680118311336048 -0.0037207098535133203 -0.0035035083604120494 0.014883742479256529 -0.06240973645633846 -0.036279621902775352 -0.019762624467877098 0.020084463446982621 0.053743001082396803 -0.097740237955931564 0.02033918367474544 -0.035417655519216357 -0.04986795619311768 0.074624989454031856 0.075242201352900648 -0.11470958587061685 0.058761478285951685 0.033519862633551931 -0.15850417531944561 -0.12006681201627396 0.045719221896606807 -0.04942170904617587 0.10720721802834161 0.010791248022586849 0.050889622321226569 0.062331271127056678 -0.043206868744499194 0.05229914108890258 0.022614200895047811
leaf_weight=1955.2076054736972 3732.2732168734074 2801.4658456481993 5021.0988596752286 5031.8007280230522 147.79946488887072 133.01498836278915 126.88953680172563 1532.1850303914398 224.70217938348651 32.399827352724969 81.142102405428886 547.75590613856912 386.24666371382773 316.20509624667466 411.48788541881368 61.500978961586952 3167.3877033144236 3389.6990863233805 107.07324363663793 1838.9472348801792 153.07225511176512 316.23633732553571 514.24163271673024 1355.65700282529 68.026151499710977 1914.577332124114 1847.295746024698 14748.449858009815 622.28604224324226 213.00935829151422 6560.1872076690197 97.399467021226883 3518.6764619015157 1732.7775807641447 1890.2415687814355 4332.7683737054467 4566.0134693784639 154.75872914679348 103.06539243087173 336.42678600130603 835.64512359956279 331.03510548733175 30.679294897243381 240.88980513066053 178.28013482317328 70.959317106753588 77.53105928003788 484.30340863484889 44.009882234036922 124.55337408185005 574.24882642179728 53.159583613276482 27.949789687991142 34.700961321592331 49.366692285984755 31.856790624558926 1103.4154657870531 230.57089405320585 1298.810251545161 163.21543308906257 9686.3132792264223 264.90668257325888
leaf_count=9444 3451 4862 101092 9142 137 256 423 645 420 722 471 249 519 911 11464 324 1929 11680 342 2163 6787 4299 2117 627 601 1108 1838 6348 325 1603 2181 155 10749 9168 16505 41183 67641 929 584 6618 2996 614 173 496 557 743 30 875 185 29 451 260 127 32 158 51 4141 287 226 469 3642 446
internal_value=0.0322073 0.0175251 0.0138893 0.0257498 0.0461916 0.0411849 0.02959 0.0393358 0.00825673 0.00853779 0.0355238 0.0347588 -0.0106869 0.0134373 -0.0373109 0.0194226 0.0462782 0.00649072 0.0293093 0.0230543 0.011564 0.0137578 0.0242429 0.0368934 0.0317874 0.0341201 0.0291033 0.0513683 0.0454849 -0.0409211 0.0502645 0.0559289 0.0135344 0.00111323 0.00781135 0.00197102 0.00549197 -0.00554954 0.0224305 0.0170386 0.00863556 0.0440264 -0.00369026 0.0531704 -0.00913856 0.0547116 0.0151643 0.0645908 0.0536477 0.0130313 0.0320156 0.0170156 0.0336348 -0.0288871 0.0113382 0.0239777 0.0232701 0.0215885 0.052806 0.0454735 0.0500078 0.0476491
internal_weight=92027.9 44894.8 36828.3 11449.1 47133 23965.3 7316.64 5021.55 2295.09 25379.2 6777.52 956.45 1338.64 702.452 636.19 2027.34 16648.6 23103.8 2275.37 1965.84 4671.54 4518.46 2469.45 6696.37 5099.83 8066.58 5887.1 23167.7 8419.3 440.855 7978.44 645.155 9029.19 2049.01 5279.94 14074.6 9587.11 4487.53 4039.8 1535.51 1172.07 363.435 227.845 1596.55 311.295 739.867 148.49 591.377 6728.75 168.563 1249.69 627.408 3794.92 62.6508 197.166 3936.74 3904.88 3749.25 2994.21 1695.4 12853.7 2179.48
internal_count=359000 319188 306158 43152 39812 27962 18781 4250 14531 263006 11337 1217 13314 1430 11884 2910 9181 250066 12940 2586 31815 25028 11561 10866 9743 13030 11476 11850 5502 2071 3431 404 39221 13467 28185 210845 168733 42112 9638 10950 9614 1336 468 1123 813 1990 773 1217 2395 214 1036 711 3610 159 295 9054 9003 11036 1340 1114 5571 1554
is_linear=0
shrinkage=0.05


Tree=33
num_leaves=63
num_cat=0
split_feature=22 0 15 19 19 20 5 0 15 20 0 12 12 5 20 15 6 12 0 16 1 0 16 16 1 5 7 0 17 24 6 1 1 1 9 20 9 20 1 6 0 0 8 10 9 16 14 7 15 24 22 1 1 17 1 1 5 22 22 1 15 22
split_gain=7327.03 991.977 836.724 627.255 617.917 535.673 629.66 308.328 287.9 758.236 282.788 279.505 265.415 257.116 282.192 246.607 222.711 433.766 233.071 220.512 218.455 210.872 214.348 205.504 237.304 198.767 191.198 189.676 177.388 165.152 151.465 183.696 146.396 133.172 133.024 872.023 142.341 131.14 126.458 121.996 125.144 118.945 118.46 116.017 111.123 101.736 433.998 110.993 82.2943 147.219 79.0729 78.2653 86.3322 72.6129 71.5561 89.2808 115.853 69.662 67.8517 67.7895 67.2688 63.2213
threshold=17.235943794250492 4.805000066757203 10.500000000000002 2.0839102268218999 5.1176152229309091 0.54246044158935558 175.50000000000003 3.5949999094009404 110.50000000000001 0.70663928985595714 3.7949999570846562 2.0629960298538212 1.5161872506141665 22.500000000000004 0.27096283435821539 2.5000000000000004 6.5000000000000009 2.1493430137634282 3.9850000143051152 0.23813045769929889 26.914999961853031 5.6199998855590829 0.56863656640052807 0.83369722962379467 11.002319335937502 1.5000000000000002 3.4050000905990605 4.4949998855590829 1.8469179868698122 -0.00086023382027633477 17.500000000000004 76.022998809814467 546.54351806640636 191.66999816894534 3.9499999284744267 0.35165551304817205 3.8050001859664921 0.58193194866180431 44.004999160766609 8.5000000000000018 4.2950000762939462 3.4050000905990605 5.1099998950958261 3.0475000143051152 1.7199999094009402 0.98970836400985729 10.500000000000002 5.4400000572204599 30.500000000000004 0.0075935537461191424 17.968340873718265 180.68000030517581 22.005000114440922 3.756578922271729 47.002500534057624 421.03500366210943 4.5000000000000009 14.488033771514894 17.109120368957523 17.005000114440922 17.500000000000004 17.902107238769535
decision_type=2 2 2 2 2 2 2 2 2 2 2 2 2 2 2 2 2 2 2 2 2 2 2 2 2 2 2 2 2 2 2 2 2 2 2 2 2 2 2 2 2 2 2 2 2 2 2 2 2 2 2 2 2 2 2 2 2 2 2 2 2 2
left_child=1 2 4 27 12 10 19 25 9 16 20 59 23 44 -15 42 18 29 37 -7 58 22 33 24 -1 41 -27 30 -25 -18 31 34 -33 51 36 -36 -2 -5 -20 40 -12 -6 -14 -21 -9 61 -47 -48 -11 -50 53 52 -3 -29 -23 56 -56 -24 -4 -10 -41 -32
right_child=3 21 5 8 7 6 -8 13 11 48 39 -13 15 14 -16 -17 17 -19 38 43 -22 54 57 28 -26 26 -28 50 -30 -31 45 32 -34 -35 35 -37 -38 -39 -40 60 -42 -43 -44 -45 -46 46 47 -49 49 -51 -52 -53 -54 -55 55 -57 -58 -59 -60 -61 -62 -63
leaf_value=0.028430113319327856 0.039528647387710246 0.026723829748181271 -0.073562047365223066 0.0035354306110519334 -0.0097637336663290719 -0.05523411037169923 -0.04677563546773169 0.0091059081392811693 -0.062574641906972858 -0.060199339398041209 -0.075002985416439794 0.060403751485185841 0.021901049225369573 0.045454922435441178 0.0091070500155982469 -0.075663527807945705 0.046193302918246117 -0.072444372095932671 0.035302944210532067 0.04818902350666731 0.028660541032487566 0.049465900235737964 0.091932382472530966 0.022097088693050493 -0.0057145457373974111 0.011206971802925469 -0.0068343283238722951 0.039220307346557848 0.042354625807156238 0.032803106319790276 0.027446868195143088 -0.093362947360113635 0.034786850835341061 -0.035030809168163805 0.048204848547406455 -0.1038031430551746 0.059184440554102428 -0.07689911546877376 -0.012814075552492761 0.054451202599105047 0.040924095623785711 -0.052502037631009135 -0.072578938895924802 0.07491443099502812 -0.041360586602636466 0.046378063183398599 0.013339510832345712 -0.10365431181631274 -0.061080127281570765 0.062597312982196646 0.054481680111691314 0.098333782333787395 0.010215582598928789 0.05414316150547243 -0.054297436994620696 0.050814198709622393 0.0380423553673232 0.039954138098970145 0.0044793930997452719 0.040378079635618139 -0.0029847435599220885 0.056393018373416419
leaf_weight=1172.6588056376204 5792.1970777525567 2806.1179137472063 201.24103196896613 606.83882400766015 2172.5211757011712 46.879277870990336 173.05153628485277 15617.334519255906 58.646041062194854 217.10074033821002 51.696779288351536 1576.7282934831455 256.41900827921927 1065.0474078580737 1071.9733394640498 117.57074218196794 5098.226989666 85.464802390895784 1692.8372520506382 2187.7120805764571 89.608046919107437 1879.7436480224133 66.772690817713737 2055.6432041041553 897.49671367928386 3737.7469813423231 2417.3199558574706 1877.6964096939191 2291.4787719622254 4235.4167166762054 201.43155233701691 45.29214833676815 42.131159603595734 101.47926026582718 471.14844094216824 116.91975300759077 1102.4269772022963 54.279417997226119 147.86578761786222 227.83782177045941 40.781791562214494 175.16999211907387 37.084831508342177 504.70433418639004 108.84057656303048 3666.4014336317778 30.096163948066533 59.393009751103818 51.425346123054624 43.46780938655138 13036.76077102311 33.052133418619633 1107.2695385590196 1475.1840957999229 65.453912414610386 130.44515538215637 68.475907266139984 1762.7884326390922 32.032430583611131 20.999760428443551 65.251755394041538 4098.9083198765293
leaf_count=2567 4581 4862 2223 1388 61392 910 6943 113697 6457 3038 478 770 491 1898 6965 766 3107 600 1599 3293 248 1108 66 3432 3317 65671 23239 1243 2275 3895 248 181 33 584 221 528 265 308 440 180 80 4711 201 362 531 1895 88 627 2415 64 4028 51 4141 482 266 105 75 1772 127 41 161 1270
internal_value=0.0310487 0.0166717 0.0131993 0.0450902 0.0107089 0.0360203 0.0455028 0.00723638 0.0362088 0.0335533 -0.00296315 0.055785 0.0241132 0.0109666 0.0272372 -0.014798 0.0355682 0.0390923 0.022288 0.0513492 -0.0374286 0.0326041 0.0276965 0.0266085 0.013629 -0.000600149 0.00412072 0.0489417 0.0327838 0.0401218 0.0449868 0.0398892 -0.0318533 0.0212655 0.0407322 0.0178492 0.0426804 -0.00316706 0.0314301 0.025908 -0.0239363 -0.0129757 0.00974042 0.0532266 0.0087537 0.0497707 0.0437175 -0.0645402 -0.0432855 -0.00431294 0.0527092 0.0227228 0.022058 0.0458017 0.0460355 0.0215319 -0.00711666 0.0419031 -0.0628509 -0.0352036 0.0416803 0.055045
internal_weight=90742 44836.7 36815.1 45905.3 33194.3 3620.8 2912.35 26366 13889.3 12232.9 708.45 1656.37 6828.35 17863.2 2137.02 411.075 11920.9 9419.11 2501.82 2739.3 322.882 8021.6 5877.48 6417.28 2070.16 8502.76 6155.07 32016 4347.12 9333.64 15626.3 7570.12 87.4233 4047.92 7482.69 588.068 6894.62 661.118 1840.7 385.568 92.4786 2347.69 293.504 2692.42 15726.2 8056.23 3755.89 89.4892 311.994 94.8932 16389.6 3946.44 3913.39 3352.88 2144.12 264.375 133.93 1829.56 233.273 79.6458 293.09 4300.34
internal_count=359000 319188 306158 39812 291153 15005 11508 278104 24122 16854 3497 7268 13049 123091 8863 1458 11337 7602 3735 4565 2598 13030 11476 11591 5884 155013 88910 15690 5707 7002 9937 5809 214 9638 5595 749 4846 1696 2039 899 558 66103 692 3655 114228 4128 2610 715 5517 2479 5753 9054 9003 1725 1554 446 341 1838 2350 6498 341 1518
is_linear=0
shrinkage=0.05


Tree=34
num_leaves=63
num_cat=0
split_feature=22 0 18 19 16 5 9 23 6 9 19 0 23 22 20 5 22 4 7 1 4 0 16 1 9 23 2 1 9 6 0 19 23 16 13 4 2 1 1 3 20 20 23 9 22 19 1 20 2 6 18 2 1 1 18 9 2 22 22 7 18 1
split_gain=7090.81 908.878 797.159 622.908 557.527 375.305 367.687 327.882 315.86 261.382 260.989 252.2 347.28 251.969 240.353 232.362 218.564 209.37 208.422 285.769 246.173 204.456 200.464 197.532 272.456 216.992 189.512 182.378 173.697 174.898 173.151 167.982 218.086 162.495 151.201 148.771 127.03 157.339 120.581 119.293 118.796 116.701 185.696 249.279 122.506 111.009 109.243 93.3651 85.1633 75.9557 170.519 75.0733 74.2145 149.418 143.263 71.5437 69.5985 131.488 69.4588 170.651 68.4156 67.266
threshold=17.235943794250492 4.805000066757203 3.3964555263519292 1.3750083446502688 0.9566781520843507 40.500000000000007 2.6000000238418584 0.108183391392231 29.500000000000004 1.5000001192092898 294.03924560546881 4.305000066757203 0.89849010109901439 16.267045021057132 0.90519806742668163 198.50000000000003 18.797674179077152 32.500000000000007 5.1099998950958261 70.001998901367202 43.500000000000007 5.6199998855590829 0.56863656640052807 10.000500202178957 1.800000071525574 0.062827456742525115 5.5000000000000009 6.1875000000000009 4.4500000476837167 2.5000000000000004 4.4949998855590829 670.05950927734386 1.563636362552643 0.23813045769929889 -0.028571416623890396 347.50000000000006 10.500000000000002 56.010000228881843 191.66999816894534 4.5000000000000009 1.0280989408493044 0.19673874229192737 3.6542624572427475e+17 2.4999998807907109 18.508732795715336 621.40216064453136 33.854999542236335 0.30398362874984747 2.5000000000000004 2.5000000000000004 160.7404708862305 4.5000000000000009 108.01150131225587 63.004999160766609 295.28097534179693 2.0949997901916508 252.50000000000003 18.720302581787113 17.694078445434574 5.5050001144409189 0.14394056051969531 47.002500534057624
decision_type=2 2 2 2 2 2 2 2 2 2 2 2 2 2 2 2 2 2 2 2 2 2 2 2 2 2 2 2 2 2 2 2 2 2 2 2 2 2 2 2 2 2 2 2 2 2 2 2 2 2 2 2 2 2 2 2 2 2 2 2 2 2
left_child=1 2 4 30 15 11 14 10 18 46 17 12 13 -4 27 23 41 -7 20 28 49 22 38 24 -1 -25 -14 -6 29 -20 36 45 -33 -11 -21 51 37 47 52 -39 -37 -10 44 -44 -43 -13 -9 -2 -32 50 -5 -22 53 -3 -54 -16 58 -58 59 -38 -49 -23
right_child=3 21 5 8 6 7 -8 9 16 33 -12 31 26 -15 55 -17 -18 -19 19 34 35 61 -24 25 -26 -27 -28 -29 -30 -31 48 32 -34 -35 -36 40 56 39 -40 -41 -42 42 43 -45 -46 -47 -48 60 -50 -51 -52 -53 54 -55 -56 -57 57 -59 -60 -61 -62 -63
leaf_value=0.03032071118812479 0.039446525426524867 0.021961659439998872 0.004483011670896252 -0.051909145378651295 -0.00292468374736234 0.049542321333530016 -0.074248923712302975 -0.045983471692541404 0.052192292059682802 -0.056453504951255541 -0.052486038331541834 0.017316023238158607 -0.016030943323305295 0.046632825863565583 0.034015699339345333 -0.052706727570286785 0.052512698316020949 -0.061102667643406598 0.013599667210477607 -0.11598851966437335 -0.0059305274216024488 0.047908646663765313 0.040184191608840458 0.039295423744561693 -0.010672264286878072 -0.0060708902942171461 0.028793631333226988 0.032172286162729428 -0.048145918916754564 0.03800196854074335 0.041103163272362284 0.0032538109484550205 0.079286943133884236 0.036997406915229555 0.0014821078552024575 -0.053658845944227963 0.03929909720958602 -0.12355255120625337 -0.033818026416589618 0.0057766091424717014 0.10014874629606985 0.037867610590786291 0.0086930393739560203 -0.11674024755208366 -0.033602069221969628 0.063121701681705319 0.021224708949782015 -0.069732254120240963 0.053620884222161186 0.026770581759096926 0.10794066334538724 -0.068183070295056797 -0.0026382070766182305 -0.028399483751651536 0.081984576524575817 0.061202867031302559 0.04756493556088319 -0.069217169531107473 0.048845369367509744 -0.055298192452095968 0.015736491853620509 0.020673187167272674
leaf_weight=1954.9304163698107 3044.9239440262318 3589.7976601738483 10462.375560378656 78.63817179761827 399.81845196150243 1340.6698730597273 78.188759531825781 271.17603249661624 486.40575802326202 51.591595415957272 69.796950594522059 4713.3521370477974 3060.4428983498365 366.05738746747375 336.71295434422791 140.7771802842617 3933.0057958066463 43.307195301167667 807.09731044061482 43.646031251177192 73.815189929679036 1844.7328929305077 1812.9587402679026 309.73193510342389 510.54199282731861 1735.9432558314875 254.49689141474664 4917.1508108004928 61.075319283641875 8381.5977018484846 1539.3857324421406 4149.339434562251 95.517374593764544 405.44870146457106 70.606797058135271 18.660261128563434 675.76933137932792 23.587511628866196 99.9383150562644 64.346976466476917 34.259962433483452 946.47335978737101 231.09049411118031 46.763862601481378 63.183343924582005 135.35601352155209 76.969686614349484 29.06139512360096 13212.629131218418 1296.2468998730183 20.114628590643406 142.00962324021384 79.741429764777422 152.66659416258335 132.38785431534052 913.5942022241652 67.212394775822759 36.270145664457232 9123.8821333181113 50.3836400359869 104.82957608066499 261.71566910296679
leaf_count=9444 2088 7252 175520 421 1711 3028 471 4290 184 877 1920 14744 34039 554 656 6787 2144 1057 1541 229 291 1108 1838 1591 2117 11876 732 8241 374 15693 920 23500 484 1292 201 382 636 106 584 92 82 940 291 291 167 493 476 95 4258 1653 13 1430 304 985 513 258 70 480 4450 157 133 446
internal_value=0.0299313 0.0158643 0.0125469 0.0440163 0.0236028 0.00764702 0.0328956 0.0270997 0.0363792 0.00149203 0.0412685 0.00575464 0.00157718 0.00591253 0.0341831 0.0103223 0.0459348 0.0460348 0.03143 0.0343282 0.0151044 0.0311677 0.0263598 0.0123016 0.0218291 0.000811341 -0.0125805 0.0295321 0.0353005 0.0358608 0.0485836 0.0122505 0.00498415 0.0263374 -0.0439668 -0.0286316 0.0444128 0.0358228 0.0201688 -0.0298575 0.0458324 0.0313267 0.0234057 -0.0127428 0.0333613 0.0186085 -0.0310922 0.0376501 0.0523179 0.0235482 -0.0185441 -0.0470404 0.0215425 0.0198989 0.0502875 0.0539183 0.0472276 0.00631478 0.0476562 0.0326616 -0.00315709 0.0445386
internal_weight=89474.2 44767.2 36793.3 44707 11297.4 25495.9 6645.47 2258.96 16734.7 805.186 1453.77 23236.9 14143.4 10828.4 6567.28 4651.92 5706.92 1383.98 11027.8 9364.02 1663.74 7973.94 5867.49 4511.15 2465.47 2045.68 3314.94 5316.97 9249.77 9188.7 27972.3 9093.56 4244.86 457.04 114.253 268.745 13220.3 3266.75 4054.53 87.9345 52.9202 1773.92 1287.51 277.854 1009.66 4848.71 348.146 3178.81 14752 1395 98.7528 215.825 3954.59 3742.46 212.129 1250.31 9953.52 103.483 9850.04 726.153 133.891 2106.45
internal_count=359000 319188 306158 39812 43152 263006 11337 12940 26327 6935 6005 250066 210845 176074 10866 31815 4017 4085 22310 18038 4272 13030 11476 25028 11561 13467 34771 9952 17608 17234 13485 39221 23984 2169 430 2185 8307 2514 9638 198 464 1873 1689 582 1107 15237 4766 2316 5178 2087 434 1721 9054 8237 817 914 5793 550 5243 793 228 1554
is_linear=0
shrinkage=0.05


Tree=35
num_leaves=63
num_cat=0
split_feature=22 19 18 23 2 1 9 10 8 22 3 2 9 10 8 8 24 20 24 22 3 1 1 9 8 24 8 13 9 20 20 9 22 20 19 22 9 18 11 18 6 17 17 6 1 9 10 6 1 23 10 23 22 2 24 2 24 17 24 24 10 21
split_gain=6764.62 686.819 668.274 404.495 411.818 349.544 314.218 261.903 287.739 285.551 345.927 247.674 240.143 315.251 277.88 422.553 267.848 381.27 336.828 216.837 214.689 354.507 213.365 203.497 191.965 202.21 182.164 179.649 175.006 174.146 202.503 173.522 172.617 703.604 895.539 215.835 167.486 167.115 314.264 186.724 165.324 216.345 163.05 140.411 133.53 129.164 122.393 120.113 165.671 115.857 109.626 101.157 91.9082 91.64 91.397 137.615 87.8603 151.484 86.3233 160.314 84.2455 162.388
threshold=17.188548088073734 4.6019885540008554 1.4242204427719118 1.9952592849731448 42.500000000000007 64.005500793457045 1.0000001192092898 4.5025000572204599 6.3500001430511483 18.508732795715336 38.500000000000007 3.5000000000000004 3.8999999761581425 4.1250000000000009 5.2650001049041757 5.1949999332427987 0.0015411663916893306 0.47404016554355627 -0.09331002831459044 14.332015037536623 37.500000000000007 8.9640002250671404 557.15499877929699 2.6000002622604375 4.9100000858306894 -1.499999940395355 4.3900001049041757 -0.14999996125698087 0.60000002384185802 0.99318918585777294 0.56830048561096203 2.4999998807907109 18.845129013061527 0.41027839481830602 0.18707722425460818 19.210180282592777 2.1999999284744267 1.1826319694519045 1.5000000000000002 0.058294720947742469 1.5000000000000002 2.9880000352859502 3.5169671773910527 5.5000000000000009 114.00500106811525 0.89499986171722423 4.810000181198121 17.500000000000004 13.973999977111818 223607204610048.03 2.8975000381469731 0.0020711343968287115 14.85082530975342 1.5000000000000002 2.00000011920929 1.5000000000000002 0.01705114729702473 9.7750000953674334 0.14285715669393542 2.4850002527236943 2.7775000333786015 791172.46875000012
decision_type=2 2 2 2 2 2 2 2 2 2 2 2 2 2 2 2 2 2 2 2 2 2 2 2 2 2 2 2 2 2 2 2 2 2 2 2 2 2 2 2 2 2 2 2 2 2 2 2 2 2 2 2 2 2 2 2 2 2 2 2 2 2
left_child=2 7 3 26 19 20 22 8 9 40 43 -9 13 14 15 -3 18 -18 -16 -5 21 24 27 31 25 -4 28 44 37 30 -23 -21 56 35 -35 -34 58 39 -39 -1 41 -2 -42 -11 -7 -15 -29 48 -14 -31 -50 52 -30 -25 -47 -56 -10 -58 -28 -60 61 -8
right_child=1 12 5 4 -6 6 60 11 32 10 -12 -13 47 45 16 -17 17 -19 -20 23 -22 29 -24 53 -26 -27 36 46 51 49 -32 -33 33 34 -36 -37 -38 38 -40 -41 42 -43 -44 -45 -46 54 -48 -49 50 -51 -52 -53 -54 -55 55 -57 57 -59 59 -61 -62 -63
leaf_value=0.062627466401919338 0.030813286350175207 -0.067020063808992295 0.048301251100609545 -0.036825007038351308 -0.062757805083920828 0.14523450279282737 -0.049883263800212158 0.038080156664244448 0.058457853145174682 -0.069105858784482985 -0.13527677533830493 0.052769231654485042 -0.046725244971816633 0.0077198999900328011 0.0077764419066185635 0.072947825933173352 -0.02067782519880243 0.04157857268798372 -0.064590344362886881 0.031874626826315165 0.044338207755000518 0.015015951346150167 0.028323992841560959 0.080181470769088103 -0.081240791639804605 -0.0062753492937037735 0.030302814160329889 0.00023229922081038576 0.11325936332712004 -0.053680851053677994 0.041711255028978711 0.055337846218927546 0.016347127316091656 0.03708537726886986 -0.079566159314879661 0.051305793654158494 -0.060007117768519747 0.24940438616062269 -0.052094582727718858 -0.021227450200914141 0.030008066393703244 -0.091828649798690043 0.044966564102599083 0.032191842373494019 -0.0063350294961375805 0.03659327051507754 -0.068607204539685038 0.051764815653821308 0.10421709295212139 0.043372056851171049 0.012736976103355167 -0.044291714278661382 -0.054998014578455094 -0.070877777567308564 -0.102149958356404 0.026708106922186045 -0.048116742824221251 0.051101229992047553 -0.087749906944528111 0.034453096410349743 -0.054170247031545098 0.26110283137544982
leaf_weight=88.54182512499392 93.911750841885805 64.522138172760606 183.15415372978896 109.36263423040509 113.41023780452088 36.011874437332153 11.489823002368214 3567.7158561497927 3117.5518372394145 42.293931432068348 49.361587151885033 15017.920350193977 76.725694909691811 463.59622940421104 361.46970211341977 306.62394035654142 409.22482497617602 613.21319893049076 288.20831546885893 6814.5676836678758 582.14400726882741 23897.899099608883 779.61238333955407 10.992499694228171 78.001971947960556 2163.2217917134985 802.61512763937935 5290.9456144236028 19.456210939213634 143.74179930333048 731.76914405543357 893.58641410060227 485.00268666446209 462.41063005942851 254.09595226449892 5112.9967991411686 61.446773723699152 18.378051895648241 15.035314705222843 255.71684373170137 3892.4809691566043 56.908254727721214 3450.244980382733 162.0484516620636 23.689593927934766 4272.7496715709567 64.364882320165634 1512.9939490612596 48.443129511550069 38.175697259604931 98.450803811661899 359.58779329434037 12.620546874124555 63.738523866049945 28.802633877843618 67.005270481109619 52.802618518471718 134.36797600984573 45.38412522431463 62.732956327497959 290.56144307740033 5.3850609697401515
leaf_count=679 123 670 1446 1876 905 139 207 2434 743 137 232 4998 546 817 788 236 1047 1065 9835 11939 1721 154867 2807 9 518 41774 2212 70686 15 4387 3984 507 533 442 1736 1917 1605 116 276 3576 4594 278 2110 134 201 3471 374 1501 27 44 251 6758 330 423 135 67 128 51 246 96 3640 30
internal_value=0.0290452 0.0427812 0.0151536 0.0267075 0.0314578 0.0118714 0.00143302 0.0458202 0.0413955 0.0342113 -0.0178866 0.049952 0.0300901 0.0258852 0.00941093 0.0484869 0.000710776 0.0166601 -0.024369 0.0328201 0.0143108 0.0136672 0.00388562 0.033804 -0.00457848 -0.0019943 0.00486239 0.000361669 -0.0133024 0.0154504 0.015811 0.0346021 0.047177 0.0423111 -0.00432922 0.0482814 0.0192412 0.0109619 0.116019 0.000444112 0.0359779 -0.0157298 0.0370427 0.0109669 0.0858956 0.0328469 -0.000606796 0.0467103 0.0124111 -0.033161 0.0434401 -0.0366809 0.0472463 -0.0478265 0.0355099 -0.0126337 0.0564574 0.0229774 0.0246535 -0.0171321 -0.0478213 0.0581332
internal_weight=88631.5 44564.1 44067.3 9747.17 8005.66 34320.2 6502.06 35952.1 17366.5 7747.25 253.704 18585.6 8612.03 6875.42 2043.26 371.146 1672.12 1022.44 649.678 7892.25 27818.1 27236 6194.62 7782.89 2424.38 2346.38 1741.52 5415.01 769.337 24811.6 24629.7 7708.15 9619.23 6314.51 716.507 5598 972.179 377.672 33.4134 344.259 7493.55 150.82 7342.73 204.342 59.7015 4832.15 5355.31 1736.61 223.62 181.917 146.894 391.665 32.0768 74.731 4368.56 95.8079 3304.72 187.171 910.732 108.117 307.436 16.8749
internal_count=359439 41046 318393 31568 15659 286825 78084 20590 13158 7608 503 7432 20456 18131 13641 906 12735 2112 10623 14754 208741 207020 74207 12878 43738 43220 15909 71400 11750 163282 158851 12446 5550 4628 2178 2450 4159 4647 392 4255 7105 401 6704 271 340 4490 71060 2325 824 4431 278 7103 345 432 3673 202 922 179 2554 342 3877 237
is_linear=0
shrinkage=0.05


Tree=36
num_leaves=63
num_cat=0
split_feature=22 0 16 19 2 0 2 9 0 16 20 20 9 20 0 23 18 0 23 22 18 9 20 21 16 16 22 9 20 13 3 20 4 2 20 23 23 17 24 2 2 0 9 21 23 14 16 23 20 14 24 11 24 20 22 9 13 24 7 21 7 22
split_gain=6554.6 728.506 850.151 695.53 494.407 346.418 324.773 266.52 335.179 392.242 369.159 480.208 249.166 227.6 205.506 202.504 196.428 194.429 228.196 587.341 203.141 173.431 398.734 172.575 189.567 173.84 156.101 284.986 417.594 144.588 136.283 306.443 486.892 123.496 127.45 120.309 118.253 116.48 114.746 125.423 104.314 101.192 100.03 97.843 92.3889 208.036 193.846 81.035 204.729 75.8771 75.4576 74.6205 67.1095 63.5053 60.5336 58.2812 55.5463 55.0941 54.122 122.101 76.5405 52.6397
threshold=17.20800876617432 5.5199999809265146 0.9566781520843507 1.274009704589844 1.5000000000000002 2.8950001001358037 42.500000000000007 3.8999999761581425 3.9850000143051152 0.66725873947143566 1.1270981431007387 0.69393962621688854 2.6000000238418584 0.59580639004707348 4.305000066757203 8.3375896792858853e-05 0.40651999413967138 4.5950000286102304 0.088593959808349623 14.726564407348635 142.79580688476565 4.4500000476837167 0.22920235991477969 20899210.000000004 0.28358483314514166 0.33339799940586096 18.343577384948734 3.4000003337860112 0.45893506705760961 0.00042783445678651338 131.50000000000003 0.4142207950353623 30.500000000000004 3.5000000000000004 0.20511954277753833 0.19871146231889728 3601926324224.0005 9.0208334922790545 2.4850002527236943 2.5000000000000004 6.5000000000000009 6.6499998569488534 0.89499986171722423 2233556608.0000005 364.85275268554693 10.500000000000002 0.99100446701049816 2.6621994007003141e+18 0.4142207950353623 5.5000000000000009 -0.011703249067068098 5.5000000000000009 -6.1867854595184317 0.31580062210559851 19.082656860351566 1.0000001192092898 -0.13213203847408292 1.6141208410263064 3.0049999952316289 791172.46875000012 3.5949999094009404 16.206096649169925
decision_type=2 2 2 2 2 2 2 2 2 2 2 2 2 2 2 2 2 2 2 2 2 2 2 2 2 2 2 2 2 2 2 2 2 2 2 2 2 2 2 2 2 2 2 2 2 2 2 2 2 2 2 2 2 2 2 2 2 2 2 2 2 2
left_child=1 2 5 14 16 23 12 8 9 15 11 -11 13 -6 26 -5 58 18 19 -7 -20 30 -23 24 35 -26 27 37 -29 36 31 -9 -33 38 56 -1 -18 49 42 -40 54 61 -10 55 -28 51 -47 -32 -49 -2 -36 -46 -25 -8 -16 -19 -35 -31 59 -4 -60 -3
right_child=3 41 4 7 6 17 53 21 33 10 -12 -13 -14 -15 40 -17 29 43 20 -21 -22 22 -24 52 25 -27 44 28 -30 57 47 32 -34 34 50 -37 -38 -39 39 -41 -42 -43 -44 -45 45 46 -48 48 -50 -51 -52 -53 -54 -55 -56 -57 -58 -59 60 -61 -62 -63
leaf_value=-0.0099486570291590515 0.030236777151007151 0.031767223888261878 -0.049539289754242904 0.072520446130892438 0.029307822081823382 0.0065214225665342785 0.063921791760075564 0.045562596047786744 0.0089359848429870579 0.020886306240634572 0.061131774480212855 -0.057432814925969404 -0.073753168555638668 0.049462614826053172 0.040290756630274233 -0.058248338161293094 0.081256846526368956 0.016375460194179112 0.0022902381471951736 0.034322452087903486 -0.048838910816895745 0.059115709512150005 -0.074603639414122278 0.042432943598181491 0.050261515250596203 0.001667164142658231 0.055755279989366906 0.02987180941176797 -0.16877367350996986 -0.095212711953719623 0.058644892613570233 0.072876325525737709 -0.090226133902878869 0.029024500953802237 0.038641946159146033 -0.053263135130477028 0.0063427755356631841 0.04970027635613343 -0.1030141173498359 0.031238868639615676 0.053031512147273432 0.06157466099347101 0.032911492870266415 0.044033979965361646 0.04551864139534445 0.042294525969241131 -0.099436364956688839 0.057957956389082778 -0.074591193541680353 -0.025488373214332938 0.017116473328960213 0.024879994348944806 -0.063578758783357961 -0.074801895789222514 0.052926301626387728 -0.010033762571385127 0.047413774712228338 0.0090653765811735017 -0.054655659789429628 0.14227927939283455 0.03122971059029004 0.052391212000735737
leaf_weight=1594.3717756331898 2104.9830742208287 1532.1778033301234 10.963836306706069 33.105778187513351 4231.789545122534 9581.5905913962051 8.3860931396484357 1109.6440134495497 503.55864824354649 2621.2343953177333 512.67183674126863 210.52048663375899 51.20917958766222 2101.6614084485918 3230.5815554559231 227.76814121892676 52.579893054440618 8122.5091691724956 7381.2378104492091 2369.1224588430487 198.51411127671599 132.71342673525214 94.608004419598728 15.64245857298374 234.27420568279922 846.61465677991509 1700.5246685277671 68.305663868784904 41.903708979487419 46.934810968115926 2039.3448473066092 76.55729028955102 110.66278983931988 475.16572362184525 868.39511340297759 177.45276271738112 3212.9479461275041 946.33906726539135 33.471861705183983 34.323912382125854 11445.146911279298 488.16853147745132 3268.1446474920958 315.77984625101089 4834.4608194977045 45.98574236035347 48.718318455386907 97.40146079659462 40.401939280331135 62.093792960047722 773.14151962986216 487.22986583970487 166.85303997155279 79.842856823466718 1370.3579389154911 213.55831705126911 3421.8979097157717 16.878837011754513 25.751640038564801 28.123430270701647 944.10207475721836 392.73759253323078
leaf_count=43658 1946 1585 207 20 6629 119944 1 597 795 3713 123 1846 285 1702 1941 10011 714 24911 64572 9513 2669 35 1185 46 3685 10266 518 56 215 292 747 66 816 407 603 4547 18194 465 159 29 3693 155 3001 229 2460 28 509 22 396 442 1003 587 1574 724 453 632 1555 52 358 184 1457 212
internal_value=0.0279605 0.0144887 0.0129539 0.0418602 0.0250376 0.00876825 0.033791 0.033864 0.0304837 0.0175166 0.0221264 0.0150439 0.0351109 0.0360034 0.0469146 -0.0414207 0.0119712 0.0104969 0.00773155 0.0120356 0.000944238 0.0457086 0.00335868 -0.00727852 -0.0042518 0.012241 0.041402 0.0322463 -0.0464505 0.00610813 0.0484766 0.0355823 -0.0234715 0.0354658 0.0402509 -0.0143171 0.00757504 0.0350477 0.0285532 -0.0355052 0.050464 0.0412014 0.0297151 0.016737 0.0455432 0.0423265 -0.0308406 0.0561352 0.0188031 0.0286267 0.0285234 0.043635 -0.0542831 -0.0609917 0.0440659 0.0156972 0.0451809 -0.0678395 0.0312881 0.0884565 0.0288902 0.0360027
internal_weight=87513.1 44441.8 42028.7 43071.4 10811.2 31217.5 6472.89 16684.7 12983.4 3605.3 3344.43 2831.75 6384.66 6333.45 26386.6 260.874 4338.28 28182.3 19530.5 11950.7 7579.75 3701.33 227.321 3035.21 2852.71 1080.89 10340.5 3223.63 110.209 3329.34 3474.01 1296.86 187.22 9378.1 5538.6 1771.82 3265.53 3113.42 3839.5 67.7958 16046.1 2413.08 3771.7 8651.85 7116.92 5416.39 94.7041 2177.15 137.803 2167.08 1641.54 5321.69 182.495 88.2289 4600.94 8336.07 3897.06 63.8136 1008.94 39.0873 969.854 1924.92
internal_count=359439 318997 317045 40442 30799 286246 9341 27129 23265 15713 5682 5559 8616 8331 13313 10031 21458 222470 196698 129457 67241 3864 1220 63776 62156 13951 7226 3124 271 19252 2644 1479 882 7552 3568 48205 18908 2853 3984 188 6087 1952 3796 25772 4102 3584 537 1165 418 2388 1606 3047 1620 725 2394 25543 1962 344 2206 391 1815 1797
is_linear=0
shrinkage=0.05


Tree=37
num_leaves=63
num_cat=0
split_feature=22 19 16 2 2 8 12 10 10 9 10 12 19 3 10 10 22 18 10 5 5 19 22 12 9 2 24 22 9 9 17 23 19 22 11 22 17 14 3 23 12 23 10 21 14 3 18 2 24 12 11 23 22 22 10 8 5 18 12 10 18 21
split_gain=6330.72 684.89 641.436 434.738 299.336 279.095 250.104 280.227 305.938 229.831 225.422 216.841 208.818 194.655 246.561 335.301 179.587 178.6 172.664 171.422 180.8 360.209 343.959 319.436 186.842 168.951 165.638 161.408 158.598 261.265 339.778 151.26 132.685 148.145 129.136 120.848 120.292 147.529 115.899 113.548 226.466 109.361 310.207 201.325 187.373 108.309 104.488 103.178 96.5392 77.9744 74.4827 73.1966 71.5774 61.5759 59.6233 59.2757 109.047 58.8637 81.0227 55.7485 158.895 104.306
threshold=17.20800876617432 1.274009704589844 0.9566781520843507 1.5000000000000002 42.500000000000007 6.3500001430511483 1.3250222206115725 2.717499971389771 2.8975000381469731 2.6000000238418584 2.8000000715255742 2.3445750474929814 2.6671749353408818 128.50000000000003 3.3925000429153447 2.8975000381469731 17.809615135192875 0.40651999413967138 4.4049999713897714 243.50000000000003 57.500000000000007 219.33798980712893 15.025004863739015 1.6249999403953554 2.5799999237060551 6.5000000000000009 1.0000000180025095e-35 17.463814735412601 3.50000011920929 3.4999998807907109 2.3343881368637089 0.088593959808349623 94.619487762451186 12.857500076293947 2.5000000000000004 14.726564407348635 9.7750000953674334 5.5000000000000009 19.500000000000004 2.6621994007003141e+18 2.1002959012985234 3223.5991210937505 3.0100001096725468 11285.899902343752 9.5000000000000018 5.5000000000000009 95.06735992431642 1.5000000000000002 2.9909515380859379 1.2973366975784304 3.5000000000000004 629879972298752.12 18.233435630798343 19.082656860351566 3.8999999761581425 5.0699999332427987 28.500000000000004 48.586534500122077 1.3250222206115725 3.8500000238418584 0.15464583039283755 69390084.000000015
decision_type=2 2 2 2 2 2 2 2 2 2 2 2 2 2 2 2 2 2 2 2 2 2 2 2 2 2 2 2 2 2 2 2 2 2 2 2 2 2 2 2 2 2 2 2 2 2 2 2 2 2 2 2 2 2 2 2 2 2 2 2 2 2
left_child=2 18 19 17 9 6 34 16 -9 10 45 13 -12 14 15 -7 -8 59 28 20 23 22 35 24 26 53 -1 -10 29 36 -31 -24 48 46 47 -22 37 -2 -16 -15 -41 -30 43 -43 -44 -5 -34 52 51 -35 -21 -19 -3 -20 -6 56 -36 -23 -59 60 -4 -61
right_child=1 5 3 4 54 11 7 8 27 -11 12 -13 -14 39 38 -17 -18 32 25 50 21 57 31 -25 -26 -27 -28 -29 41 30 -32 -33 33 49 55 -37 -38 -39 -40 40 -42 42 44 -45 -46 -47 -48 -49 -50 -51 -52 -53 -54 -55 -56 -57 -58 58 -60 61 -62 -63
leaf_value=0.010810112148150563 0.03167392608086414 -0.002194176708858909 0.08029341710656468 -0.020728791908826344 -0.073548407055691031 0.083526510548042832 -0.053902765377883688 -0.047936346778534519 0.03703632888988339 -0.072226475294326103 0.03763952484367817 -0.043056482093012577 0.016291275979373281 0.057515552514891093 0.026779824382512418 -0.052832946685956832 0.05961899561943295 0.059652287979752118 0.037982447144428798 0.034513868496422809 0.012468978752917583 -0.053936310197831294 0.037107193079670142 -0.056217202288922789 0.071521888389633914 0.052624167801527191 -0.0024300298599233372 0.011237547186774791 0.055447720017076985 0.011981049027305275 -0.17530155956062046 0.010781886061530643 0.12489095257263604 -0.016561672447073596 0.04072768114748257 0.14660167199504467 0.048522993007697822 -0.02941714141670192 0.044537870580426249 0.053394651352645955 -0.07247147168430372 0.02098268486749055 0.046150991009584828 -0.091886303968414157 -0.019497675639489887 0.054595720245738034 -0.04804964425361892 0.03338214736632935 -0.088499205341259324 0.047636062456556036 -0.053082472044219814 0.012310892716280143 0.03948849025030518 0.05024128649442703 0.062510769758503573 0.040278682941696529 -0.051384818515396183 -0.050941344080181694 0.14354096396918378 -0.052348317662796809 -0.058584216368829073 0.029360883516633931
leaf_weight=27868.021074947901 2565.2151532275602 497.85745010897517 128.662507629022 48.822682704776525 77.226987866684794 61.237818084657192 36.588056309614331 190.89856411819346 775.62199583696201 49.735600018873811 3019.5645035579801 75.288511415012181 1850.8795330822468 1975.4873654171824 1400.422799885273 162.6067932760343 508.74485719855875 83.653795782476664 3586.5558376163244 28.229832741431892 21.545852296054363 161.98422325029969 1163.6628277832642 182.57361567765474 121.7134123891592 11015.845942541957 2579.9236771101132 2777.1972764888778 2006.7687847074121 88.031363815069199 32.329018875956535 1030.0474120071158 32.343662828207016 872.77842902764678 85.595741540193558 79.884887338615954 1183.7184768188745 101.94645125605166 2717.6639455631375 113.39088900387287 50.983450810424984 92.017259880900383 3289.3562121205032 67.789059695787728 111.77561908960342 1397.5299349036068 11.174924140796064 819.34772181510925 22.226743184030056 49.016972003504634 147.12745155859739 2422.8876990303397 128.76676326990128 1460.793900847435 8.1745615005493146 3915.6460350602865 50.07858419418335 11.26564647257328 8.5789079945534468 39.984300836920738 23.69171129539609 858.07890665531158
leaf_count=242326 2216 993 622 571 724 95 4602 5251 1130 285 2762 1001 4147 767 1367 781 947 312 2335 238 152 4409 2440 1341 115 3561 23371 4633 607 111 167 5785 453 11953 58 126 581 533 1435 37 563 159 1656 348 483 883 244 666 114 208 7451 6127 130 556 1 2544 129 210 16 159 326 1126
internal_value=0.0269373 0.0408664 0.0137777 0.0242521 0.0325958 0.0328642 0.0275083 0.0184494 0.0135616 0.0338465 0.0346938 0.0408515 0.0295327 0.0418334 0.03573 -0.0153009 0.0519086 0.0124007 0.045973 0.0103288 0.0105896 0.0235848 0.0289564 0.009542 0.00993672 0.0491446 0.00968804 0.01688 0.0406271 0.0329698 -0.0393122 0.0247591 0.00695983 -0.00880076 0.0345706 0.118558 0.0352399 0.0293268 0.0385081 0.0541928 0.0141228 0.046081 0.0407869 -0.0271384 0.0439869 0.0520371 0.0802883 0.0217106 0.0129792 -0.0130946 -0.0388367 0.013916 0.00641261 0.0415406 -0.0598943 0.0391528 0.00656436 -0.043979 0.0357473 0.0304706 0.0584236 0.0256632
internal_weight=86346.6 41945.6 44401 10996.4 6451.93 16343.4 9786.34 4289.05 3743.72 6366.53 6316.8 6557.08 4870.44 6481.79 4341.93 223.845 545.333 4544.5 25602.1 33404.6 33229.2 2476.97 2295.14 30752.2 30569.7 16063.2 30447.9 3552.82 9538.95 3971.24 120.36 2193.71 3494.08 965.314 5497.29 101.431 3850.88 2667.16 4118.09 2139.86 164.374 5567.71 3560.94 159.806 3401.13 1446.35 43.5186 1445.97 2528.77 921.795 175.357 2506.54 626.624 5047.35 85.4015 4051.32 135.674 181.829 19.8446 1050.42 152.354 898.063
internal_count=359439 40442 318997 31017 9373 27129 21083 16563 11014 8648 8363 6046 6909 5045 3678 876 5549 21644 13313 287980 280291 13138 8503 267153 265812 6452 265697 5763 6861 3608 278 8225 19411 12858 4520 278 3330 2749 2802 1367 600 3253 2646 507 2139 1454 697 1789 6553 12161 7689 6439 1123 2891 725 2731 187 4635 226 2233 948 1285
is_linear=0
shrinkage=0.05


Tree=38
num_leaves=63
num_cat=0
split_feature=7 22 0 15 20 0 5 10 15 10 21 5 2 1 1 11 5 3 4 17 1 1 2 1 5 1 1 7 10 14 2 20 9 3 1 15 15 10 1 5 4 9 21 21 0 1 10 17 8 10 17 13 21 1 5 1 0 14 0 5 8 1
split_gain=6117.52 849.948 634.12 608.706 603.471 401.101 363.729 316.889 440.993 669.837 444.783 350.57 314.494 275.494 262.561 250.77 324.877 235.823 220.35 216.598 214.684 214.655 198.306 193.655 188.41 242.212 187.823 181.348 170.527 239.865 189.797 167.199 194.245 156.876 155.846 143.195 139.386 216.744 158.233 139.234 301.864 133.753 133.045 131.59 120.007 232.673 118.6 115.196 97.2215 368.046 93.3139 84.7067 80.4207 78.703 77.8013 84.0852 74.2535 74.161 71.381 83.526 70.9749 69.0285
threshold=4.8949999809265146 17.694078445434574 5.4200000762939462 10.500000000000002 0.53616631031036388 3.804999947547913 136.50000000000003 4.5025000572204599 110.50000000000001 3.0225000381469731 35715659776.000008 276.50000000000006 19.500000000000004 10.996500015258791 15.994999885559084 4.5000000000000009 2.5000000000000004 31.500000000000004 670.50000000000011 1.0425278544425967 57.004999160766609 39.004999160766609 3.5000000000000004 142.01249694824222 2.5000000000000004 595.94750976562511 8.0009999275207537 4.7049999237060556 3.0900000333786015 1.5000000000000002 31.500000000000004 0.4142207950353623 1.1949999332427981 2.5000000000000004 28.005000114440922 14.500000000000002 9.5000000000000018 2.9499999284744267 23.005000114440922 175.50000000000003 347.50000000000006 4.2000000476837167 25063742.000000004 0.74150770902633678 6.6499998569488534 29.915499687194828 3.1100000143051152 0.59846940636634838 5.5050001144409189 3.5924998521804814 5.8992094993591317 0.0010403282358311119 0.47159077227115637 4.6649999618530282 2.5000000000000004 180.68000030517581 6.0499999523162851 12.500000000000002 5.3150000572204599 32.500000000000007 6.7500000000000009 45.00849914550782
decision_type=2 2 2 2 2 2 2 2 2 2 2 2 2 2 2 2 2 2 2 2 2 2 2 2 2 2 2 2 2 2 2 2 2 2 2 2 2 2 2 2 2 2 2 2 2 2 2 2 2 2 2 2 2 2 2 2 2 2 2 2 2 2
left_child=2 6 3 5 14 15 19 8 9 10 17 12 -11 26 35 16 53 -3 46 20 36 -12 60 -18 25 -15 33 39 29 56 -31 32 -16 -7 -26 43 37 -2 -38 61 -41 52 -28 -5 45 -4 -10 -13 50 -50 -30 -48 -17 -1 55 -47 -21 -8 59 -22 -9 -6
right_child=1 7 44 4 27 13 57 22 18 11 21 47 -14 24 31 41 23 -19 -20 28 58 -23 -24 -25 34 -27 42 -29 48 30 -32 -33 -34 -35 -36 -37 38 -39 -40 40 -42 -43 -44 -45 -46 54 51 -49 49 -51 -52 -53 -54 -55 -56 -57 -58 -59 -60 -61 -62 -63
leaf_value=0.017083147624351393 -0.066163305002708159 0.047896845269506494 0.03867600464548189 0.0236144107167152 0.049722935761392043 -0.034671465908451292 -0.052939841672127876 0.032503957472867405 0.057799547316171089 0.027924197929809581 -0.098326663278980486 0.016299368685426363 0.044379759186390116 -0.0013096349177921212 -0.053520850385269575 -0.013392457658110847 0.010402473552899121 -0.010252070546590917 -0.056090700667388506 -0.062568496636115634 -0.054607306131703753 0.012655854373792658 0.050533278858619239 -0.03232594172779165 -0.0015934704897598165 0.051525781187807922 0.016097999304619023 -0.067069430007625483 0.034630129293249323 0.050340778695550703 -0.040537193885779713 -0.066395566462090494 0.049777367405144379 0.023628363547322898 0.01859621718465395 -0.080773501392147964 0.020511582714571455 0.020931036380288523 0.062105137400973245 -0.045017833005591062 0.057535264643610119 0.035299808822447348 0.029243124428542312 -0.077417698481461295 0.059149456570281311 -0.055103596812076827 -0.020708898246422316 -0.10560860172686085 -0.11010341480819752 0.030802383959356628 0.049276324327631169 0.045818195686164062 -0.053559046761320908 -0.010615027765011326 0.018954695727215143 0.011008194744000614 0.074680794416951343 0.032681179132872905 0.055089453476221142 0.02645489311898119 0.048530201301402738 -0.025985521177440653
leaf_weight=274.19645538181067 71.637011842802167 282.44180597364902 1716.7189353555441 94.291241297498345 2125.4476161971688 303.97133710607886 167.58826470491476 2481.0878677368164 3144.9179772259668 4941.9556352775544 161.60040471889079 29.018787624314427 7075.2962716128677 5779.8654248863459 54.638584919273853 199.38690234394744 7264.2703959723003 452.10264893691055 44.059576623141766 120.22278692945838 151.56673895195127 59.124509683810174 13063.999784037471 274.21552126202732 1262.6232436327264 224.36661384999752 8685.9927789359353 36.226077389437705 3228.1428273841739 240.83896144479513 74.466925470158458 50.270873475819826 250.85829379782081 184.64385576918721 3925.0548681300133 149.07625348400325 468.5164711587131 4404.588490858674 449.3279078528285 129.06906848587096 159.05898339068517 68.066462188027799 2477.1191202737391 47.700840502977371 461.00253774225712 110.77062729001045 82.912601293995976 55.539275631774217 50.574515253305435 456.40636646747589 1659.6765130162239 110.48163083195686 336.84983484167606 3763.9045600462705 177.39567715674639 83.73574087023735 9.8608644902706128 28.981938682030886 22.246727168560028 39.392430186271667 969.35035580396652 29.877851635217667
leaf_count=7430 551 239 1350 308 3769 3022 3952 1955 813 4414 924 50 3746 47937 478 1975 84717 3887 5365 662 672 204 4769 4907 5506 704 28274 610 2824 179 329 564 251 740 16504 1438 583 5969 199 5677 535 189 3437 453 152 432 237 489 211 391 807 52 4168 88133 277 180 2 137 16 47 422 225
internal_value=0.0259198 0.0387115 0.0119026 0.0102884 0.0314244 0.00840066 0.0270938 0.0428154 0.0378928 0.0337185 -0.006579 0.0369002 0.0376159 0.0123078 -0.0115652 0.0010726 0.00271316 0.0121349 0.0539906 0.028253 0.0212247 -0.0686528 0.0477127 0.00884347 0.00670358 0.000672142 0.0176893 0.0426406 0.0349954 0.00523425 0.0288017 0.0172237 0.0311717 -0.0126269 0.0136819 -0.0467091 0.0231713 0.0195216 0.0409245 0.044296 0.0115817 -0.0302998 0.0190177 -0.0105954 0.036041 0.0309122 0.0554614 -0.064012 0.0374501 0.0165472 0.0396134 0.017311 -0.0386861 -0.00872926 -0.00492017 -0.0267059 -0.051636 -0.0401892 -0.0278799 -0.0378085 0.0370205 0.0486596
internal_weight=85298.6 44597.9 40700.7 38151 3126.52 35024.5 11644 32953.9 16439.5 13057.1 955.269 12101.8 12017.3 22843.6 646.836 12180.9 11576.6 734.544 3382.37 11447.5 5607.28 220.725 16514.4 7538.49 11191.9 6004.23 11651.7 2479.68 5840.19 445.39 315.306 355.768 305.497 488.615 5187.68 291.068 5394.07 4476.23 917.844 2443.45 288.128 604.303 11163.1 141.992 2549.62 2088.62 3338.31 84.5581 5394.8 506.981 4887.82 193.394 536.237 4038.1 371.902 194.506 130.084 196.57 213.206 190.959 3450.44 2155.33
internal_count=359439 45097 314342 311951 14308 297643 17531 27566 20420 13953 5254 8699 8160 106124 3492 191519 185187 4126 6467 13442 8037 1128 7146 89624 70651 48641 35473 10816 5405 1172 508 1293 729 3762 22010 2199 7302 6520 782 10206 6212 6332 31711 761 2391 2239 1102 539 4233 602 3631 289 6143 95563 889 612 664 4089 735 719 2377 3994
is_linear=0
shrinkage=0.05


Tree=39
num_leaves=63
num_cat=0
split_feature=22 18 10 16 2 10 15 10 12 2 3 13 23 4 10 2 23 8 15 10 20 15 12 10 4 3 20 18 8 9 13 7 20 22 18 20 18 7 18 16 2 13 12 20 3 8 7 14 13 15 15 9 22 10 16 8 7 9 6 12 8 16
split_gain=5889.24 583.534 567.493 565.991 390.834 289.782 436.249 803.136 353.624 267.838 267.784 306.003 251.007 232.199 220.624 178.487 167.872 369.922 368.186 293.705 282.091 233.295 200.218 196.601 167.52 166.454 162.486 159.23 158.072 145.559 138.316 138.104 131.136 129.036 154.67 122.014 121.105 121.962 115.666 111.973 124.665 106.387 106.252 103.171 102.791 309.841 97.2579 96.657 94.4733 125.866 200.855 93.7244 111.803 111.59 92.1559 96.8719 90.8316 236.767 92.7294 90.2492 228.005 142.671
threshold=17.20800876617432 1.1112003922462466 4.1250000000000009 0.9566781520843507 1.5000000000000002 4.4049999713897714 112.50000000000001 3.0225000381469731 2.184900283813477 42.500000000000007 27.500000000000004 -0.00240700168069452 8.8779945373535174 274.50000000000006 2.8000000715255742 6.5000000000000009 0.39771561324596411 4.3900001049041757 12.500000000000002 4.4049999713897714 0.99318918585777294 17.500000000000004 1.6075282692909243 2.6725000143051152 18.500000000000004 10.500000000000002 0.93826279044151317 0.40651999413967138 5.8500001430511483 2.6000000238418584 0.00042783445678651338 3.9850000143051152 0.53616631031036388 17.082131385803226 0.81786110997200023 0.28642667829990393 10.396855354309084 5.5050001144409189 0.024005972780287269 0.99457988142967235 204.50000000000003 -0.053925821557641022 1.043478310108185 0.19673874229192737 5.5000000000000009 2.6450001001358037 4.8949999809265146 5.5000000000000009 -0.025263163261115548 7.5000000000000009 2.5000000000000004 1.9349999427795412 16.468716621398929 3.8999999761581425 0.38098174333572393 4.6649999618530282 6.0499999523162851 3.9999998807907109 3.5000000000000004 1.3250222206115725 4.6649999618530282 0.48793347179889685
decision_type=2 2 2 2 2 2 2 2 2 2 2 2 2 2 2 2 2 2 2 2 2 2 2 2 2 2 2 2 2 2 2 2 2 2 2 2 2 2 2 2 2 2 2 2 2 2 2 2 2 2 2 2 2 2 2 2 2 2 2 2 2 2
left_child=3 5 36 16 27 6 7 10 13 14 28 -12 -8 -9 44 -7 17 20 19 22 24 32 38 -23 26 -4 -1 -5 -2 31 51 -16 46 -21 -35 -26 48 41 -18 -14 -41 -38 54 -27 45 -6 -20 -25 56 50 -50 53 -53 -29 -19 -56 58 -58 -3 61 -61 -44
right_child=1 2 25 4 9 15 12 8 -10 -11 11 -13 39 -15 29 -17 18 42 21 33 -22 23 -24 47 35 43 -28 30 -30 -31 -32 -33 -34 34 -36 -37 37 -39 -40 40 -42 -43 59 -45 -46 -47 -48 -49 49 -51 -52 52 -54 -55 55 -57 57 -59 -60 60 -62 -63
leaf_value=0.0094142994036896417 0.045734113361268237 -0.01141440294062206 0.026972912344731467 0.028303486305576726 0.35563371278106276 0.039454337453654183 -0.058960381867941405 0.038838655178032561 -0.061653551573686398 -0.058880748772556474 -0.065528553645178192 9.5197793394627981e-05 0.057145205939453318 -0.049191937517707222 -0.008460640740716131 0.051326701034766713 0.046030695665862896 0.017167742934669238 -0.067857656048542978 0.018644349705670516 -0.051739610329049626 0.063269082637207999 -0.052078536337233805 -0.035400267857174345 0.072508791768752398 0.047373192005539307 0.08256150587840827 -0.013079754061233649 -0.04022326677118241 -0.07095732845164951 -0.06658945085137144 0.029353489896043472 0.063099690695482755 0.014813920720524142 -0.11291376287006548 -0.056688971927278932 0.036445078555220584 -0.10065027231201229 -0.0064901404167550768 0.032580591138672864 -0.089648621937062606 -0.040697703757453595 0.037761217295168854 0.032818448998499485 0.051828646620618118 -0.060655209803658544 0.043209993424985278 0.045009352052088281 -0.0070416284631030328 0.015524869543792376 -0.10083544145260846 0.084484190430294925 -0.015386611316245899 0.010278843080076133 -0.084508081388809775 0.018562544028538946 -0.068709570252541638 0.047887584630826763 0.044507373399027078 -0.048801687243157074 0.032809219616438172 -0.053154923134256175
leaf_weight=21779.300070092082 272.10606579948217 91.216320402920246 4412.1987222135067 1043.8000649530441 3.9452512599527827 4652.7394312545657 48.331794323865324 9392.3447635043412 88.718027033377439 81.882033032365143 283.31896986905485 473.04108778527007 3128.8197096381336 74.651829460635781 254.43825008347631 10092.294401720166 106.2569012530148 938.92952777072787 34.897497411817312 1788.300571963191 189.98238342674449 92.086552763357759 239.42845570994541 213.69265107763931 19.97925378382206 2547.8371812105179 75.22197262942791 631.41170869767666 65.624245853163302 37.009038105607033 63.332557957619429 4523.1356972493231 470.49296456575394 53.862032532691956 40.96800971031189 145.32892565056682 70.277649480849504 47.940855617634952 4613.5789774125442 169.80274763144553 22.775047084316611 118.85563517734408 2064.0570350307971 2365.53942861408 1338.8947850447148 45.634766997769475 42.701211810112 44.305351153947413 335.09587399801239 442.01721169310622 67.881047467235476 80.298717554658651 42.232085019350052 2667.495588555932 46.902933944016695 42.805596441030502 83.349558597430587 88.988030970096588 383.71905321441591 116.36697660363279 315.04509679740295 43.189237304031849
leaf_count=212366 275 295 4461 2233 48 2812 6679 6347 575 725 1655 4749 970 311 1532 3483 485 1824 287 3863 8504 46 1955 2382 6 1109 484 10766 244 210 345 5377 705 69 182 2759 145 249 44398 240 394 528 2548 1770 947 534 38 168 1099 1031 368 101 148 8051 228 76 271 91 291 2064 2389 154
internal_value=0.0249743 0.0389307 0.0291602 0.0124376 0.0223842 0.0426844 0.0375282 0.0325597 0.0372055 0.030453 -0.0080089 -0.0245338 0.0532152 0.0381388 0.0316424 0.0475837 0.00922784 0.0111669 0.0027692 -0.00118275 0.00876527 0.0328489 -0.0075668 0.000935638 0.00928985 0.0340382 0.00967006 0.0111806 0.0289476 0.026566 0.00604361 0.0273372 0.0531851 0.0156222 -0.0409166 -0.0407019 0.0028482 -0.0302681 -0.00529719 0.0548663 0.017711 -0.011966 0.0261114 0.0403749 0.0492092 -0.0210546 -0.00690331 -0.021452 0.00812942 -0.00287771 -0.023064 0.00740861 0.0501758 0.00580388 0.0125301 -0.035609 0.0224889 -0.00854582 0.0337551 0.0316053 0.0107224 0.0358711
internal_weight=84150.7 39819.5 11054.9 44331.2 10813.5 28764.6 14019.5 10649.8 9555.71 6284.94 1094.09 756.36 3369.73 9467 6203.06 14745 33517.7 25777.1 7740.57 6842.39 22209.8 898.176 4959.26 350.085 22019.8 9325.58 21854.5 4528.57 337.73 4814.58 3484.77 4777.57 548.092 1883.13 94.83 165.308 1729.34 237.074 4719.84 3321.4 192.578 189.133 3567.3 4913.38 1388.47 49.58 77.5987 257.998 1492.27 844.994 402.977 3421.44 122.531 3298.91 1028.64 89.7085 647.273 172.338 474.935 2538.66 431.412 2107.25
internal_count=359439 40442 11708 318997 31017 28734 22439 14156 7233 9373 6923 6404 8283 6658 8648 6295 287980 233402 54578 50952 224119 3626 46838 2596 215615 7340 212850 21644 519 7119 19411 6909 1030 4114 251 2765 4368 922 44883 1604 634 673 9283 2879 1529 582 325 2550 3446 2498 1467 19066 249 18817 2128 304 948 362 586 7155 4453 2702
is_linear=0
shrinkage=0.05


Tree=40
num_leaves=63
num_cat=0
split_feature=22 0 19 15 0 20 16 15 20 0 12 19 23 18 23 20 10 15 10 23 15 2 0 1 0 15 2 20 2 11 12 24 0 1 13 11 2 20 1 23 1 1 12 20 10 1 13 14 1 4 24 22 24 13 10 4 23 10 19 1 1 22
split_gain=5762.77 863.275 714.943 532.376 563.939 424.808 425.86 373.391 611.329 323.449 322.406 279.485 265.069 523.16 492.544 434.49 361.481 263.235 258.553 529.466 335.343 289.658 222.416 213.24 177.345 166.132 138.545 155.556 136.757 131.298 123.202 122.349 112.91 112.424 104.478 104.081 103.715 102.285 274.663 183.519 101.043 96.765 96.335 103.439 103.167 93.379 78.9165 76.9746 66.9985 64.2865 90.3506 61.7457 60.3954 59.9227 54.1441 53.9108 53.6715 53.3351 49.4091 62.9964 107.31 46.9737
threshold=17.235943794250492 5.3150000572204599 1.274009704589844 10.500000000000002 4.3949999809265146 0.5321224331855775 0.23813045769929889 110.50000000000001 0.71228122711181652 3.9850000143051152 2.0629960298538212 16.782412528991703 0.35397322475910192 37.341819763183601 5001769931243521 0.44315767288208013 2.5524998903274541 3.5000000000000004 4.2550001144409189 1353.917175292969 1.0000000180025095e-35 10.500000000000002 3.5949999094009404 26.914999961853031 4.4949998855590829 91.500000000000014 1.5000000000000002 0.18761952966451648 12.500000000000002 7.5000000000000009 1.8930722475051882 -0.16176257282495496 6.5499999523162851 124.00500106811525 0.00087299678125418733 3.5000000000000004 6.5000000000000009 0.34824821352958685 28.861500740051273 2.6621994007003141e+18 56.010000228881843 22.704999923706058 1.2727271914482119 0.18380038440227511 2.8000000715255742 582.23999023437511 0.00032962871773634111 4.5000000000000009 9.9984998703002947 31.500000000000004 -0.21756315976381299 18.720302581787113 -0.014155631419271229 0.0079157426953315752 3.9550000429153447 4.5000000000000009 23.180235862731937 4.6075003147125253 327.20553588867193 203.004997253418 157.56700134277347 17.751602172851566
decision_type=2 2 2 2 2 2 2 2 2 2 2 2 2 2 2 2 2 2 2 2 2 2 2 2 2 2 2 2 2 2 2 2 2 2 2 2 2 2 2 2 2 2 2 2 2 2 2 2 2 2 2 2 2 2 2 2 2 2 2 2 2 2
left_child=1 3 24 4 12 9 -7 8 18 23 -9 33 13 15 16 -1 -14 -16 19 21 -21 -4 -15 47 28 29 27 -20 30 -8 40 -25 41 57 -10 55 51 61 39 -39 54 -3 43 -13 -44 -35 -40 -5 -36 -11 -51 -26 -28 -27 -2 -32 -42 -6 -43 60 -60 -30
right_child=2 32 7 5 11 6 25 10 34 49 -12 42 14 22 17 -17 -18 -19 26 20 -22 -23 -24 31 36 53 52 -29 37 -31 35 -33 -34 45 48 -37 -38 38 46 -41 56 58 44 -45 -46 -47 -48 -49 -50 50 -52 -53 -54 -55 -56 -57 -58 -59 59 -61 -62 -63
leaf_value=0.034099285617905754 0.017581854012773478 0.037611263701518363 -0.0029693631700755101 -0.075848367209631007 0.021474392585257809 -0.05323777557325482 0.046093855308131204 -0.056168734563370938 -0.060615179991307402 0.035237629223011178 0.056343787271215064 0.010237790711088867 0.083567007175703048 -0.0076530465502393317 0.020504031356422522 -0.013014124161098123 -0.012308388657169485 -0.037831906634372081 0.0077776322676680167 0.00013029038570918169 0.034147641616267752 -0.078230896826449348 0.0082245864438425 0.071363218896220243 0.035117825210074158 -0.063091941221304501 0.042605325577198531 0.035398365779237898 0.030284534605481906 -0.063838534360696697 0.0042975469473645403 -0.044382935938655138 0.057146864346822292 -0.052441996105284577 -0.058545851552967258 0.019606100836724347 0.050720631212186743 0.042850458632716887 -0.077988460577201629 0.0079823853696311172 0.035537245861555676 0.028547115145401227 0.040326484390136808 0.032926285920429232 -0.076240703901555157 0.040527217488082523 0.035409285303906683 0.041538790379561125 0.060320903015603167 0.058950047658126427 -0.091887014456214985 0.048816603627365229 0.032815127501187855 0.054669345136175718 0.03645295780149882 -0.11407928381666421 -0.048148037235124702 0.032161956156741688 -0.0019122117332437596 -0.054433080799654525 0.092036101528680012 0.049332957972701957
leaf_weight=2548.5396631024778 446.99479872174561 2061.2138612866402 527.59253728576005 214.31745409918949 2610.3183686789125 120.25514577375725 2386.8095052856952 65.473633130546659 228.30380261759274 299.88399463705719 1612.1195126138628 11309.975799903274 98.823117278516293 3869.67433695402 2225.3974734209478 604.86258180392906 6502.5294301635586 210.80382277816534 971.25244396179914 951.99615999311209 3034.5277612125501 167.83041818626225 5126.1371781397611 52.144460653886199 2132.9664044901729 48.643091078381985 2918.1150359660387 1074.7510567158461 359.93562667071819 26.605801749974489 13.459082230925558 39.085059477947652 551.2609961181879 82.068594206124544 17.310791192576289 62.869888670742512 8737.8171813655645 3021.5952436923981 65.603735578246415 432.20834206114523 27.4517592638731 346.10221120715141 26.472142009064555 525.21507500484586 61.394554706290364 39.091281048953533 19.220510482788086 14.263770683668552 32.71244153007865 15.633934386074541 23.811682488769293 1366.6461345329881 3508.8268814086914 12.929098729044197 2699.4893070831895 31.428411848843098 57.975108027458191 2137.5007501840591 236.34945499524474 42.882126852869987 33.859084635972977 4027.5660852640867
leaf_count=18532 513 1727 1142 2433 3675 5328 4927 6632 5226 409 932 45347 1555 91879 3835 10949 64819 558 1575 2009 2955 678 55727 82 1451 1144 1582 876 287 277 26 218 206 373 258 81 3150 2273 302 861 22 475 102 819 378 57 17 94 138 6 173 543 2635 40 1833 148 145 2075 595 167 35 1563
internal_value=0.0240296 0.0117658 0.0381635 0.00980349 0.00813972 0.0292099 0.0383112 0.0296733 0.0268912 -0.00662107 0.0519188 0.0149833 0.00271501 0.00753846 -0.00376873 0.0250595 -0.0108599 0.0154407 0.0284439 0.0190047 0.0260275 -0.0212261 0.00139395 -0.0426388 0.0436203 0.0427811 0.0336563 0.0222993 0.0390799 0.0448539 0.0305669 0.0217768 0.0364846 0.0250778 -0.0463176 -0.0218379 0.0477964 0.0426619 0.0363045 0.0384921 0.0323219 0.0322763 0.0108589 0.0112478 -0.0410069 -0.0223191 -0.052122 -0.0683524 0.0187472 0.0273357 -0.032001 0.0404812 0.037267 -0.0378057 0.0337801 -0.079156 -0.0210981 0.0262928 0.0155554 0.00113277 0.0101377 0.0477787
internal_weight=83118.9 44504.9 38614 41233.2 37978.8 3254.38 2595.24 15110.8 13433.2 659.14 1677.59 16792 21186.8 12149.2 9037.55 3153.4 6601.35 2436.2 13154.9 4681.95 3986.52 695.423 8995.81 319.811 23503.2 2474.99 8472.95 2046 11265.8 2413.42 3339.67 91.2295 3271.67 4868.98 278.327 107.757 12237.4 7926.13 3538.63 3453.8 3231.91 2720.41 11923.1 11835.2 87.8667 121.16 84.8242 228.581 50.0232 339.33 39.4456 3499.61 6426.94 61.5722 3146.48 44.8875 85.4269 4747.82 659.193 313.091 270.209 4387.5
internal_count=358869 319016 39853 315811 300680 15131 11716 26638 19074 3415 7564 52826 247854 177087 70767 29481 66374 4393 13452 6784 4964 1820 147606 2827 13215 6388 6668 2451 8071 5204 2768 300 3205 6180 5622 255 5144 5303 3453 3134 2513 2999 46646 46166 480 430 319 2527 396 588 179 1994 4217 1184 2346 174 167 5750 1272 797 630 1850
is_linear=0
shrinkage=0.05


Tree=41
num_leaves=63
num_cat=0
split_feature=8 8 0 0 15 20 2 13 11 4 5 5 0 10 1 2 20 20 20 18 15 10 5 8 16 11 13 0 5 10 18 9 1 1 15 15 5 18 10 0 1 20 2 18 9 9 18 8 18 18 2 4 10 20 5 8 0 4 24 10 5 0
split_gain=5077.95 1006.84 736.627 608.499 509.701 768.376 452.453 345.747 299.385 334.861 297.822 270.802 256.607 252.805 253.218 250.247 247.087 241.872 229.59 221.051 196.845 1091.09 191.508 176.832 172.499 158.793 157.753 154.212 153.697 128.179 141.547 117.63 117.392 295.855 114.633 108.61 103.717 96.6659 95.8594 92.0627 85.4022 85.1028 84.75 83.6619 81.1548 429.82 78.2733 77.296 76.7103 75.6184 71.0604 171.792 54.155 60.7805 52.8692 49.786 320.775 46.5426 45.6816 68.8934 43.4794 68.9155
threshold=4.8949999809265146 6.3500001430511483 5.3150000572204599 4.305000066757203 7.5000000000000009 0.52734157443046581 4.5000000000000009 -0.060000032186508172 5.5000000000000009 52.500000000000007 77.500000000000014 541.50000000000011 4.3949999809265146 2.7975000143051152 6.3904998302459726 2.5000000000000004 1.7505140304565432 0.20985237509012225 0.57476264238357555 30.906991958618168 1.0000000180025095e-35 3.4974999427795415 2.5000000000000004 6.8500001430511483 0.99965035915374767 7.5000000000000009 -0.014488053508102892 5.0950000286102304 179.50000000000003 4.4600000381469735 139.391471862793 4.2000000476837167 85.905002593994155 512.20498657226574 1.5000000000000002 5.5000000000000009 16.500000000000004 0.16643611341714862 3.7474999427795415 6.6499998569488534 22.704999923706058 0.2440193369984627 4.5000000000000009 0.0090094446204602736 2.7000001668930058 3.6000000238418584 245.11674499511722 6.6499998569488534 12.080500125885012 1.1112003922462466 247.50000000000003 264.50000000000006 4.4600000381469735 0.21679414063692096 1.5000000000000002 6.4500000476837167 2.9850000143051152 5.5000000000000009 -0.029600643552839753 4.7049999237060556 1.5000000000000002 5.5199999809265146
decision_type=2 2 2 2 2 2 2 2 2 2 2 2 2 2 2 2 2 2 2 2 2 2 2 2 2 2 2 2 2 2 2 2 2 2 2 2 2 2 2 2 2 2 2 2 2 2 2 2 2 2 2 2 2 2 2 2 2 2 2 2 2 2
left_child=2 3 8 4 5 10 19 24 9 12 15 13 16 -6 -15 -2 22 -12 34 27 21 26 -1 44 -7 28 31 41 42 57 -31 37 38 -34 -10 -18 43 -3 -25 40 60 -5 -20 -14 47 -46 -38 -23 50 -8 55 -52 53 -51 -42 -22 -57 -21 -50 -60 61 -4
right_child=1 20 39 6 11 7 49 -9 18 -11 17 -13 36 14 -16 -17 35 -19 25 29 48 23 -24 32 -26 -27 -28 -29 -30 30 -32 -33 33 -35 -36 -37 46 -39 -40 -41 54 -43 -44 -45 45 -47 -48 -49 58 52 51 -53 -54 -55 -56 56 -58 -59 59 -61 -62 -63
leaf_value=-0.0033346186455357608 0.0027936725663347639 0.023722791033286672 0.0099198984672710499 0.026000783714218857 0.055230836131033391 -0.066758365834115943 0.046564978635201142 -0.073485080320723137 0.032826361684429588 -0.059742409045467071 0.043226939458204522 -0.054610467836654734 -0.099097203646461143 -0.015122083623696533 0.031332490428633307 0.024369623268665177 -0.051849350045557241 -0.093275604304081439 -0.025211367987576824 -0.030208747300213442 0.053524999472258111 0.019812467600160751 0.0068200068364014377 0.0022594035148001275 0.050611636466509874 -0.062028708242529512 -0.079301641094758193 0.043433181489735198 -0.051003448528340461 0.013199435348134543 -0.085279228164273996 -0.1001657271979105 -0.12522671011739389 0.042471243454494011 -0.066160382145410951 0.063089255604759142 0.025024186087678646 -0.065999058657101067 0.0496637825959199 0.055058592638606331 -0.0018485181856042693 -0.024168638961860684 0.054631550860170019 0.011250518809216362 -0.057305954589822489 0.043648200848403061 0.092381038603904772 0.046178884568420293 0.035585077446386053 -0.021565335670162396 0.058499563602901386 -0.071117571887020656 0.039231228442315552 0.028075252237731031 0.027574062190410503 -0.022553554730854446 0.047763310928173132 -0.11562790962543282 -0.066842810408203765 0.03370566681504427 0.046971815982061939 0.037223726060111685
leaf_weight=7800.3501775693148 1958.9019682742655 126.96341279149055 313.21000562608242 4616.8380363360047 1051.4706355901435 43.174021814018488 5685.853340486763 367.03369711712003 45.553106186911464 187.84915145440027 45.489303298294544 88.086303730728105 16.201061330735683 317.383149524685 3766.0826316187158 4285.4797317758203 21.800579351373017 107.80676140263677 34.035532349720597 47.47105548530817 3494.9816815392114 491.59979344904423 11466.399549050257 109.75006744265556 106.54759945347905 33.931491681374609 180.43094137217849 1518.8688221052289 37.546740612247959 842.59033783525229 37.13704276829958 32.41207489464432 33.593847095966339 108.69551166146994 78.110928379930556 226.49082522466779 894.64238498173654 38.21782198920846 4198.8735153973103 438.8272703140974 284.05023848265409 85.261126920580864 800.64207626599818 12674.536945063621 156.73865265399218 316.96116804331541 44.577004641294479 648.91721353679895 92.314660113304853 75.948278903961182 63.348859310150146 41.408491834066808 1600.7853403165936 311.00240914616734 328.07674171030521 165.14237496536225 7469.3489427948371 24.057858506217599 34.300546500831842 31.982832565903664 576.31365737318993 896.47028994560242
leaf_count=130067 4481 137 521 4577 604 319 2662 3102 156 3914 24 10138 78 1300 4415 4732 771 489 540 134 1327 495 113464 170 136 523 1575 913 2129 1430 171 185 145 59 1245 372 1654 142 1624 159 750 201 716 47136 409 172 53 304 72 142 12 720 959 295 466 668 3426 111 111 26 358 683
internal_value=0.0231481 0.0344823 0.00949161 0.0283868 0.0200789 0.0111699 0.0351769 -0.0474178 0.0074692 0.00664807 0.0159097 0.0318674 0.00702628 0.0333622 0.0277178 0.0176034 0.00334895 -0.0527196 0.0340099 0.0261398 0.0437015 0.036698 0.00270858 0.0418364 0.016515 0.0427312 -0.045623 0.0295719 0.0468787 0.00368176 0.00894445 -0.0145999 0.0469829 0.00224602 -0.0296865 0.0528098 0.0122904 0.00266161 0.0484583 0.0339752 0.0300938 0.0250851 0.0513436 0.0111015 0.0276224 0.0101834 0.0283212 0.0348458 0.0476583 0.0436184 0.0481461 0.00702922 0.0351681 0.0182887 0.013932 0.048532 0.0462389 -0.0602055 0.0129872 -0.0184723 0.0356194 0.0301724
internal_weight=82018.9 44819.3 37199.6 26983.3 12137.5 6914.43 14845.8 516.755 34362.7 33332.8 6397.68 5223.02 33145 5134.94 4083.47 6244.38 19515 153.296 1029.82 7172.22 17836 6443.15 19266.7 6065.13 149.722 906.156 378.024 6220.97 872.224 951.256 879.727 197.593 4450.91 142.289 123.664 248.291 13630 165.181 4308.62 2836.95 2398.12 4702.1 834.678 12690.7 1614.22 473.7 939.219 1140.52 11392.8 7673.59 11234.2 104.757 1987.74 386.951 612.127 11129.5 7634.49 71.5289 158.598 66.2834 1785.99 1209.68
internal_count=358869 53114 305755 41335 29740 13283 11595 3557 302818 297509 9726 16457 293595 6319 5715 9213 244674 513 5309 7537 11779 5417 243531 3378 455 3908 2039 5691 3385 1846 1601 464 1998 204 1401 1143 48921 279 1794 2937 2778 4778 1256 47214 1380 581 1707 799 6362 4058 6153 732 1396 437 1216 5421 4094 245 209 137 1562 1204
is_linear=0
shrinkage=0.05


Tree=42
num_leaves=63
num_cat=0
split_feature=22 0 19 14 0 6 21 17 12 23 1 6 6 0 9 1 12 8 12 12 20 16 9 8 12 21 22 12 12 11 1 4 1 23 4 14 9 16 19 23 0 21 16 4 20 17 1 20 0 23 1 14 13 4 22 22 12 21 20 22 17 9
split_gain=5304.62 744.522 700.101 452.396 442.139 377.606 322.954 279.148 278.402 266.013 250.929 228.57 222.21 239.747 224.835 239.686 221.065 217.763 498.677 202.037 369.634 201.72 195.639 179.507 195.858 235.285 175.699 167.326 158.408 173.171 147.347 175.829 141.269 130.463 149.595 117.04 144.906 111.619 224.834 135.43 108.676 103.873 101.408 97.6601 93.8639 88.9452 85.9731 123.916 85.2679 82.6841 82.1736 82.1684 81.0831 79.1316 75.3366 68.0457 65.1024 361.682 314.244 129.723 279.038 61.0791
threshold=17.235943794250492 5.3150000572204599 1.274009704589844 1.5000000000000002 4.1949999332427987 29.500000000000004 281050624.00000006 2.9880000352859502 1.5402297973632815 26636253298425860 569.09851074218761 14.500000000000002 3.5000000000000004 3.495000004768372 3.9499999284744267 16.005000114440922 1.495974659919739 6.1499998569488534 1.3548387885093691 2.1074177026748662 0.66757008433341991 0.58359211683273327 2.6000002622604375 6.3500001430511483 1.3585215806961062 162.9443283081055 18.129086494445804 2.0112522840499882 1.5715581774711611 4.5000000000000009 20.89949989318848 5.5000000000000009 14.994999885559084 4.9141112271326419e+17 30.500000000000004 4.5000000000000009 3.4999998807907109 0.40021881461143499 148.23611450195315 0.38792753219604498 6.3500001430511483 100224737280.00002 0.73826882243156444 155.50000000000003 0.27638398110866552 5.0108695030212411 14.994999885559084 0.20511954277753833 4.7099997997283944 134.93400573730472 22.704999923706058 6.5000000000000009 0.41250005364418035 3.5000000000000004 17.968340873718265 16.206096649169925 2.0347852706909184 216354299904.00003 0.37439180910587316 18.845129013061527 8.0047168731689471 3.4999998807907109
decision_type=2 2 2 2 2 2 2 2 2 2 2 2 2 2 2 2 2 2 2 2 2 2 2 2 2 2 2 2 2 2 2 2 2 2 2 2 2 2 2 2 2 2 2 2 2 2 2 2 2 2 2 2 2 2 2 2 2 2 2 2 2 2
left_child=1 3 23 4 7 12 37 9 21 10 -1 22 13 16 19 27 -4 18 46 20 -14 -9 28 24 45 33 44 -16 29 -5 48 -32 -11 49 -35 36 -27 38 -6 -39 50 53 -30 -21 -20 54 47 -7 -8 -26 -3 -17 -24 -15 -2 -10 -25 59 -59 -58 -61 -19
right_child=2 40 5 11 6 17 30 8 55 32 -12 -13 14 41 15 51 -18 61 26 43 -22 -23 52 56 25 35 -28 -29 42 -31 31 -33 -34 34 -36 -37 -38 39 -40 -41 -42 -43 -44 -45 -46 -47 -48 -49 -50 -51 -52 -53 -54 -55 -56 -57 57 58 -60 60 -62 -63
leaf_value=-0.00021149599057399503 0.031403763721556753 0.03430971957316719 0.024408882211637711 0.02758565726005573 0.024068289211427944 0.032380595351827711 0.022836306535588151 -0.027851063736547645 0.0066993353414252117 -0.08757862446672246 0.06884013928087461 -0.079203660959482683 0.026559981669813611 0.011567019668713659 0.0051464224197115688 0.031208853753718194 -0.072289124615618816 0.034850779389663557 0.04784622422981432 -0.0017728835563113826 -0.048394478377561834 0.034117086027666235 -0.068848676905033518 0.047883012460377024 -0.042710742354212128 0.031389921229552975 -0.13481337683944047 -0.080846657031115612 0.0035126127808535685 -0.0419228259916542 -0.0083773122208150134 0.048680139640944878 -0.015117906397240269 0.0060645703214868727 -0.1531632147240656 0.050786492614545979 -0.0091550980246557275 -0.037497750451318895 0.0080132125452228586 0.0035075671063082648 0.051990978536028291 0.040394977568767733 0.047922700971883614 0.05850523311258693 -0.056778551670049617 0.049100168242848276 0.045911218561580203 -0.025513114412108365 0.038723505546523096 0.015068573725937659 0.013205726766774015 -0.069214187439689115 0.080616858125389435 -0.029989848463130749 0.043202130781911263 -0.059262834495428955 0.054765468935884715 0.031793420491071707 -0.098123221066971619 0.034124304796048298 -0.11157772986488319 0.04933448569298704
leaf_weight=15115.705623082817 2585.7542777135968 1904.6398356407881 88.982568383216858 391.65830573160201 2701.3372543882579 347.24652971327305 2499.9970557242632 144.67402728181332 57.269659833982587 127.64814842306077 131.72023597359657 45.181834801565856 6827.3651843620464 743.79945430159569 97.627064675092697 268.53361863456666 172.29442945797928 1028.922432102263 30.90207639336586 74.582460874691606 167.60936543019488 1346.1538180653006 61.666608792031184 9777.4640102162957 78.243148588575423 1418.3924786802381 54.759034480899572 132.7988059418276 141.68531145341694 115.10852642660029 605.18375212699175 172.70417264848948 142.45433876104653 27.80653054267168 30.104117006063461 605.3531874679029 260.1934681981802 215.14401844888926 11317.916283113882 2942.2967964932323 662.8203099668026 274.25071382522583 1429.3639017790556 657.92878970783204 64.595111155882478 2483.8368807062507 573.4472765699029 124.88874261826277 1283.947399109602 282.09073326457292 612.0335428416729 21.072030830197036 9.7182397842407209 134.35296860290691 2893.0520648658276 120.10756916552782 1068.07478107512 99.40314344316721 85.88030057772994 418.65459031634964 34.668101588729769 2625.5889325183816
leaf_count=222803 2014 1682 130 1116 6154 252 2949 1413 216 548 416 509 6734 1180 137 352 1303 699 17 307 10019 2497 706 4057 551 1200 305 1126 2528 1716 1460 124 378 35 152 228 470 1039 57331 9144 304 203 1100 251 453 971 287 243 993 372 1219 328 1 457 1467 670 315 80 449 478 376 1855
internal_value=0.0222929 0.0106492 0.0363616 0.008846 0.00760008 0.0278204 0.0123381 0.00160623 0.0210351 -0.000483371 0.000389178 0.0309304 0.0221002 0.00377733 0.0252394 -0.00656481 -0.0393703 0.0392062 0.0206528 0.0273809 0.0247566 0.0280855 0.0332838 0.0419559 0.0372717 0.0256179 -0.0642292 -0.0445266 0.0360865 0.011736 0.0241635 0.00433022 -0.0495774 -0.00883271 -0.077818 0.0319299 0.0251005 0.00919596 0.0111087 0.000700946 0.0339571 0.0135899 0.0439255 0.052367 -0.0227261 0.0412222 0.0329054 0.0170345 0.0282372 0.00242501 0.0291867 0.0236717 -0.0475989 0.00517646 0.0376415 -0.0380195 0.0463019 0.0372179 -0.0286006 0.0452504 0.0227496 0.0452686
internal_weight=80958.7 44298.1 36660.5 41118.6 38924.3 14511.5 21738.5 17185.7 1668.21 15517.5 15247.4 2194.38 9661.2 1413.68 8247.52 520.032 261.277 4850.35 1195.84 7727.49 6994.97 1490.83 2149.2 22149 10664.8 2702.18 150.256 230.426 2077.82 506.767 4561.83 777.888 270.102 418.245 57.9106 2283.94 1678.59 17176.7 14019.3 3157.44 3179.49 1152.4 1571.05 732.511 95.4972 7962.64 1045.58 472.135 3783.94 360.334 2516.67 289.606 71.3848 878.152 5478.81 177.377 11484.1 1706.68 185.283 1521.4 453.323 3654.51
internal_count=358869 319016 39853 315811 308135 26638 79194 228941 4796 224145 223219 7676 22527 3273 19254 1943 1433 4111 1557 17311 16753 3910 7167 13215 7460 3008 775 1263 6460 2832 5526 1584 926 1110 187 1898 1670 73668 63485 10183 3205 1840 3628 558 470 4452 782 495 3942 923 2901 680 707 1637 3481 886 5755 1698 529 1169 854 2554
is_linear=0
shrinkage=0.05


Tree=43
num_leaves=63
num_cat=0
split_feature=22 19 15 21 15 20 16 10 20 23 19 16 5 5 20 8 1 3 10 23 15 3 8 10 10 22 8 20 20 20 22 19 10 15 4 16 20 2 3 10 8 19 2 17 23 8 16 3 20 22 1 14 22 5 5 2 21 20 1 1 15 15
split_gain=5075.9 656.153 379.783 433.378 361.714 484.287 359.279 364.7 343.15 339.726 418.224 397.239 375.917 299.603 283.735 265.474 261.295 249.688 237.376 532.386 282.288 251.263 232.396 196.272 362.404 203.498 194.342 250.522 186.307 194.306 181.769 164.849 154.853 209.407 271.462 158.209 150.029 140.629 138.548 136.984 135.102 124.351 112.685 251.002 111.978 101.792 98.8813 95.1667 90.4063 89.1422 82.9934 79.8528 76.0165 75.6935 73.0155 67.8872 115.794 67.5145 66.7742 62.2524 59.576 95.8288
threshold=17.268469810485843 1.274009704589844 10.500000000000002 958644512.00000012 110.50000000000001 0.71228122711181652 0.52639320492744457 3.0900000333786015 0.5321224331855775 0.35397322475910192 274.73713684082037 0.40021881461143499 12.500000000000002 25.500000000000004 0.49072830379009252 5.7850000858306894 36.00849914550782 88.500000000000014 4.2550001144409189 1353.917175292969 1.0000000180025095e-35 16.500000000000004 4.8949999809265146 2.5524998903274541 2.5324999094009404 15.832268238067629 4.7049999237060556 0.61073186993598949 0.59580639004707348 0.40638573467731481 18.700008392333988 2.8411347866058354 3.8000000715255742 112.50000000000001 109.50000000000001 0.91683137416839611 0.42933882772922521 7.5000000000000009 3.5000000000000004 4.5650000572204599 6.1499998569488534 294.03924560546881 208.50000000000003 1.0915375351905825 0.42726235091686254 5.1099998950958261 0.85608786344528209 27.500000000000004 0.39866006374359136 17.20800876617432 10.000500202178957 1.0000000180025095e-35 16.769082069396976 100.50000000000001 1.5000000000000002 42.500000000000007 6435832320.000001 0.21424853056669238 613.19500732421886 54.003999710083015 30.500000000000004 31.500000000000004
decision_type=2 2 2 2 2 2 2 2 2 2 2 2 2 2 2 2 2 2 2 2 2 2 2 2 2 2 2 2 2 2 2 2 2 2 2 2 2 2 2 2 2 2 2 2 2 2 2 2 2 2 2 2 2 2 2 2 2 2 2 2 2 2
left_child=2 30 3 9 5 18 7 -4 22 10 11 36 23 16 31 -6 -12 55 19 21 -21 -3 57 24 -11 -25 27 -14 29 44 32 45 33 34 35 -2 -1 59 -20 49 -36 -15 -32 -44 -9 52 -47 -24 -28 -33 -40 -49 -5 -30 -41 -10 -57 -8 -13 -34 -7 -62
right_child=1 4 6 14 15 60 8 28 17 12 13 58 26 41 -16 -17 -18 -19 38 20 -22 -23 47 25 -26 -27 48 -29 53 -31 42 39 37 -35 40 -37 -38 -39 50 54 -42 -43 43 -45 -46 46 -48 51 -50 -51 -52 -53 -54 -55 -56 56 -58 -59 -60 -61 61 -63
leaf_value=0.025755975121171226 -0.022436757342255479 -0.0017905534781229764 -0.055314457822645303 0.026938897213981867 -0.064233406538461477 -0.059315066839021782 0.06169704928985828 0.032950396041194957 0.047862849819486471 0.017982089717870735 0.011182849232939373 -0.040549631027729731 -0.024811789751653626 0.044425143539041069 -0.07390354651995458 0.054282649840191072 -0.0022256191568912824 -0.067160162825333589 0.017517076437658204 -0.00033379139020456891 0.031488891502575757 -0.066827071418577633 0.032366660225746635 -0.0045720974895821862 0.22817010540110438 0.010226881334278959 -0.026088551118315286 0.013543436993275957 0.087755437837117867 -0.060483114121669547 0.045979178510500485 -0.031127225800941617 0.032243025833346761 0.052483360493912758 -0.10656299751171656 0.026833409900645772 -0.0029247166337472786 0.044603775690388925 0.02933577541524944 -0.011138269956743857 0.019038028698802931 -0.053418809908734849 0.048527767151340669 -0.096793058123349304 -0.072866319750865743 -0.0177702866798197 0.024484675488834338 0.039585987808362144 -0.066900962152181304 0.041514598584445617 0.040922571298098287 -0.10189773019820586 0.044247027567819855 -0.0088794231589911336 0.028925967862633441 -0.067034818951723696 0.076390027315882278 -0.082823815578903365 0.080971533028729295 -0.011846248933130044 0.093037334592802973 -0.039707567443751798
leaf_weight=6052.2289574928582 191.5114686563611 405.52284833416343 232.66667800932191 1285.3736438006163 47.995965831447393 181.53099950379692 8.0437955856323224 253.96685262676328 1996.4317161394283 81.274468131363392 12835.453689562157 282.55517142638564 1073.6024885028601 35.973694823682308 72.143611166626215 1450.1799063473009 5066.6527273440734 48.746691912412643 1534.0340688675642 922.58149757608771 2843.4192100535147 233.52457276638597 191.39325466565788 4073.729726979509 26.548385798931122 5401.604303797707 324.05036773346364 704.05355891678482 110.4237449131906 92.721911379601806 11298.817988671362 266.42148634418845 3215.859114959836 447.44608833733946 66.566587817389518 1062.5079719498754 492.57061077607796 4785.1465642303228 3649.5247166976333 144.49181361496449 30.856192082166672 275.49993995716795 86.68430415308103 43.943995331646875 26.750644115265459 177.41327661275864 617.98482601344585 14.995104327797888 236.04757068259642 49.204154059290886 2713.2543366923928 26.205501837655902 1271.8348271325231 24.444796188268811 522.49341461807489 33.012430055066943 23.002014100551605 98.316243507899344 10.841253429651259 81.462516836822033 17.568109737709165 49.749669035430998
leaf_count=22420 423 877 8536 1456 6511 3109 1 646 1894 1320 108840 1716 10136 377 478 958 74390 574 2016 1988 2901 857 185 44991 212 12745 923 5988 66 1620 5365 774 2405 364 441 1004 5610 2313 2929 322 36 7375 106 475 308 383 667 12 1668 38 1589 168 738 327 664 271 5 837 6 142 34 2339
internal_value=0.0214671 0.0356125 0.0102419 0.00896145 0.0272188 0.0244424 0.0268887 -0.00359509 0.0361452 0.00719417 0.0105003 0.0210433 0.000245695 0.00654073 0.0237808 0.0504422 0.00738779 0.0436736 0.0258406 0.0165327 0.0236937 -0.0256317 -0.0105004 0.0046318 0.0714021 0.00386402 -0.0177264 -0.00961904 0.0201306 0.00187101 0.0411442 0.0254242 0.0361645 0.0228684 0.013028 0.0192931 0.0235965 0.0391199 0.0310294 0.0073984 -0.066942 -0.0419963 0.0454454 -0.000684832 0.0226261 0.0307021 0.015043 0.017501 -0.043386 -0.0196917 0.0342831 -0.0505679 0.035563 0.0702672 0.0202355 0.0463398 -0.0077437 -0.0713746 -0.0357825 0.031149 -0.0444847 -0.00413682
internal_weight=79920.9 35359.7 44561.2 41380 14048.9 12550.7 3181.12 740.975 2440.15 36972.7 25051.8 6838.2 11920.9 18213.6 4407.36 1498.18 17902.1 2101.19 12301.9 4405.05 3766 639.047 338.954 9583.16 107.823 9475.33 2337.75 1777.66 508.308 373.439 21310.8 4335.22 9881.36 1798.89 1351.44 1254.02 6544.8 8082.47 7896.81 982.611 97.4228 311.474 11429.4 130.628 280.717 3352.61 795.398 232.594 560.098 315.626 6362.78 41.2006 2557.21 134.869 666.985 2052.45 56.0144 106.36 293.396 3297.32 248.849 67.3178
internal_count=358869 39182 319687 304237 26108 18639 15450 11503 3947 298717 220734 29752 77983 190982 5520 7469 183230 2744 13157 6623 4889 1734 1203 59268 1532 57736 18715 16124 2967 2574 13074 5042 7128 2268 1904 1427 28030 4860 6534 1798 477 7752 5946 581 954 3244 1050 365 2591 812 4518 180 2194 393 986 2170 276 838 1722 2547 5482 2373
is_linear=0
shrinkage=0.05


Tree=44
num_leaves=63
num_cat=0
split_feature=22 0 23 3 18 10 9 7 0 21 18 0 15 10 21 5 22 11 9 8 6 4 4 16 23 21 16 18 3 20 8 0 23 0 5 7 8 0 10 6 0 18 6 5 16 10 10 10 20 13 13 3 3 18 4 5 4 23 22 18 0 18
split_gain=4852.92 718.707 665.9 468.328 438.656 437.661 439.023 415.987 355.514 275.267 264.067 218.074 280.846 543.956 541.829 255.22 213.978 231.276 260.418 210.639 203.242 203.136 193.876 190.223 180.967 180.248 172.666 164.02 144.306 140.423 235.484 129.265 126.383 181.053 146.86 125.309 123.267 121.183 120.443 110.292 108.889 143.493 106.544 179.503 99.7411 99.2556 125.148 85.0656 84.82 83.1277 82.1543 81.9963 71.5872 66.3957 74.5071 67.9134 63.5844 62.613 91.2017 60.3879 51.7367 51.2256
threshold=17.677547454833988 5.1099998950958261 1979.334655761719 3.5000000000000004 0.76982304453849804 4.2550001144409189 3.6000000238418584 6.2049999237060556 3.5949999094009404 25096519680.000004 0.40651999413967138 4.4049999713897714 110.50000000000001 3.0225000381469731 35715659776.000008 270.50000000000006 17.351239204406742 5.5000000000000009 1.800000071525574 5.6250000000000009 7.5000000000000009 670.50000000000011 356.50000000000006 0.69592735171318065 0.42726235091686254 1.3802629709243777 0.49975961446762091 0.46232083439826971 12.500000000000002 0.95013150572776806 4.8949999809265146 5.7099997997283944 0.32936513423919683 4.3949999809265146 1.5000000000000002 3.8950001001358037 7.2500000000000009 4.6949999332427987 2.5524998903274541 13.500000000000002 3.7949999570846562 0.017252777703106407 16.500000000000004 48.500000000000007 0.99457988142967235 4.7650001049041757 3.0475000143051152 4.5025000572204599 0.19673874229192737 -0.004902295069769024 0.0010403282358311119 1.5000000000000002 23.500000000000004 129.29543304443362 3.5000000000000004 2.5000000000000004 12.500000000000002 0.79445296525955211 17.968340873718265 0.2055783346295357 6.7500000000000009 4.2625248432159433
decision_type=2 2 2 2 2 2 2 2 2 2 2 2 2 2 2 2 2 2 2 2 2 2 2 2 2 2 2 2 2 2 2 2 2 2 2 2 2 2 2 2 2 2 2 2 2 2 2 2 2 2 2 2 2 2 2 2 2 2 2 2 2 2
left_child=1 2 8 10 11 6 7 9 16 26 40 12 13 14 22 39 17 18 -1 29 32 44 -2 -19 56 -26 -6 -12 51 30 -5 35 34 -34 -10 53 42 -38 -29 -15 47 -42 43 -8 -14 46 -18 -4 -30 -31 -46 57 -50 54 -3 -55 -22 -7 -59 -17 -33 -21
right_child=4 31 3 19 5 28 36 -9 20 -11 27 -13 21 15 -16 59 45 23 -20 61 24 -23 -24 -25 25 -27 -28 38 48 49 -32 60 33 -35 -36 -37 37 -39 -40 -41 41 -43 -44 -45 50 -47 -48 -49 52 -51 -52 -53 -54 55 -56 -57 -58 58 -60 -61 -62 -63
leaf_value=-0.0011691433985349434 0.022991848791150508 -0.047033368378230023 0.0090541376435345506 0.0080838200010672091 0.024016552687703994 0.057082589946234288 0.023585848218302678 -0.16703029340773512 0.0053099816058557424 0.027654162109396047 -0.11121088228329475 0.046790970003135222 0.055160323268766048 0.029303134658075193 -0.091589350324926821 -0.099876917728213263 -0.028433402242281858 -0.026207958257065483 -0.030634519812296864 -0.093000155224183034 0.047481681868722161 -0.057088498702115936 -0.075526550738883216 0.039713142727435737 -0.034909906936353111 0.01959320006276875 -0.052145756622659981 0.070874789592676887 0.045202885463049076 -0.00056190010358615132 0.03146843832894565 0.035660880919221358 -0.0095171973237442413 0.010423084345862345 0.014886341188342318 0.035418480891841846 -0.098185996982178364 0.050953671556810132 0.0013978667188636669 0.041335714329882436 -0.054927540377260033 0.033504688025303778 0.042897994506775353 -0.089089641609276016 -0.024109766688259541 0.055743587892374158 -0.11577581296593248 -0.063694737235997237 0.012904078152359229 0.053988144280888301 0.048095884427489272 0.027597829101199331 0.036179474247240315 0.012793465321888917 0.031916157400790721 0.042606600436043696 0.024172772683145157 -0.056108147923439648 0.008569286465017055 -0.0096251892022787781 0.055947323330306331 0.0030966571443848175
leaf_weight=7535.4216446084902 506.99234066018835 85.573400944471359 293.14499943889678 1406.6011008610949 92.400728768901899 44.23606039583683 203.86166016571224 46.260151967406273 9624.819576382637 256.15902414172888 30.973692195490003 8840.040845196927 2385.2841028301045 3159.9578930959105 156.55317219672725 37.482961750589311 92.085803101537749 136.52205052808858 831.8088070214726 42.790162960998714 619.01654750108719 42.078403196297586 54.387695826822892 537.18592738173902 203.79767722729594 583.89520223718137 369.27670938475057 62.365677438676357 2371.2998351156712 77.314105583354831 4607.8122355211526 1368.4965152665973 2410.6093695331365 2155.1336257793009 6859.0594395997468 1218.0492356235627 35.781900625675917 20.79214634001255 4032.087861340493 4865.1041902396828 46.515756532549858 1395.9266745634377 642.13297990849242 41.714681966695935 74.276079210452735 17.147046208381653 74.551099045202136 45.538779616355896 427.49280228465796 702.31618356518447 81.685812406241894 2699.9345900043845 1487.2002023607492 1299.3846070095897 44.710194900631905 223.63534892350435 564.26292257918976 69.11122789978981 243.74996802210808 36.468647014349699 415.27004365622997 20.058051122352481
leaf_count=143799 1329 295 1559 3210 288 20 370 235 68163 281 194 3951 749 2635 986 411 942 4546 7532 248 383 6638 2898 944 655 754 1347 877 1109 222 4903 1136 17408 5217 36114 1034 194 7 20053 2800 149 1525 667 403 266 8 380 155 481 334 33 2336 964 2606 58 270 890 210 385 110 142 61
internal_value=0.0206544 0.011134 0.00919897 0.0188654 0.0367951 0.0276373 0.00483619 -0.0233207 0.00537217 -0.013833 0.00854255 0.0408886 0.0363076 0.0320508 -0.0096445 0.0357482 -0.00292087 -0.00183146 -0.00410228 0.0277542 0.00869552 0.0508163 0.013321 0.0263283 0.0240464 0.00545903 -0.0368728 0.00159289 0.03294 0.0286006 0.0260025 0.0298356 0.00725684 -0.000103619 0.00929574 0.0232497 0.027626 -0.0433542 0.00247439 0.0366026 0.0246266 0.0306134 0.032199 0.00414233 0.0526268 -0.0561854 -0.0679966 -0.000871534 0.0388656 0.0485783 0.0137419 0.0246206 0.0309948 0.0142655 -0.019865 0.0171995 0.0364005 0.00208243 -0.00583531 -0.0561589 0.0404152 -0.0626843
internal_weight=78955.6 49663.9 45008.8 12763.4 29291.7 9051.4 1708.38 764.097 32245.3 717.836 5906.55 20240.3 11400.3 8816.95 717.933 8099.01 9224.72 9040.94 8367.23 6856.89 23020.6 2583.32 561.38 673.708 1970.97 787.693 461.677 4125.43 7343.02 6794.04 6014.41 4655.12 21049.6 4565.74 16483.9 2871.35 944.283 56.574 4094.45 8025.06 1781.13 1442.44 887.709 245.576 2541.25 183.784 166.637 338.684 4285.99 779.63 155.962 3057.03 1914.69 1653.3 130.284 1523.02 1183.28 357.097 312.861 73.9516 1783.77 62.8482
internal_count=358869 326766 321225 33490 32103 9297 3792 2151 287735 1916 24512 22806 18855 11169 5213 5956 158151 156821 151331 8978 129584 7686 4227 5490 2682 1409 1635 21124 5505 8669 8113 5541 126902 22625 104277 4263 1641 201 20930 5435 3388 1674 1440 773 1048 1330 1322 1714 2554 556 299 2951 1445 3229 353 2876 1273 615 595 521 1278 309
is_linear=0
shrinkage=0.05


Tree=45
num_leaves=63
num_cat=0
split_feature=22 22 0 19 0 10 10 9 5 2 16 8 3 7 0 1 10 10 5 1 19 1 16 1 0 1 8 4 9 14 16 0 10 10 21 10 18 9 4 22 5 9 1 0 1 2 7 4 2 9 10 18 22 1 16 22 0 0 1 21 13 13
split_gain=4753.34 725.285 510.358 506.092 317.331 296.703 325.772 408.083 457.802 273.858 464.955 439.372 298.689 247.337 234.444 259.318 188.194 185.373 179.304 279.997 183.399 171.89 164.622 164.069 155.431 152.3 151.837 149.084 130.929 130.096 126.792 126.686 120.018 144.692 133.019 114.082 253.564 110.777 214.235 320.184 229.689 188.523 169.314 96.4433 115.077 94.033 93.615 106.73 89.3794 87.9737 86.2876 84.6643 83.2505 78.9717 84.6646 69.2544 118.043 66.8314 66.2914 63.0486 107.037 59.7658
threshold=17.677547454833988 15.832268238067629 5.5199999809265146 1.274009704589844 4.805000066757203 2.7975000143051152 4.4600000381469735 3.6000000238418584 148.50000000000003 5.5000000000000009 0.54774570465087902 5.5050001144409189 88.500000000000014 7.0499999523162851 3.5649999380111699 1.6019999980926516 2.8975000381469731 3.0900000333786015 37.500000000000007 20.404999732971195 0.28558278083801275 26.005000114440922 0.93369963765144359 278.11500549316412 4.305000066757203 131.004997253418 5.7850000858306894 17.500000000000004 0.99999988079071056 4.5000000000000009 0.77842378616333019 3.9850000143051152 2.7975000143051152 2.992499947547913 35715659776.000008 2.7125000953674321 139.391471862793 0.70000016689300548 3.5000000000000004 13.971089363098146 23.500000000000004 0.70500004291534435 64.005500793457045 5.7099997997283944 100.29500198364259 2.5000000000000004 3.4050000905990605 9.5000000000000018 11.500000000000002 1.7199999094009402 3.7024999856948857 428.50503540039068 15.850030422210695 26.005000114440922 0.21413224190473559 18.043297767639164 3.5949999094009404 4.7099997997283944 22.005000114440922 281311280.00000006 0.049696974456310279 -0.069999966770410524
decision_type=2 2 2 2 2 2 2 2 2 2 2 2 2 2 2 2 2 2 2 2 2 2 2 2 2 2 2 2 2 2 2 2 2 2 2 2 2 2 2 2 2 2 2 2 2 2 2 2 2 2 2 2 2 2 2 2 2 2 2 2 2 2
left_child=1 2 14 24 9 26 7 8 31 17 46 12 -12 22 15 35 23 21 20 -20 -19 49 -9 -17 32 -18 -5 -23 55 -13 -15 -7 -2 34 -34 51 -37 38 40 -40 -16 -39 -43 44 59 58 -11 -48 57 -3 -47 -1 -46 -4 -55 56 -8 -26 -35 60 -6 -30
right_child=3 4 53 5 43 6 28 13 -10 10 11 29 -14 30 37 16 25 18 19 -21 -22 27 -24 -25 48 -27 -28 -29 61 -31 -32 -33 33 45 -36 36 -38 41 39 -41 -42 42 -44 -45 52 50 47 -49 -50 -51 -52 -53 -54 54 -56 -57 -58 -59 -60 -61 -62 -63
leaf_value=0.064754718169342598 0.054199132963482104 0.033506298877175725 0.037844636318604782 -0.052177962928433852 0.021742108236823977 -0.010936088608887371 0.055992644587649167 -0.0072600406202162713 -0.094685646805178825 0.10615074049606438 0.030762579299852488 -0.067481809118630845 -0.030949413071400235 0.031135426136641456 0.0053332237949772574 -0.013732871860884422 0.0055151804731852841 0.022108740360967723 0.0060771618786534531 0.040862445707275034 0.0043282498882003103 -0.059189707733693669 0.036678916393712992 0.12178117005096406 0.031424294718897135 -0.041886813312301062 0.053561241035537846 0.050394824500419988 0.022471895525159304 0.028502986426524747 -0.061378200913398177 0.014675511684883798 0.011272756751598865 0.016399293453482126 -0.093525453007600359 -0.054728101961167147 0.2901525191254743 0.15362482913166076 0.14120261074205673 -0.041527816996221281 0.061874687191783385 0.029625411994778552 -0.037973622688583737 0.048920437329511852 0.0593553446042311 0.02823446610597416 0.023242821838486648 -0.050945637885175081 0.048597872592077963 -0.055110863578474646 0.040357743368151178 -0.0089733054469069602 -0.080617789090823677 0.019673674799739669 -0.058396393456643415 0.013565091723045201 -0.091608494709297217 0.044404304192234186 -0.050748405810434272 0.034066539729562792 -0.062717511592874572 0.037508527782065121
leaf_weight=227.95748242735863 745.74283384904265 30.746966666076332 1228.0846392810345 34.167891768505797 1103.3934317757376 817.04802800528705 18.319140516221523 236.3950350121595 123.39379183668643 10.659643636085091 5424.1862307004631 157.90027574915439 202.57547041960061 54.545639112591743 16537.646064318717 4374.8092848765664 3037.1817437633872 1794.3489265218377 1170.4171266322955 1144.4305598735809 7556.0891467947513 41.914120104163885 2124.391225611791 21.452412184327841 1709.7964611500502 178.45083002652973 1159.0548504535109 111.359534913674 809.05950955301523 44.684477381408215 110.8125284477137 1177.0619437918067 135.79441674496047 158.21428137272596 37.890556705649942 56.251743964385241 4.8795616663992396 26.301809217780828 24.558423018082976 390.25682140048593 180.61887788213789 629.44068094948307 107.64177451655269 587.57079284638166 13.435085810720919 2525.4494343283586 57.878882013261318 279.83766284771264 6168.587265654467 252.21575859980658 3564.2300990968943 46.50606644526124 40.386250510811806 370.65428934246302 37.31272829324007 141.70749735832214 45.300287559628487 2423.5658072456717 46.786294139921665 1731.5190148204565 37.856454640626907 3800.0791688635945
leaf_count=1207 482 91 859 8407 1417 1781 8 693 976 98 6949 672 1396 42 109880 103478 43944 2238 3073 1749 18991 449 2878 250 1264 3655 606 183 769 189 938 1397 328 168 212 1239 59 91 94 5665 739 3887 1425 301 27 2569 95 6419 2528 2340 2016 1487 193 566 123 198 165 1172 115 1391 108 2493
internal_value=0.0192088 0.00984238 0.00443965 0.0355925 0.0166541 0.0269913 0.0240215 0.0145661 -0.00162185 0.0140068 0.0225727 0.0259275 0.0285348 0.0281326 0.00272442 -0.00442111 -0.00632002 0.00963203 0.0108296 0.0232869 0.00774286 -0.0223311 0.0322758 -0.0130429 0.0408206 0.00287086 0.0504881 0.0202061 0.0331354 -0.0462497 -0.0308275 0.00417893 0.035175 0.0329728 -0.0119656 0.0385255 -0.022892 0.00589796 0.00506638 -0.030384 0.00594804 0.024524 0.0197086 0.0304152 0.0266827 0.0342153 -0.0334632 -0.0381852 0.0447698 -0.04538 0.0353364 0.0522566 -0.0451406 0.0315132 0.0123958 -0.00588352 -0.0488208 0.0390451 0.000878267 0.0280453 0.0188837 0.0348756
internal_weight=77440.8 49273.4 27480 28167.4 21793.4 10651.3 9458.11 4643.65 2117.5 18279.2 6177.72 5829.35 5626.76 2526.14 25844 7947.49 7611.89 12101.5 11665.3 2314.85 9350.44 436.236 2360.79 4396.26 17516.1 3215.63 1193.22 153.274 4814.47 202.585 165.358 1994.11 7214.11 6468.37 173.685 335.595 61.1313 17896.5 17133.1 414.815 16718.3 763.384 737.082 3514.16 2926.59 6294.68 348.376 337.717 10301.9 282.963 6089.68 274.464 53.8213 1636.05 407.967 205.327 63.6194 4133.36 205.001 2872.77 1141.25 4609.14
internal_count=359222 327017 278648 32205 48369 21351 12338 8705 4154 44932 15818 9206 8345 4551 277100 155319 151327 29114 26051 4822 21229 3063 3571 103728 10854 47599 9013 632 3633 861 980 3178 5890 5408 540 3992 1298 121781 116378 5759 110619 5403 5312 3437 3136 4868 6612 6514 4964 2431 4585 2694 220 1548 689 371 173 2436 283 2916 1525 3262
is_linear=0
shrinkage=0.05


Tree=46
num_leaves=63
num_cat=0
split_feature=22 18 0 18 0 0 16 0 7 0 6 8 6 2 1 9 9 10 15 10 21 12 22 15 12 16 4 6 1 2 4 10 2 1 1 0 1 15 6 10 9 1 18 8 2 3 2 16 10 10 9 10 1 15 10 18 0 1 18 9 17 15
split_gain=4524.27 676.583 663.239 434.737 431.478 365.392 315.046 319.103 308 279.268 263.163 250.406 269.939 241.507 224.875 394.719 507.264 216.628 415.13 505.447 486.776 257.528 198.479 187.06 387.746 186.955 181.95 174.326 171.893 167.363 153.195 150.421 150.174 148.58 187.204 147.697 136.274 126.913 123.827 119.875 115.337 112.007 108.501 108.209 107.268 105.315 156.097 102.414 91.6827 190.525 98.6575 90.9992 86.3229 217.578 82.426 78.0786 71.4141 73.4789 101.955 70.5024 65.2087 64.8412
threshold=17.677547454833988 3.3964555263519292 5.5199999809265146 0.67962223291397106 3.8249999284744267 3.8850001096725468 0.97156059741973888 4.9949998855590829 5.5050001144409189 4.2950000762939462 14.500000000000002 6.3500001430511483 15.500000000000002 38.500000000000007 20.89949989318848 0.69499993324279796 0.69999992847442638 4.3550002574920663 110.50000000000001 3.0225000381469731 35715659776.000008 2.184900283813477 18.797674179077152 9.5000000000000018 1.3779823184013369 0.49975961446762091 670.50000000000011 7.5000000000000009 7.0004999637603769 18.500000000000004 264.50000000000006 2.8975000381469731 2.5000000000000004 28.861500740051273 6.9744999408721933 2.7949999570846562 54.003999710083015 2.5000000000000004 16.500000000000004 4.4600000381469735 3.9999998807907109 54.003999710083015 9.5618000030517596 6.7500000000000009 14.500000000000002 88.500000000000014 74.500000000000014 0.99457988142967235 4.4049999713897714 3.8050000667572026 0.70000016689300548 2.8000000715255742 72.049999237060561 1.0000000180025095e-35 3.1475000381469731 0.017252777703106407 4.7099997997283944 52.004999160766609 0.048459721729159362 3.4999998807907109 4.8769736289978036 107.50000000000001
decision_type=2 2 2 2 2 2 2 2 2 2 2 2 2 2 2 2 2 2 2 2 2 2 2 2 2 2 2 2 2 2 2 2 2 2 2 2 2 2 2 2 2 2 2 2 2 2 2 2 2 2 2 2 2 2 2 2 2 2 2 2 2 2
left_child=1 6 5 17 11 14 7 13 32 10 -10 33 31 23 28 36 -17 18 19 20 22 30 -2 24 -1 -25 47 48 54 39 -21 -13 35 34 -5 55 -16 -37 -36 40 41 -6 -30 -33 56 51 -47 -20 49 -7 -50 -34 59 -54 -3 -8 57 -19 -59 -41 -49 -23
right_child=3 2 -4 4 29 27 8 -9 9 -11 -12 12 -14 -15 15 16 -18 44 26 21 -22 61 -24 25 -26 -27 -28 -29 42 -31 -32 43 45 -35 38 37 -38 -39 -40 52 -42 -43 -44 -45 -46 46 -48 60 50 -51 -52 -53 53 -55 -56 -57 -58 58 -60 -61 -62 -63
leaf_value=0.0082026735563372598 0.022842870632378207 -0.0060022055348990279 0.033128988475949965 -0.10395495084505793 0.010413038297326078 0.0066981464436208981 0.074765082592374077 0.041532417834162456 -0.12187011229122087 0.013364538224138287 0.055833930515915037 0.049114488360020782 0.032994424430342735 -0.062159411248010804 0.0032067155664686868 0.24120303918572389 0.021106745543962673 0.034774196758401148 0.054604955211423917 0.033655025305183259 -0.090340698754925342 -0.078672955250032886 -0.062421219876250433 -0.0031064548306224096 -0.035096711980533511 0.036245242606725812 -0.056412232452126655 0.024422727036326333 0.00083415447569061974 0.043157342874520527 -0.035629172816314739 -0.12104004508257056 0.04488094824423261 -0.078382170792376291 0.011468970096692696 0.020203392009729992 -0.016520917609296269 -0.059602546617649854 -0.056747829078318823 0.0288576268748185 0.04544003604185648 -0.053698689544884576 -0.022556583885453209 -0.025109442990550537 0.049475196642922853 -0.071722741699210626 0.034343951717801267 0.028499560008401904 0.016420569894269137 -0.0083411102548736037 -0.0066478839259811844 0.028447169430002025 -0.1187054616320798 0.04894984209842819 0.019421097818801417 -0.052743670822212069 0.045312497581653399 0.045760439117404898 -0.060021508924805379 0.050525223233684149 -0.052284511074798062 0.050905800392302691
leaf_weight=3569.9098086291924 426.24776736507192 980.38602714729495 2028.4178407862782 49.575752206612378 1028.3101123031229 14294.35031116195 12.634237891063092 693.41075320495293 95.394191835075617 186.89218533784151 25.894777089357376 35.304825459606946 618.52891737874597 127.45260246470571 1890.3032165560871 25.695566218346357 1401.9897605124861 2466.001699782908 2345.4265755331144 5167.2545442394912 160.91787944268435 64.71245106915012 80.228264533448964 449.97339151916094 603.56695922790095 913.40704818768427 38.591637786477804 1380.0464159306139 604.32244578516111 1915.6639468623325 80.193236853927374 51.701867314055562 1031.6426696442068 106.56234801141545 334.1881043582689 2675.165819529444 1628.4954392481595 49.788504604250193 81.989064051304013 3999.790333904326 224.5073575694114 71.947759427130222 2747.1050491952337 68.394651670008898 4917.3865225017071 61.168407566845417 77.487531219609082 145.60437504015863 3230.0053144954145 2468.5863224901259 540.2067896053195 4716.1369480658323 32.52778571844101 44.821298733353615 471.1651792046614 104.38714564964175 2337.3398158550262 41.383100129663944 48.249836608767509 416.58387069404125 29.126332521438599 10.560102798976002
leaf_count=19272 3229 25311 1820 526 1306 82651 50 479 537 210 7 117 847 1773 33757 268 10375 1666 785 3779 1033 497 940 7757 4241 1902 6586 1528 5504 1023 286 308 949 494 704 5256 39497 176 323 3291 130 224 51768 231 1935 496 374 130 6612 11006 1033 5224 161 45 6118 1066 1095 20 126 154 198 16
internal_value=0.0184779 0.0093876 0.00541905 0.034738 0.0257818 0.00364271 0.0180717 0.00954055 0.0240715 -0.0249848 -0.0837437 -0.000338588 0.0181921 0.00561666 -0.0044093 0.00307241 0.0252376 0.0391657 0.0333352 0.0261245 -0.0148693 0.0312673 0.00923038 0.00718864 0.00193262 0.0232611 0.0501968 0.00722542 -0.0121146 0.0303286 0.0325887 -0.0405265 0.0258068 -0.025394 -0.0131178 0.0163548 -0.00592389 0.0187221 -0.00206192 0.0260973 0.0128591 0.00617117 -0.0183383 -0.0671076 0.0442421 0.0303658 -0.0125903 0.051853 0.0060682 0.00448273 0.013113 0.031405 0.0299951 -0.022106 0.0022543 -0.038418 0.0389729 0.0331574 -0.0111613 0.0309136 0.0147841 -0.0599995
internal_weight=76525 49085.4 33691.1 27439.6 9080.4 31662.7 15394.3 6357.72 9036.59 308.181 121.289 1346.25 773.93 5664.31 9749.46 4946.48 1427.69 18359.2 8548.86 5990.11 667.394 5322.72 506.476 5536.86 4173.48 1363.38 2558.75 21913.2 4802.98 7734.15 5247.45 155.401 8728.41 572.315 465.753 2841.98 3518.8 2724.95 416.177 5818.49 1324.77 1100.26 3351.43 120.097 9810.36 5886.44 138.656 2520.16 20533.1 16762.9 3770.21 5747.78 4493.72 77.3491 1451.55 117.021 4892.97 2555.63 89.6329 4416.37 174.731 75.2726
internal_count=359222 327017 277248 32205 9884 275428 49769 35424 14345 754 544 3550 1503 34945 172598 83897 10643 22321 17479 9780 5202 4578 4169 33172 23513 9659 7699 102830 88701 6334 4065 656 13591 2047 1553 6548 73254 5432 1027 5311 1660 1530 57272 539 4842 7043 870 1113 101302 93657 7645 6173 3651 206 31429 1116 2907 1812 146 3445 328 513
is_linear=0
shrinkage=0.05


Tree=47
num_leaves=63
num_cat=0
split_feature=22 18 0 18 0 0 16 0 8 8 6 2 0 6 0 15 12 4 13 8 8 14 14 15 12 16 4 2 2 23 6 0 21 18 0 23 15 13 13 1 6 1 23 0 9 16 23 16 18 1 17 23 2 4 14 18 13 2 13 21 1 23
split_gain=4311.88 621.964 610.982 427.528 402.343 344.816 291.61 296.988 267.438 227.823 248.953 223.7 207.23 319.946 205.391 339.779 418.287 409.058 404.381 247.853 222.638 180.029 173.48 170.638 352.8 171.363 169.841 163.942 147.201 139.886 135.096 133.902 132.389 147.278 128.182 230.166 118.118 117.59 113.555 103.078 208.646 176.349 100.856 96.2314 150.185 92.6758 86.9755 85.2973 82.1726 81.7282 81.0152 80.1218 74.8938 72.1953 92.7964 71.6496 70.9822 70.1584 69.4814 65.9623 65.9239 73.6289
threshold=17.677547454833988 3.3964555263519292 5.5199999809265146 0.67962223291397106 3.8249999284744267 2.995000004768372 0.97156059741973888 4.9949998855590829 5.5050001144409189 6.3500001430511483 17.500000000000004 38.500000000000007 4.2950000762939462 14.500000000000002 4.305000066757203 110.50000000000001 2.0849295854568486 264.50000000000006 -0.0019147465936839578 6.3500001430511483 5.7099997997283944 1.5000000000000002 8.5000000000000018 9.5000000000000018 1.3779823184013369 0.49975961446762091 670.50000000000011 18.500000000000004 2.5000000000000004 3223.5991210937505 7.5000000000000009 2.7949999570846562 1119986.6875000002 859.49902343750011 4.3949999809265146 0.89849010109901439 106.50000000000001 -0.025263163261115548 0.041534671559929855 73.415000915527358 68.500000000000014 613.19500732421886 5.019452275093931e+18 3.9850000143051152 2.5799999237060551 0.99457988142967235 2.6621994007003141e+18 0.66419699788093578 4.2625248432159433 10.315000057220461 0.68081012368202221 0.97628733515739452 8.5000000000000018 159.50000000000003 15.500000000000002 0.017252777703106407 0.00087299678125418733 22.500000000000004 -0.069999966770410524 0.011220189277082683 29.915499687194828 0.86096671223640453
decision_type=2 2 2 2 2 2 2 2 2 2 2 2 2 2 2 2 2 2 2 2 2 2 2 2 2 2 2 2 2 2 2 2 2 2 2 2 2 2 2 2 2 2 2 2 2 2 2 2 2 2 2 2 2 2 2 2 2 2 2 2 2 2
left_child=1 6 5 14 9 21 7 11 28 29 42 23 13 -10 15 16 17 19 20 -2 -18 32 -20 24 -1 -25 45 39 31 36 34 55 33 -3 35 -7 -5 58 -33 49 41 -41 46 44 -32 -17 -11 -23 -36 -6 -19 -45 -16 59 -55 -8 -47 -39 -31 -30 -4 -62
right_child=3 2 60 4 27 30 8 -9 12 10 -12 -13 -14 -15 52 26 18 50 22 -21 -22 47 -24 25 -26 -27 -28 -29 53 37 43 38 -34 -35 48 -37 -38 57 -40 40 -42 -43 -44 51 -46 56 -48 -49 -50 -51 -52 -53 -54 54 -56 -57 -58 -59 -60 -61 61 -63
leaf_value=0.0077858890763352513 0.020412314298773968 -0.0058465850659420917 0.037161461781061146 -0.089115060844940516 0.021337485225096223 0.0043408654837689331 0.069486279096745471 0.040337851391776793 -0.11350295371915485 -0.039721747620043414 0.033381027356431961 -0.06084239492203191 0.012585910396433931 0.061668791161705719 0.036991947472089635 0.054220362361231893 0.067212420367887965 -0.019401787378012805 0.047794448145049788 0.041317031614666121 -0.057514683218838507 -0.055329685405385826 -0.047340815036282957 -0.0029543361626892931 -0.033692979083530417 0.034795579793145834 -0.056454587597474015 0.042370679489973237 0.072597559628077721 -0.018596869045006938 -0.057221129840643259 0.019040082439820548 -0.051693126162831941 -0.033158707441967153 -0.033114823329145046 -0.011788627892031486 0.033565372701474167 -0.066726741279615753 -0.059177528512518111 -0.093124364980648619 0.060828016492312786 0.057245589807113209 -0.11157903714320024 0.034493420295052334 0.041541364624098465 -0.02441914549420084 0.045231831103260789 0.041670481555142483 0.0080473993564341012 0.033702457047814396 -0.10923255661957372 0.0097307452595852065 0.047110826508200504 -0.062889381417462614 0.099032992585327384 -0.051507281306086089 0.043314366082608226 -0.0078669666482823735 0.036672161609236767 0.029221897628843575 0.021765869019201682 -0.048569011961394903
leaf_weight=3572.9331148019992 2278.4175644714851 2081.3594166035764 1505.5996548011899 113.14616588084027 3287.5262265391648 10036.713463477325 12.980925731360911 678.6573833967559 100.28084155358374 105.17839048802853 583.28290601912886 123.81556916795671 185.52623577415943 34.337425857782364 2690.4570748880506 2121.2020886782557 39.151417255401611 47.859702216461301 274.87849180772901 3773.8930356055498 335.8893888136372 24.619722985895351 57.099589676596224 449.54800044535659 597.47745728050359 904.17029321333393 36.210318809840828 1855.2316727936268 88.683181390166283 95.719430167227983 93.553823290392756 2659.6296972427517 231.06564357597381 646.5726852118969 121.29821446351707 2835.81734573422 23.075578917283565 103.12349606025964 46.248592492192984 78.44023894239217 58.483302623033524 25.042865484952927 32.929649008903652 780.8996516559273 63.958587495610118 67.141105684451759 41.087733035907149 200.655886544846 13958.758088067174 2268.0681983735412 53.39576852764003 564.0266592130065 5934.5388672219124 41.061162228696048 10.239155362360178 101.61987322755158 88.528492197394371 99.544976556207985 137.10627423040569 5651.5738020548597 452.91833981126547 39.554426789283752
leaf_count=19272 2449 42196 1054 639 3206 129552 50 479 605 425 776 1773 211 8 1700 743 5 438 319 2087 1809 619 948 7757 4241 1902 6552 1023 36 225 438 5264 3377 23073 335 24240 163 568 162 346 14 18 217 715 83 262 85 300 49749 1727 2245 751 2718 527 37 1065 46 294 158 6380 647 119
internal_value=0.0177789 0.00895373 0.00515516 0.0339361 0.0249861 0.00346105 0.0173263 0.00910984 0.0231437 -0.000327761 0.0175502 0.00535012 -0.0216689 -0.0686593 0.038413 0.0331934 0.0275969 0.0317814 -0.0088097 0.0334529 -0.0443367 -0.0121396 0.0313233 0.00684538 0.00183553 0.0222628 0.0497713 0.029446 0.0248125 -0.0241688 0.00520739 0.0154328 -0.0154235 -0.0123317 0.00439329 0.000786511 -0.0682037 -0.0102586 0.01768 0.0252447 -0.0139828 -0.0564874 -0.0338505 0.0197956 -0.0170776 0.0514869 -0.0156783 0.0308498 0.00769011 0.0263915 -0.0674268 0.0241273 0.0439596 0.0293761 -0.0291997 -0.0372765 0.0140992 -0.0380216 0.0139462 0.0299054 0.0319637 0.0160196
internal_weight=75601.8 48896.2 33637.4 26705.7 8906.99 31639.3 15258.8 6326.6 8932.18 1334.19 762.479 5647.94 320.145 134.618 17798.7 9173.67 6860.58 6153.57 707.019 6052.31 375.041 3184.27 331.978 5524.13 4170.41 1353.72 2313.08 7572.79 8612.04 571.716 28455 2820.48 2959 2727.93 26952.6 12872.5 136.222 435.494 2705.88 5717.56 161.966 103.483 179.196 1502.44 157.512 2276.87 146.266 225.276 14080.1 5555.59 101.255 1344.93 8625 5791.56 51.3003 114.601 155.67 202.668 232.826 5740.26 1998.07 492.473
internal_count=359222 327017 277248 32205 9884 275428 49769 35424 14345 3550 1503 34945 824 613 22321 17903 10300 7219 3081 4536 1814 69565 1267 33172 23513 9659 7603 6334 13521 2047 205863 6541 68646 65269 203876 153792 802 1245 5426 5311 378 364 727 1987 521 1051 510 919 50084 4933 2683 1466 4418 6980 564 1115 308 862 383 6416 1820 766
is_linear=0
shrinkage=0.05


Tree=48
num_leaves=63
num_cat=0
split_feature=22 22 18 0 0 17 8 6 0 20 20 5 2 0 20 20 23 0 20 13 2 20 24 22 24 16 11 16 8 7 23 8 16 0 8 16 20 23 23 20 0 13 2 24 18 23 5 0 16 5 18 23 11 13 23 5 2 6 22 0 0 0
split_gain=4105.69 583.589 420.015 391.866 374.131 314.818 207.533 228.519 204.784 219.464 341.317 315.801 203.97 201.304 275.925 205.659 198.19 178.996 202.112 175.65 160.558 161.015 158.748 231.956 156.153 260.31 150.485 146.439 145.239 134.838 133.427 132.679 139.434 357.772 150.33 130.028 343.325 126.905 125.855 123.4 110.569 106.246 98.6353 98.0006 95.9752 190.891 273.907 226.055 179.283 168.792 95.8033 92.7369 83.5327 79.3119 78.6965 77.9885 75.8716 72.5012 52.6502 49.2836 48.4484 40.3645
threshold=17.677547454833988 15.832268238067629 0.67962223291397106 5.5199999809265146 3.8249999284744267 1.3509352803230288 6.3500001430511483 17.500000000000004 5.1099998950958261 0.58193194866180431 0.42214784026145941 175.50000000000003 42.500000000000007 4.305000066757203 0.95530068874359142 0.70663928985595714 0.14827972650527957 3.5649999380111699 1.6134278178215029 0.0012254866887815299 18.500000000000004 0.19830798357725146 -4.0560712814331046 13.49600124359131 -0.048426093533635133 0.99317398667335521 4.5000000000000009 0.70153161883354198 4.2900002002716073 4.2249999046325692 2.1921668052673344 4.305000066757203 0.96979832649230968 3.495000004768372 5.4200000762939462 0.88277754187583934 0.35165551304817205 3223.5991210937505 4.1818459033966073 0.36649332940578466 4.1949999332427987 -0.025263163261115548 121.50000000000001 0.053598834201693542 0.63903889060020458 0.080826193094253554 21.500000000000004 4.3949999809265146 0.39986979961395269 14.500000000000002 0.40651999413967138 5.019452275093931e+18 1.5000000000000002 -0.066118881106376634 2.6621994007003141e+18 21.500000000000004 8.5000000000000018 41.500000000000007 17.968340873718265 7.0499999523162851 4.7099997997283944 5.8500001430511483
decision_type=2 2 2 2 2 2 2 2 2 2 2 2 2 2 2 2 2 2 2 2 2 2 2 2 2 2 2 2 2 2 2 2 2 2 2 2 2 2 2 2 2 2 2 2 2 2 2 2 2 2 2 2 2 2 2 2 2 2 2 2 2 2
left_child=1 3 13 17 6 8 37 51 9 10 16 12 -11 14 15 35 -3 18 22 -17 21 52 23 -1 57 -26 -12 -16 -7 -24 -20 38 33 -33 -34 36 -2 42 40 -37 -30 55 -4 -43 48 46 -46 -47 50 -50 -19 54 58 -54 -8 -39 60 -23 -6 -5 -15 -10
right_child=2 5 4 59 20 28 7 -9 61 11 26 -13 -14 56 27 19 -18 44 30 -21 -22 24 29 -25 25 -27 -28 -29 31 -31 -32 32 34 -35 -36 39 -38 41 -40 -41 -42 43 -44 -45 45 47 -48 -49 49 -51 -52 -53 53 -55 -56 -57 -58 -59 -60 -61 -62 -63
leaf_value=0.2305179566293484 0.01869320287222102 0.021209920772718757 -0.080128096428733531 0.025120565397197939 -0.024499960523275913 -0.060433017266032008 -0.037550035865615963 0.032370478333740557 0.024418645813898979 0.034859951934129996 -0.018451222094002764 -0.054698270497102436 -0.067815404871492388 0.027743482843010783 -0.055239284578348313 -0.05547286991704771 0.0047210900535156137 -0.061717684790804452 -0.051037810914989629 0.040067447733185879 0.041588883531034841 0.014671518311708855 -0.0058818880711129897 0.020453639145382046 0.016948637134359786 -0.039266298609467017 -0.083201835166971522 0.053379427247561485 -0.071281535925300524 -0.043349998174186111 0.047444842902260503 -0.022492575024085793 0.031105827992555759 0.024096478125685331 0.00066257768958372218 0.038089776622140581 -0.11998871294727016 -0.016069902125129175 0.068121317935414635 0.02410557772108881 0.056893853198698822 -0.021717319005670345 0.052754475409310331 -0.1207458969559216 0.0055112961223697243 -0.01816678583866611 0.04768604801671187 0.010026208069269214 0.027698302729966259 0.12776049545300017 0.034661917180273297 -0.10717351641319597 0.020270354488630887 0.036817298939162198 0.043525041456993929 0.0417782856182232 0.046505063849714486 0.047798641172684515 0.017944664414745008 0.055549390933182445 0.04172814233087338 0.044711452709596415
leaf_weight=12.826573893427847 640.41571156680584 2291.3964168187231 120.612169488566 1414.1059273257852 91.70740869641304 50.083765691146255 105.74118498340249 571.74659794196486 820.19517013709992 1510.9466917645186 333.18810756783932 112.83157950546592 49.037207826972008 1043.6170782521367 30.842042780248448 131.4499586482998 8900.3744630655274 80.726830659899861 38.414513535797596 74.608436099719256 1797.1057305242866 384.67035627365112 6972.6655609952286 276.05807157047093 585.99856157973409 316.20862022601068 122.40667539322749 1570.1191727817059 33.326175053371117 247.77643768396229 274.65942101180553 551.48179679829627 3791.4702398185618 1620.698286230443 454.48743800446391 3607.5890762507915 46.96455692499876 113.70527550578117 289.10695458948612 2823.5225547871087 31.998450480401516 174.45505330432206 15.034200266469268 28.361183250322938 14002.557741031051 1828.1529467590153 394.92855914914981 1162.0484239179641 471.42926936224103 45.480053037405014 36.821633756160736 32.618001162540168 1012.6837100759149 2596.4299716874957 40.615379861555994 117.45941734872758 5716.8005295135081 291.04004969447851 343.67659409344196 147.28194247931242 1572.7199001833797 354.42575756460428
leaf_count=31 658 3386 655 1504 197 764 425 776 888 3088 1564 4570 444 850 8511 1740 21863 945 1585 95 1023 448 148639 2764 675 709 1283 756 239 2020 280 3266 3716 2179 749 2250 245 245 143 3648 22 699 147 163 89727 22785 1794 4692 1491 97 250 217 997 1747 85 138 2718 129 409 44 850 205
internal_value=0.0170995 0.00853766 0.033144 0.00371105 0.0242065 0.0147421 -0.00031279 0.0169415 0.0105715 0.00880467 0.00637058 0.0257356 0.0315878 0.037668 0.0324388 0.0283199 0.00809904 0.00224074 -0.00407453 -0.0208296 0.0285699 0.0244011 -0.00571795 0.0305608 0.0108402 -0.00276989 -0.0360031 0.0512506 0.023599 -0.00717416 0.035221 0.02423 0.0225771 0.0122611 0.0278493 0.0297461 0.0090501 -0.0230511 0.0539993 0.0319556 -0.00850986 -0.00978187 -0.0650853 -0.0361142 0.0049822 0.00428406 0.00667174 -0.0072091 0.0240705 0.0367416 -0.0314472 -0.0322256 0.0296865 0.0321827 -0.0148743 0.0133557 0.0432638 0.0289969 0.0089572 0.0280278 0.0361645 0.0305788
internal_weight=74721.9 48723.4 25998.5 27405.9 8739.87 21317.5 1320.35 750.721 14494.8 13320.2 11647.4 1672.82 1559.98 17258.6 8925.51 7324.55 11191.8 25844.5 7822.4 206.058 7419.52 5622.42 7509.33 288.885 1577.92 902.207 455.595 1600.96 6822.65 7220.44 313.074 6772.57 6418.14 2172.18 4245.96 7118.49 687.38 569.627 354.432 6431.11 65.3246 433.981 135.646 202.816 18022.1 17387.7 14397.5 2990.2 634.458 516.909 117.548 178.975 4044.5 3609.11 146.357 231.165 8333.14 675.71 435.384 1561.39 2616.34 1174.62
internal_count=359222 327017 32205 278648 9884 48369 3550 1503 37291 36198 28096 8102 3532 22321 17903 8636 25249 277100 155319 1835 6334 5311 153454 2795 1961 1384 2847 9267 11078 150659 1865 10314 9910 5445 4465 6801 903 2047 404 5898 261 1245 802 862 121781 118998 91521 27477 2783 1588 1195 727 3350 2744 510 383 4418 577 606 1548 1700 1093
is_linear=0
shrinkage=0.05


Tree=49
num_leaves=63
num_cat=0
split_feature=6 19 19 0 3 0 15 12 1 16 0 9 0 3 6 5 12 15 12 8 12 15 3 21 9 1 9 1 13 2 9 6 1 5 1 0 1 14 1 16 7 16 2 0 1 0 21 1 0 5 13 12 14 12 3 5 16 2 17 0 21 13
split_gain=3716.69 703.456 661.468 582.658 404.89 301.6 289.168 273.655 255.029 244.193 182.56 182.235 334.575 238.472 192.279 171.692 164.392 162.913 348.815 211.154 302.539 187.571 153.319 146.274 141.744 131.051 231.58 203.411 123.777 117.563 103.346 101.542 98.9761 105.159 96.8523 118.137 123.044 96.8152 83.6273 83.4169 102.002 81.5084 89.375 74.9113 72.2848 60.7903 59.8369 58.9153 53.8 52.5244 48.9438 46.6939 124.335 72.4614 46.2763 41.1426 45.1009 39.2335 49.7688 37.9797 37.4831 56.4116
threshold=5.5000000000000009 0.41669137775897985 2.2203239202499394 5.5199999809265146 37.500000000000007 2.7949999570846562 110.50000000000001 2.1493430137634282 2.8810000419616704 0.72749775648117077 4.2950000762939462 3.8999999761581425 4.0950000286102304 88.500000000000014 15.500000000000002 148.50000000000003 2.0629960298538212 115.50000000000001 2.1074177026748662 6.3500001430511483 1.884057939052582 60.500000000000007 81.500000000000014 20119283712.000004 0.7600001096725465 109.00450134277345 0.99999988079071056 106.00400161743165 -0.060000032186508172 7.5000000000000009 4.1000001430511483 35.500000000000007 5.0009999275207528 68.500000000000014 47.002500534057624 5.1099998950958261 74.70999908447267 1.0000000180025095e-35 29.915499687194828 0.23075082153081897 4.9949998855590829 0.99457988142967235 204.50000000000003 7.0499999523162851 17.718999862670902 5.0950000286102304 2.1515201330184941 34.905000686645515 3.804999947547913 243.50000000000003 0.00087299678125418733 1.4000000357627871 1.5000000000000002 1.2727271914482119 128.50000000000003 31.500000000000004 0.71473780274391185 19.500000000000004 2.1729415655136113 6.6499998569488534 4.7073357105255136 -0.00079022441059350957
decision_type=2 2 2 2 2 2 2 2 2 2 2 2 2 2 2 2 2 2 2 2 2 2 2 2 2 2 2 2 2 2 2 2 2 2 2 2 2 2 2 2 2 2 2 2 2 2 2 2 2 2 2 2 2 2 2 2 2 2 2 2 2 2
left_child=1 23 10 4 5 8 7 11 24 -6 17 12 13 -4 30 -14 44 18 19 20 -2 31 37 32 -3 27 -27 -7 -10 45 -13 -20 33 48 -25 36 -36 -11 59 40 46 -19 50 47 -8 60 -34 -40 -1 -21 -43 53 -53 -41 -16 -9 -57 58 -31 -5 61 -12
right_child=2 3 6 38 9 25 16 55 28 22 29 14 15 -15 54 -17 -18 41 21 49 -22 -23 -24 34 -26 26 -28 -29 -30 57 -32 -33 39 -35 35 -37 -38 -39 43 51 -42 42 -44 -45 -46 -47 -48 -49 -50 -51 -52 52 -54 -55 -56 56 -58 -59 -60 -61 -62 -63
leaf_value=-0.063068869257789623 0.023431933923575444 0.052270421603961836 0.0054138924579483104 0.033042314678076772 -0.058149327199371707 0.0052617833588745897 -0.070525373310117767 0.04669209853460838 0.0086695333094638106 -0.0180741450801623 0.024916207830682428 -0.10607588930594647 0.023907476326364096 -0.047969358174146243 0.033055410414489304 -0.05780183763715694 0.052547744073184334 0.051402421766104961 -0.082935863819853434 0.040440291946700041 -0.04893712833534019 0.042238721008580282 -0.062264161919518939 0.037284855357174254 -0.023656832536397714 -0.00062870159999689869 -0.047191578902521722 0.057694126700356542 -0.022440845698470838 0.030884011995506055 0.0072787600660518502 0.00099044927005577095 0.042342157674774186 0.058028897285062976 -0.011193908174475964 0.042836827261538354 -0.18298186934556795 0.044103813113860683 -0.055466629789851243 0.020857985195781654 0.021614556751035355 -0.010564808796375544 -0.091647704341196665 0.053160080793510367 0.038485816408918655 0.044906375464688543 -0.087474348225515614 0.0096138088247321209 0.0091462287538901978 0.0019375643142399768 0.051644720460591369 -0.024798450231961658 0.036797891687907987 0.04644526312471723 0.053958912787383718 0.045746198584035183 -0.063265804924672972 0.046384750804483975 0.043349075124459353 0.054912007909390007 0.031209333622953968 -0.010129516450375268
leaf_weight=86.639349959790707 2533.1530664530583 216.07598379533738 2025.5843739437405 1422.3348901793361 70.073276986833662 29821.069584388053 40.081994647276588 9.7504787035286409 374.94399079261348 65.793997696600854 432.2082407400012 31.024651922285557 5211.6299342531711 232.2840399085544 572.70463661104441 64.138871559640393 873.8242856906727 1091.3899010205641 124.88839860726148 2608.3626210615039 152.18194777704775 61.029018084984273 36.55401571188122 1964.0628598406911 84.965125059941784 4115.1110126180574 284.58210835512727 185.16289629228413 2143.1821433496661 1173.4635204290971 53.522059112787247 50.300453759264201 10.01609879452735 32.478130341041833 29.833126164972782 42.649219200015068 15.19819352775812 1085.3494021035731 37.360172688961029 2647.862113378942 71.521065128035843 53.07977560441941 17.404826305806637 92.528512686491013 23.274422954767942 565.77648234367371 51.011535577010363 370.46380256861448 36.058358915150166 92.078577116131783 75.746910214424133 176.48578724358231 151.14349360764027 309.47237395495176 508.89964655041695 9.4636748544871789 131.99373999377713 4844.0372806831729 2644.4813955053687 234.42343688756227 1158.4356122501194 155.37021297216415
leaf_count=426 2959 2856 5071 1100 5579 205060 5017 11 2351 414 386 132 5122 3426 450 272 762 931 687 1485 611 132 562 1258 941 42083 3252 2056 47396 917 82 231 16 70 51 21 86 1049 100 3663 98 95 276 35 144 272 369 663 80 146 26 555 186 323 179 18 1765 2319 1385 69 895 250
internal_value=0.0164382 0.00777273 0.0309512 0.00547858 0.00406058 0.00311725 0.0205025 0.0177012 -0.0126021 0.0319508 0.0366844 0.0188626 0.0160103 -9.46385e-05 0.0372552 0.0229024 0.0469067 0.030272 0.0266455 0.0292554 0.0193121 -0.0327118 0.0373153 0.0243445 0.030817 0.00440574 -0.00365167 0.00558741 -0.017805 0.0406892 -0.0350123 -0.0589416 0.0182223 -0.0207181 0.0349887 -0.0162304 -0.071997 0.0405331 0.0307599 0.0199974 -0.0187626 0.0467067 0.0115157 0.0127963 -0.0304259 0.0306349 -0.0657486 0.00351856 -0.0419035 0.0391305 0.0260904 0.0215681 0.00362776 0.0235521 0.042936 -0.0487709 -0.0556677 0.0433681 0.0395283 0.036171 0.0259844 0.0156393
internal_weight=73886 46264.4 27621.6 40640 38482.9 37225.1 9788.18 8851 2819.17 1257.77 17833.4 8699.79 7533.64 2257.87 1166.15 5275.77 937.181 6859.62 5621.99 5385.78 2685.34 236.218 1187.7 5624.43 301.041 34405.9 4399.69 30006.2 2518.13 10973.8 84.5467 175.189 3572.69 155.176 2051.74 87.6805 45.0313 1151.14 2157.11 3417.51 132.549 1237.62 146.232 500.352 63.3564 2311.79 61.0276 407.824 122.698 2700.44 128.827 3284.96 327.629 2957.33 1081.6 151.208 141.457 8661.98 3817.94 1656.76 1746.01 587.578
internal_count=359222 322768 36454 315566 313599 305995 22451 16528 53544 7604 14003 14734 13891 8497 843 5394 5923 7579 6251 5201 3570 1050 2025 7202 3797 252451 45335 207116 49747 6424 214 918 5786 576 1416 158 137 1463 1967 5210 483 1328 397 798 5161 1803 385 763 506 1631 121 4727 741 3986 629 1794 1783 4621 2302 1169 1531 636
is_linear=0
shrinkage=0.05


Tree=50
num_leaves=63
num_cat=0
split_feature=22 0 19 15 10 16 16 11 2 2 15 3 10 11 3 14 10 0 12 0 13 16 3 1 1 15 12 10 16 1 13 22 22 10 2 3 16 10 12 15 22 22 17 1 21 10 2 16 24 0 21 22 12 1 19 10 22 2 10 21 16 18
split_gain=3893.12 526.302 523.453 392.286 414.742 375.217 333.807 404.51 307.499 267.746 241.547 235.194 219.706 250.056 216.518 176.968 173.465 171.682 169.514 158.322 148.659 143.167 141.119 133.677 169.602 173.548 136.291 128.583 126.413 119.804 117.575 329.171 270.895 109.342 127.173 109.203 109.019 108.398 107.744 99.1023 94.5439 207.953 203.646 90.6625 83.12 253.692 199.206 76.2067 75.2755 70.8076 67.0332 66.8143 65.1632 61.1105 84.7084 99.6327 60.2624 60.1026 221.644 57.8465 48.9883 47.0565
threshold=17.235943794250492 5.2049999237060556 0.37929444015026098 106.50000000000001 4.2550001144409189 0.95101466774940502 0.95101466774940502 6.5000000000000009 1.5000000000000002 18.500000000000004 1.0000000180025095e-35 24.500000000000004 2.8000000715255742 4.5000000000000009 5.5000000000000009 4.5000000000000009 3.4974999427795415 4.6949999332427987 1.5715581774711611 2.8950001001358037 1.0000000180025095e-35 0.72749775648117077 5.5000000000000009 111.00500106811525 106.00400161743165 3.5000000000000004 1.1923737525939944 2.9025000333786015 0.32206565141677862 45.00849914550782 -0.036000024527311318 14.800053119659426 14.350024700164797 3.9050000905990605 4.5000000000000009 1.5000000000000002 0.97781878709793102 4.6499998569488534 1.1891892552375796 79.500000000000014 18.343577384948734 17.968340873718265 4.3656418323516855 25.651499748229984 216354299904.00003 3.4974999427795415 28.500000000000004 0.8662669062614442 -0.43872077763080591 6.7500000000000009 3292.8242187500005 17.082131385803226 1.3250222206115725 50.004999160766609 0.049975277855992324 6.2750000953674325 19.210180282592777 204.50000000000003 3.1024999618530278 5934002432.000001 0.75066137313842785 0.49451291561126715
decision_type=2 2 2 2 2 2 2 2 2 2 2 2 2 2 2 2 2 2 2 2 2 2 2 2 2 2 2 2 2 2 2 2 2 2 2 2 2 2 2 2 2 2 2 2 2 2 2 2 2 2 2 2 2 2 2 2 2 2 2 2 2 2
left_child=1 5 33 4 6 19 11 10 17 35 -8 22 14 27 -10 -13 -9 20 -15 30 29 -5 -4 24 28 -26 38 -14 -21 -7 31 32 -1 40 53 47 -23 -37 -25 43 41 50 -43 -32 57 46 -46 -6 -16 -3 -2 -33 -38 56 -55 -56 -35 -42 -59 -28 -41 -19
right_child=2 49 3 21 9 8 7 16 12 -11 -12 15 13 18 48 -17 -18 61 -20 23 -22 36 -24 26 25 -27 59 -29 -30 -31 39 51 -34 34 -36 37 52 -39 -40 60 44 42 -44 -45 45 -47 -48 -49 -50 -51 -52 -53 -54 54 55 -57 -58 58 -60 -61 -62 -63
leaf_value=-0.052161908867954611 -0.0082217926419644941 0.023344866976074685 -0.037694141939568861 -0.057063873560762292 0.021742161742940865 0.0027563499746777 0.0025872791965295665 -0.071360095044532154 -0.060566136049118625 0.042611394591239082 0.028988753001276048 -0.072772526164755366 -0.034409129245350688 -0.047865861017732207 0.083857706445054775 -0.0021303883696478787 0.0303360138403314 0.035190805893217526 0.011005994713265745 0.0063254560736621147 -0.087351011616279464 0.05290779718722121 0.0110925199080118 -0.0037089459404370897 0.034390795581547222 0.21141807351119965 -0.057844627795539783 0.021695404270329802 -0.002405684004865172 -0.024620055193967108 -0.021606711859968084 -0.037016706608976817 0.11342671578274077 0.026783078547096335 0.04436850728889017 0.019971312484152678 0.033369981189690048 0.031854089050953716 0.17589808745596447 -0.048481038838451063 0.042520857067417372 -0.0068839294267970322 -0.16593537368548095 -0.0016171478675879973 0.020927738407842827 0.03502668389563645 -0.13364374560656544 -0.0094439620901270831 0.040841753794068007 0.049523702780046232 0.035145537900120011 0.047883235729813116 -0.065593631699557772 0.037714182423491741 -0.13330450120435264 0.012024089101142783 0.046958265236854264 0.052346789202852032 -0.10444632306936319 0.063447419338824154 0.060920529885147047 0.01287429567506663
leaf_weight=31.120790199376643 117.36144019244239 3062.3949466599151 177.40855452604592 30.863257567980327 393.35093739628792 2457.3017411418259 1185.5817360989749 170.78039805754088 49.506642686203122 2535.2529301568866 3222.7473093953449 214.37634356738999 103.94217799790204 237.23315009567887 114.34840842708945 151.03916528727859 54.760842740535736 346.35223576426506 250.36546279769391 17967.524770762771 50.546952394768596 1543.5950823556632 874.84606948308647 3689.0620487388223 254.78148946724832 13.72201071679592 151.21023959759623 3895.371297057718 5387.4146402380429 476.17871897667646 1567.3085625926033 157.69732768414542 109.44741448014975 1453.87539126724 6777.1360190063715 3869.0892380774021 34.572953566908836 3832.2617012634873 7.368275584653019 11.346319886157287 1397.0125409951434 64.372195416130126 28.387972690165043 889.7913733292371 37.742276720702648 299.4630820453167 44.782136647030711 388.14401943609118 966.84042070433497 282.66435535997152 362.61339788883924 26.204878080636263 30.256799672963098 46.27726624161005 21.421509630978107 24.442246772348881 501.36667790263891 70.24468125612475 31.968232556479052 9.6644509732723218 63.182159297168255 749.1163722127676
leaf_count=598 361 3931 620 6969 541 14070 2868 1474 589 1363 3967 1899 530 1012 59 2193 53 309 603 142637 349 774 1487 38004 3034 75 2331 5790 34544 5145 38620 1964 700 1231 3445 3888 24 2905 12 904 808 113 141 20960 39 202 238 736 1087 121 293 55 474 30 93 28 221 71 271 3 26 1493
internal_value=0.0160991 0.00652236 0.0299518 0.0248193 0.0225725 0.00492987 0.0120518 0.0185465 0.0134912 0.0283488 0.0218916 -0.00917197 0.0210778 0.0161056 0.0407726 -0.0436728 -0.0466216 0.0030403 -0.0176663 0.00219275 -0.00317414 0.0481834 0.00283444 0.00335743 0.00476669 0.0442073 -0.00527102 0.0202278 0.00431116 -0.00169271 -0.00900902 0.019281 0.0766218 0.0384623 0.0410635 0.024081 0.0502403 0.0258883 -0.0033021 -0.012643 0.0290931 0.0112678 -0.0568634 -0.0143735 0.0345084 0.0136206 -0.0634869 0.00625433 0.0454691 0.0255727 0.0245361 -0.0246984 -0.0130363 0.0301049 -0.00955481 -0.0571437 0.0319804 0.0398145 0.00272272 -0.0501803 0.0437775 0.0199603
internal_weight=73366.4 43379 29987.4 18708.9 17069.6 40034 6051.54 4633.87 9697.1 11018.1 4408.33 1417.67 5617.61 4486.91 1130.7 365.416 225.541 4079.5 487.599 30336.8 2984.03 1639.29 1052.25 27480.7 23623.4 268.504 3857.31 3999.31 23354.9 2933.48 2856.1 324.47 140.568 11278.5 8824.52 8482.85 1608.42 7701.35 3696.43 2531.63 2453.95 572.735 92.7602 2457.1 1881.21 381.987 82.5244 781.495 1081.19 3345.06 479.975 183.902 64.8298 2047.38 92.141 45.8638 1955.24 1499.23 102.213 160.875 74.5285 1095.47
internal_count=359375 319555 39820 32235 23994 315503 14561 8362 31036 9433 6835 6199 9670 7935 1735 4092 1527 21366 1615 284467 19564 8241 2107 220640 180290 3109 40350 6320 177181 19215 63827 3317 1298 7585 5048 8070 1272 6793 38016 60510 2537 908 254 59580 1629 479 277 1277 1146 4052 654 2019 498 1603 151 121 1452 1150 342 2334 930 1802
is_linear=0
shrinkage=0.05


Tree=51
num_leaves=63
num_cat=0
split_feature=22 19 6 14 10 15 10 23 10 22 4 3 20 5 22 2 7 13 20 15 2 10 13 15 20 2 2 10 22 20 23 16 15 15 13 10 3 22 23 16 11 21 10 2 7 10 5 2 22 10 16 16 19 7 7 10 19 23 7 21 6 10
split_gain=3675.84 513.031 406.516 290.786 255.304 246.587 370.225 428.904 360.551 307.1 192.197 190.76 177.492 172.126 168.477 159.654 158.62 159.439 145.649 142.705 216.063 132.381 129.672 167.717 122.327 114.123 112.762 397.644 110.579 117.087 139.832 108.504 108.07 154.841 95.0421 88.0312 82.3928 81.9381 80.3978 191.726 117.498 73.5891 72.0053 69.6086 208.611 59.5514 54.8678 54.5321 51.4379 65.3091 50.5591 81.0757 79.4259 50.1486 47.4279 54.1958 47.398 47.129 149.275 45.9444 45.5057 51.92
threshold=17.235943794250492 0.37929444015026098 31.500000000000004 1.5000000000000002 4.4049999713897714 123.50000000000001 4.4600000381469735 3223.5991210937505 3.8000000715255742 18.797674179077152 63.500000000000007 88.500000000000014 0.58193194866180431 179.50000000000003 18.797674179077152 3.5000000000000004 5.2049999237060556 -0.060000032186508172 1.6134278178215029 2.5000000000000004 7.5000000000000009 2.7325000762939458 -0.0044232697691768399 11.500000000000002 0.40241117775440222 1.5000000000000002 51.500000000000007 3.9550000429153447 18.281077384948734 0.28642667829990393 1.5942281229605277e+17 0.72749775648117077 9.5000000000000018 7.5000000000000009 -0.018382349051535126 4.6000001430511483 23.500000000000004 19.527908325195316 1.464158356189728 0.32950450479984289 2.5000000000000004 4456456192.000001 3.0475000143051152 203.50000000000003 6.4500000476837167 4.6549999713897714 48.500000000000007 4.5000000000000009 16.997534751892093 3.5924998521804814 0.34052124619483953 0.24220485985279086 97.086338043212905 4.9949998855590829 4.8949999809265146 4.5025000572204599 5.6891684532165536 364.85275268554693 5.7850000858306894 359.40646362304693 13.500000000000002 3.1024999618530278
decision_type=2 2 2 2 2 2 2 2 2 2 2 2 2 2 2 2 2 2 2 2 2 2 2 2 2 2 2 2 2 2 2 2 2 2 2 2 2 2 2 2 2 2 2 2 2 2 2 2 2 2 2 2 2 2 2 2 2 2 2 2 2 2
left_child=3 28 5 4 10 6 7 8 -3 -9 16 12 19 22 26 46 17 21 -19 48 24 -1 23 -14 -21 38 27 -4 29 47 57 -7 33 -32 -18 54 37 56 50 -40 -41 -36 -34 60 -45 -17 -8 -2 49 -5 51 -6 -52 -29 55 -27 -16 58 -31 -24 61 -30
right_child=1 2 14 11 25 31 15 9 -10 -11 -12 -13 13 -15 36 45 34 18 -20 20 -22 -23 59 -25 -26 35 -28 53 43 30 32 -33 42 -35 41 -37 -38 -39 39 40 -42 -43 -44 44 -46 -47 -48 -49 -50 -51 52 -53 -54 -55 -56 -57 -58 -59 -60 -61 -62 -63
leaf_value=-0.045851397295683646 0.024533590796335502 -0.048027756172372926 -0.093344120343846718 -0.053289231993968511 0.012808669865685633 -0.054434577822180419 0.014436433225049894 0.023065848882610127 0.0054633914629641815 -0.0067428547891080345 -0.064497311702261695 -0.063100812142389245 -0.044863556112304859 -0.051593336775823645 0.0045706602579708008 0.024654551781681425 -0.082874255108313449 0.0027173468738209625 0.038151595862068594 0.040922360348569123 -0.087373535648831102 0.019279449115601199 0.049464408585471631 0.033667613178206907 -0.071381230496846915 0.011239859568450396 0.0405989271385244 -0.0038837026037443368 -0.0032307683542482988 -0.11923653966530122 -0.095995991642859546 0.053806405991525953 -0.026696580437916631 0.052415853119456263 -0.080314744768099328 0.031331409657348146 0.04405103102929616 0.031292773310482573 -0.077218402049700652 0.0083338825008450173 -0.04888068653472781 0.02352544278231801 -0.18555818619064199 0.051722889342193656 -0.097096066702822684 0.038090341601299607 0.036361293603147 0.038415264577468446 0.05469763051104324 0.055493466788394979 0.010564166437325506 0.037987195959518126 -0.059974987855816779 0.026070898930976402 0.021698902549932248 -0.025875886888902268 -0.078989283437843047 0.031769903560107733 0.041480463887224372 0.013229704837506941 0.04502987968543954 0.03797548210611728
leaf_weight=79.999321253038943 1082.0019534900784 538.00699421670288 78.607765175867826 30.451538078486919 821.11256381869316 23.253925355616957 2436.9760562032461 3516.0082902335562 757.32037757337093 1144.6237507499754 102.57079837075435 58.604657377116382 95.227867306210101 54.064656974049285 38.020725570619106 1330.6226660832763 82.155200930312276 31348.715666264761 291.74163822736591 96.225732836872339 91.230812242720276 2138.6364060845226 1051.8810461359099 230.68195853196084 31.310179967433214 323.14419348537922 641.17448028386571 160.80230340361595 78.229469642043114 21.739185092970729 29.729925200343132 605.34281725250185 12.274284546263518 40.057069391012192 23.021497698500752 1337.6296511292458 3291.7094312752597 192.69295844435692 68.705797240138054 3009.529473816976 91.483990356326103 57.863003809005022 17.723828677088022 67.056490331888199 35.007077480433509 2220.7931241989136 323.40774225443602 2104.1914962083101 99.864780751988292 23.573681101202965 297.83231674134731 525.31868812814355 45.054096058011055 1039.0992982313037 548.19630967825651 140.19526539742947 29.354381985962391 243.44977278355509 38.659962741658092 96.786896445788443 4396.0556405168027 2769.9738733097911
leaf_count=1169 997 5297 469 131 1325 6437 3021 5034 1079 3276 3370 1356 540 3057 48 1168 464 283148 1730 111 798 9220 852 315 271 453 598 248 142 238 115 238 29 13 142 1169 2607 146 402 6398 251 88 98 27 348 1371 216 1311 60 8 589 828 185 890 576 299 92 216 24 250 2279 1748
internal_value=0.0154659 0.0291409 0.0240327 0.00620905 0.00531622 0.0191841 0.0176154 0.00867031 -0.0167699 0.0157441 0.00350975 0.0250233 0.027774 0.0353128 0.0354544 0.0260528 0.00371682 0.00395447 0.00304542 -0.00314848 -0.0290588 0.0169091 0.0385353 0.0106392 0.012972 0.0138659 0.0234935 0.0148862 0.0377169 0.0304985 0.00509911 0.0497142 -0.0459557 -0.0112013 -0.04533 0.0229145 0.0419092 0.014716 0.00948645 0.00478634 0.00662915 -0.00658858 -0.123676 0.041239 0.000183699 0.0330661 0.0170192 0.0337119 0.0336027 -0.00558561 0.0182944 0.0226568 0.00113357 0.0220525 0.0117593 -1.12364e-05 -0.0323849 0.0219778 -0.0172841 0.0464298 0.0418166 0.0368412
internal_weight=72596.8 29304 18367.8 43292.8 41332.9 12896.4 12267.8 5955.96 1295.33 4660.63 34124.7 1959.9 1901.3 1528.64 5471.46 6311.8 34022.1 33859.1 31640.5 372.657 218.767 2218.64 1474.58 325.91 127.536 7208.2 1919.68 1278.51 10936.2 3589.83 403.634 628.597 99.7851 69.787 163.04 2349.17 3551.78 260.068 4859.04 3169.72 3101.01 80.8845 29.9981 7346.32 102.064 3551.42 2760.38 3186.19 153.89 54.0252 1689.32 1346.43 342.886 1199.9 1011.54 463.339 67.3751 303.849 60.3991 1148.67 7244.26 2848.2
internal_count=359375 39820 32235 319555 311806 27137 20462 14686 6376 8310 299331 7749 6393 5014 5098 5776 295961 295267 284878 1379 1180 10389 1957 855 382 12475 2205 1607 7585 3041 733 6675 255 128 694 2497 2893 286 9978 7051 6649 230 127 4544 375 2539 3237 2308 199 139 2927 2153 774 1138 1328 752 140 478 262 1102 4169 1890
is_linear=0
shrinkage=0.05


Tree=52
num_leaves=63
num_cat=0
split_feature=22 23 18 10 15 22 7 12 20 21 15 9 9 3 10 12 20 5 7 11 23 15 9 20 22 5 18 15 20 20 12 23 10 13 6 12 23 12 21 21 18 3 11 18 18 13 22 23 3 7 7 10 15 3 14 13 10 3 22 18 7 17
split_gain=3483.89 460.755 341.085 333.825 467.348 426.008 1083.79 648.582 417.783 387.954 810.683 272.582 225.103 211.778 203.985 188.925 177.476 162.221 161.565 323.425 154.4 348.043 167.091 331.649 195.181 164.609 153.936 150.07 225.745 136.126 129.506 121.449 120.938 118.536 115.526 100.776 99.8639 97.8596 141.305 88.0937 85.0391 111.717 75.1728 70.8855 105.975 67.9118 111.559 114.205 90.6567 82.4506 74.6906 90.5462 62.1134 58.7286 64.8068 57.84 56.5473 55.7113 52.9821 46.3756 45.4799 43.1762
threshold=17.694078445434574 1979.334655761719 13.525680541992189 4.5025000572204599 110.50000000000001 19.210180282592777 6.5499999523162851 2.0347852706909184 0.20009507238864901 198980976.00000003 23.500000000000004 2.6000002622604375 1.9699999094009402 10.500000000000002 4.4600000381469735 1.8464346528053286 0.92516344785690319 799.50000000000011 4.8949999809265146 4.5000000000000009 0.39771561324596411 12.500000000000002 0.80000007152557384 0.48076881468296057 14.726564407348635 34.500000000000007 0.27305832505226141 76.500000000000014 0.37224116921424871 0.54246044158935558 1.9704241752624514 0.088593959808349623 3.1024999618530278 0.00087299678125418733 5.5000000000000009 1.3585215806961062 183.75904846191409 1.1944444775581362 12716971520.000002 958644512.00000012 1.2600731849670412 27.500000000000004 3.5000000000000004 113.79700088500978 73.18753814697267 -0.053925821557641022 16.686571121215824 1.2555824500257589e+17 4.5000000000000009 4.5850000381469735 4.9949998855590829 4.3999998569488534 46.500000000000007 24.500000000000004 1.5000000000000002 -0.0039304941892623893 4.2550001144409189 1.5000000000000002 16.162962913513187 0.92550706863403331 5.3200001716613778 6.5017483234405526
decision_type=2 2 2 2 2 2 2 2 2 2 2 2 2 2 2 2 2 2 2 2 2 2 2 2 2 2 2 2 2 2 2 2 2 2 2 2 2 2 2 2 2 2 2 2 2 2 2 2 2 2 2 2 2 2 2 2 2 2 2 2 2 2
left_child=1 11 15 4 5 6 9 40 42 12 -11 14 -2 26 20 16 18 32 19 -3 22 25 23 -1 -24 -22 -5 28 -9 -23 -10 43 -6 35 -20 -34 53 39 -39 -33 -7 -42 -8 44 -16 49 50 48 -48 -4 51 -47 -17 54 56 58 -13 -49 -18 -15 -51 -29
right_child=3 2 45 13 17 7 8 27 30 10 -12 36 -14 59 31 52 55 -19 34 -21 21 29 24 -25 -26 -27 -28 61 -30 -31 -32 37 33 -35 -36 -37 -38 38 -40 -41 41 -43 -44 -45 -46 46 47 57 -50 60 -52 -53 -54 -55 -56 -57 -58 -59 -60 -61 -62 -63
leaf_value=0.004258564682341863 0.024307358313872759 0.013292959004395109 -0.062751250398271938 0.038530235334429952 0.052755067260462821 0.04342175247185262 -0.070469176225859576 0.0062877374718523869 -0.24202964686311912 0.03004400199734808 -0.15080291999405615 -0.072303801127561212 -0.0086879150371268234 0.04558183727669609 0.028557007364874366 -0.068961650097668442 -0.029852910774110005 -0.055942460717372813 0.016854424494923206 -0.05807107898385705 -0.0058890199417606951 -0.016993890060725918 -0.055544341352302878 -0.053439384796562905 0.019647691844645224 -0.033453863171888643 0.019992885896587209 0.040588783481401131 -0.086925242677150641 0.029527160318508258 -0.12376825187821346 0.0050144265324074842 0.015839230528372515 0.039969755702410716 0.031061960001585259 -0.1096102079985867 -0.094876051812372394 -0.16469675026696629 0.013756548696548103 0.022866732857814459 -0.00040072801822177369 0.038845008860998093 0.030638882856444189 0.0583675896923063 -0.048376174780865998 -0.0093782895057755011 -0.068096487638415096 -0.046164989173911319 -0.0012720989173932761 0.041132565570472991 -0.08730300882650964 0.01308050890296765 0.043541294459411961 -0.06538753648903925 0.042500614920706593 0.05071265210395829 0.05310973381173404 0.027032531172688307 0.041641442236916792 0.036711714633314588 -0.016489704294803367 -0.035622208158392309
leaf_weight=21986.351529945619 727.84373578429222 3863.8391729220748 24.797535412013531 2080.7241028398275 1802.2020858982578 2907.7968634516001 33.695028133690357 108.35052496194839 42.207346029579639 3394.3747844668105 62.134402666240931 34.899178877007216 1776.6101457324112 4411.973177023232 742.14855550229549 78.287043435964733 45.732905969023705 36.742264717468061 3106.9763952624053 164.56736174132675 4640.3453359622508 188.54702264536172 88.42351752333343 250.90295259747654 2490.9374424486887 612.44765601214021 2437.972272336483 75.717759334016591 160.34707326581702 925.78093321295455 60.753462108783424 1948.9536614492536 32.202887430787086 110.1477437466383 2663.8146148752421 30.296381710562855 80.276113017462194 18.411591723561287 25.451566070318222 1071.1634727120399 281.6893766708672 506.60875803977251 38.15445165336132 185.03150960803032 46.695641875267029 890.2727744281292 176.59920151904225 34.008908212184906 71.33104282990098 199.7627139724791 22.761430010199547 902.82665017805994 13.752191810868679 55.35985965130385 44.11447483394295 573.78201266750693 11.1341166049242 99.920467844232917 57.165620079264045 2276.0149678587914 40.577786386013031 23.606535168364644
leaf_count=205091 674 10786 224 1288 795 1530 99 165 267 3218 291 263 6850 2232 735 751 176 5442 4073 739 42252 1129 1879 6864 17830 5332 2519 115 1574 3587 331 4392 36 69 2365 227 645 101 28 1255 432 305 33 151 133 11195 740 112 137 234 105 2533 8 2784 109 322 3 113 43 1467 91 106
internal_value=0.0148448 0.00719459 0.0152341 0.0306805 0.0249561 0.0206076 0.0122868 0.0331625 -0.110067 0.0158936 0.026749 0.0042387 0.000905042 0.0369149 0.00459053 0.019139 0.0197677 0.0469816 0.018053 0.0103627 0.00322083 -0.00372419 0.00500297 0.00360496 0.0170476 -0.00910964 0.0285365 -0.0300666 -0.0494352 0.021643 -0.174158 0.0151639 0.0489264 0.00885736 0.0234178 -0.0456619 -0.0504013 0.0102665 -0.0630393 0.0113533 0.0394661 0.0248319 -0.0170253 0.0305403 0.0239411 -0.00152039 -0.00440915 -0.0289374 -0.0489731 0.0223322 0.000759251 0.00192793 -0.0518108 -0.0253505 -0.000261273 0.0445279 -0.0413794 0.00820392 0.0098364 0.0425699 0.0313552 0.0222513
internal_weight=71896.3 48478.2 13030.8 23418.2 12211.5 10199.9 6135.77 4064.12 174.81 5960.96 3456.51 35447.4 2504.45 11206.7 35221.6 10567.9 10475.9 2011.59 9799.2 4028.41 31183.7 6367.12 24816.6 22237.3 2579.36 5252.79 4518.7 368.022 268.698 1114.33 102.961 4037.86 1974.85 172.647 5770.79 62.4993 225.784 3063.98 43.8632 3020.12 3696.09 788.298 71.8495 973.876 788.844 2462.86 2197.72 381.86 247.93 265.138 1815.86 1793.1 92.0392 145.508 90.1478 676.681 46.0333 133.929 102.899 6687.99 240.341 99.3243
internal_count=359375 329310 34747 30065 22559 15990 11763 4227 730 11033 3509 294563 7524 7506 290759 19263 18504 6569 17963 11525 283964 52300 231664 211955 19709 47584 3807 1960 1739 4716 598 6795 1127 332 6438 263 3804 5776 129 5647 2267 737 132 1019 868 15484 14935 1102 877 549 13833 13728 759 3159 375 541 266 225 219 3699 325 221
is_linear=0
shrinkage=0.05


Tree=53
num_leaves=63
num_cat=0
split_feature=22 0 23 19 2 2 10 9 6 22 13 21 23 6 10 13 12 15 23 9 9 10 10 21 2 0 23 15 23 8 19 9 10 15 8 2 5 9 13 18 19 10 23 12 5 7 15 9 0 0 15 7 13 18 10 2 10 21 4 8 12 7
split_gain=3301.05 508.054 519.134 382.994 364.128 356.324 405.124 245.241 227.519 538.472 300.756 225.189 298.278 201.204 211.804 190.703 182.638 160.605 211.414 158.129 217.225 148.476 179.859 172.54 139.046 137.244 133.824 116.104 356.41 132.682 108.709 107.383 125.7 107.395 102.429 521.913 240.276 120.917 281.587 85.0906 112.153 95.2891 83.4592 79.8662 72.7143 70.8023 58.3606 51.1634 50.3662 44.7459 44.4593 43.5356 47.0452 39.664 44.8447 33.8769 39.6355 185.982 96.4958 70.9865 32.2699 76.1219
threshold=17.694078445434574 5.2049999237060556 1979.334655761719 0.20858556032180789 1.5000000000000002 18.500000000000004 4.1000001430511483 2.6000002622604375 14.500000000000002 18.720302581787113 -0.05989010073244571 3292.8242187500005 2.6621994007003141e+18 7.5000000000000009 4.1250000000000009 -0.027272731065750119 1.8464346528053286 7.5000000000000009 3223.5991210937505 2.505000233650208 1.7199999094009402 2.8000000715255742 2.9025000333786015 85.54877090454103 14.500000000000002 4.6949999332427987 54.715476989746101 7.5000000000000009 30615.250000000004 5.7850000858306894 21.388236999511722 3.4999998807907109 4.5025000572204599 4.5000000000000009 6.0499999523162851 103.50000000000001 218.50000000000003 4.5250000953674325 -0.0095238033682107908 0.40651999413967138 0.93281278014183056 3.8500000238418584 183.75904846191409 1.250000059604645 1.5000000000000002 5.1099998950958261 46.500000000000007 3.9999998807907109 4.5050001144409189 5.6199998855590829 168.50000000000003 5.4400000572204599 0.41250005364418035 0.49451291561126715 5.2199997901916513 13.500000000000002 3.5025000572204594 216354299904.00003 25.500000000000004 6.1499998569488534 1.6774194240570071 6.7500000000000009
decision_type=2 2 2 2 2 2 2 2 2 2 2 2 2 2 2 2 2 2 2 2 2 2 2 2 2 2 2 2 2 2 2 2 2 2 2 2 2 2 2 2 2 2 2 2 2 2 2 2 2 2 2 2 2 2 2 2 2 2 2 2 2 2
left_child=1 2 7 48 25 6 11 13 9 27 -11 12 15 19 26 -5 21 18 -13 20 -1 23 -23 -6 -21 39 -15 28 -7 -29 -12 32 33 -8 35 36 -10 50 -39 41 -41 -4 51 -16 49 -34 -18 -14 55 -3 -36 52 -9 -27 -55 -2 57 59 -59 -57 -33 -62
right_child=3 44 4 5 16 8 31 42 34 10 30 17 47 14 43 -17 46 -19 -20 24 -22 22 -24 -25 -26 53 -28 29 -30 -31 -32 60 45 -35 37 -37 -38 38 -40 40 -42 -43 -44 -45 -46 -47 -48 -49 -50 -51 -52 -53 -54 54 -56 56 -58 58 -60 -61 61 -63
leaf_value=0.0019502998455061789 0.028074494881526652 0.010089555659250779 0.048210716734590757 -0.01261315272096801 0.052568689606289659 -0.1169117971052734 -0.0020923232680238927 -0.052555289211818047 0.035490801605635093 0.035910910565590003 -0.097419344860013496 -0.081639062588655123 -0.023343491973378865 0.0016894045522266193 0.029835346398639911 -0.08104218140925501 -0.068114046744907439 0.052151660282821845 0.010117809582658415 0.052979563557062404 -0.018945270356947142 -0.027845050319068143 0.0204631502640229 -0.002570213745390626 -0.073426861865658069 0.031115602766340962 -0.070297166405303646 -0.07591856377584745 0.025518122866055704 0.04904669821263305 0.025936094149320455 0.045763948731614532 0.0040943528212051099 0.024370358214349241 0.040489267975543287 -0.13789700222099074 -0.075744175703239089 0.041276483417319834 -0.070234590319306081 -0.050653065222339116 -0.0040323980048484961 0.0033907063957917109 -0.092170259147945424 -0.031337772057006774 0.03253401509524665 0.027046453825427971 0.04248547520840347 0.040352778484664509 0.044148174930116357 0.025481265361512701 0.05360332815086917 0.026679021381666203 0.056570959510687684 0.014168058884865126 -0.035496076686601256 -0.010336242232754186 0.044077119067053465 0.027562873103723275 -0.11579790719639518 0.040952149283555034 0.041797528352460853 -0.01612472299824648
leaf_weight=28492.922077884432 1073.9136108234525 896.47150322794914 151.1538614705205 175.61138680204749 681.38608915917575 47.237909638206474 929.85148386657238 96.813078840263188 1242.9534507915378 71.982738219201565 163.78988564945757 71.083121486008167 40.420843542553484 628.93658496858552 1448.8952521383762 243.3445797120221 73.944757166784257 183.01142795756459 485.11339512839913 225.95419738069177 1299.5210739506874 197.5246101859957 6627.532527461648 178.7888280916959 23.158278251299635 364.03071816265583 70.927434559911489 21.132570120855235 490.19039376359433 594.78611559793353 19.545978555455804 626.30895386636257 366.43433222174644 650.87322972714901 3895.5563856309745 46.334930483833887 49.576778246089816 189.84916003793478 79.486837553558871 135.05841480195522 2504.1727253831923 539.7144594527781 77.914443801622838 54.534080423414707 1684.0563067274634 4169.826555415988 13.422551628202198 132.66964305890724 3450.0538282468915 1005.2024722546339 792.69320985302329 28.781723013147712 10.122206024825571 794.17310940101743 47.215883202850819 73.929035478271544 1419.6987663656473 17.976573951542377 30.909444692078978 714.17478535557166 193.47465121001005 79.300928100943565
leaf_count=272413 890 1690 963 448 476 465 1378 3084 882 67 807 264 110 2937 1285 1351 737 75 723 333 9357 954 8987 778 397 341 286 6449 709 291 176 306 556 589 3020 567 612 126 1361 432 17787 1043 643 112 1584 3545 8 216 1846 996 315 51 8 1514 114 189 749 14 142 577 113 137
internal_value=0.0142525 0.00685306 0.00540206 0.0299206 0.0141455 0.0257077 0.0185454 0.00208609 0.0334629 0.0152772 -0.0502888 -0.00673498 -0.0296904 0.00244074 0.0170217 -0.0524694 0.0207144 0.011659 -0.00172542 0.00137066 0.00103808 0.0215343 0.0190605 0.0411125 0.0409618 0.00288502 -0.0056888 0.029827 0.0127959 0.0446348 -0.0841716 0.0233432 0.0209635 0.00880921 0.0375277 0.025212 0.0311651 0.0408469 0.00821061 -0.00234751 -0.00643831 0.0132595 -0.0511827 0.0275937 0.0249604 0.0251948 -0.0507772 0.0254008 0.0398881 0.0182372 0.0427186 -0.0271133 -0.041751 0.0173345 0.0113363 0.0354617 0.038961 0.0302348 -0.0634847 0.0361276 0.0394873 0.0249428
internal_weight=71185.4 48352.3 44766.6 22833.1 12308.1 16052.4 8347.32 32458.5 7705.12 1408.67 255.319 1331.25 592.046 32244.8 2203.29 418.956 7772.6 739.208 556.197 30041.6 29792.4 7685.23 6825.06 860.175 249.112 4535.52 699.864 1153.35 537.428 615.919 183.336 7016.07 6116.99 1580.72 6296.45 1338.87 1292.53 4957.59 269.336 3330.1 2639.23 690.868 213.631 1503.43 3585.73 4536.26 87.3673 173.09 6780.66 1901.67 4688.25 135.717 106.935 1205.42 841.389 3330.6 2256.69 836.99 48.886 788.104 899.085 272.776
internal_count=359375 329310 325040 30065 34134 25658 9811 290906 15847 8964 1050 3187 2125 287120 4620 1799 11940 1062 987 282500 281770 11195 9941 1254 730 22194 3223 7914 1174 6740 983 6624 6068 1967 6883 2061 1494 4822 1487 20225 18219 2006 3786 1397 4270 4101 745 326 4407 2686 3335 3143 3092 1969 1628 2561 1671 922 156 766 556 250
is_linear=0
shrinkage=0.05


end of trees

feature_importances:
trigger_depth=365
trigger_mag=280
median_mag_7d=195
moment_accel=189
moment_7d_log=188
n_events_30d=175
hours_since_last=165
b_value_14d=162
depth_to_peak=141
active_ratio_7d_30d=140
n_events_24h=137
rumble_ratio=134
hours_since_m4=130
max_mag_7d=122
mag_range_7d=119
max_mag_72h=105
energy_ratio_24h_48h=88
n_m4_events_7d=86
n_events_72h=83
mag_trend_72h=83
depth_trend_7d=74
n_events_7d=66
rate_accel_6h_24h=45
consec_up=40
double_tap_count=36

parameters:
[boosting: gbdt]
[objective: binary]
[metric: auc]
[tree_learner: serial]
[device_type: cpu]
[data_sample_strategy: bagging]
[data: ]
[valid: ]
[num_iterations: 500]
[learning_rate: 0.05]
[num_leaves: 63]
[num_threads: 0]
[seed: 0]
[deterministic: 0]
[force_col_wise: 0]
[force_row_wise: 0]
[histogram_pool_size: -1]
[max_depth: 7]
[min_data_in_leaf: 50]
[min_sum_hessian_in_leaf: 0.001]
[bagging_fraction: 0.8]
[pos_bagging_fraction: 1]
[neg_bagging_fraction: 1]
[bagging_freq: 5]
[bagging_seed: 3]
[bagging_by_query: 0]
[feature_fraction: 0.7]
[feature_fraction_bynode: 1]
[feature_fraction_seed: 2]
[extra_trees: 0]
[extra_seed: 6]
[early_stopping_round: 0]
[early_stopping_min_delta: 0]
[first_metric_only: 0]
[max_delta_step: 0]
[lambda_l1: 0.1]
[lambda_l2: 1]
[linear_lambda: 0]
[min_gain_to_split: 0]
[drop_rate: 0.1]
[max_drop: 50]
[skip_drop: 0.5]
[xgboost_dart_mode: 0]
[uniform_drop: 0]
[drop_seed: 4]
[top_rate: 0.2]
[other_rate: 0.1]
[min_data_per_group: 100]
[max_cat_threshold: 32]
[cat_l2: 10]
[cat_smooth: 10]
[max_cat_to_onehot: 4]
[top_k: 20]
[monotone_constraints: ]
[monotone_constraints_method: basic]
[monotone_penalty: 0]
[feature_contri: ]
[forcedsplits_filename: ]
[refit_decay_rate: 0.9]
[cegb_tradeoff: 1]
[cegb_penalty_split: 0]
[cegb_penalty_feature_lazy: ]
[cegb_penalty_feature_coupled: ]
[path_smooth: 0]
[interaction_constraints: ]
[verbosity: -1]
[saved_feature_importance_type: 0]
[use_quantized_grad: 0]
[num_grad_quant_bins: 4]
[quant_train_renew_leaf: 0]
[stochastic_rounding: 1]
[linear_tree: 0]
[max_bin: 255]
[max_bin_by_feature: ]
[min_data_in_bin: 3]
[bin_construct_sample_cnt: 200000]
[data_random_seed: 1]
[is_enable_sparse: 1]
[enable_bundle: 1]
[use_missing: 1]
[zero_as_missing: 0]
[feature_pre_filter: 1]
[pre_partition: 0]
[two_round: 0]
[header: 0]
[label_column: ]
[weight_column: ]
[group_column: ]
[ignore_column: ]
[categorical_feature: ]
[forcedbins_filename: ]
[precise_float_parser: 0]
[parser_config_file: ]
[objective_seed: 5]
[num_class: 1]
[is_unbalance: 0]
[scale_pos_weight: 39.4241]
[sigmoid: 1]
[boost_from_average: 1]
[reg_sqrt: 0]
[alpha: 0.9]
[fair_c: 1]
[poisson_max_delta_step: 0.7]
[tweedie_variance_power: 1.5]
[lambdarank_truncation_level: 30]
[lambdarank_norm: 1]
[label_gain: ]
[lambdarank_position_bias_regularization: 0]
[eval_at: ]
[multi_error_top_k: 1]
[auc_mu_weights: ]
[num_machines: 1]
[local_listen_port: 12400]
[time_out: 120]
[machine_list_filename: ]
[machines: ]
[gpu_platform_id: -1]
[gpu_device_id: -1]
[gpu_use_dp: 0]
[num_gpu: 1]

end of parameters

pandas_categorical:null
