tree
version=v4
num_class=1
num_tree_per_iteration=1
label_index=0
max_feature_idx=24
objective=binary sigmoid:1
feature_names=trigger_mag trigger_depth n_events_24h n_events_72h n_events_7d n_events_30d n_m4_events_7d max_mag_72h max_mag_7d mag_range_7d median_mag_7d consec_up rumble_ratio mag_trend_72h double_tap_count depth_to_peak active_ratio_7d_30d rate_accel_6h_24h hours_since_last hours_since_m4 b_value_14d energy_ratio_24h_48h moment_7d_log moment_accel depth_trend_7d
feature_infos=[2.5:8.1999998092651367] [-3.6500000953674316:750] [0:1149] [0:1532] [0:1892] [0:6444] [0:231] [0:8.3000001907348633] [0:8.3000001907348633] [0:5.6999998092651367] [0:8.1999998092651367] [0:12] [0:2.5698325634002686] [-2.0999999046325684:1.8499999046325684] [0:36] [0:1554] [0:1] [0:404] [0:999] [0:999] [0:9.3670949935913086] [0:143919371255808] [0:21.56031608581543] [0:1.8118396476502154e+21] [-199.09500122070312:283.5]
tree_sizes=5727 6733 6781 6520 6588 6766 6746 6815 6791 6752 5109 3234 5981 5508 5753 6833 6780 6857 6822 6800 6831 6853 6598 6815 6852 6851 6790 6813 6823 6792 6865 6810 6818 6825 6841 6829 6808 6858 6847 6859 6832 6833 6866 6868 6844 6814 6824 6823 6832 6821 6849 6900 6843 6857 6851 6863 6871 6857 6854 6877 6182 6845 6864 6848 6843

Tree=0
num_leaves=54
num_cat=0
split_feature=8 5 0 22 2 18 10 8 0 12 16 0 9 0 14 4 1 1 19 10 10 10 4 17 22 4 1 8 0 22 1 0 0 5 18 13 1 0 23 5 19 1 4 22 19 18 0 1 0 1 1 6 9
split_gain=9.13638e+06 1.21636e+06 690698 372225 250365 217338 211332 161272 139605 130113 110664 57375 55731.5 55674.8 47398.1 43045.3 39069.5 37310 36785.2 51858.9 34647 60034 32290 25216.3 24661.3 26886.6 24305.8 24056.1 20706.7 19669.3 19246.1 19147.6 18973.1 18209 16511 14387.7 13754 12738.8 12242 9435.36 9056.2 8022.53 6217.86 4572.83 4355.8 3824.07 2985.67 2934.46 1466.6 1233.37 3878.75 1222.08 2571.04
threshold=4.5950000286102304 333.50000000000006 5.0050001144409189 17.687735557556156 11.500000000000002 8.7988066673278826 2.7024999856948857 4.3900001049041757 4.4949998855590829 2.1673028469085698 0.9566781520843507 4.805000066757203 2.8150000572204594 5.6199998855590829 8.5000000000000018 159.50000000000003 26.914999961853031 29.915499687194828 18.490462303161625 3.6999999284744267 3.6999999284744267 2.7925000190734868 30.500000000000004 4.8769736289978036 15.708560466766359 27.500000000000004 73.415000915527358 3.2350000143051152 3.9550000429153447 16.403818130493168 21.998999595642093 4.7099997997283944 4.2950000762939462 1.5000000000000002 153.22216796875003 0.099999915808439269 34.905000686645515 5.2049999237060556 16.803028106689457 60.500000000000007 6.6227431297302255 46.004999160766609 15.500000000000002 17.20800876617432 0.015142222400754692 5.0179669857025155 4.805000066757203 496.41000366210943 3.3950001001358037 88.509998321533217 90.006500244140639 2.5000000000000004 3.2100000381469731
decision_type=2 2 2 2 2 2 2 2 2 2 2 2 2 2 2 2 2 2 2 2 2 2 2 2 2 2 2 2 2 2 2 2 2 2 2 2 2 2 2 2 2 2 2 2 2 2 2 2 2 2 2 2 2
left_child=2 3 4 5 7 10 38 8 23 14 20 17 15 30 18 -12 31 32 26 -20 21 -2 51 28 46 35 -5 -25 -1 -22 -4 -10 -7 -18 -19 -26 -8 49 39 -6 -38 43 -3 -13 -16 -14 48 -43 -9 -32 -51 52 -11
right_child=1 42 13 9 6 11 36 24 16 22 12 41 45 -15 44 -17 33 34 19 -21 29 -23 -24 27 25 -27 -28 -29 -30 -31 37 -33 -34 -35 -36 -37 40 -39 -40 -41 -42 47 -44 -45 -46 -47 -48 -49 -50 50 -52 -53 -54
leaf_value=-4.5019533343448028 -0.53659139614301843 -1.9382523804595606 -1.2542889253247784 0.57440610290425198 -0.9349174248031944 -3.290843173198283 -4.7577965265680398 -3.8262955166319781 -3.2249319409888262 -1.9382523804595659 0.10094571810523334 -0.38071947449833043 -4.7522907912430217 0.10880022195251993 -2.0355855401168998 -4.7494575181392698 -4.290296927695449 -4.6077981062008639 -4.7527401477137001 -0.30820866913788691 -3.2429988552105575 -3.5432286285031704 -4.7559190009524857 -0.41589420437985147 -2.0662904886979874 -4.7547250652574364 -2.0948193460582916 -4.7507762654722994 -4.1433035693394737 -0.72849076867262275 -4.7523147013538178 -2.1204384976182884 -1.7322298063674078 -3.1352817555789638 -1.6172437138653635 -4.7503817896819571 -0.9349174248031944 -2.1042143080447571 0.69986898113253293 -4.7437866730554479 -4.7430561994801108 -4.742575086725064 -4.7589599336943449 -3.2693661588311866 -4.750355928711584 -2.4448422537676211 -2.6877789432644756 -2.2010825690101274 -4.7557201458077989 -2.0237877843284773 -4.747158397316781 -0.39955602843061477 -4.7359068765827059
leaf_weight=1766.059127766639 26.594166731461883 0.98221176862716575 55.981016735546291 2078.8107321904972 3.3627819241955867 36.800814409740269 34.292252185754478 4.9931568345055046 118.3162754047662 0.98221176862716975 526.24447379261255 34.479026015847921 6.8354295603930932 85.600719242356718 1.0530452355742443 4.5953211681917301 105.51873411703855 35.894256790168583 7.3666805624961844 57.576995487324893 10.003419450484214 44.645620874129236 15.078674276359378 6.6724387481808645 120.53186239674687 10.943770643323658 11.506822867318986 5.4541769549250603 521.26395005173981 113.22155325487256 6.8619921104982513 64.174149277620018 50.319160061888397 50.256160203367472 4.3101795446127644 5.1708430871367446 3.3627819241955867 15.729063163511453 48.792440415360034 2.5588589934632182 2.3994836928322911 2.3020876757800575 134.98202545102686 2.7530484423041335 5.1531347203999758 1.4160667536780236 1.6994006214663375 1.1858579861000178 14.202110122889279 1.0441910522058604 3.5416733473539352 5.3714763782918453 1.3635442387312648
leaf_count=190446 695 1 2365 14919 50 3057 3873 454 9735 1 8646 816 772 1313 9 519 10928 3944 832 1336 800 3943 1703 94 7127 1236 640 616 52496 3663 775 3840 2605 4027 157 584 50 897 124 289 271 260 15245 201 582 50 82 24 1604 8 400 57 154
internal_value=-1.94792 -0.0901878 -3.90555 0.113674 -4.08786 -0.752693 -1.57348 -4.1742 -4.26748 0.469309 -0.379754 -2.39667 -0.00439381 -0.805615 0.509038 0.0589506 -3.32054 -2.94364 0.52163 -0.805455 -1.43909 -2.37855 -3.35892 -4.40733 -2.62498 -2.38158 0.560972 -2.22063 -4.42001 -0.919135 -1.79301 -2.82451 -2.36699 -3.90997 -4.21982 -2.1762 -4.35295 -2.98611 0.418291 -2.34878 -2.29196 -0.769835 -4.71847 -0.550944 -3.98336 -4.15492 -4.25063 -3.51335 -4.48247 -4.31013 -3.75826 -0.936476 -3.08798
internal_weight=6280.61 3221.83 3058.78 3085.86 2890.02 901.6 94.7686 2795.26 2637.72 2184.26 733.556 168.044 539.091 168.759 2161.47 530.84 338.265 127.324 2155.26 64.9437 194.465 71.2398 22.7959 2299.45 157.541 136.646 2090.32 12.1266 2287.32 123.225 83.1579 182.49 87.12 155.775 40.2044 125.703 40.0545 27.1769 54.7141 5.92164 5.76227 40.72 135.964 37.2321 6.20618 8.2515 20.8947 3.48795 19.1953 11.4479 4.58586 7.71723 2.34576
internal_count=359315 65631 293684 50385 287926 30152 4657 283269 272182 20233 19088 11064 9987 5758 18318 9165 28530 9763 17727 2168 9101 4638 1915 243652 11087 8947 15559 710 242942 4463 4445 13575 5662 14955 4101 7711 4194 2080 463 339 321 1301 15246 1017 591 822 2140 284 2058 1183 408 212 155
is_linear=0
shrinkage=1


Tree=1
num_leaves=63
num_cat=0
split_feature=8 0 0 18 2 3 24 18 0 6 10 19 19 0 18 21 0 0 20 0 21 10 24 5 5 19 0 19 21 10 8 0 18 0 18 0 18 18 19 4 21 18 21 14 24 8 12 9 0 0 0 0 10 5 19 10 9 0 0 18 0 19
split_gain=27586.9 9158.14 13493.3 3630.2 4452.6 10669.6 1977.53 1834.33 2406.23 3064.45 1716.96 2396.27 8542.18 3547.48 3518.33 2264.83 2177.01 1246.74 1019.86 1075.87 793.884 787.04 1416.11 769.036 741.525 610.151 1108.25 592.02 618.713 617.039 589.564 1024.61 647.4 1580.93 541.985 532.053 515.937 503.756 489.123 480.247 466.269 440.118 727.848 438.668 810.656 434.928 431.334 447.328 343.654 343.032 722.311 329.494 319.24 311.166 337.773 305.982 727.981 268.925 267.054 227.764 230.309 216.293
threshold=4.5099999904632577 4.9100000858306894 3.8850001096725468 686.12658691406261 11.500000000000002 54.500000000000007 -4.4985713958740225 49.738353729248054 3.435000061988831 1.5000000000000002 4.307500123977662 356.90486145019537 194.63013458251956 4.7099997997283944 0.053249999880790717 69390084.000000015 3.9850000143051152 5.6199998855590829 0.89812183380126964 4.305000066757203 5934002432.000001 3.0225000381469731 0.038653444498777396 333.50000000000006 2.5000000000000004 34.292917251586921 4.6949999332427987 0.015142222400754692 1389.8003540039065 4.4600000381469735 5.7850000858306894 4.805000066757203 59.407678604125984 4.2950000762939462 149.29573059082034 4.7099997997283944 135.64805603027347 32.047138214111335 19.661505699157718 2.5000000000000004 216354299904.00003 468.75234985351568 140463848.00000003 1.5000000000000002 -0.65714284777641285 5.0699999332427987 1.0540540814399721 1.1999999284744265 4.9949998855590829 3.2050000429153447 2.8950001001358037 2.9050000905990605 4.8500001430511483 3.5000000000000004 245.21841430664065 3.2024999856948857 3.2100000381469731 5.2049999237060556 5.0950000286102304 66.351917266845717 5.4200000762939462 670.05950927734386
decision_type=2 2 2 2 2 2 2 2 2 2 2 2 2 2 2 2 2 2 2 2 2 2 2 2 2 2 2 2 2 2 2 2 2 2 2 2 2 2 2 2 2 2 2 2 2 2 2 2 2 2 2 2 2 2 2 2 2 2 2 2 2 2
left_child=1 2 3 4 5 6 -1 18 9 -9 11 12 15 -14 -13 -4 -16 24 19 20 27 22 -22 43 41 39 -27 29 -29 -2 31 32 33 -10 37 -34 -28 -26 55 -12 -23 42 -3 44 -20 -45 48 -48 -40 50 -5 -52 -32 54 -36 56 -21 61 -57 -33 -61 -43
right_child=7 17 10 49 -6 -7 -8 8 30 -11 25 14 13 -15 16 -17 -18 -19 23 38 21 40 -24 -25 34 26 36 28 -30 -31 52 59 35 -35 53 -37 -38 -39 46 -41 -42 57 -44 45 -46 -47 47 -49 -50 -51 51 -53 -54 -55 -56 58 -58 -59 -60 60 -62 -63
leaf_value=0.36132317316281948 0.4083890416141005 -0.059858991468665204 0.18436263640622047 -0.025218944688122892 0.073644548828157533 2.7996780533643535 0.1709370567984122 -0.052798821908936401 0.83454722422389693 0.86927071809043843 0.23456205653084897 1.2618805039155299 0.6610396375291403 0.22145896268408449 0.54660661021970325 0.37531681469586708 0.22784797826653899 0.069148876500708667 0.092789551232382639 0.2052627484288829 -0.1287235501797728 0.072989016411580815 0.059992693890192773 -0.049889058712031503 0.17062959347936893 -0.0044529058189949336 0.1351399696601053 0.054419229142818437 0.02506778614963073 0.05808959512998535 -0.084150456380062036 0.11813685350445324 0.13782910809751689 0.22302664056436361 0.55070028737530519 0.32583998693596417 0.46864449551008325 -0.057505323437989232 -0.063932929523670384 -0.052525696585069476 0.05099319680016412 0.17063884170663379 0.18696601698151849 0.10006762481192132 -0.084959485431400708 0.075804757798114505 0.16655333080034207 0.095038041039182522 0.077833579467261646 -0.050230336421889045 0.24171079964106648 0.073765583967788817 0.075601900204437508 0.22006445104825062 0.22665155155381031 0.068422868929097033 0.072654750814417191 0.14397297652754321 0.077615714040932524 -0.020627105802457038 0.090934541069834909 0.074639964093101571
leaf_weight=145.67347807995975 22.265847531147301 88.455110601149499 487.45496104937047 220.1193229034543 1365.1324909888208 2.9080204088240853 2164.2956030257046 14.227267901413141 11.559259440749882 23.028027123771608 209.01133383251727 7.4780210377648464 224.8477239580825 59.317928546108305 54.804308462888002 230.37997778877616 1817.1426935195923 2409.8183486461639 167.75543123111129 143.31581694073975 141.8829682758078 11761.205100713298 325.69747330155224 101.70852667838335 141.34932126663625 107.85506784636527 28.271514217369258 7468.2398573895916 2368.059222179465 28.289849758148193 36.001283626072109 165.48870681039989 333.82539168931544 77.774119850248098 17.390631622634828 42.368602003902197 20.268099080771208 28.601990240626037 61.092405780218542 15.268437400460241 3046.5626930193976 70.282075514085591 43.84929428063333 4587.4837741069496 102.5088435234502 3133.7201013527811 300.84596502315253 830.15005481708795 136.62627385091037 170.4477176964283 37.11178994178772 133.21293698251247 204.50278449058533 117.08894454594702 18.711669430136681 29532.809472588822 374.38343420345336 536.03430308401585 10911.142711360939 88.949369883164763 94.588574088178575 364.89482563920319
leaf_count=3914 96 1060 11884 20186 4437 52 134765 467 167 209 1337 107 7704 542 4283 2699 60996 1313 20 156 1211 3649 299 12066 290 1693 233 15704 6474 13 160 148 2566 294 40 151 47 358 695 164 2025 215 111 674 882 912 570 849 170 15716 3202 11953 178 288 105 11876 159 1371 2448 387 91 2484
internal_value=0.0812151 0.15401 0.186151 0.12727 0.145335 0.187597 0.183097 0.0704442 0.134784 0.524839 0.262599 0.275822 0.338545 0.570396 0.242217 0.246091 0.23747 0.0911348 0.0695121 0.0674966 0.0593012 0.066451 0.00256532 0.0862998 0.128194 0.162034 0.085379 0.0482486 0.0473567 0.217395 0.120522 0.140831 0.189367 0.310572 0.194912 0.159825 0.281147 0.132095 0.072371 0.214849 0.0684677 0.108494 0.0226969 0.0880398 0.0252878 0.0902321 0.102286 0.114196 0.0339032 0.00875445 0.0345795 0.111585 0.0514183 0.263261 0.393518 0.071398 0.1097 0.120141 0.0709049 0.0757238 0.0370217 0.0905111
internal_weight=87975.5 11337.5 7501 4238.9 3678.01 2312.88 2309.97 76638.1 1092.31 37.2553 3262.1 2881.43 1002 284.166 1879.43 717.835 1871.95 3836.48 75545.7 67452.6 25162.2 15275.3 467.58 8093.18 1426.66 380.674 156.395 9886.85 9836.3 50.5557 1055.06 814.554 465.527 89.3334 323.143 376.194 48.5396 169.951 42290.4 224.28 14807.8 1103.52 132.304 7991.47 270.264 7721.2 1328.71 1131 197.719 560.892 390.444 170.325 240.504 153.191 36.1023 40961.7 517.699 971.211 40444 349.027 183.538 435.177
internal_count=359315 293549 285914 194225 143168 138731 138679 65766 4818 676 91689 88215 22829 8246 65386 14583 65279 7635 60948 46394 29471 7184 1510 14554 6322 3474 1973 22287 22178 109 4142 3804 3178 461 1081 2717 280 648 16923 1501 5674 5241 1171 2488 902 1586 2284 1419 865 51057 35341 15155 338 433 145 14639 315 4070 14324 626 478 2699
is_linear=0
shrinkage=0.05


Tree=2
num_leaves=63
num_cat=0
split_feature=8 0 0 0 18 23 24 15 23 16 16 23 18 7 0 0 8 18 0 10 16 0 6 4 16 0 24 23 24 10 16 5 0 23 23 0 0 7 7 10 24 24 18 18 18 0 23 15 0 8 6 0 18 10 23 23 0 0 0 5 3 0
split_gain=16662.5 4770.36 4069.63 3055.96 2684.64 3543.16 6127.22 11222.5 3908.17 2956.37 3920.96 1818.67 3060.32 1649.29 1602.29 1539.87 1459.05 1198.69 1009.35 943.544 1328.66 918.764 864.862 1598.97 860.652 779.23 726.357 749.914 798.851 566.876 565.572 497.081 427.505 416.245 400.461 397.605 814.489 380.412 1826.21 535.224 365.769 818.008 342.487 557.037 310.613 501.752 464.159 299.557 279.338 239.496 291.63 196.129 193.963 187.117 301.627 147.941 136.149 111.802 70.298 61.4765 54.5613 46.7536
threshold=4.5099999904632577 5.6199998855590829 3.8850001096725468 4.9100000858306894 594.76916503906261 0.084537927061319365 0.54304945468902599 5.5000000000000009 0.073633689433336272 0.28358483314514166 0.30004748702049261 0.108183391392231 354.54977416992193 4.1849999427795419 3.9550000429153447 3.9850000143051152 4.305000066757203 19.388281822204593 4.805000066757203 2.8000000715255742 0.71473780274391185 4.6949999332427987 4.5000000000000009 25.500000000000004 0.60020706057548534 5.6199998855590829 -27.483714103698727 0.046773338690400131 0.4310768991708756 4.2550001144409189 0.12503705173730853 2.5000000000000004 2.5049999952316289 0.40645104646682745 0.034220496192574508 3.2050000429153447 2.8950001001358037 4.8949999809265146 4.5099999904632577 2.9724999666213994 1.7332666516304018 1.6141208410263064 468.75234985351568 13.525680541992189 149.29573059082034 5.0950000286102304 0.2578557431697846 5.5000000000000009 5.2049999237060556 5.0699999332427987 3.5000000000000004 5.2049999237060556 686.12658691406261 3.182500004768372 1353.917175292969 0.0069284511264413604 5.9500000476837167 5.9500000476837167 2.6950000524520878 102.50000000000001 27.500000000000004 6.6499998569488534
decision_type=2 2 2 2 2 2 2 2 2 2 2 2 2 2 2 2 2 2 2 2 2 2 2 2 2 2 2 2 2 2 2 2 2 2 2 2 2 2 2 2 2 2 2 2 2 2 2 2 2 2 2 2 2 2 2 2 2 2 2 2 2 2
left_child=1 2 4 11 5 6 8 -8 -1 29 -11 12 14 18 -4 -14 -15 19 -13 20 25 22 23 24 -21 -2 -19 28 34 -7 48 42 -29 -22 55 36 58 38 -24 -39 41 -34 43 -5 46 -46 -33 -30 59 60 -51 -44 -38 54 -32 -28 -3 -55 -6 -23 -35 -58
right_child=17 56 3 31 35 9 7 -9 -10 10 -12 13 15 16 -16 -17 -18 26 -20 21 33 30 37 -25 -26 -27 27 32 47 -31 53 44 40 49 -36 -37 52 39 -40 -41 -42 -43 51 -45 45 -47 -48 -49 -50 50 -52 -53 -54 57 -56 -57 61 -59 -60 -61 -62 -63
leaf_value=0.15749000709239866 -0.064462608210598196 0.048012541159217062 -0.049945846524885727 0.14854965102219664 -0.050131276527834945 -0.027679881589421668 0.39350611209737912 2.2839456647267582 0.76884935882521299 0.52902961605506704 0.11081050318998871 0.051412236920414849 0.43958222614413534 0.36666258503682064 0.30402779993395762 0.17390125589043512 0.16303082594752649 0.36100015514454736 0.2558643231104431 0.088896006806072639 0.14133859121991665 0.062017222975732825 0.078347805690587677 -0.1088490386600952 0.039284659837955219 0.30432761020153171 0.13822486228917988 0.37180691628966284 0.18008569008371822 0.26085962420546061 0.18550045192879827 -0.05808694525678651 0.083797347362664212 0.068491162088232832 0.30614925510460478 -0.050230381314018614 0.27164694933909767 -0.011132124595240407 -0.048615738280089159 0.064685696804938894 -0.071668536333452562 0.36464238028528484 0.081415507952692492 -0.059263307326860915 0.43189829883036429 0.17729563712036656 0.15239982847166725 0.42960546339823308 0.18349613916513718 -0.031737958924847071 0.074778525773956953 0.1256209672365706 0.094701759728495982 0.069779578561637884 0.066723422181402689 0.066630341177767768 0.066455673514768374 0.084412479991966174 0.005430915058134464 0.12312641085430226 0.091877679185951661 0.083832916926090656
leaf_weight=796.48180130776018 205.04948156233877 738.03465828299522 32.852927221916616 51.542707422748208 132.10858046077192 447.97791585698724 48.755521065555513 8.5198374176397902 26.122210675850511 56.35654360987246 2628.7708262875676 469.85942525137216 55.626494485884905 105.02498181071132 897.60530879348516 1951.5971697792411 550.96170512586832 25.54895684402436 68.459333676844835 1040.4101546611637 322.38860466144979 91.912408176809549 851.9319520033896 167.43913084594533 5486.0779798394069 14.403043895959852 228.95109501015395 12.128198453225194 22.259281232021749 16.694551111198962 92.629289424046874 31.023051876574755 2258.6889632735401 282.18219884764403 29.483314003795385 178.80296709761024 16.350835597142577 234.13770560966805 423.16161831002682 31165.999842875637 36.131993892602623 25.338269042782485 459.06438637617975 82.5138192884624 21.924382880330086 159.64566157758236 151.6408546436578 33.221934909932315 162.84928071219474 65.025019858963788 3126.8611734234728 582.44360128045082 190.14749163016677 23202.291861555539 129.38922642078251 110.21997809130698 943.99674245715141 1412.0568310162053 98.895451528951526 81.20759990811348 4387.8249900778756 715.89236201345921
leaf_count=54740 11901 667 1659 136 12336 26902 2107 155 1540 2968 50681 13726 2414 2931 14585 53172 2988 36 214 3382 46 85 1998 2010 7533 2 285 128 113 351 66 364 7805 214 69 17006 1166 1695 2537 14774 566 24 2699 1035 134 299 284 16 28 504 1929 1371 15155 6888 69 280 508 225 9118 27 531 138
internal_value=0.0766329 0.129596 0.144362 0.172797 0.109618 0.124478 0.213179 0.709166 0.17782 0.099639 0.119784 0.195217 0.216412 0.14294 0.291484 0.181482 0.196149 0.067738 0.0778484 0.0665073 0.0822815 0.064452 0.0596758 0.0432866 0.0472066 -0.0389649 0.0999715 0.0974202 0.158628 -0.0167647 0.0719191 0.112542 0.0862238 0.0855376 0.131307 0.012398 0.0380612 0.0630318 0.0362038 0.0641199 0.0845693 0.0870734 0.0965608 0.0211089 0.163704 0.210263 0.116503 0.334547 0.136392 0.0832311 0.0725977 0.106238 0.109978 0.0710413 0.116911 0.115238 0.0660265 0.0706226 -0.026402 0.0912537 0.0904806 0.0739993
internal_weight=88442.9 12715.7 10317.8 5671.79 4645.98 4029.68 879.879 57.2754 822.604 3149.8 2685.13 4131.99 2937.68 1194.31 930.458 2007.22 655.987 75727.2 538.319 72945.2 8403.73 64541.5 39369.2 6693.93 6526.49 219.453 2781.97 2756.42 424.136 464.672 25172.3 1539.8 2332.29 8184.28 368.654 616.305 437.502 32675.2 1275.09 31400.1 2320.16 2284.03 1175.56 134.057 364.234 181.57 182.664 55.4812 335.969 7861.89 3191.89 1041.51 206.498 24836.4 222.019 339.171 2397.92 24614.3 231.004 173.12 4670.01 1659.89
internal_count=359315 293549 292236 98011 194225 139444 58542 2262 56280 80902 53649 91689 71830 19859 16244 55586 5919 65766 13940 56444 15127 41317 33929 12925 10915 11903 9322 9286 763 27253 7388 6322 8523 3224 634 54781 37775 21004 4535 16469 8395 7829 5241 1171 1081 433 648 129 140 3178 2433 4070 16321 7248 135 565 1313 7113 21454 112 745 646
is_linear=0
shrinkage=0.05


Tree=3
num_leaves=61
num_cat=0
split_feature=8 0 1 22 11 1 1 24 10 1 17 10 23 0 10 10 7 22 24 0 13 12 6 0 1 1 22 11 0 0 24 3 0 0 21 1 1 6 2 7 1 22 10 0 10 3 10 0 1 1 1 2 22 0 23 1 1 1 23 1
split_gain=10312.2 2756.47 3700.15 2434.02 1907.75 1775.68 1564.93 1345.43 3304.78 1259.88 1240.09 1039.76 934.239 885.374 853.712 803.127 1213.67 1211.59 898.061 792.78 622.904 610.062 605.524 544.815 2549.34 534.349 344.376 298.784 428.864 273.98 242.932 237.208 237.189 230.09 220.09 186.8 217.873 181.828 404.398 273.951 179.152 149.938 132.077 81.4385 80.4491 66.5135 59.8223 153.226 23.3533 46.8341 77.5378 17.9784 14.6394 14.1457 9.63939 9.54687 4.64165 3.57056 2.801 0.656698
threshold=4.5099999904632577 5.6199998855590829 512.20498657226574 15.400001525878908 4.5000000000000009 613.19500732421886 203.004997253418 -1.9985713958740232 3.3000000715255742 180.68000030517581 0.9925418794155122 2.7024999856948857 0.046773338690400131 4.6949999332427987 2.8000000715255742 4.5650000572204599 3.1049998998641972 16.450043678283695 8.0149998664855975 4.0950000286102304 -0.039285723119974129 1.4244499206542971 7.5000000000000009 3.8850001096725468 262.01499938964849 557.15499877929699 17.651719093322757 1.5000000000000002 4.6949999332427987 4.2950000762939462 -5.2026906013488761 64.500000000000014 5.2049999237060556 4.5950000286102304 162.9443283081055 47.002500534057624 582.23999023437511 4.5000000000000009 1.0000000180025095e-35 4.7900002002716073 210.26499938964847 17.687735557556156 4.3999998569488534 6.0499999523162851 5.5250000953674325 13.500000000000002 3.7975000143051152 5.9500000476837167 11.002319335937502 26.005000114440922 42.004999160766609 1.5000000000000002 17.694078445434574 6.6499998569488534 101.67965698242189 9.9984998703002947 20.89949989318848 13.004000186920168 1353.917175292969 19.005000114440922
decision_type=2 2 2 2 2 2 2 2 2 2 2 2 2 2 2 2 2 2 2 2 2 2 2 2 2 2 2 2 2 2 2 2 2 2 2 2 2 2 2 2 2 2 2 2 2 2 2 2 2 2 2 2 2 2 2 2 2 2 2 2
left_child=1 2 4 10 6 12 7 8 -1 -9 13 31 21 19 20 16 17 -16 -18 -4 30 26 34 24 -8 -5 37 28 -17 -27 -14 45 -15 -25 -22 43 40 39 -39 -2 46 -29 -31 48 -7 -6 47 -37 55 56 -51 -28 -23 57 -24 -3 -50 -45 -32 -59
right_child=5 35 3 25 11 44 23 9 -10 -11 -12 -13 14 32 15 27 18 -19 -20 -21 22 52 54 33 -26 29 51 41 -30 42 58 -33 -34 -35 -36 36 -38 38 -40 -41 -42 -43 -44 53 -46 -47 -48 -49 49 50 -52 -53 -54 -55 -56 -57 -58 59 -60 -61
leaf_value=0.35297006599131359 0.10491705714057681 0.058912471440526339 -0.04498659150045916 -0.054814848419516018 0.011505653936387448 0.23917278890365121 0.010181334505680253 0.12256615551442225 0.074344974292476648 0.27740212369877643 1.2854030037118793 -0.053573271647425126 0.081893242173993228 -0.048130707076298129 0.26423472916726037 0.039214188693476495 0.053975753432304596 0.0032975643388560485 0.24255346529525723 0.46793137708522192 0.088402265788019171 -0.056093118891731124 -0.051320756929567862 -0.052283634814751116 0.73398603939580898 -0.051606022460808976 0.081110349761140579 0.077130677208986531 0.067465943500757894 0.12372496217608527 -0.072492846473447212 0.19556319059859428 0.23962820146469685 0.076879828460587121 0.071162714981506892 -0.10842172578866274 0.075666982616842918 0.20358315003685648 0.11749890508482848 -0.071165646199374807 -0.10998266558168385 0.067256970628983698 0.2636220794700958 0.075170782850769072 0.36428337017364054 0.076428689731504573 0.053147886409171854 0.028435170710325305 0.067566787621858374 -0.007966490793073093 0.074891619141800619 0.058680934683504632 -0.12496357647022638 0.083474062349144104 -0.095642964281226706 0.041300680591751904 0.081935955462482321 0.071011926387835239 -0.10060145260117759 0.059969289480308531
leaf_weight=215.76541392179206 213.23324179556221 128.71299424767494 7.7708588829264036 31.172436844557524 41.512509133666754 35.689584258943796 85.645519686862826 8971.6108613228425 210.50476512871683 133.05459907371551 3.1837649997323743 169.84906223649159 28.127804539166391 11.053073205985131 133.45170522853732 2260.5698450431228 25472.510092536453 66.579778357408941 62.390296689234674 137.63545259088278 5167.9735620878637 33.253735291305929 50.006799144204706 178.34825776331127 13.188121118582783 10.577102564275263 218.62381125986576 4504.2049076678231 3335.5617566192523 29.737319600768387 38.17240172997117 41.155042620375752 17.819417916238308 41.72959450352937 2945.7826397940516 26.658266186714172 145.6114975810051 180.6324211359024 594.34244749043137 23.895875514484942 32.531118929386139 29044.529141418636 50.834535232745111 381.05989974737167 38.542642548680305 1096.192391754128 66.28428852558136 77.482153177261353 214.44016373157501 53.042784482240677 58.71172621846199 185.13199750334024 11.33004955947399 586.53640043735504 19.69194916728884 251.57511585950851 141.72796031832695 89.604185163974762 38.122885189019144 127.27185767889023
leaf_count=3797 563 82 330 490 935 94 3571 253211 4623 3387 19 9113 5 324 495 5387 28760 552 263 2936 6521 2058 5696 6325 726 190 53 3589 2498 235 325 83 42 994 841 108 42 210 517 156 132 5958 137 118 19 768 49 95 100 105 18 72 149 78 667 250 25 34 318 77
internal_value=0.0726091 0.112189 0.122332 0.295532 0.117669 0.0652537 0.125308 0.128954 0.215885 0.12486 0.413446 0.0618223 0.0650079 0.390246 0.0642155 0.062282 0.0554125 0.177856 0.0544462 0.440366 0.0793416 0.104632 0.0808909 0.016283 0.113199 0.122458 0.110375 0.0667965 0.0560635 0.183076 -0.0416433 0.078484 0.131376 -0.027533 0.0821534 0.06318 0.029221 0.125988 0.137807 0.0869276 -0.00428489 0.068585 0.2142 0.0689837 0.308177 0.0740764 0.0163857 -0.00724844 0.0569714 0.0646109 0.0357979 0.0710087 -0.0760623 0.0775262 -0.0650895 0.0474136 0.073512 0.0715537 -0.0877225 0.0648596
internal_weight=88581.9 13879.6 11498.3 299.784 11198.6 74702.4 9849.85 9530.94 426.27 9104.67 177.463 1348.71 74628.1 174.279 73167.7 64879.8 25734.9 200.031 25534.9 145.406 8287.88 1460.44 8183.45 318.911 98.8336 122.321 1415.86 39144.9 5596.13 91.149 104.423 1178.86 28.8725 220.078 8113.76 2381.25 348.567 1012.1 774.975 237.129 202.956 33548.7 80.5719 2032.68 74.2322 1137.7 170.425 104.14 848.211 467.923 111.755 403.756 44.5838 1184.47 69.6987 380.288 356.168 597.936 76.2953 216.876
internal_count=359315 293549 292236 4703 287533 65766 276634 265018 8420 256598 3651 10899 65653 3632 61875 47502 30070 1047 29023 3266 14373 3778 13725 11616 4297 1052 1571 17432 7885 562 648 1786 366 7319 7362 1313 426 1446 727 719 384 9547 372 887 113 1703 252 203 580 248 123 125 2207 307 6363 332 125 229 643 111
is_linear=0
shrinkage=0.05


Tree=4
num_leaves=61
num_cat=0
split_feature=7 22 0 0 14 1 1 5 23 21 0 5 22 0 0 0 5 0 6 16 13 10 10 12 10 20 7 16 1 12 8 10 19 10 1 19 23 23 21 10 22 8 0 22 22 16 16 16 22 12 19 23 7 19 5 22 5 12 22 16
split_gain=6528.22 1344.36 1354.01 3455.45 1638.01 1195.39 1106.67 1971.68 1102.27 1114.57 1155.75 1027.87 2247.57 1198.59 730.547 651.755 582.556 549.525 793.253 694.093 647.047 636.332 565.385 1142.95 539.692 1915.38 1231.71 657.471 411.699 404.472 368.109 423.04 333.604 303.36 264.905 256.629 238.325 226.148 255.135 247.816 210.3 222.684 138.944 87.5759 69.1306 150.959 299.821 57.6527 50.8559 30.1853 28.3113 17.0414 16.3874 14.7092 13.7645 7.8359 0.836532 0.713682 0.485384 0.00573177
threshold=4.5099999904632577 16.997534751892093 4.9100000858306894 4.1949999332427987 6.5000000000000009 613.19500732421886 569.09851074218761 1.0000000180025095e-35 889453098827776.12 0.034243166446685798 4.0950000286102304 2.5000000000000004 14.604236125946047 2.6550000905990605 3.4050000905990605 3.9850000143051152 1.5000000000000002 5.0950000286102304 2.5000000000000004 0.25717720389366155 -0.0029367374954745169 2.992499947547913 3.6224999427795415 1.58102023601532 2.8025000095367436 0.70663928985595714 4.8949999809265146 0.71473780274391185 43.004999160766609 1.5122755169868471 5.2650001049041757 4.6075003147125253 144.94417572021487 4.8999998569488534 47.002500534057624 0.23242208361625674 0.40645104646682745 2501058509144064.5 140463848.00000003 5.1749999523162851 17.268469810485843 5.1949999332427987 5.6199998855590829 17.968340873718265 17.617656707763675 0.94142156839370739 0.88277754187583934 0.70153161883354198 18.281077384948734 1.0323103070259096 1.7010231018066408 15862.397460937502 7.3500001430511483 18.490462303161625 282.50000000000006 17.687735557556156 282.50000000000006 1.8930722475051882 17.694078445434574 0.96309915184974682
decision_type=2 2 2 2 2 2 2 2 2 2 2 2 2 2 2 2 2 2 2 2 2 2 2 2 2 2 2 2 2 2 2 2 2 2 2 2 2 2 2 2 2 2 2 2 2 2 2 2 2 2 2 2 2 2 2 2 2 2 2 2
left_child=1 2 3 8 6 17 16 -8 11 14 -11 13 -13 -1 -10 34 -5 18 20 30 21 51 23 -22 27 26 -26 56 -24 37 31 -19 33 40 53 -23 -29 38 42 -39 -17 -42 -4 -32 45 46 -21 -40 50 -47 -46 -2 -50 55 -27 59 -20 -55 -35 -3
right_child=5 15 29 4 -6 -7 7 -9 9 10 -12 12 -14 -15 -16 32 -18 19 24 44 22 35 28 -25 25 54 -28 36 -30 -31 43 -33 -34 58 -36 -37 -38 39 47 -41 41 -43 -44 -45 48 49 -48 -49 52 -51 -52 -53 -54 57 -56 -57 -58 -59 -60 -61
leaf_value=-0.050525025506454414 -0.073193206178601908 -0.063158653745685661 0.082062607608508115 0.1162632677427526 1.0300856892437542 0.24367876311011794 0.60540431991174426 0.17745366285591821 0.27815262125415585 0.094799805194127978 0.376489084255762 0.14574241461791232 0.072916570326526875 0.063769785281025004 0.056971649450557174 -0.072793875581350448 0.15110976001823107 0.23393429915091107 -0.069282650907889973 0.086506696958522381 0.35868538517340964 0.060806400450335897 0.046643400671385227 0.076697644131713663 0.0053820610883609094 -0.11352277594940319 0.061677100068626138 0.14229815037603086 -0.023549769171005874 0.20425271840063336 0.11308590434744553 0.10604381685719283 0.15453813028175672 -0.062527153601030422 0.05257409031523616 0.00019659325572329774 0.076781186462291137 -0.083456873621924291 0.10696046028930405 0.099976380162691308 0.16228499080243869 0.047731528898589129 0.063340138190620829 0.06881739911106266 0.060385699735333004 0.059389161232533863 0.21103836508344212 0.17148135093840722 0.066109517205170318 0.075104101174022067 0.039583239780891233 -0.11146948523681706 0.071361092514482194 -0.0850648338369768 -0.047684182806416904 -0.14263550606956069 -0.049783355629568045 -0.055903996820125625 -0.092487805878134252 -0.10187207064140501
leaf_weight=267.11271202377975 67.600178052205592 9.0524590099230426 1689.8526171171106 2552.4442390631884 4.1691954443231216 89.399549866095185 32.829625209793448 140.44877452030778 179.36079234443605 827.01109410636127 37.262352030724287 1385.0180154833943 4526.26997934049 1593.3295496301726 47.90924584120512 31.426765598356724 2317.0052854251117 123.33977719862014 16.751875622197986 325.4254505680874 37.533728297799826 268.01545594725758 4206.4137275638059 560.54346677055582 993.16263655759394 154.50616481900215 45694.267654908355 143.1652661440894 219.13123587425798 57.782134562730789 239.92075706273317 141.70660126302391 71.119457739405334 13.960778119042514 37.801655848044902 498.35661397874355 5407.0915868822485 47.185709156095982 90.120844497345388 28.802788687869906 46.320032065734267 439.86608223617077 2490.8533793156967 224.53965851664543 994.14517779648304 485.33666454814374 56.816657781600952 68.234290884807706 4275.9658051170409 1008.9083584472537 207.41987242549658 73.339066723361611 2762.4077681750059 56.371040409430861 10.771395843010394 26.827943230979145 77.810400211252272 12.032770534977315 29.986315310001373 11.750725717283784
leaf_count=19786 827 199 6233 45650 3 91 552 1070 640 2361 181 51826 60532 89812 784 268 18929 75 212 359 443 135 5665 768 4061 1462 21910 35 1602 14 80 39 68 162 156 1785 2009 278 108 9 26 665 1302 40 309 354 8 36 854 312 202 583 215 779 1109 329 10022 746 121 124
internal_value=0.0689828 0.0948126 0.0975518 0.105253 0.138289 0.0618432 0.137347 0.261571 0.0864276 0.133514 0.107371 0.0797973 0.0900023 0.0473389 0.232003 0.030741 0.132873 0.0616049 0.0596822 0.0719561 0.0423316 0.00346074 0.0493489 0.094972 0.0616414 0.0598775 0.0604798 0.0762681 0.0431621 0.073582 0.119097 0.166232 0.053183 0.040086 -0.0612709 0.0214512 0.0784974 0.0718248 0.0733224 -0.0134676 0.0508319 0.0589663 0.0709268 0.0918892 0.0685447 0.0773299 0.105533 0.135695 0.0665343 0.0700463 0.0568347 -0.0937909 0.0681812 -0.0985341 -0.109575 -0.121591 -0.0539789 -0.0808867 -0.0846843 -0.0889247
internal_weight=88533.3 19169.5 18383 13910.2 5046.9 69363.8 5042.73 173.278 8863.27 1091.54 864.273 7771.73 5911.29 1860.44 227.27 786.516 4869.45 69274.4 58428.5 10845.9 5930.93 907.311 5023.62 598.077 52497.5 46852.7 46687.4 5644.82 4425.54 4472.83 729.507 265.046 632.679 561.56 153.837 766.372 5550.26 4415.05 4339.06 75.9885 517.613 486.186 4180.71 464.46 10116.4 1876.49 382.242 158.355 8239.94 1494.25 1201.57 140.939 7038.37 116.035 165.278 47.6311 94.5623 68.4038 43.9471 20.8032
internal_count=359315 303749 300106 292126 66204 55566 66201 1622 225922 3966 2542 221956 112358 109598 1424 3643 64579 55475 52628 2847 11808 3330 8478 1211 40820 28542 25971 12278 7267 7980 234 114 1310 1242 2333 1920 2044 7966 7679 287 959 691 7535 120 2613 1033 367 144 1580 666 511 1410 1069 2177 2571 652 10234 1525 283 323
is_linear=0
shrinkage=0.05


Tree=5
num_leaves=63
num_cat=0
split_feature=7 0 0 18 18 5 1 0 0 23 9 17 5 24 23 1 23 0 1 1 1 6 13 24 16 16 1 1 18 4 1 24 19 17 5 23 18 1 1 1 19 9 15 19 1 9 1 1 1 18 23 19 1 0 0 1 0 1 1 1 1 19
split_gain=6634.5 1135.77 2061.22 1155.95 4400.82 3786.77 1897.27 1573.32 1046.64 1267.48 1806.47 1223.49 1825.62 1034.54 6807.02 944.601 877.307 744.476 973.508 677.015 597.94 565.214 918.565 1683.51 1509.43 664.228 900.947 813.295 609.62 531.778 507.407 831.15 490.716 480.49 428.424 355.38 297.341 285.225 457.902 522.977 338.781 280.921 274.507 247.15 243.282 240.306 213.278 180.368 260.733 177.13 170.901 163.183 282.035 162.616 147.532 209.344 82.1143 87.328 94.7005 59.3472 33.3849 33.1511
threshold=4.5099999904632577 5.6199998855590829 4.1949999332427987 594.76916503906261 565.06338500976574 2.5000000000000004 4.9005000591278085 3.7949999570846562 4.6050000190734872 0.046773338690400131 2.0949997901916508 0.78103595972061168 1.5000000000000002 -7.5916669368743888 0.0092679550871253031 19.997500419616703 0.027416639029979709 4.0050001144409189 118.15500259399415 512.20498657226574 613.19500732421886 2.5000000000000004 -0.0029367374954745169 3.965500116348267 0.61556267738342296 0.25010785460472112 48.004999160766609 46.004999160766609 19.388281822204593 300.50000000000006 9.7009997367858904 0.18577347695827487 0.23242208361625674 1.9964285492897036 6.5000000000000009 0.091604102402925505 1.3382917046546938 188.004997253418 88.509998321533217 59.004999160766609 299.08242797851568 1.7850000858306887 3.5000000000000004 48.401514053344734 22.005000114440922 3.9499999284744267 48.004999160766609 546.54351806640636 557.15499877929699 0.2205111160874367 0.019254887476563457 215.06668090820315 199.0100021362305 5.4200000762939462 3.2050000429153447 35.844999313354499 6.2500000000000009 24.005000114440922 42.004999160766609 582.23999023437511 15.000500202178957 148.23611450195315
decision_type=2 2 2 2 2 2 2 2 2 2 2 2 2 2 2 2 2 2 2 2 2 2 2 2 2 2 2 2 2 2 2 2 2 2 2 2 2 2 2 2 2 2 2 2 2 2 2 2 2 2 2 2 2 2 2 2 2 2 2 2 2 2
left_child=1 2 3 4 13 6 -6 54 9 10 16 35 -13 14 -1 -15 -4 18 -9 -19 21 22 32 25 33 26 -24 -27 29 36 31 -30 -2 -25 44 -11 45 38 39 -10 -40 50 -36 -38 -34 -23 49 -39 -49 -3 -32 61 -53 -43 55 -5 57 60 -59 -54 -51 -48
right_child=20 46 8 7 5 -7 -8 17 37 11 -12 12 -14 15 -16 -17 -18 19 -20 -21 -22 28 23 24 -26 27 -28 -29 30 -31 41 -33 34 -35 42 -37 43 47 40 -41 -42 53 -44 -45 -46 -47 51 48 -50 56 -52 52 59 -55 -56 -57 -58 58 -60 -61 -62 -63
leaf_value=1.352310490180789 0.055434969306033713 0.15082782414319629 0.14772455305001567 -0.019621675216515855 1.2901534581622529 1.3552010963340242 0.1399541971946352 0.22263675361932359 0.097501465821409436 -0.057281677838419726 1.1485100113479054 0.43778908704578279 0.1324930627810969 0.070200310413109188 0.12670716884046476 0.10764260886045401 0.29274800230549619 -0.0082998650835884921 -0.049953303153991095 0.3647509037846377 0.19240771258761641 0.063699613600743915 0.076605713335900577 0.34920984559309209 -0.10428253236033957 0.049723272116604503 0.25532814266921439 -0.067891008682528495 0.053742509208862733 -0.055117782963652377 0.15732300579334149 0.39031766732282103 0.027985225135175776 0.84204632092103182 -0.10508923740391683 0.080035129423610823 0.052591319174317301 -0.055011476874331978 0.2174518875722623 -0.054407522515249052 0.097602980605762196 0.017810408383883342 -0.0010409932390727673 0.10421974469028146 -0.10823472802038021 0.049541358018767051 0.029376830442118137 0.20799773290444495 -0.054944958053354323 0.053557905014761403 0.092600292857350497 -0.11230525863107073 -0.0071548625379407428 0.092931448241633519 -0.050322926933497693 0.047856483254998285 0.075552908671193617 -0.026882687613062603 0.060059609353041457 0.066207521088556764 0.072247406890248694 0.073410437895793199
leaf_weight=10.87995204515755 268.81464867200702 61.679604604840279 2329.6199341034517 357.46487018186599 3.1701606791466501 10.862975943833588 28.2664386164397 181.2996871881187 3811.7295446824282 48.289099834859371 3.6043718946166328 55.210773210972548 399.78664485458285 5582.94241227163 254.58933599106967 2422.0487334085628 109.49008989613503 128.97151154465973 39.495899058878422 12.421346902847288 84.634176474064589 44890.22391677415 443.52661353442818 12.393995195627214 10.145626182667909 5729.5018482180312 83.346252050250769 149.98310539126396 37.179867780767381 97.934042991138995 118.40735468454659 36.009115811437368 297.7088597593829 11.414786845445631 189.00875293742865 1218.528768802993 11002.099203674588 49.059929324313998 138.68060130346566 56.874468768946826 107.2481034938246 195.46155296079814 95.303289195057005 237.13244660012424 35.81955709354952 3236.5466176359914 72.047882264479995 19.863773976452649 16.541793258860707 668.08588772919029 845.88368418812752 47.885948643088341 51.225048795342445 113.87876692414284 179.96371259260923 168.18347918335348 1025.8085831291974 62.661922216415405 60.701386108994484 57.971270605921745 401.18449841067195 114.04886505194008
leaf_count=64 180 12 42731 26103 68 129 1281 6439 13564 737 34 604 1402 83542 2562 74914 491 4746 1658 223 85 16575 984 92 58 6468 320 1387 81 11892 127 27 539 18 1913 9660 9177 954 634 1397 1709 480 563 256 236 2791 102 56 274 449 1139 195 99 16 14832 11479 210 146 31 21 119 32
internal_value=0.0676617 0.0927059 0.0972489 0.081136 0.0874275 0.590371 0.292297 0.032117 0.115306 0.133101 0.156292 0.100125 0.170428 0.0847835 0.181842 0.0815418 0.154354 0.116676 0.173848 0.0267689 0.0601832 0.0600161 0.0468773 0.0534452 0.39963 0.0515475 0.105317 0.0467111 0.0615983 0.0608424 0.0948971 0.222435 -0.000829916 0.610112 -0.0253682 0.0747558 0.0610347 0.0976337 0.0995113 0.0952534 0.165814 0.0873956 -0.070355 0.0536902 0.013061 0.0627486 0.0619481 0.00707697 0.0901145 0.0674814 0.100708 0.0250806 -0.0123953 0.0456915 -0.0113836 0.00200864 0.0650949 0.0560398 0.0159963 0.0319945 0.0606357 0.0566376
internal_weight=88590.7 20368.4 17745.1 9380.56 8312.76 42.2996 31.4366 1067.8 8364.53 4164.53 2442.71 1721.82 454.997 8270.46 265.469 8004.99 2439.11 362.188 220.796 141.393 68222.4 68137.7 7326.97 6440.31 33.9544 6406.36 526.873 5879.48 60810.8 59463.9 1346.82 73.189 886.655 23.8088 617.84 1266.82 59366 4200 4114.53 3868.6 245.929 1273.63 284.312 11239.2 333.528 48126.8 2623.3 85.4655 36.4056 2280.12 964.291 343.179 157.082 309.34 705.612 525.648 2218.44 1192.63 123.363 109.196 1069.27 186.097
internal_count=359107 303703 302287 228040 162560 1478 1349 65480 74247 55659 43256 12403 2006 161082 2626 158456 43222 13066 8097 4969 55404 55319 12758 9327 168 9159 1304 7855 42561 40691 1870 108 3431 110 3251 10397 28799 18588 17304 14961 2343 1762 2476 9433 775 19366 1416 1284 330 967 1266 449 315 496 52414 37582 955 745 177 120 568 134
is_linear=0
shrinkage=0.05


Tree=6
num_leaves=63
num_cat=0
split_feature=7 21 8 24 13 20 10 15 5 0 0 12 24 8 16 1 1 16 11 8 21 16 0 1 5 20 20 7 16 7 3 5 21 21 5 18 18 16 21 18 10 16 10 18 18 24 18 0 1 0 18 1 20 3 10 12 0 0 19 19 7 0
split_gain=4221.09 883.269 1198.14 2090.27 1258.17 788.661 5250.4 18291 1191.09 1066.78 1495.96 1073.07 1060.25 1234.2 1157.6 899.71 1584.67 1085.04 852.268 952.097 755.136 7709.42 612.351 723.61 668.409 562.016 1064.79 915.917 889.559 810.304 1542.06 555.584 525.854 515.655 2459.12 2151.77 1357.87 762.128 585.801 445.912 419.161 386.031 378.171 373.043 352.076 334.424 320.9 299.587 879.738 295.183 268.755 251.827 183.035 182.966 178.874 266.771 152.845 145.817 136.802 157.813 135.304 132.729
threshold=4.5099999904632577 198980976.00000003 4.305000066757203 0.58730518817901622 0.045213017612695701 1.6134278178215029 2.7074999809265141 12.500000000000002 11.500000000000002 4.1949999332427987 4.9100000858306894 1.5122755169868471 -5.2026906013488761 2.7050000429153447 0.060891633853316314 20.005000114440922 51.004999160766609 0.74971264600753795 1.0000000180025095e-35 4.1949999332427987 0.40399223566055303 0.99965035915374767 4.7099997997283944 72.049999237060561 2.5000000000000004 0.89812183380126964 0.70663928985595714 4.6099998950958261 0.71473780274391185 4.8949999809265146 10.500000000000002 1.5000000000000002 8993549824.0000019 199194352.00000003 1.5000000000000002 1.3382917046546938 1.0461295843124392 0.095380242913961424 281050624.00000006 3.0306943655014043 4.5650000572204599 0.25453746318817144 4.9699997901916513 11.650138854980471 0.31303609907627111 -0.41292430460453028 0.23694860935211184 4.9949998855590829 91.745498657226577 3.0949999094009404 3.8138769865036015 43.004999160766609 0.19830798357725146 54.500000000000007 4.6549999713897714 1.1842840909957888 4.1949999332427987 5.6199998855590829 10.189698219299318 1.0098791718482973 6.2049999237060556 5.6199998855590829
decision_type=2 2 2 2 2 2 2 2 2 2 2 2 2 2 2 2 2 2 2 2 2 2 2 2 2 2 2 2 2 2 2 2 2 2 2 2 2 2 2 2 2 2 2 2 2 2 2 2 2 2 2 2 2 2 2 2 2 2 2 2 2 2
left_child=1 5 3 4 -3 9 8 -8 -7 12 18 57 13 -1 -15 17 -17 -14 31 -20 21 -10 24 41 32 26 29 -28 -27 30 -26 -11 42 34 35 36 -4 -36 -35 45 -31 52 49 -41 46 -40 -44 48 -25 -2 -30 -51 54 -22 55 -24 -39 -12 59 -34 -61 -49
right_child=22 2 33 -5 -6 6 7 -9 20 10 11 -13 15 14 -16 16 -18 -19 19 -21 53 -23 23 47 25 28 27 -29 50 40 -32 -33 58 38 37 -37 -38 56 39 43 -42 -43 44 -45 -46 -47 -48 61 -50 51 -52 -53 -54 -55 -56 -57 -58 -59 -60 60 -62 -63
leaf_value=0.85095406971717935 -0.10901212903676763 0.053667238475825475 0.51088433438858083 0.96329067407923008 0.5503492515207048 0.39034340547226731 0.062832859250150169 2.3822440815441128 0.0222894818630174 0.10515217726829702 0.076128058733761578 0.34642444322342014 0.022607897700939808 0.50906569997942952 0.11434536613704337 0.11918796170883582 0.046193918148540472 0.069235654793417048 -0.053964152444827398 0.08545477125473068 0.068732743941111243 2.0985250864064726 0.18754749668921308 0.54779645711573932 0.040789123560595081 -0.059282659965953589 0.062228045750796407 -0.1017023127793934 0.07243271394541316 0.05139107463258015 -0.10487126308224917 0.14335452535073168 0.060205358645789887 -0.067500228435285123 0.37259153248672339 -0.051988482379494064 1.5420385555965908 -0.062331431602681724 0.18820944790910007 -0.011324501007663067 0.062016929913629254 0.063164458076412175 -0.10810756622599951 0.11094014144473217 -0.10160235322155205 0.10637336649703698 0.065168278637039972 0.086619179248829989 0.10542823157096376 0.031799670552636904 0.13996483197752826 -0.099650398700312975 0.0401722028736251 0.13947712833009127 0.086832301649189869 0.089904701367183648 0.094818301681339853 0.058253733719829864 0.11573304899432009 -0.048173034488433922 0.04693545706774821 0.19760229000904961
leaf_weight=5.1713381707668296 40.732359818182886 42.338683064095676 8.8408953817561287 9.9538423623889667 17.420787872746587 32.970997798256576 33.515371670946479 10.416561132296918 32.778253635391593 3224.5828963639215 2097.3457621634007 33.505684576928616 2197.5409711473621 18.735278591513634 355.69745840597898 1531.445812781807 1448.8786570345983 2890.8627316984348 134.14951398316771 1329.7562000942416 723.97544507030398 4.1822645440697661 139.6148060047999 17.339164286851883 1069.2665699189529 126.71801134990528 146.27831957768649 201.33038904191926 5302.2077030064538 19614.701549527235 217.86383516853675 1369.4922597724944 711.110475666821 50.250288913957775 24.729199392721057 6.8975868169218293 5.978886895813047 16.851184575818479 174.15995926037431 124.82215460762382 17734.64323893562 19161.732479043771 36.920267775654793 123.26061525382102 135.54952300991863 467.66074788756669 89.484388619661331 84.036630388349295 30.757420601323247 948.19826707895845 151.9890363086015 36.917674844153225 121.63849293300882 105.37253444828093 450.49077998287976 146.91401845961809 127.5910570435226 2577.2369155418128 88.488141695968807 67.791618577204645 80.921076208353043 41.392575419507921
leaf_count=44 249 431 169 89 61 38 288 25 554 46298 6640 29 101425 13 3842 46784 57943 13940 2677 4661 1012 9 77 21 3862 10866 244 3087 1762 16830 1945 12190 380 434 30 213 12 221 152 491 6140 5742 153 273 776 1023 39 125 111 1781 72 443 164 13 188 28 301 1378 52 184 50 33
internal_value=0.0644178 0.0837765 0.125489 0.325617 0.205215 0.0812855 0.125978 0.653672 0.0994963 0.0790848 0.0895302 0.0683569 0.0657642 0.147384 0.135412 0.0619059 0.0837311 0.0491078 0.105971 0.0726472 0.0879838 0.30645 0.0582449 0.0655304 0.0550999 0.0564388 0.0543099 -0.0327233 0.0712958 0.0550939 0.016068 0.11657 0.0284007 0.112872 0.187871 0.676957 0.998387 0.121446 0.0974559 0.106841 0.0564382 0.0646421 0.00757668 0.0496045 -0.0459263 0.128846 0.0140673 0.167035 0.272916 0.0212751 0.0743408 0.0267724 0.097499 0.0778843 0.106886 0.137987 0.0761477 0.066289 0.0566365 0.0504215 0.00351408 0.124557
internal_weight=88353.4 21358.4 1200.76 69.7133 59.7595 20157.6 943.211 43.9319 899.279 19214.4 10766.1 4708.09 8448.33 379.604 374.433 8068.73 2980.32 5088.4 6057.98 1463.91 866.308 36.9605 66995 20193.9 46801.1 44565 38984.1 347.609 5580.91 38636.5 1287.13 4594.08 2236.11 1131.04 190.889 21.7174 14.8198 169.171 940.154 889.903 37349.3 20020.4 1287.8 248.083 261.954 641.821 126.405 173.526 48.0966 1025.85 5454.2 985.116 858.658 829.348 737.02 286.529 144.442 4674.58 948.311 859.823 148.713 125.429
internal_count=359107 303703 3900 581 492 299803 1939 313 1626 297864 73873 8047 223991 3899 3855 220092 104727 115365 65826 7338 1588 563 55404 6489 48915 44808 32108 3331 12700 28777 5807 58488 4107 3319 946 394 181 552 2373 1939 22970 6199 3441 764 968 1175 192 290 132 2473 1834 2224 457 1025 293 105 522 8018 666 614 234 158
is_linear=0
shrinkage=0.05


Tree=7
num_leaves=63
num_cat=0
split_feature=23 20 20 3 23 10 10 16 1 20 23 15 5 9 12 3 9 19 6 1 23 23 13 13 21 1 1 6 5 5 5 9 1 1 1 19 10 16 22 21 22 19 22 1 5 2 5 23 19 12 1 10 21 23 1 10 10 1 10 13 2 1
split_gain=2305.19 1222.25 2076.81 1694.6 1240.02 1754.55 1124.46 1716.65 1032.7 1001.36 1838.35 1907.53 1368.45 1104.39 996.717 996.712 982.303 2649.85 945.057 910.634 1553.98 3664.24 886.735 2192.24 811.253 750.491 2281.43 1020.42 737.922 736.653 675.358 665.151 1421.86 620.514 932.254 668.297 575.264 584.773 573.857 554.391 538.914 1566.72 3101.19 4234.2 1064.52 1166.08 515.77 593.714 1417.65 497.01 466.465 428.4 423.943 409.153 400.72 395.153 379.105 263.684 242.459 399.602 106.174 105.916
threshold=0.099801037460565581 0.81180197000503551 0.3102103471755982 7.5000000000000009 0.095709823071956648 3.0100001096725468 2.8000000715255742 0.49975961446762091 57.004999160766609 0.21212815493345263 1.041130352069837e+17 22.500000000000004 36.500000000000007 1.8999999761581423 1.4244499206542971 67.500000000000014 0.40499997138977056 567.12326049804699 3.5000000000000004 23.755000114440922 0.49067513644695288 0.36729487776756292 -0.19642854481935498 -0.23000000417232511 158764192.00000003 127.00650024414064 128.30500030517581 1.5000000000000002 17.500000000000004 1.5000000000000002 5.5000000000000009 3.9499999284744267 19.997500419616703 512.20498657226574 227.0100021362305 678.70220947265636 2.5049999952316289 0.37485891580581671 14.582531452178957 85.54877090454103 15.932507514953615 37.528053283691413 15.144235134124758 25.651499748229984 8.5000000000000018 5.5000000000000009 2.5000000000000004 7.2032797336578378 0.68148067593574535 2.184900283813477 21.998999595642093 4.2100000381469735 8993549824.0000019 2501058509144064.5 569.09851074218761 4.3999998569488534 4.1524999141693124 536.20501708984386 4.6499998569488534 -0.1000000201165676 76.500000000000014 90.006500244140639
decision_type=2 2 2 2 2 2 2 2 2 2 2 2 2 2 2 2 2 2 2 2 2 2 2 2 2 2 2 2 2 2 2 2 2 2 2 2 2 2 2 2 2 2 2 2 2 2 2 2 2 2 2 2 2 2 2 2 2 2 2 2 2 2
left_child=1 2 4 8 29 -6 7 36 22 40 12 31 16 60 57 -16 17 -11 -18 24 21 -21 23 -4 30 27 -27 -22 -24 33 -9 51 -33 34 -1 -35 37 -2 -32 50 41 42 43 -8 45 -43 47 48 -42 -38 -31 -12 -49 -44 -7 -41 -46 -14 59 -48 -13 -60
right_child=6 -3 3 -5 5 54 9 19 -10 10 11 13 14 -15 15 -17 18 -19 -20 20 25 -23 28 -25 -26 26 -28 -29 -30 39 38 32 -34 35 -36 -37 49 -39 -40 55 46 44 53 -45 56 -47 58 52 -50 -51 -52 -53 -54 -55 -56 -57 -58 -59 61 -61 -62 -63
leaf_value=0.06719025593216979 -0.048537275988712276 -0.053264049852123532 -0.055599178718626768 -0.063724975762267086 0.85515446318991428 -0.068617695107608179 0.12675571676563438 -0.053702265155264654 -0.056575080960744165 0.073327304013500322 0.065519413116541553 -0.0091351857657537856 -0.081335558039959621 -0.15448731259558249 0.026212936815777462 -0.061851335867767747 -0.016152791303049193 0.66083551541580809 0.051508149515623915 -0.04743784797274312 -0.058267548025425657 1.4523749059950077 0.51764429132818157 1.0696918315746202 -0.10160818593357815 1.6119843005121706 -0.044683200777488406 0.15746391944575391 0.19911779172452651 0.082429234555295328 0.13744947802821672 -0.15806703209976142 0.048735061920008697 -0.055189943332189309 -0.056907181086236047 0.17677298574070152 -0.057580810715944321 0.49975318811568736 0.074784063256050248 -0.0034970632511929522 0.56377902500354682 0.0667083232668058 0.08664893978184951 1.0851117283948373 -0.04358959098455617 0.70200392794572641 0.037289952758691083 0.02685078405411373 0.079651012369286303 0.18730861984116429 0.11456383185390845 0.022735772107575963 0.057166228330683112 0.14952257363977858 0.3028245946737686 0.085150111580904811 0.093272819520092448 0.067415068390003302 0.062749516148441847 0.058634222851822362 0.073179399050231853 0.098374013723913675
leaf_weight=7142.8651941614226 9.0363063979893941 167.87308894563466 7.49702378548682 64.234665909316391 11.276572870090602 13.083148970268667 28.917654678225517 98.435592921450734 33.82029730360955 109.81112473458052 10157.238284799736 78.606176760978997 428.22750922292471 162.19042507605627 1744.946936160326 392.76230008620769 639.96062826737761 22.352355275303125 2654.2459575626999 8.8947136541828495 65.688956019934267 6.4084064140915862 18.512880092486739 8.9190759696066362 63.865939733572304 2.3629176318645468 5.2892769388854504 316.01836580829695 422.10673002526164 2448.7177462857217 382.85771491751075 105.81807862268761 373.58386354381219 35.662649816833436 153.85229555983096 218.15727111883461 347.38845751062036 9.1026574894785863 8387.1022575395182 245.20216388534755 16.866432171314955 1570.9011998223141 803.44058578461409 18.525449369102716 329.50876496918499 6.2701780265197149 2649.5588487223722 2716.752294250764 102.03070358838886 21.055699973832816 2129.3066789321601 622.70031059253961 2008.823214519769 387.39519203454256 14.462288026697934 256.58104272279888 58.765372764319181 31.240821562707424 23358.145237805322 12964.727522592992 76.521662786602974 213.22256896644831
leaf_count=122329 377 7791 133 2406 136 305 398 4508 844 1181 2859 143 10319 1880 4731 3159 10531 612 3824 380 2500 56 220 36 555 8 216 306 2630 19801 880 1139 508 640 5080 1713 19139 52 4571 4467 54 36775 6659 295 11601 103 3294 5529 484 6 29474 694 1021 1447 9 445 203 25 6962 10069 9 586
internal_value=0.0614242 0.0805297 0.0822324 0.176868 0.0780719 0.356948 0.0579914 0.0738564 0.208428 0.0556108 0.0454232 0.0570796 0.0230141 -0.0636629 -0.00435739 0.0100092 0.0437583 0.176945 0.0383613 0.0781314 0.151501 0.630885 0.22813 0.581814 0.0747903 0.131079 0.593485 0.12027 0.213654 0.0771862 0.0760725 0.0604882 0.00284335 0.0672576 0.0645655 0.144073 -0.0293165 0.238085 0.0775357 0.0919266 0.0594058 0.0792307 0.123275 0.51575 0.0514305 0.0696804 0.0579614 0.0425473 0.152499 -0.0431033 0.0973984 0.0630508 0.0397482 0.107215 0.130004 0.0419009 -0.0226762 -0.0710862 0.0598658 0.0550153 0.0316457 0.0630761
internal_weight=87949.7 13392.1 13224.3 555.091 12669.2 38.822 74557.6 9723.51 490.856 64834.1 17600.2 11576.7 6023.55 317.318 2597.18 2137.71 3426.37 132.163 3294.21 9336.92 404.663 15.3031 457.036 16.4161 8932.26 389.36 7.65219 381.707 440.62 12630.3 8868.4 11259.3 479.402 7550.54 7296.72 253.82 386.583 18.139 8769.96 5079.81 47233.9 3203.72 1238.28 47.4431 1965.45 1577.17 44030.1 4844.47 118.897 368.444 4578.02 10779.9 4725.58 1190.84 27.5454 501.783 388.274 459.468 39185.7 15614.3 155.128 23571.4
internal_count=359107 198459 190668 6269 184399 450 160648 33554 3863 127094 41614 7232 34382 2032 18234 7890 16148 1793 14355 13980 3466 436 3019 169 10514 3030 224 2806 2850 183949 9959 5200 1647 129762 127409 2353 19574 429 5451 54187 85480 57481 8799 693 48682 36878 27999 7088 538 19145 49275 3553 6550 8106 314 4912 11804 10344 20911 13363 152 7548
is_linear=0
shrinkage=0.05


Tree=8
num_leaves=63
num_cat=0
split_feature=7 0 6 19 24 1 0 16 20 5 4 15 9 20 0 20 20 5 8 1 0 21 1 9 12 20 2 16 20 18 20 7 7 4 1 1 1 0 16 1 16 9 7 1 14 2 16 18 20 1 16 1 0 0 0 5 12 8 20 16 4 9
split_gain=1577.97 599.581 1127.41 898.564 988.096 603.883 579.178 1157.67 1515.06 1063.41 1980.68 1261.04 921.857 796.654 762.568 654.75 592.714 840.285 561.38 553.508 518.396 509.952 498.113 3081.4 1081.73 572.503 1289.52 837.842 477.961 855.915 738.714 825.549 705.03 1711.21 453.071 861.905 556.756 1385.29 447.609 447.203 430.166 412.477 369.462 367.107 363.325 304.503 277.394 239.352 272.512 189.802 307.304 292.552 279.093 267.633 172.266 159.364 159.149 153.058 151.231 148.701 139.989 347.774
threshold=4.5099999904632577 4.7099997997283944 2.5000000000000004 1.274009704589844 5.0044994354248056 11.002319335937502 4.1949999332427987 0.56863656640052807 0.81180197000503551 60.500000000000007 18.500000000000004 2.5000000000000004 2.505000233650208 0.39866006374359136 4.805000066757203 0.54818400740623485 0.49072830379009252 46.500000000000007 5.4900000095367441 78.784999847412124 4.5050001144409189 114851979264.00002 23.755000114440922 2.3999999761581425 1.5161872506141665 1.6134278178215029 9.5000000000000018 0.74971264600753795 0.89812183380126964 8.0207762718200701 0.70663928985595714 4.6099998950958261 4.8949999809265146 13.500000000000002 140.004997253418 557.15499877929699 136.17499542236331 4.2950000762939462 0.71473780274391185 163.73500061035159 0.3529787957668305 3.6000000238418584 4.6649999618530282 97.590000152587905 6.5000000000000009 43.500000000000007 0.25453746318817144 0.19147083163261416 0.96781408786773693 43.004999160766609 0.20622279495000842 33.854999542236335 5.6199998855590829 5.3150000572204599 7.5499999523162851 4.5000000000000009 1.5945946574211123 4.7599999904632577 0.19830798357725146 0.52639320492744457 7.5000000000000009 3.6000000238418584
decision_type=2 2 2 2 2 2 2 2 2 2 2 2 2 2 2 2 2 2 2 2 2 2 2 2 2 2 2 2 2 2 2 2 2 2 2 2 2 2 2 2 2 2 2 2 2 2 2 2 2 2 2 2 2 2 2 2 2 2 2 2 2 2
left_child=6 2 3 4 47 20 7 8 9 11 15 13 22 -1 18 -11 49 -18 34 46 42 -7 25 24 -24 27 -27 -9 30 38 32 -32 33 -4 36 39 44 -38 -30 -36 -37 -14 -5 -21 -8 -34 58 48 -2 51 53 57 -53 -51 -52 -20 -43 -16 -3 -49 -57 -62
right_child=1 19 28 5 -6 21 14 12 -10 10 -12 -13 41 -15 16 -17 17 -19 55 43 -22 -23 23 -25 -26 26 -28 -29 29 -31 31 -33 45 -35 35 40 37 -39 -40 -41 -42 56 -44 -45 -46 -47 -48 59 -50 50 54 52 -54 -55 -56 60 -58 -59 -60 -61 61 -63
leaf_value=0.04729953654259713 0.0081809308545272557 0.097679198993252531 0.049050251203606496 -0.08848443053098129 0.22657332170604261 -0.081372164559065693 0.095754055143864314 -0.058654909660885046 -0.054609916480617075 0.14251028632547921 -0.05840915239694891 -0.05618144722276474 -0.11106436021642062 0.15282024753235218 0.064098721590589477 0.30065854813707371 0.48396309377752633 0.073653671901764445 -0.093730844931796911 0.31556883112646061 -0.099983141139796949 0.043203858947569493 0.060472292768203109 0.95748043646304082 0.19634715094039923 0.2117165705192787 0.075713295779372414 0.07149619136548245 -0.052850217128140989 0.29793812203533249 0.065714831680886363 -0.10078482731808301 0.050902696675172859 -0.10186204754599733 -0.055238605432317081 0.1411947681824112 0.621883680596238 -0.051293554767044225 0.068862649593769448 0.048280303482216534 -0.060556226285463824 0.088227032991168144 0.034663045169411537 0.11765807306965162 0.35664202456807897 0.061133943704459195 0.060011127186803785 0.077462383116348246 0.075595550398904629 0.096945627552584679 -0.08048934813346674 0.13439184064181628 0.043853054904269932 0.027508771017204392 0.068449643562109391 0.061420962700254982 -0.09539945891667255 0.016475107929473539 0.036588444300307013 0.042632248790584151 -0.12363843431334465 0.068240731149214182
leaf_weight=4147.9840923193842 838.38326179236174 736.65171935688704 753.08862212486565 64.082821172662079 71.499817811883986 343.91021508630365 5325.0886694770306 127.83404029812664 354.1773990415968 240.1364703271538 108.6662375703454 287.12215066794306 88.590876150876284 186.24217289686203 4459.5141203925014 91.61496817599982 19.269282561726868 33.717329198960215 27.681203983724117 28.027472795918584 86.496662303805351 107.07081308960915 414.30788616836071 9.9001332866027933 226.97042684443295 236.06177270784974 667.74912516586483 3217.3775604199618 76.021310658194125 39.538834475446492 134.24944886518642 164.68242627894506 23947.640472597443 249.15691028069705 126.30037202127278 327.85125440172851 15.500453969463708 13.94856336712837 4760.7023229920305 578.8361956384033 28.146473988890648 55.79375134408474 955.28166321013123 139.58577792346478 12.530337197706102 10511.033824767917 18304.182337648235 403.59564043302089 181.69704384915531 211.40490791387856 74.912734004668891 279.91883161384612 124.26567384600639 404.79968479741365 25.197938203811646 146.1174681019038 13.9897093786858 176.49108119308949 119.62651580758393 1306.6383733153343 41.276856850832701 52.510788094252348
leaf_count=161686 1631 298 1660 537 82 3737 49642 3876 16115 1623 4152 9069 1049 4383 6288 494 57 50 147 42 460 116 10053 38 173 170 101 14492 10217 23 180 2622 15306 2107 2363 1723 85 272 1588 9174 323 5 2484 224 8 4387 5761 480 72 2417 811 856 93 682 3 118 561 290 164 1226 229 32
internal_value=0.0587667 0.054746 0.0515774 0.0273993 0.0443173 -0.00305319 0.0700179 0.061325 0.0452433 0.0522406 0.126421 0.0451442 0.0785295 0.0518691 0.0772932 0.186971 0.0640089 0.229161 0.088807 0.062119 0.0168319 -0.0517544 0.0823677 0.123161 0.108802 0.0760874 0.111436 0.0665051 0.0541699 0.0688728 0.052163 -0.0260238 0.052823 0.0114645 0.0917609 0.0617858 0.0976738 0.311655 0.0669381 0.0296795 0.125105 -0.0399664 0.0268373 0.152457 0.0964341 0.0540254 0.0613206 0.0394614 0.020256 0.0624484 0.0382577 0.0658771 0.106745 0.0514575 -0.0426456 0.0177498 0.0505165 0.0622907 0.089203 0.0508951 0.0309693 -0.0165679
internal_weight=87302.6 64322.8 44994.8 4358.66 2801.81 1556.84 22979.8 10474.5 5415.94 5061.77 440.418 4621.35 5058.58 4334.23 12505.3 331.751 5809.49 52.9866 6695.79 19328.1 1105.86 450.981 4900.2 651.178 641.278 4249.02 903.811 3345.21 40636.1 4876.26 35759.9 298.932 35460.9 1002.25 6428.2 1061.13 5367.07 29.449 4836.72 705.137 355.998 158.374 1019.36 167.613 5337.62 34458.7 19160.5 2730.31 1020.08 5756.5 716.315 5040.19 404.185 616.205 100.111 267.586 69.7835 4636.01 856.278 1710.23 239.905 93.7876
internal_count=359107 55404 48915 10825 3491 7334 303703 228040 197522 181407 6269 175138 30518 166069 75663 2117 11547 107 64116 6489 3481 3853 28903 10264 10226 18639 271 18368 38090 11828 26262 2802 23460 3767 63590 13583 50007 357 11805 11537 2046 1615 3021 266 49650 19693 6223 3409 1703 11440 3913 7527 949 3099 814 526 566 6578 462 1706 379 261
is_linear=0
shrinkage=0.05


Tree=9
num_leaves=63
num_cat=0
split_feature=7 22 9 11 0 21 22 18 21 12 9 21 19 8 24 17 0 24 1 18 18 5 3 23 23 22 0 1 22 18 18 22 23 18 6 24 7 12 0 17 23 23 5 23 5 6 22 21 6 6 7 6 24 0 22 24 9 19 13 7 18 5
split_gain=892.274 658.903 1057.72 1066.09 767.809 528.647 498.573 2307.86 1500.74 1411.05 527.52 1039.4 533.463 471.415 465.967 1965.92 464.428 462.833 457.619 453.427 441.294 439.012 431.93 427.328 534.157 831.978 548.95 409.829 377.202 556.81 563.15 457.447 366.005 362.249 360.911 291.037 267.674 621.082 265.955 260.495 260.206 252.745 221.453 216.382 510.85 213.129 211.221 208.079 204.315 196.898 191.374 190.613 300.219 181.023 124.938 187.704 124.012 112.141 109.868 82.072 55.5315 28.7719
threshold=4.5099999904632577 17.268469810485843 2.6000000238418584 5.5000000000000009 5.1099998950958261 198980976.00000003 17.687735557556156 9.5618000030517596 7910144256.000001 1.1891892552375796 3.0950000286102299 0.022732324898242954 7.3109166622161874 4.305000066757203 3.4000002145767216 2.9880000352859502 5.8500001430511483 0.46401576697826391 49.003000259399421 1.2600731849670412 9.1812973022460955 233.50000000000003 67.500000000000014 40393864623685640 315789332709376.06 14.95002603530884 4.1949999332427987 613.19500732421886 15.70000219345093 1.3382917046546938 0.38063055276870733 15.849987030029299 9.7697006042795226e+17 68.385723114013686 9.5000000000000018 4.5025000572204599 5.1099998950958261 1.1818181872367861 4.2950000762939462 1.0000000180025095e-35 43.91089057922364 2507710473961472.5 7.5000000000000009 0.0069284511264413604 15.500000000000002 46.500000000000007 16.900007247924808 13.451090335845949 8.5000000000000018 7.5000000000000009 6.5499999523162851 6.5000000000000009 0.06271491572260858 5.4200000762939462 18.233435630798343 -1.1577877998352049 2.8999999761581425 20.212387084960941 -0.07499999180436133 5.1099998950958261 0.17921653389930728 59.500000000000007
decision_type=2 2 2 2 2 2 2 2 2 2 2 2 2 2 2 2 2 2 2 2 2 2 2 2 2 2 2 2 2 2 2 2 2 2 2 2 2 2 2 2 2 2 2 2 2 2 2 2 2 2 2 2 2 2 2 2 2 2 2 2 2 2
left_child=5 2 3 4 22 14 7 10 16 -10 12 -12 47 17 21 34 48 20 -14 27 58 23 35 24 26 -26 -1 36 29 30 -15 -30 53 -23 -16 -2 37 -8 40 -5 50 -19 60 -33 -45 -38 -44 -3 -9 -42 -21 61 -53 -25 55 -40 -34 -31 -7 -56 -6 -41
right_child=1 6 -4 39 42 13 19 8 9 -11 11 -13 18 28 15 -17 -18 41 -20 38 -22 33 -24 32 25 -27 -28 -29 31 57 -32 43 56 -35 -36 -37 45 -39 54 51 49 -43 46 44 -46 -47 -48 -49 -50 -51 -52 52 -54 -55 59 -57 -58 -59 -60 -61 -62 -63
leaf_value=0.052913810594354883 0.027592321564342638 0.037585977011814244 -0.099554818504641845 0.14489915863234046 0.01665734002993835 0.090787051911413341 0.061495747261760131 0.044503023410874212 0.78324028099835674 0.18656611110710156 0.48666531632640359 0.099817033621464907 -0.099920962772890004 -0.052704244892626401 -0.059471981645152876 0.45675264211299338 0.35558418425237215 0.18713120846618436 0.076851575794958715 -0.1424073187480876 0.35610304014328498 -0.059635279192890502 -0.10041895793109029 -0.1030211226034993 0.29980275772498599 0.084889569003980037 0.069797376819937335 0.15882294335694314 -0.065099653869004445 -0.058999442375645056 0.39321204905580343 0.17183559919132788 -0.02626584980787753 0.14821324153770532 0.13496779306725792 0.094023897626166419 0.054191289778208356 -0.09948225830846702 0.074785678347551163 0.050910629116552711 -0.0017286918563448569 0.44348756081996543 0.15849957870950374 0.087022909682909849 -0.082518559804535915 0.063642923400105869 0.073303970680880334 0.065479608609113116 0.15619072931000111 0.038441236582156903 0.035336610463036738 -0.10000242615687444 0.07375461852216654 0.054955328429633646 0.023175612515133281 0.028753230999661861 0.06889008540097262 0.11042826088602797 -0.062703238562579242 0.053284619688009599 0.063270563528158824 0.075419639068032784
leaf_weight=8578.0473523759283 6348.1840218091384 785.18104712059721 130.52225466025993 123.8641925570555 71.277006931602955 29.028527903370556 170.58743761479855 51.509206270799041 18.912824111990631 21.4362529553473 19.54438547603786 118.89005934866145 95.24549748422578 8.4702679347246868 232.62583940476179 20.601153509691358 25.88469154201448 21.571733625605702 58.150034939870238 37.496182405855507 12.57222750969231 119.14642259525135 63.815416233614087 83.981482467614114 45.348939904943109 1868.7738178693689 11053.093965553679 95.986372292041779 52.099396111443639 13.913220293819903 35.8431375939399 67.910539316944778 44.336071506142616 24.404309627600014 25.619357165880501 168.53974417503923 30166.964543034788 91.065140764694661 263.17349738720804 139.3260655682534 379.52520109480247 21.237057965248823 127.59177364781499 1030.9911611853167 45.640656871255487 7497.7915856814943 176.37870258465409 4734.4321181289852 222.55109111825004 1547.0330021008849 24.354697761125863 40.886664480436593 60.15000294521451 22.319859400391579 240.04867635201663 1399.0238232742995 142.0147217689082 27.988240011036396 18.133901431225244 4957.1497059101239 730.11549303866923 1765.1559606073424
leaf_count=208168 14643 1101 1257 78 94 53 25 425 59 43 83 497 2237 163 6018 143 8 77 32 294 30 6908 615 697 686 7573 69274 27 444 359 90 80 98 12 6 455 19517 1007 83 121 886 25 73 1731 410 2199 72 2626 302 1515 19 603 32 6 277 1251 214 42 396 1922 401 525
internal_value=0.0562712 0.0531581 0.0413363 0.0432203 0.0345376 0.0645588 0.0553746 0.0687748 0.195185 0.478544 0.0613396 0.157567 0.0589632 0.0945667 0.0626868 -0.00151888 0.155587 0.197553 -0.0328129 0.0536143 0.10471 0.0635015 0.0280513 0.0640746 0.0648897 0.0901377 0.0624232 0.055989 0.0861833 0.186944 0.308585 0.0787695 0.00402915 -0.0234846 -0.039717 0.0293253 0.0557244 0.00528474 0.0434037 0.074527 0.0272741 0.321642 0.0730875 0.0853739 0.0797612 0.0560746 0.109484 0.0615201 0.135455 0.0305285 -0.0728898 0.0701081 0.00310013 -0.0696015 0.0480739 0.0360851 0.0462048 0.05399 0.0315899 0.0518996 0.0591569 0.0736569
internal_weight=86613.5 62967.7 9945.81 9815.29 7685.9 23645.7 53021.9 6151.74 340.294 40.3491 5811.44 138.434 5673.01 1385.4 22260.3 278.846 299.945 102.543 153.396 46870.2 59.7347 21981.5 6580.54 21837.9 21545.3 1914.12 19631.1 38022.4 1282.86 86.2149 44.3134 1196.64 292.652 143.551 258.245 6516.72 37926.4 261.653 8847.8 2129.38 1988.41 42.8088 1105.36 1144.54 1076.63 37664.8 303.97 5519.61 274.06 1926.56 61.8509 2005.52 101.037 106.301 6859.4 1662.2 186.351 41.9015 47.1624 5197.2 801.392 1904.48
internal_count=359107 55404 18969 17712 16353 303703 36435 7413 837 102 6576 580 5996 3900 299803 6167 735 581 2269 29022 479 293636 15713 286716 285701 8259 277442 22775 3319 654 253 2665 1015 6920 6024 15098 22748 1032 6247 1359 2714 102 640 2221 2141 21716 145 3727 727 2401 313 1281 635 703 3533 1334 312 401 449 2199 495 646
is_linear=0
shrinkage=0.05


Tree=10
num_leaves=47
num_cat=0
split_feature=20 2 20 2 15 1 0 18 16 1 18 16 10 0 1 16 15 0 1 10 0 16 2 12 1 24 1 17 22 16 20 18 16 0 1 21 24 1 17 18 21 22 0 16 2 16
split_gain=804.296 550.625 1309.5 1860.86 579.933 453.969 444.086 682.273 1105.17 1111.61 1189.96 873.291 853.879 826.937 998.982 802.956 765.146 700.724 591.055 492.159 406.477 464.257 508.602 425.838 556.673 381.559 378.685 307.795 288.645 451.047 240.23 230.07 408.145 186.817 280.076 170.95 136.317 129.991 126.85 119.86 118.574 87.2645 71.4474 52.2538 47.578 8.6062
threshold=1.6134278178215029 9.5000000000000018 2.3022412061691289 6.5000000000000009 13.500000000000002 613.19500732421886 4.305000066757203 594.76916503906261 0.13893903046846393 20.005000114440922 480.14193725585943 0.12472866475582124 2.8025000095367436 3.8850001096725468 10.68650007247925 0.66725873947143566 57.500000000000007 4.1050000190734872 512.20498657226574 4.060000181198121 4.6050000190734872 0.38465864956378942 3.5000000000000004 1.3000888228416445 107.01499938964845 5.0044994354248056 4.3559999465942392 5.8992094993591317 17.268469810485843 0.75066137313842785 0.21212815493345263 622.96820068359386 0.047656901180744178 3.2050000429153447 34.905000686645515 495099330560.00006 3.1006993055343632 3.0004999637603764 4.8769736289978036 119.80953979492189 0.28272379934787756 14.582531452178957 6.7500000000000009 0.99965035915374767 17.500000000000004 0.99965035915374767
decision_type=2 2 2 2 2 2 2 2 2 2 2 2 2 2 2 2 2 2 2 2 2 2 2 2 2 2 2 2 2 2 2 2 2 2 2 2 2 2 2 2 2 2 2 2 2 2
left_child=5 2 4 -4 38 6 7 8 9 10 -1 -11 15 33 17 -10 -14 -15 -16 20 23 26 -23 24 -8 28 -22 45 29 -21 -30 32 -7 34 -9 36 39 -25 -2 -34 -6 -42 -33 -43 -3 -27
right_child=1 44 3 -5 40 31 19 13 12 11 -12 -13 16 14 18 -17 -18 -19 -20 25 21 22 -24 37 -26 27 -28 -29 30 -31 -32 42 35 -35 -36 -37 -38 -39 -40 -41 41 43 -44 -45 -46 -47
leaf_value=0.022715209590213673 -0.050609158074305854 0.091297985254405856 -0.045002583628532516 0.99298531928118638 0.24955716305327719 0.30618620551376713 0.10146391429076258 -0.024410194085813724 0.012719153379314478 0.097944678193251172 0.19558042010983112 0.23239572686646298 0.04512072747055082 0.19933864558593686 9.0293388688289709e-05 0.068072872688667102 -0.047511936452697426 0.057346282144888128 0.13994307321702112 0.059620331496109326 0.20400376923749045 0.12454174036629798 0.06084162308024476 0.12048066225653915 0.040371203180362622 -0.090502685002843836 0.051630983651775444 0.060141028460765723 0.057361833009055986 0.032260490483362068 0.034084206946738277 -0.057116322196615277 -0.08882880488172723 -0.050557777032733724 0.043753927117740433 0.14901545891968404 0.11511655823244558 0.043334683522587084 0.070040719584462174 0.067298359102579169 0.19485161199359188 0.055995606028235015 0.067371920029457119 0.15846567128019584 0.065388787579823138 -0.13830171934710886
leaf_weight=895.30466040130705 30.117654568515718 303.5698069408536 7.1175314579159048 9.6268571242690069 52.690575007349253 29.569913727231324 2127.3736995700747 420.2988322339952 721.16006260970607 1407.9624769589864 111.08463679812849 131.96381159499288 25569.839075639844 153.53443337604403 635.39287978596985 7237.6363441767171 224.06442143535241 201.50501491874456 84.754656663164496 2728.7892311094329 40.239641833584756 519.76706279441714 798.72408867767081 58.443072240334004 454.67599542532116 41.324717761948705 5257.7775113899261 44.985390245914459 28676.18571279943 3376.3441758258268 1159.4403507681563 20.42180907074362 20.833061270415783 252.96491741016507 233.61866088304669 123.44077476859093 52.507524624466896 751.36998094804585 72.285117408260703 27.131440016441047 62.877673104405403 29.426695634610951 23.949426367878914 23.400427585467696 482.06373151484877 22.303383237682283
leaf_count=23898 1320 70 305 11 50 133 19678 25592 30352 32069 2962 1592 107759 3177 15230 9370 3416 4090 870 6334 82 758 507 13 6149 280 16220 10 8677 6397 1055 265 173 17122 12162 17 20 1079 13 23 18 116 2 2 63 128
internal_value=0.0543279 0.097358 0.156566 0.573815 0.128732 0.0537811 0.0535621 0.0495757 0.0511358 0.0829096 0.0419761 0.109613 0.0487362 0.0209914 0.0506332 0.06306 0.044314 0.119151 0.0167278 0.0568742 0.0666967 0.0594571 0.0860322 0.080796 0.0907278 0.0541453 0.0528275 -0.0391174 0.0544283 0.044498 0.0564586 0.115389 0.133711 -0.0141631 -2.0611e-05 0.109651 0.0602471 0.0490501 0.0343618 -0.000841528 0.185548 0.154467 0.0099701 0.10358 0.0755098 -0.109216
internal_weight=85709.9 1073.18 287.543 16.7444 270.798 84636.7 84338.8 38281.1 36299 2546.32 1006.39 1539.93 33752.7 1982.07 1075.19 7958.8 25793.9 355.039 720.148 46057.7 10008.4 6616.51 1318.49 3391.86 2582.05 36049.4 5298.02 108.613 35940.8 6105.13 29835.6 297.854 253.483 906.882 653.917 223.913 100.472 809.813 102.403 47.9645 168.395 115.705 44.3712 52.8271 785.634 63.6281
internal_count=359629 1968 1835 316 1519 357661 357028 289661 211418 60521 26860 33661 150897 78243 23367 39722 111175 7267 16100 67367 44486 17567 1265 26919 25827 22881 16302 418 22463 12731 9732 633 366 54876 37754 233 216 1092 1333 196 186 136 267 118 133 408
is_linear=0
shrinkage=0.05


Tree=11
num_leaves=29
num_cat=0
split_feature=20 5 23 5 0 0 16 20 20 20 0 3 22 20 5 7 5 0 23 22 18 13 20 1 1 16 22 12
split_gain=701.61 622.302 462.089 1401.7 1075.29 1595.63 852.133 829.409 802.265 1030.96 539.421 936.772 527.167 505.17 496.333 438.14 428.653 381.567 331.723 328.422 369.683 310.478 263.518 158.25 163.64 25.3904 11.5212 2.28185
threshold=1.6134278178215029 354.50000000000006 0.099801037460565581 2.5000000000000004 2.6550000905990605 2.6650000810623173 0.24993529170751574 0.33152243494987493 0.81180197000503551 0.80419212579727184 4.6949999332427987 38.500000000000007 15.06015205383301 0.3102103471755982 40.500000000000007 4.7049999237060556 11.500000000000002 3.9550000429153447 2.0514693260192876 14.871160030364992 29.866975784301761 -0.030950775370001789 0.44315767288208013 1.1624999642372134 4.9005000591278085 0.79987081885337841 18.102139472961429 1.6983716487884524
decision_type=2 2 2 2 2 2 2 2 2 2 2 2 2 2 2 2 2 2 2 2 2 2 2 2 2 2 2 2
left_child=1 2 3 4 -1 -6 7 12 9 13 11 14 -4 -5 -8 -13 -2 -7 -18 20 -12 -14 -21 -20 -25 -26 27 -9
right_child=16 -3 6 8 5 17 10 26 -10 -11 19 15 21 -15 -16 -17 18 -19 23 22 -22 -23 -24 24 25 -27 -28 -29
leaf_value=-0.050724499630830949 0.24257906720646816 -0.050319451158883415 -0.052282758384147171 0.075378879039987107 0.85467203829866545 0.026404568382071954 0.043584370823414612 -0.055694372277528395 -0.054107206664933176 0.6525756618301648 0.02397875173609245 0.071293535043278997 -0.08917725037047404 0.12082229895725138 0.016110669861345406 0.052410173610596938 -0.055377782566950196 0.054572260438125519 0.061115210465698892 0.056025584037502463 0.16635553681780482 0.046986917012256532 0.10124568575512037 0.12090261998099788 0.088730712092369046 0.051617266007173049 -0.14625902657855067 -0.072792719394179237
leaf_weight=267.83658540342003 44.741934452205896 148.87369503360242 165.72703890874982 4830.9940475733019 5.1728794984519473 1426.4144410695881 24983.920566268731 264.38892956869677 109.7120161941275 6.9286663401871911 68.230911064893007 3926.2721441034228 42.430803285911679 703.87284516729414 1761.9764511324465 14325.813236447517 39.518093620426953 7777.8510792143643 309.29704230464995 21359.276828345377 139.30639600101858 1219.3032765062526 328.01269223168492 474.61785131972283 82.017328980378807 123.41029619798064 3.2888580271974197 36.646792504936457
leaf_count=16485 45 18088 6965 39856 105 64380 92576 8868 4184 60 162 2578 538 5182 7993 8342 1656 63856 59 10119 292 6464 197 74 42 92 21 350
internal_value=0.0520598 0.0515445 0.0517263 0.0596461 0.0478825 0.0507561 0.0499794 0.0153365 0.0793601 0.0820125 0.0508759 0.0477395 0.0313192 0.0811796 0.0417753 0.0564762 0.092241 0.0502109 0.0854693 0.0573191 0.119911 0.0423369 0.0567144 0.0911505 0.104694 0.0668172 -0.0594723 -0.0580265
internal_weight=84975.9 83902.3 83753.4 15128.8 9477.27 9209.44 68624.6 1731.79 5651.51 5541.8 66892.8 44998 1427.46 5534.87 26745.9 18252.1 1073.6 9204.27 1028.86 21894.8 207.537 1261.73 21687.3 989.343 680.045 205.428 304.325 301.036
internal_count=359629 357661 339573 194108 144826 128341 145465 23206 49282 45098 122259 111489 13967 45038 100569 10920 1968 128236 1923 10770 454 7002 10316 267 208 134 9239 9218
is_linear=0
shrinkage=0.05


Tree=12
num_leaves=55
num_cat=0
split_feature=20 0 18 23 16 4 10 23 20 12 22 10 0 0 23 10 23 14 0 0 4 18 24 7 23 22 23 0 12 7 22 22 18 20 20 0 0 24 24 0 18 18 4 0 0 10 22 18 7 18 9 24 9 13
split_gain=658.627 469.372 647.772 1255.01 1433.5 1168.65 1058.14 919.523 852.282 1069.25 1532.26 647.054 604.984 746.103 478.489 438.964 343.279 338.877 256.546 445.628 239.435 311.013 361.1 232.262 272.084 572.977 499.65 494.613 243.424 315.355 209.041 326.96 265.277 192.082 512.907 184.638 250.991 176.288 130.324 122.606 114.642 431.981 91.7755 41.9894 39.5946 27.2725 41.6171 69.5671 41.481 24.7865 15.7701 5.28859 0.377982 0.0388602
threshold=1.6134278178215029 4.305000066757203 622.96820068359386 0.099801037460565581 0.48793347179889685 7.5000000000000009 2.8000000715255742 1.041130352069837e+17 0.81180197000503551 1.0646321773529055 15.466084957122805 3.1475000381469731 3.8850001096725468 4.0050001144409189 0.052994688972830779 4.6549999713897714 2.0514693260192876 1.0000000180025095e-35 3.9550000429153447 3.9850000143051152 17.500000000000004 0.52970612049102794 -0.055946754291653626 7.2500000000000009 629879972298752.12 17.268469810485843 315789332709376.06 4.6949999332427987 1.3333333134651186 6.9500000476837167 15.910464763641359 15.850030422210695 95.06735992431642 0.41863007843494421 0.51865583658218395 3.2050000429153447 2.8950001001358037 1.0839166045188906 -0.029600643552839753 2.9050000905990605 686.12658691406261 670.03222656250011 2.5000000000000004 2.6950000524520878 4.2950000762939462 4.5650000572204599 20.057225227355961 0.46232083439826971 8.1500000953674334 859.49902343750011 4.2500000000000009 0.06271491572260858 3.2000001668930058 -0.047720123082399361
decision_type=2 2 2 2 2 2 2 2 2 2 2 2 2 2 2 2 2 2 2 2 2 2 2 2 2 2 2 2 2 2 2 2 2 2 2 2 2 2 2 2 2 2 2 2 2 2 2 2 2 2 2 2 2 2
left_child=1 2 3 8 5 11 17 -8 9 14 -11 -5 35 18 -1 -7 -2 -6 49 -20 21 -18 -23 24 26 30 33 -28 42 -30 31 -26 -32 37 -35 36 43 -3 -22 -38 41 -15 -27 -4 -42 46 -25 48 -48 -14 -49 52 -47 -53
right_child=16 23 12 4 6 15 7 -9 -10 10 -12 -13 13 40 -16 -17 20 -19 19 -21 38 22 -24 45 25 28 27 -29 29 -31 32 -33 -34 34 -36 -37 39 -39 -40 -41 44 -43 -44 -45 -46 51 47 50 -50 -51 -52 53 -54 -55
leaf_value=0.052815785832060917 -0.056284951481190448 0.054741438722607165 -0.050323574979088508 -0.036133957276835126 0.025615357850780035 -0.058745490736649732 0.029299216863300628 0.049971237981997041 -0.052152456610388004 0.20284041789746696 0.0795000080793032 0.042343104291865448 -0.044934100285770162 -0.049828660931749057 0.12226575045867667 0.057335382034768657 0.092986623487819234 0.066891757336008426 0.45340556956452738 0.12307316530457453 0.057977001740003212 0.31516374780904072 0.10633205542262816 0.062473151229375724 0.046445403165172226 0.040956022433160794 0.3545793610403305 0.088445124656943999 0.041382774965339438 -0.040281008672134834 0.025761623552205987 0.19352048674133482 -0.080864055495306689 0.1810650726480445 0.058685155525068915 -0.050522136867272409 0.083113666964457836 0.021389398553520678 0.099330495894100521 0.01314751251168933 0.0046080417982352776 0.3003147959743187 0.055803223696188155 -0.012932801632847414 0.026752064436378561 0.060015642814622266 -0.048471319673880318 0.035249899186962454 0.03664767816840208 0.05227174586061533 0.063387119205203984 0.058565917379605231 0.062770744745949819 0.052993183216832718
leaf_weight=2436.9627754874527 38.378160843625665 18909.75301508978 155.7405191808939 314.35323983663693 540.87329941987991 658.56173788290471 9182.2847050260752 13015.154794696718 130.58614433696494 360.3018898293376 840.5196936680004 1574.2525974847376 6.1935059912502757 19.316860919818282 276.17270775139332 92.062483310699463 136.97083217836916 6471.0453401622362 10.009485498070715 188.90444358810782 339.73952538892627 43.623580871149898 41.634891152381897 329.94782450795174 399.8643197901547 1173.3667698279023 26.137405440211296 51.934498433023691 2594.2553029265255 123.03082970995456 2921.1933360849507 40.961345449090004 58.550949674099684 108.92044885409996 397.56428577797487 239.96538109332323 81.917884415015578 406.92750967713073 454.35791834257543 258.88804041221738 483.97614215128124 14.805384587496517 10542.701911964454 146.75905980635434 346.78797962516546 828.41310007870197 33.40660494659096 112.31676803529263 23.525489553809166 104.80508087575436 99.991398639976978 275.86829946935177 5450.5745105594397 219.54043863713741
leaf_count=58149 1669 52183 12073 11191 8994 26798 45797 9051 7057 4657 4044 27939 119 423 5070 31 39 4419 13 3800 57 45 86 29 1882 845 121 67 1492 274 4154 53 381 276 739 16723 3313 1050 72 12657 10486 142 3129 8921 6396 128 93 93 29 1765 11 57 483 64
internal_value=0.0499608 0.049461 0.0453571 0.0469215 0.0435866 0.00829118 0.0467751 0.0414219 0.0731636 0.0773582 0.11665 0.029266 0.0180616 0.0415542 0.0599295 -0.0444444 0.0892401 0.0637127 0.107993 0.141906 0.0947902 0.140827 0.215656 0.052911 0.05132 0.0468269 0.055348 0.180964 0.0511888 0.03767 0.0284105 0.0605299 0.0236384 0.0548439 0.085318 -0.0131908 0.000783493 0.0540402 0.0817396 0.0301735 0.0176444 0.106179 0.0543203 -0.0323021 0.0138787 0.0610491 0.0505048 0.0356425 -0.0131867 0.0464504 0.0487602 0.0619734 0.0624177 0.0562182
internal_weight=84134.7 83079.9 37951.2 35893.1 31848.6 2639.23 29209.4 22197.4 4044.54 3913.96 1200.82 1888.61 2058.07 1174.8 2713.14 750.624 1054.7 7011.92 309.913 198.914 1016.33 222.229 85.2585 45128.7 37755.2 17853.9 19901.2 78.0719 14433.4 2717.29 3420.57 440.826 2979.74 19823.2 506.485 883.271 643.306 19316.7 794.097 340.806 864.886 34.1222 11716.1 302.5 830.764 7373.58 599.188 269.24 56.9321 110.999 212.308 6774.4 6278.99 495.409
internal_count=359629 357661 290028 213197 134220 65959 68261 54848 78977 71920 8701 39130 76831 23144 63219 26829 1968 13413 5697 3813 299 170 131 67633 66646 12210 54436 188 5740 1766 6470 1935 4535 54248 1015 53687 36964 53233 129 15970 17447 565 3974 20994 16882 987 255 226 122 1884 104 732 611 121
is_linear=0
shrinkage=0.05


Tree=13
num_leaves=51
num_cat=0
split_feature=20 7 9 1 7 4 19 23 18 19 16 18 16 4 23 2 21 3 21 4 14 4 4 24 14 24 10 10 21 16 23 3 1 23 6 1 10 20 2 24 8 2 3 16 7 11 9 7 9 4
split_gain=607.128 515.753 731.205 2167.32 1422.8 652.954 454.711 401.137 1082.99 700.095 660.666 570.467 455.714 325.318 312.172 398.665 276.973 274.574 258.982 254.235 226.387 303.54 115.146 222.187 84.2788 71.46 55.0896 45.5214 269.064 449.897 105.552 181.666 221.482 117.473 81.8066 45.273 31.614 21.9448 16.7855 12.5208 9.86677 7.12378 4.98397 3.89114 2.47269 4.99776 2.12397 0.28041 5.11392 0.148762
threshold=1.6134278178215029 7.2500000000000009 3.9499999284744267 11.802000045776369 6.8500001430511483 57.500000000000007 80.573616027832045 0.099801037460565581 354.54977416992193 1.0890563726425173 0.77842378616333019 468.75234985351568 0.24993529170751574 300.50000000000006 2.0514693260192876 9.5000000000000018 4.3739020824432382 21.500000000000004 2236069.5000000005 32.500000000000007 4.5000000000000009 65.500000000000014 31.500000000000004 -0.30899211764335627 8.5000000000000018 -0.032294178381562226 2.8975000381469731 4.5650000572204599 8998811598848.002 0.74971264600753795 583257.78125000012 8.5000000000000018 6.3904998302459726 5.6648791795670458e+19 32.500000000000007 74.70999908447267 3.1999999284744267 0.70049449801445018 19.500000000000004 0.06271491572260858 4.5950000286102304 19.500000000000004 32.500000000000007 0.64729991555213939 7.6499998569488534 3.5000000000000004 2.9999998807907109 8.2500000000000018 3.7000001668930058 7.5000000000000009
decision_type=2 2 2 2 2 2 2 2 2 2 2 2 2 2 2 2 2 2 2 2 2 2 2 2 2 2 2 2 2 2 2 2 2 2 2 2 2 2 2 2 2 2 2 2 2 2 2 2 2 2
left_child=1 2 5 19 20 7 13 8 10 16 -1 -10 -11 17 -2 18 -9 -7 25 22 26 -22 23 -4 37 -16 -5 28 30 -30 31 -3 -33 -32 -35 -31 -6 -21 -17 44 -8 49 -27 -42 45 46 -29 48 -46 -41
right_child=14 27 3 4 36 6 40 9 11 12 -12 -13 -14 -15 15 38 -18 -19 -20 24 21 -23 -24 -25 -26 42 -28 39 29 35 33 32 -34 34 -36 -37 -38 -39 -40 41 43 -43 -44 -45 47 -47 -48 -49 -50 -51
leaf_value=0.065482374606758417 -0.05613792443848184 0.059245842679703044 0.021200736649819866 0.086066197608680131 -0.066616521766619849 0.012863652494034764 -0.050141432817397906 0.022503518764958003 -1.666713638108733e-06 0.0062337101598644411 0.46404544037579171 0.04367958895064037 0.0369352088900659 -0.051361686324427919 0.22076596803049903 0.079215189987745183 0.049288396944363877 0.057991967023203639 0.066550046197933518 -0.18239120202133779 0.047671007216609475 -0.16598576140476856 0.045957789326366814 -0.18825224254810513 -0.047557463173235504 0.13460617532437702 0.053756077091578085 0.058725143258682048 0.058314132429586586 -0.1852513547024604 0.071519653640462769 0.059580609099994603 -0.15661470168033301 -0.019458124582610259 0.04840416581018181 -0.056204071889342816 -0.18748301651477625 -0.075773555592616532 0.062853585370224827 0.048853376484656943 -0.055210465458459257 0.058096064167361364 0.16580304437879193 -0.10450605952024968 0.062172356724382573 0.061614135781375236 0.051751135438219388 0.063656310393133769 0.055948645649669553 0.04167193520178393
leaf_weight=6832.0828422298655 36.602214274927974 80.017042770981789 23.165373662486672 161.80936227925122 7.6252942653372875 345.73415116919205 35.217340778093785 1016.6913756048307 822.87823287490755 1294.9344286797568 9.4450846444815379 8128.1749599492177 18325.938159361016 68.826418072450906 57.559736907482147 342.37301471084356 20269.439795535058 15057.075287641492 86.246548555791378 135.39018404856324 42.540171273984015 25.937530162744224 20.954840481281281 26.346510512754321 14.723232847172765 79.097223456948996 819.16711226850748 379.03020453453064 60.42356538772583 30.25626574922353 787.16293821204454 20.073256596922874 26.435471925884485 59.876885442994535 164.99990086629987 10.285715758800505 64.031624408438802 7.2025177162140599 369.0828230381012 99.087277933955193 10.311518977396188 285.66859431564808 69.01268882676959 23.349062544293702 3246.8462652415037 1062.876152575016 354.42882362008095 1291.9046173095703 511.98012161254883 122.1287172883749
leaf_count=64037 1669 14 23 20 428 708 2785 1392 12353 22198 26 117733 94273 10830 58 55 14075 10119 19 896 18 444 8 143 1531 111 360 62 10 247 92 2 164 175 109 66 385 354 50 42 514 55 6 229 282 113 107 69 105 65
internal_value=0.0479927 0.047511 0.0461553 0.00966847 0.0382616 0.0468363 0.0559226 0.0443449 0.0511205 0.0417278 0.0661011 0.0396638 0.0349097 0.0564947 0.085972 0.0912118 0.0480104 0.0569802 0.140447 -0.130593 0.0530349 -0.0344088 -0.0506071 -0.0916758 -0.165843 0.170939 0.0591729 0.0591129 0.0500879 -0.0278791 0.0570247 0.0137908 -0.0639091 0.0624059 0.0303065 -0.154773 -0.175784 -0.177606 0.0708344 0.0606264 -0.0714836 0.0525413 0.150191 -0.0915778 0.0612165 0.059127 0.055437 0.0619468 0.0613411 0.0451165
internal_weight=83222.4 82182.5 73589 1348.89 1121.11 72240.1 15540.5 56699.6 15792.6 40907 6841.53 8951.05 19620.9 15471.6 1039.97 1003.37 21286.1 15402.8 291.916 227.783 1049.45 68.4777 70.4667 49.5119 157.316 205.67 980.976 8593.48 1239.53 100.966 1138.57 126.526 46.5087 1012.04 224.877 40.542 71.6569 142.593 711.456 7353.95 68.8779 506.885 148.11 33.6606 6847.07 1796.34 733.459 5050.73 3758.83 221.216
internal_count=359629 357661 355882 4610 1655 351272 25185 326087 194149 131938 64063 130086 116471 21657 1968 299 15467 10827 194 2955 842 462 174 166 2781 175 380 1779 879 323 556 180 166 376 284 313 813 1250 105 900 3528 162 117 743 738 282 169 456 387 107
is_linear=0
shrinkage=0.05


Tree=14
num_leaves=53
num_cat=0
split_feature=5 0 22 0 2 23 20 20 13 24 0 18 0 5 20 16 20 9 0 22 18 0 1 16 24 24 18 0 1 5 0 1 18 7 1 0 7 18 18 1 1 18 20 15 24 24 13 7 24 7 5 20
split_gain=809.957 1010.5 681.788 612.499 867.728 856.89 887.093 708.133 566.399 2010.99 2170.28 545.74 541.795 527.727 537.707 616.398 538.902 527.375 500.68 499.4 1221.16 2082.64 766.411 422.828 399.364 1119.37 1806.44 396.715 573.64 1478.91 368.606 353.642 351.799 345.273 334.278 325.496 300.688 284.777 267.076 229.084 1101.67 269.406 163.619 234.571 81.592 344.423 74.0064 66.7943 41.0846 33.353 24.2598 16.2078
threshold=2.5000000000000004 2.6550000905990605 14.885159969329836 5.0050001144409189 4.5000000000000009 0.046773338690400131 0.44675697386264807 0.42933882772922521 -0.11397831887006758 0.49810028076171881 2.7050000429153447 7.22721290588379 2.6650000810623173 333.50000000000006 0.91870328783988964 0.71473780274391185 0.20985237509012225 2.0949997901916508 3.9550000429153447 14.830279827117922 62.708223342895515 3.0949999094009404 1.0013224482536318 0.94142156839370739 3.1006993055343632 2.4850002527236943 5.0179669857025155 3.4050000905990605 199.0100021362305 1.5000000000000002 3.9850000143051152 613.19500732421886 0.039736110717058189 3.0949999094009404 35.844999313354499 3.2949999570846562 4.4949998855590829 622.96820068359386 381.31312561035162 29.915499687194828 36.00849914550782 0.56412234902381908 0.48389361798763281 1.5000000000000002 0.80000004172325145 1.0839166045188906 0.090238120406866087 3.495000004768372 -6.9690010547637931 4.5850000381469735 4.5000000000000009 1.5698927640914919
decision_type=2 2 2 2 2 2 2 2 2 2 2 2 2 2 2 2 2 2 2 2 2 2 2 2 2 2 2 2 2 2 2 2 2 2 2 2 2 2 2 2 2 2 2 2 2 2 2 2 2 2 2 2
left_child=1 32 8 4 5 11 7 -7 9 -2 47 36 -3 14 16 -16 -6 -13 27 24 22 -22 -21 -8 25 35 -27 28 38 -30 -20 34 -1 -24 -32 -10 -4 -33 -14 41 -41 -29 44 -44 48 -46 -47 -11 -5 -34 -50 -45
right_child=2 12 3 42 13 6 23 -9 19 10 -12 17 18 -15 15 -17 -18 -19 30 20 21 -23 33 -25 -26 26 -28 39 29 -31 31 37 49 -35 -36 -37 -38 -39 -40 40 -42 -43 43 51 45 46 -48 -49 50 -51 -52 -53
leaf_value=0.12938410738583556 -0.05196104798168602 0.35118758111274168 -0.068293270718572954 0.082094552309345425 0.052029571905621269 0.03069385321129043 -0.058289945506239949 0.19544589415764749 0.046237470859099024 0.57268054365710408 -0.052589597682942517 0.078902915628158821 0.045327144190633085 -0.050188003861714549 -0.065514167274436291 0.064482678429614471 0.039275235402506388 0.28838319630744003 0.2761721163589646 0.51507268404108741 1.0016090628383096 -0.04736583545670979 0.13847409950757089 0.04511563069668497 -0.054825013886440822 0.80754488180969997 -0.04837857806499507 0.036624501822904991 -0.049171281461020427 0.54599759752289945 0.044493409373965974 0.15366941954714033 -0.051180952085630851 -0.054900186966172271 0.025105402907228399 0.073776112869153407 0.039233933093427112 0.0034167464482719894 0.0050176965580608886 0.20973897949324294 -0.023612133428767827 -0.057260902072944486 0.18679105414802047 0.043271956673433989 0.15742147658029895 0.03930092409709772 0.084014974240777307 0.99043064501045586 0.064014466941330422 -0.11596411237366716 0.055526622433816043 0.083464707846951258
leaf_weight=26.794545674696565 32.249644318595529 12.824737014248965 83.518176734447479 166.79838613793254 19159.346661102027 10134.459983501118 414.84189686225727 64.693776936270297 1858.6029946738854 7.9472614005208078 10.418958814814685 1166.125974310562 858.53442560788244 133.76084603834897 91.770493202842772 6104.3264657594264 14636.443025773857 30.030098382383585 15.765105193480847 8.8294894360005838 9.5735361455008405 8.3921780651435238 48.95103651471436 128.81929928343743 70.953578561544418 11.933407917618753 11.554595503024755 97.625330723822117 23.394438748247921 17.611614534631371 10565.558973641135 119.91158173885196 350.4444266827777 42.094662156887352 2823.3229451216757 2569.0554068675265 280.86666001146659 42.817952444776893 788.44656604807824 60.631080760620534 281.13955834973603 340.36705538444221 60.202293030917645 56.183433216996491 107.00899936258793 248.06633342336863 151.0344012863934 9.6858840407803637 1025.8750080429018 21.020392360165715 6920.8129017045721 53.665092468261719
leaf_count=92 1129 127 1450 70 7534 42827 11285 944 35735 80 314 3697 17875 18125 2500 2185 19379 141 30 28 68 246 163 797 2081 102 327 385 964 224 40694 155 19857 1342 35436 27684 428 235 36654 1388 9353 12459 26 110 26 179 34 36 468 117 2042 2
internal_value=0.0460829 0.0361497 0.0485605 0.0471494 0.045099 0.0334754 0.0284404 0.0317584 0.0669244 0.218172 0.519998 0.0680929 0.0381029 0.0486619 0.0489939 0.0625462 0.0465073 0.0844027 0.0378303 0.0649111 0.166269 0.534685 0.0953051 -0.0337412 0.0622326 0.0641115 0.4015 0.0171012 0.0307219 0.21324 0.0415988 0.0413052 -0.0424402 0.0493887 0.0404076 0.0622304 0.0144552 0.114427 0.0260479 -0.0123794 0.0182615 -0.0362874 0.0593732 0.108033 0.0584002 0.0780396 0.0564026 0.843258 0.0571651 -0.0551618 0.0566309 0.0635285
internal_weight=82365.1 16446.2 65918.9 61218.7 52429 12303.4 10742.8 10199.2 4700.24 60.3017 28.0521 1560.54 16048 40125.6 39991.9 6196.1 33795.8 1196.16 16035.1 4639.94 117.841 17.9657 99.8752 543.661 4522.1 4451.15 23.488 2467.75 1687.99 41.0061 13567.4 13551.6 398.259 91.0457 13388.9 4427.66 364.385 162.73 1646.98 779.763 341.771 437.992 8789.65 170.051 8619.6 506.11 399.101 17.6331 8113.49 371.465 7946.69 109.849
internal_count=359629 176045 183584 114249 111292 61569 55853 43771 69335 1559 430 5716 155979 49723 31598 4685 26913 3838 155852 67776 1847 314 1533 12082 65929 63848 429 79302 55717 1188 76550 76520 20066 1505 76130 63419 1878 390 54529 23585 10741 12844 2957 138 2819 239 213 116 2580 19974 2510 112
is_linear=0
shrinkage=0.05


Tree=15
num_leaves=63
num_cat=0
split_feature=5 1 1 4 9 5 1 1 10 10 12 21 10 1 1 1 1 5 5 21 1 23 5 12 1 1 1 1 5 3 1 1 21 22 1 22 7 1 1 5 1 10 5 23 22 5 4 5 1 1 21 5 1 10 5 4 12 1 1 23 22 4
split_gain=1443.03 701.16 805.467 1118.98 3451.03 778.993 654.607 624.432 614.406 881.27 915.76 696.197 670.236 554.016 495.02 470.121 750.267 994.764 449.06 406.583 363.321 309.375 249.722 410.563 207.299 401.899 191.422 328.548 414.624 397.148 269.923 225.518 173.832 159.147 158.676 595.766 550.243 302.431 149.9 502.86 146.381 144.455 242.226 205.946 138.416 125.826 114.918 203.351 114.729 114.425 275.208 111.139 124.736 96.5103 73.6864 69.9723 62.2881 43.4257 50.6595 42.3141 209.465 41.0674
threshold=2.5000000000000004 128.30500030517581 122.88999938964845 2.5000000000000004 0.69499993324279796 4.5000000000000009 582.23999023437511 124.00500106811525 2.8025000095367436 2.8975000381469731 2.1493430137634282 468109168.00000006 4.5650000572204599 512.20498657226574 7.6519999504089364 36.00849914550782 35.844999313354499 1.0000000180025095e-35 333.50000000000006 216354299904.00003 57.004999160766609 0.080826193094253554 1.5000000000000002 1.0107914805412295 4.6649999618530282 4.0025000572204599 90.006500244140639 94.140003204345717 1.0000000180025095e-35 1.0000000180025095e-35 78.784999847412124 77.509998321533217 4456456192.000001 17.950208663940433 557.15499877929699 15.100024700164797 3.9850000143051152 278.11500549316412 524.87500000000011 1.0000000180025095e-35 569.09851074218761 4.1524999141693124 9.5000000000000018 0.86096671223640453 15.954098224639894 8.5000000000000018 1.0000000180025095e-35 1.0000000180025095e-35 34.905000686645515 582.23999023437511 2247430897664.0005 1.5000000000000002 557.15499877929699 4.6549999713897714 1.0000000180025095e-35 1.0000000180025095e-35 2.1673028469085698 7.0004999637603769 7.2010498046875009 7.1410575425446881e+18 15.570777893066408 1.0000000180025095e-35
decision_type=2 2 2 2 2 2 2 2 2 2 2 2 2 2 2 2 2 2 2 2 2 2 2 2 2 2 2 2 2 2 2 2 2 2 2 2 2 2 2 2 2 2 2 2 2 2 2 2 2 2 2 2 2 2 2 2 2 2 2 2 2 2
left_child=13 2 8 4 7 34 41 21 11 19 12 18 -11 14 24 16 22 -18 20 33 -2 -4 48 -24 25 53 30 28 -28 -29 31 -17 57 -10 35 36 37 -3 39 -15 51 -7 -43 -44 -8 -46 47 -27 -16 -36 -51 52 55 54 -1 -40 -12 -26 -59 60 61 -42
right_child=1 5 3 -5 -6 6 44 -9 9 10 56 -13 -14 38 15 26 17 -19 -20 -21 -22 -23 23 -25 32 46 27 29 -30 -31 -32 -33 -34 -35 49 -37 -38 -39 40 -41 59 42 43 -45 45 -47 -48 -49 -50 50 -52 -53 -54 -55 -56 -57 -58 58 -60 -61 -62 -63
leaf_value=0.001494349020629498 0.062529413685865717 0.088486153243808374 -0.046867700055007927 -0.058465062924125101 0.90368851440691922 -0.058648931475970313 -0.061331547196260328 -0.054982576407260945 -0.046695906241828677 0.04008719674683292 -0.15615169768621062 -0.10410332825335218 0.051390813554674432 0.27215890255721514 0.028892015118204814 0.0064510567751427427 0.48803156269200088 -0.061864665870861459 -0.050138940967179593 0.084166778874055367 0.011508998218650077 0.32128207093221456 0.066424901296652669 0.028724557538221153 -0.060384899832542221 0.092284842506027573 0.24771553930183124 0.027763499224824691 0.03116792681617446 -0.065517202798186625 -0.056689653998013026 0.1531727414144447 0.048812545065740134 -0.15035335508687242 0.11773512774088853 -0.064310379019077643 0.41112728264940906 -0.061414342744266097 0.091853688208491338 -0.055812923423842656 0.09228228931505647 -0.069550703034085629 0.054189613445102973 -0.073268927522925395 0.09783484773741008 0.015032589649122283 0.030194846693071011 0.31971732870606745 0.057739111196687447 -0.071602731693124463 0.11147083563987562 -0.060395052515817921 -0.055240759224190972 0.036278055538270071 -0.058309518383361361 -0.063814025739671196 -0.065090729676352974 0.029539590546631512 -0.070388394864704121 0.11794900188906104 -0.088565706593705121 0.029214880485569944
leaf_weight=98.162694412283599 9507.9730698652565 188.94095938839018 6.7672498896718016 34.723528997041285 16.435062061995268 410.01525609195232 21.299260584637523 30.484566173516214 211.28417082829401 25914.652177002747 48.438362644519657 64.45506344223395 26628.854955873452 32.985611824318767 8354.8885374544188 1557.9256412219256 19.587343559600413 13.331931520253418 91.556852887151763 54.394914051052183 362.99955740338191 28.309955112636089 1406.944909430109 1489.5754720829427 264.62471859063953 33.016873651184142 35.863774061203003 1496.3203810192645 56.22075848095119 122.5486664660275 172.93742554448545 25.645388562232256 48.293940320611 44.522170521318913 144.64673250727355 101.53561175148934 10.93707346729934 40.103785380721092 73.263990481384099 17.327908968552947 269.05554094165564 111.53992688283324 134.23685590550303 40.429388707503676 137.46283182036132 69.464545488357544 24.44661764241755 13.930129048414527 360.08162489067763 31.650806642137468 54.614477157592773 29.334723034873605 21.930020777508616 74.557064693421125 106.8902032431215 7.2560930978506795 34.395582535304129 31.323270255699754 19.872849768958986 81.280101984739304 17.397524581290781 30.095123732462525
leaf_count=4222 35444 2089 140 666 73 7822 200 654 4880 92198 328 542 11199 198 69414 27744 294 284 13697 8 6095 107 10229 3082 9814 322 775 30038 737 2239 4605 492 23 354 216 1260 56 357 732 207 1246 1129 308 281 95 162 130 113 4156 279 2 304 283 72 3296 81 2596 236 561 10 140 119
internal_value=0.0432888 0.0466536 0.0474562 0.17821 0.277992 0.0128173 -0.015562 0.109847 0.0472109 0.0450585 0.045554 0.0585681 0.0458168 0.0300431 0.0282801 0.0302038 0.0350165 0.269924 0.0596314 -0.0388649 0.060655 0.250788 0.0343269 0.0470553 -0.0123495 0.0150403 0.0140348 0.0259332 0.117315 0.020663 0.00243391 0.00892549 -0.0387356 -0.0652718 0.0586046 0.0367612 0.0796344 0.0620652 0.0780178 0.160222 0.0699117 -0.0396501 -0.0123057 0.0244096 0.0577512 0.0702685 0.120052 0.165134 0.030091 0.0905914 0.0441929 0.0239548 0.0485055 -0.0120872 -0.0297877 0.0771536 -0.119627 -0.0522507 -0.00975916 0.0850247 0.0762101 0.0860727
internal_weight=80984 64577.1 63080.2 116.72 81.9968 1496.88 924.448 65.5618 62963.5 52936.5 52626.3 10027 52543.5 16406.9 15827 15111.9 11644.4 32.9193 9962.53 310.201 9870.97 35.0772 11611.5 2896.52 715.118 351.004 3467.46 1710.95 92.0845 1618.87 1756.51 1583.57 364.115 255.806 572.429 341.517 239.982 229.045 579.927 50.3135 529.613 696.221 286.206 174.666 228.227 206.927 71.3936 46.947 8714.97 230.912 86.2653 131.785 102.45 279.61 205.053 80.5201 82.8339 315.821 51.1961 397.828 316.548 299.151
internal_count=359435 183237 168981 1640 974 14256 9997 901 167341 111563 106321 55778 103397 176198 172878 154089 87459 578 55236 5242 41539 247 86881 13311 18789 8155 66630 33789 1512 32277 32841 28236 10634 5234 4259 3762 2502 2446 3320 405 2915 9540 1718 589 457 257 565 435 73570 497 281 1400 1096 7590 7518 813 2924 10611 797 1515 1505 1365
is_linear=0
shrinkage=0.05


Tree=16
num_leaves=63
num_cat=0
split_feature=5 0 1 5 1 0 1 0 1 0 20 16 19 0 1 7 16 18 18 16 0 0 1 1 1 0 0 5 18 5 7 1 1 1 20 1 1 0 6 1 1 0 5 23 18 18 1 1 18 1 22 1 13 7 22 0 19 18 0 17 16 19
split_gain=1484.27 1227.68 662.218 682.911 603.157 536.212 739.5 494.593 535.558 929.776 530.706 1981.17 653.855 469.381 469.025 341.596 417.116 337.554 311.116 419.875 661.835 324.52 838.996 292.671 343.574 287.135 259.033 258.938 241.886 240.306 234.242 231.623 234.979 215.336 214.665 214.239 1567.48 209.364 199.663 180.966 179.195 169.603 160.12 152.864 738.805 525.366 115.996 321.835 357.673 113.179 106.046 256.235 143.159 96.4022 153.891 94.5643 76.4354 71.792 65.9948 64.0447 56.2307 52.7292
threshold=2.5000000000000004 2.8950001001358037 128.30500030517581 4.5000000000000009 582.23999023437511 4.3949999809265146 512.20498657226574 5.2049999237060556 122.88999938964845 2.9150000810623173 0.93141567707061779 0.54774570465087902 0.6273736059665681 2.6950000524520878 32.835000991821296 3.495000004768372 0.20701094716787341 346.54362487792974 301.96235656738287 0.32950450479984289 5.0950000286102304 3.6450001001358037 218.004997253418 536.20501708984386 569.09851074218761 4.0050001144409189 4.7099997997283944 1.5000000000000002 11.650138854980471 4.5000000000000009 6.9500000476837167 7.9995000362396249 8.0009999275207537 121.81000137329103 1.6134278178215029 25.651499748229984 26.005000114440922 4.3949999809265146 46.500000000000007 166.98950195312503 2.8810000419616704 6.7500000000000009 9.5000000000000018 2507710473961472.5 119.80953979492189 77.275520324707045 35.001499176025398 34.905000686645515 371.78347778320318 4.6649999618530282 17.538064956665043 37.93499946594239 -0.057105245068669312 5.3200001716613778 17.235943794250492 4.2950000762939462 14.590314388275148 79.483150482177749 5.6199998855590829 0.9925418794155122 0.79987081885337841 15.662484645843508
decision_type=2 2 2 2 2 2 2 2 2 2 2 2 2 2 2 2 2 2 2 2 2 2 2 2 2 2 2 2 2 2 2 2 2 2 2 2 2 2 2 2 2 2 2 2 2 2 2 2 2 2 2 2 2 2 2 2 2 2 2 2 2 2
left_child=1 35 7 18 26 6 25 8 10 13 12 -12 38 -10 -14 -11 -17 30 19 21 -21 22 -4 55 -25 31 53 33 -29 -15 -8 49 -33 -27 -13 -1 61 -6 -2 -23 -7 43 -28 44 -42 -45 47 -38 -49 -3 51 52 -9 -5 -55 -19 -52 -44 -53 -39 -54 -37
right_child=2 5 3 4 37 40 17 50 9 15 11 34 14 29 -16 16 -18 23 -20 20 -22 39 -24 24 -26 27 42 28 -30 -31 -32 32 -34 -35 -36 36 46 59 -40 -41 41 -43 57 45 -46 -47 -48 48 -50 -51 56 58 60 54 -56 -57 -58 -59 -60 -61 -62 -63
leaf_value=-0.055960199899044306 0.046526353067941228 0.0072685245969960543 -0.049490699614465963 -0.060267068233117338 -0.068835073305397149 0.17558665365771514 -0.060269147950755678 0.10799361071238039 -0.048613491607926253 -0.054131291862933029 -0.05549071954407267 0.060186885029897608 0.034041855129125047 0.53859709938458689 0.050079246976575356 0.22875777014677334 -0.060295002529441671 0.14341747798433441 -0.057067462575722941 -0.062491126046781302 0.12132505437501101 0.14650087532472653 0.427531767236148 -0.053104119099290442 0.12908495052953858 -0.02456450363330473 -0.079194434659593416 -0.01854372569893065 0.0550638348333575 0.25095066994278192 0.12089140937476982 0.18682726090126012 0.026548394281457457 0.024387627990815952 0.086925119214224925 0.47976710713158566 -0.054064811945567996 0.040463595686759564 0.058460085229910308 0.057769002990551932 0.082707064603546654 0.064936336795005753 0.01060611590779313 0.030192971360689016 0.033735613226115714 -0.081093536779128672 -0.052553462303180268 -0.055205343956279365 0.32026701187393664 -0.056178825418568938 0.053766025716323107 -0.074030735807434384 0.073462155158916437 0.08984024625302077 -0.067869066827079202 0.28091184944453856 0.083151353354873336 0.10063957258114703 0.017913423734383031 0.098365196800084376 0.043973377968914699 0.27662145472470095
leaf_weight=443.26478247903287 17547.027125832159 166.37129903864115 14.987225404009221 498.36066955234855 28.969806023873389 22.452316582202911 48.968156350776553 291.89593482762575 6.4129887651652089 40.304557769559324 366.90096134296618 5547.2833369695581 21999.587738070404 17.792468037456274 5760.604713503737 37.356414776295424 17.943391662556678 27.06002991553396 56.250284818932414 124.50056680943817 79.301687998697162 79.389101097360253 22.116644831374288 32.48351130541414 117.14666873868555 1070.7511631371453 25.52893153205514 174.46880137734115 306.41027118358761 17.276967817917466 26.752476930618286 22.14642190374434 2235.7876491928473 283.27459941245615 875.92559922486544 9.4043310880661011 49.544521043077111 87.708054839633405 4410.428597076796 212.81572355609387 872.49591938965023 517.35463330149651 40.413666656240821 3024.4008110156283 6568.2294427538291 108.94119078293443 226.4986558239907 10.485893402248623 14.050826366990803 120.30947204865515 3470.3824725523591 24.323077982291579 1044.1972918063402 28.296135907061398 31.767190439626575 32.035974320024252 240.20222352538258 49.056872796267271 84.064125352539122 111.32815697789192 199.01343201845884 15.881246848963201
leaf_count=22506 11548 4088 381 8983 252 68 557 91 152 838 23952 3872 89471 42 35299 102 311 190 719 1798 50 348 116 424 593 16348 211 544 2662 186 3 659 59323 5493 296 3 2154 149 1057 847 2928 91 117 3657 36719 685 10393 295 519 4975 782 140 527 7 209 103 98 13 98 56 119 218
internal_value=0.0416172 0.0282758 0.0450938 0.0121488 -0.0152092 0.0312833 0.0170471 0.0458857 0.0445103 0.142947 0.0442689 0.0573906 0.0424756 0.337735 0.0373717 0.0557559 0.135474 0.0950294 0.0539563 0.065765 0.00925251 0.10059 0.238477 0.127701 0.08941 0.0119605 -0.039005 -0.0031134 0.0283647 0.407913 0.00441208 0.0228291 0.0282047 -0.0143091 0.0638469 -0.0333737 -0.00255748 0.0549141 0.0489262 0.082311 0.037255 0.0369587 0.0291036 0.0355834 0.039489 0.0262975 -0.0348409 0.0192261 0.163733 -0.0194434 0.0604242 0.0710661 0.0763089 -0.0530669 0.00660124 0.221471 0.0556915 0.0605937 -0.00316213 0.0732049 0.0687847 0.367744
internal_weight=80036.7 16547 63489.7 1490.79 901.429 15777.8 4663.97 61998.9 56644.8 137.087 56507.8 6790.11 49717.6 41.4824 27760.2 95.6044 55.2998 284.447 589.361 533.111 203.802 329.309 37.1039 208.726 149.63 4379.52 673.423 1834.9 480.879 35.0694 75.7206 2544.61 2257.93 1354.03 6423.21 769.13 325.865 228.006 21957.5 292.205 11113.9 11091.4 114.999 10574.1 7440.73 3133.34 300.58 74.0812 24.5367 286.681 5354.08 1643.49 1535.11 558.424 60.0633 59.096 3710.58 89.4705 108.387 199.036 1243.21 25.2856
internal_count=359435 176198 183237 14256 9997 140110 95962 168981 167126 1631 165495 28120 137375 380 124770 1251 413 1870 4259 3540 1848 1692 497 1310 1017 94092 9540 25047 3206 228 560 69045 59982 21841 4168 36088 13582 457 12605 1195 44148 44080 341 43989 39647 4342 13361 2968 814 9063 1855 975 737 9199 216 293 880 130 238 205 646 221
is_linear=0
shrinkage=0.05


Tree=17
num_leaves=63
num_cat=0
split_feature=2 0 5 8 16 20 10 18 10 16 19 24 0 15 12 13 12 19 19 10 0 16 19 10 5 24 12 11 18 15 24 18 10 0 8 0 0 19 20 20 18 13 15 15 5 8 5 10 24 2 8 14 16 22 7 0 22 22 8 24 24 13
split_gain=1598.36 898.324 628.731 624.881 741.294 679.844 621.912 1419.17 1147.73 974.706 801.662 678.645 618.986 566.615 1493.39 577.498 1501.8 543.222 777.303 2437.33 660.971 666.048 648.36 519.457 494.495 436.249 429.988 396.649 412.485 395.937 383.937 383.755 317.464 310.769 293.972 268.984 241.035 281.927 226.046 270.46 193.267 131.83 165.427 121.38 363.467 102.653 135.135 151.43 145.86 86.5968 66.0625 64.7413 41.249 31.5496 27.4956 25.9781 22.1609 19.5801 14.6247 10.932 10.5908 4.48562
threshold=4.5000000000000009 4.3949999809265146 2.5000000000000004 3.7050000429153447 0.13893903046846393 0.30398362874984747 2.8000000715255742 9.9902806282043475 4.5650000572204599 0.62529069185256969 19.661505699157718 -1.9985713958740232 2.6550000905990605 31.500000000000004 1.707591235637665 -0.004902295069769024 2.0256592035293584 640.58712768554699 478.29901123046881 3.3000000715255742 3.1049998998641972 0.29797463119030004 315.19067382812506 3.4524999856948857 136.50000000000003 20.377502441406254 1.7966102957725527 3.5000000000000004 85.827816009521499 7.5000000000000009 -0.16176257282495496 4.7529194355010995 3.2925000190734868 2.6650000810623173 3.304999947547913 6.5499999523162851 2.8950001001358037 1.0890563726425173 0.49398541450500494 0.41863007843494421 160.7404708862305 0.027428568340837959 8.5000000000000018 10.500000000000002 70.500000000000014 7.3500001430511483 68.500000000000014 4.6549999713897714 0.027816122397780422 11.500000000000002 4.6649999618530282 8.5000000000000018 0.9566781520843507 17.687735557556156 4.5850000381469735 7.2500000000000009 19.210180282592777 19.458015441894535 4.5950000286102304 0.053598834201693542 -0.027363264001905915 -0.047720123082399361
decision_type=2 2 2 2 2 2 2 2 2 2 2 2 2 2 2 2 2 2 2 2 2 2 2 2 2 2 2 2 2 2 2 2 2 2 2 2 2 2 2 2 2 2 2 2 2 2 2 2 2 2 2 2 2 2 2 2 2 2 2 2 2 2
left_child=1 2 12 17 27 23 7 9 10 -2 13 -12 54 15 24 16 -8 18 22 -20 21 -19 -4 -6 -15 26 35 28 -5 -7 -9 -17 -27 -14 -22 38 37 -35 39 -3 -38 43 -43 44 -11 46 47 48 -10 -45 55 -16 -13 -49 -1 -37 60 -58 -54 -47 -48 -61
right_child=6 25 3 4 5 29 8 30 45 41 11 52 33 14 51 31 -18 20 19 -21 34 -23 -24 -25 -26 32 -28 -29 -30 -31 -32 -33 -34 36 -36 50 40 -39 -40 -41 -42 42 -44 49 -46 59 56 53 -50 -51 -52 -53 58 -55 -56 -57 57 -59 -60 61 -62 -63
leaf_value=-0.051060176305284435 -0.060780681831814266 0.036772592856220192 0.078490432744372562 0.088726146628299307 0.065299110826549364 -0.046615379175481621 0.034303346758805885 0.52084462571235612 0.039724319543336668 0.050284174928616421 0.23641830793407026 -0.059674418823450828 0.20328423872394952 0.038051983868618973 -0.17120058997531759 0.051335563367739361 -0.064291406696459649 0.01678704940037273 0.048298108398060459 0.35122478772146043 0.015895271629167526 0.094737167155264673 -0.0048014552857304285 0.015769827693967699 -0.12832272553050006 0.27761768770853251 0.17256909086771918 -0.068717501067339024 -0.058864552976944755 0.021065089604327982 0.19549605871550713 -0.054073792684111124 0.062096617750027797 0.13382392265841025 -0.051754016028240715 0.040008665949750222 0.0015504741475599083 -0.037041980497041216 -0.074679451929398399 0.15291347863097887 0.023059647393948293 0.040659215558934335 0.13942091740511256 0.077846588455850949 -0.093821082423814955 0.058482376507384276 0.066970594201303441 0.057690004109987626 -0.001411705176941663 0.06027808708882805 0.081010602250988162 -0.047873916624888289 -0.063755323451597928 0.048733567288393675 -0.10814986228656026 0.062941546745569385 0.055792448397739294 0.033698873541245046 -0.11551406162716614 0.054251647905933759 0.058680717638640703 0.042566930981152981
leaf_weight=325.42091007344425 166.46317513589747 20339.52398940362 729.08058295864612 636.71088514011353 620.039874387905 632.54009407153353 9460.6198309999891 18.289522981271148 1866.9735650643706 822.19096890138462 17.459627221338451 129.09958212357014 20.529836483299732 588.34155308548361 117.7384533775039 6043.2273688586429 401.73386509576812 560.77259650733322 216.48946452792734 95.068733582273126 480.45920350123197 536.27582348044962 343.27867175545543 3600.0279141329229 47.339524330338463 31.669412594288588 58.627755964174867 48.712841849774122 50.418641633354127 327.11286698561162 20.96974217472598 86.77994468761608 37.568013741634786 24.920607391744852 239.95305058546364 227.66059013083577 1559.7552669532597 353.61345028504729 44.439674556255341 49.380860618315637 3163.6744055747986 68.45238334685564 116.07464851718396 837.30456012487411 45.288038730155677 5483.4511677622795 554.40038681030273 1212.1802064031363 243.25305025465786 4918.013211987447 372.77282832097262 12.854564611334352 22.778429795056581 6438.8161271065474 22.806668188422918 299.53092989325523 299.20293891429901 162.84731006622314 73.727451714221388 253.54303112626076 2288.7667678296566 174.12856164574623
leaf_count=19947 14631 59366 9960 3051 4993 12306 8913 14 1015 1089 98 5523 134 553 877 5694 1519 15789 4406 1230 10558 10431 7641 21439 1267 14 79 969 917 3818 170 429 94 95 7557 133 16962 15788 376 114 79000 112 25 174 1022 608 36 424 343 1828 48 1252 621 2039 124 38 48 98 1255 59 243 79
internal_value=0.0400441 0.0322769 0.0226997 0.0307404 0.0211032 0.0144237 0.0465558 0.0601861 0.0438973 0.0584672 0.0344574 -0.0555282 0.00929585 0.0357661 -0.00622178 0.0377785 0.0302806 0.0485344 0.072136 0.141577 0.0305303 0.0549479 0.0518431 0.0230619 0.025472 0.0387851 0.0383743 0.0680319 0.0778195 -0.0235423 0.356361 0.0498339 0.163297 0.0136852 -0.00667075 0.0379972 0.0128816 -0.025457 0.0368147 0.0370616 0.0159598 0.0613925 0.103228 0.0602107 0.0426558 0.0523518 0.0498597 0.0468836 0.0349816 0.062848 0.0647682 -0.159555 -0.0790876 0.0501606 -0.0551125 0.0531423 0.0586308 0.0481061 -0.104128 0.0578503 0.0603219 0.0496162
internal_weight=79041.1 36048.8 14587.7 9116.94 5915.56 5179.72 42992.3 7013.05 35979.3 6973.79 17001.7 243.065 5470.72 16758.6 766.274 15992.4 9862.35 3201.38 1383.92 311.558 1817.46 1097.05 1072.36 4220.07 635.681 21461.2 21391.9 735.842 687.13 959.653 39.2593 6130.01 69.2374 5122.49 720.412 21333.3 5101.96 378.534 20433.3 20388.9 4723.43 6807.32 184.527 6622.8 867.479 18977.6 13066.4 9761.22 2110.23 5755.32 899.964 130.593 225.605 7651 348.228 527.192 3305.22 462.05 96.5059 5911.12 2843.17 427.672
internal_count=359435 307377 247115 115065 47493 42556 52058 19065 32993 18881 28001 7497 132050 20504 3949 16555 10432 67572 23237 5636 44335 26220 17601 26432 1820 60262 60154 4937 3968 16124 184 6123 108 111979 18115 60075 111845 15883 59856 59480 95962 4250 137 4113 2111 4992 4246 3821 1358 2002 219 2129 7399 2463 20071 171 425 146 1876 746 279 138
is_linear=0
shrinkage=0.05


Tree=18
num_leaves=63
num_cat=0
split_feature=2 13 12 12 22 21 14 15 15 5 5 18 1 18 1 18 16 24 16 1 1 18 18 1 1 1 22 1 1 1 15 21 15 18 18 22 7 16 12 24 2 6 1 12 18 18 1 1 18 17 1 5 18 1 1 1 1 15 14 17 24 18
split_gain=1733.19 526.901 1105.94 1334.19 668.311 803.902 680.882 594.239 510.12 446.062 443.365 757.011 498.59 497.475 441.984 418.322 418.17 485.305 422.994 418.13 382.602 374.688 398.129 332.798 325.948 527.456 381.306 336.161 431.298 300.704 431.318 297.43 274.236 264.591 558.302 258.737 1132.66 625.887 315.359 274.901 261.891 222.012 531.662 206.974 190.24 925.043 181.404 212.845 180.622 154.494 150.187 129.231 105.675 85.2236 308.649 49.26 62.3864 34.0785 156.654 301.419 25.4014 65.3309
threshold=4.5000000000000009 -0.0044232697691768399 2.0629960298538212 2.2423325777053837 19.756238937377933 6435832320.000001 3.5000000000000004 16.500000000000004 2.5000000000000004 333.50000000000006 1.5000000000000002 578.98843383789074 512.20498657226574 354.54977416992193 14.00500011444092 594.76916503906261 0.13893903046846393 29.54999923706055 0.15712769329547885 12.501500129699709 9.9984998703002947 608.45587158203136 686.12658691406261 51.004999160766609 227.0100021362305 177.00099945068362 17.617656707763675 150.0100021362305 148.00599670410159 76.022998809814467 1.5000000000000002 793816989696.00012 1.0000000180025095e-35 229.03364562988284 315.78207397460943 16.997534751892093 4.9949998855590829 0.49975961446762091 1.2580953836441042 0.0049496262799948463 41.500000000000007 4.5000000000000009 9.9984998703002947 1.0117845535278323 480.14193725585943 514.98422241210949 524.87500000000011 546.54351806640636 5.5850374698638925 43.174999237060554 12.00500011444092 5.5000000000000009 652.81942749023449 32.835000991821296 6.0004999637603769 48.004999160766609 47.002500534057624 1.5000000000000002 1.5000000000000002 5.8992094993591317 0.057866716757416732 7.6040153503417978
decision_type=2 2 2 2 2 2 2 2 2 2 2 2 2 2 2 2 2 2 2 2 2 2 2 2 2 2 2 2 2 2 2 2 2 2 2 2 2 2 2 2 2 2 2 2 2 2 2 2 2 2 2 2 2 2 2 2 2 2 2 2 2 2
left_child=10 2 4 31 5 6 8 -8 -2 29 12 13 24 16 44 53 17 20 43 50 -12 48 -23 -20 25 27 -26 28 -1 35 -31 -4 -33 -27 -35 37 38 -3 -37 -38 -39 42 -7 -18 51 -46 -24 -48 -14 -43 52 -15 -17 54 -13 56 -16 -6 59 -59 61 -5
right_child=1 9 3 60 57 41 7 -9 -10 -11 11 15 21 14 55 19 18 -19 23 -21 -22 22 46 -25 26 33 -28 -29 -30 30 -32 32 -34 34 -36 36 39 40 -40 -41 -42 49 -44 -45 45 -47 47 -49 -50 -51 -52 -53 -54 -55 -56 -57 -58 58 -60 -61 -62 -63
leaf_value=0.021001411008669611 -0.0012152491294179844 -0.061573988978705002 -0.15550844707466946 -0.073112626823689852 0.056627237265710985 0.04862190872474715 -0.18428075458356452 0.0028744716464404658 0.033965392989493581 -0.050127330861359856 -0.00062802173528259347 0.27523665958995042 0.061192512760195342 -0.0076784151877904785 -0.032556659824325616 0.12576435430916963 0.01323314287858003 0.3435835803355764 0.035329722131127797 -0.057065244424874872 0.052782550198088966 0.25899375137483371 0.17025637307849362 0.015264991351050545 -0.058131482798836537 -0.061385196856514571 0.14570506776067424 -0.05584617122995348 0.27307824251185686 0.29452375883055537 0.067411201309169985 -0.15777647902330613 0.054741687061398772 0.30488331626888354 0.077307151780821592 -0.010861744917820189 0.053055698786971889 0.065437152636674739 -0.13878562281900883 0.032350675966852635 -0.02446672881215204 0.043166393198829471 -0.032059730103933683 -0.068723654874040738 0.32296917529515956 -0.060678255842450617 -0.058427080759631572 0.080203049416225511 -0.061166943775730113 0.059540423816332504 0.27290196876437539 0.075546294247190782 -0.056881271718549148 0.25985874040668006 -0.059751136148292153 -0.05687315464384643 0.050821100678286081 -0.11188441889638448 0.056897541950509438 0.040330816361523622 0.07699610167999156 0.070631962377636137
leaf_weight=11370.765340574086 1475.0690760249272 100.49675339180976 165.70191318914294 10.347073842305688 5854.2190961353481 569.6655104495585 73.393530225846916 98.470804369542748 3414.4635390336625 105.86306164017878 366.89998845895752 15.783607551828029 55.747948385775089 146.37145320512354 184.0781894735992 55.985531493090093 158.63923089392483 12.980266653001307 15855.444475849159 40.883538625203073 3866.5662583997473 34.093709813430905 47.695878863334656 2379.8835206651129 215.52427105046809 25.628969266079366 24.691429927945137 141.71723573934287 16.004770652391016 30.003674230538309 67.13334125187248 23.596817975863814 38.717901562340558 29.899539617821574 224.96930318605155 101.42055808007717 10869.590970931575 4933.9247785909101 91.250833499711007 1889.0593526484445 81.796553313732147 8849.4908013069071 317.02099342038855 148.11576286284253 28.31960435025394 33.253202321007848 30.412461778149009 246.27971303183585 63.365964286960661 1733.3107702173293 15.810908447951077 67.295070994645357 8.5653783390298468 51.386638458818197 11.101955629885195 213.42824098654091 24.582128280773759 41.858752802014351 646.52329058945179 133.84935441613197 126.55324798868969 25.311940843239427
leaf_count=131419 4106 3172 1160 333 1043 280 637 449 6505 17023 7034 23 46 1726 2648 255 1994 22 78675 785 30098 89 201 28627 5436 485 6 3477 322 34 108 239 16 184 3331 182 4010 3575 1209 1838 464 4218 871 2968 339 528 353 1148 782 254 3 237 168 134 127 3656 51 151 83 61 27 10
internal_value=0.0385206 0.0454495 0.0405081 -0.0428782 0.0419122 0.0365144 0.0199086 -0.0776237 0.023353 0.0518287 0.0305083 0.0345331 0.0228959 0.0337052 -0.00787862 0.131309 0.0349781 0.0491383 0.0317325 0.0721115 0.0481534 0.0729584 0.0984253 0.0327123 0.0209053 0.0220793 -0.0366415 0.0204256 0.0213801 0.0524259 0.139899 -0.120647 -0.0268749 0.0897171 0.105112 0.0519476 0.0481744 0.0614869 -0.0718772 0.0499933 0.0639654 0.0438396 0.0197662 -0.0264179 0.0413184 0.118037 0.0807898 0.0647921 -0.0038257 0.0458541 0.137784 0.01874 0.100954 0.220878 0.139547 -0.0399931 -0.0225146 0.055269 0.045535 0.0036125 0.0664776 0.027929
internal_weight=78080.3 41868.1 23597.6 390.229 23207.3 16530.9 5061.4 171.864 4889.53 18270.5 36212.2 23685.4 12526.8 23485.9 697.328 199.518 22788.5 4246.45 18542.1 121.245 4233.47 477.596 358.482 18235.3 12049.2 11809 240.216 11528.5 11386.8 18164.7 97.137 228.017 62.3147 280.498 254.869 18067.5 12951.3 5116.22 192.671 12758.7 5015.72 11469.5 886.687 306.755 275.239 61.5728 324.388 276.692 119.114 10582.8 80.3618 213.667 64.5509 78.2722 26.8856 422.089 208.66 6676.45 822.231 175.708 162.212 35.659
internal_count=359435 52058 20443 1785 18658 17320 11697 1086 10611 31615 307377 160098 147279 158603 9185 1495 149418 37154 112264 1211 37132 2619 1791 107302 144660 139218 5442 135218 131741 14592 142 1415 255 4000 3515 14450 7239 7211 1391 5848 4039 5623 1151 4962 2830 867 1702 1501 828 4472 426 1963 423 284 150 6355 2699 1338 295 212 370 343
is_linear=0
shrinkage=0.05


Tree=19
num_leaves=63
num_cat=0
split_feature=6 15 0 23 10 10 15 12 23 12 15 9 0 15 9 5 3 24 5 5 15 24 9 24 9 0 9 0 6 18 9 18 8 14 15 8 5 10 0 23 11 9 23 10 10 13 3 0 3 13 0 18 23 19 14 6 3 8 0 8 23 9
split_gain=1750.31 694.376 897.499 848.265 524.726 886.835 668.694 1218.05 555.872 1124.25 817.473 887.077 742.495 632.119 582.753 466.264 450.651 446.014 448.975 627.651 538.668 412.661 404.2 527.264 519.767 476.913 451.634 389.849 386.096 325.663 288.91 281.436 276 201.727 197.31 172.657 196.949 166.874 160.76 159.802 304.43 210.425 148.474 138.136 132.438 146.941 127.256 124.34 106.689 97.4298 92.422 76.6262 67.95 60.1566 49.8809 48.6577 48.259 83.1494 46.4813 57.9209 39.1956 37.9367
threshold=2.5000000000000004 8.5000000000000018 2.8950001001358037 2.0514693260192876 2.8025000095367436 4.5650000572204599 31.500000000000004 1.707591235637665 2.4433468338717332e+18 2.00000011920929 1.5000000000000002 2.5799999237060551 3.495000004768372 6.5000000000000009 3.9499999284744267 136.50000000000003 7.5000000000000009 -9.4782500267028791 12.500000000000002 2.5000000000000004 5.5000000000000009 -0.27607719600200648 1.4999998807907107 13.22799873352051 1.1000000238418581 2.9250000715255742 1.5000001192092898 4.2950000762939462 7.5000000000000009 9.9902806282043475 0.60000026226043712 48.586534500122077 5.3200001716613778 1.5000000000000002 1.0000000180025095e-35 7.3500001430511483 83.500000000000014 2.6024999618530278 5.3150000572204599 40393864623685640 2.5000000000000004 0.28000009059906011 6968690469765121 4.6549999713897714 2.9025000333786015 0.027428568340837959 4.5000000000000009 2.6550000905990605 48.500000000000007 0.049999963492155082 4.805000066757203 4.2625248432159433 43.91089057922364 72.159603118896499 8.5000000000000018 26.500000000000004 164.50000000000003 5.7850000858306894 4.4949998855590829 5.2650001049041757 264.58412170410162 2.9050000905990605
decision_type=2 2 2 2 2 2 2 2 2 2 2 2 2 2 2 2 2 2 2 2 2 2 2 2 2 2 2 2 2 2 2 2 2 2 2 2 2 2 2 2 2 2 2 2 2 2 2 2 2 2 2 2 2 2 2 2 2 2 2 2 2 2
left_child=1 2 17 31 28 6 8 15 9 13 14 -12 -11 -6 -10 32 22 -1 19 47 -21 34 24 26 25 -4 -24 -26 29 33 39 -3 -8 38 -18 36 43 42 -2 40 41 -7 -20 -32 45 46 -5 -19 -31 -42 -46 -48 -39 -47 61 -17 -35 -58 -41 -60 -23 -9
right_child=4 3 16 44 5 30 7 54 10 12 11 -13 -14 -15 -16 55 21 18 37 20 -22 60 23 -25 27 -27 -28 -29 -30 48 35 -33 -34 56 -36 -37 -38 52 -40 58 49 -43 -44 -45 50 53 51 -49 -50 -51 -52 -53 -54 -55 -56 -57 57 -59 59 -61 -62 -63
leaf_value=0.087259204573798335 -0.1015509658604062 -0.056405516016925374 0.080797666989265923 0.11437573349558833 0.022170397503728671 0.0079343993305146538 0.049181892920448493 -0.087428605426145445 0.054768815252278592 -0.15118440223635238 0.047855152145867073 -0.21406154549098921 0.014026723993857721 0.044799560673403828 -0.00074448099993916191 -0.073393200848659551 0.048973450805735175 -0.054907944408850488 -0.05598028914417294 0.023231246231839142 0.33700751418487751 -0.064483164094572318 0.099746951244612206 0.19084450925443563 -0.070326312263814472 0.027126527704066979 0.035365681232318417 0.022001511719209121 -0.069750985242149732 0.094739581190616415 0.034753534875092355 0.11000145303584102 -0.034034240413553594 0.06006898992311796 -0.084426924120627383 0.056196474975117011 0.058314041926825634 -0.057385431177803425 0.066915725288180447 0.070258146568014476 -0.0098239608062922062 -0.11935789208291255 0.058753089895505754 0.046561596403991823 -0.076528120117211884 0.088449082901692899 0.057516661538970351 -0.013717352000898606 0.22342789739989938 0.054495864439699331 0.061249668338226038 0.092935684615919181 -0.11307536803938617 0.15430862417615521 -0.047905047263041595 -0.16928869391919996 -0.060254067320637941 0.057134362800018913 0.005064677325473237 0.056369005123970618 -0.11689751014293054 -0.16774910271119292
leaf_weight=126.4257505685091 34.406728322152048 188.27233559451997 421.31867898255587 136.99809154402465 7456.4986139349639 55.047807984054089 453.97439239080995 21.607412251178175 5642.8341770754196 139.40424311812967 67.196194961667061 60.73562681954354 131.49060017103329 5271.089881118387 515.74514700309373 34.063935238867998 140.50256649404764 339.30957948882133 54.922509334050119 1040.5884756748565 12.870614532381294 84.08097024448216 322.33441703440621 63.399748952127993 235.5521532362327 21749.496123748831 1752.9727917481214 220.46631138771772 57.246219728374854 32.084298242814839 3292.7344425637275 28.387793492060155 126.7342729633674 4666.9673234908842 33.496963940560818 5918.4317858368158 2792.9424790833145 298.23296027909964 22.680988311767578 99.137005487456918 101.32255585305393 77.490753247402608 55.871089913416654 10264.037324647419 24.544163611717522 78.637827139347792 986.31144819455221 399.75521865393966 37.799599318765104 138.29885449819267 22.253027087077498 184.81703747017309 68.627396550495178 72.78489887714386 13.299932821653782 24.569446375127882 22.279543814016506 41.910648720338941 119.36098822765052 101.77350549399853 70.517523888265714 104.7981320056133
leaf_count=293 422 8720 9556 36 15301 89 345 436 1396 1397 21 493 367 6642 1605 1421 147 20071 1495 16430 109 2416 667 94 3869 205671 5007 633 6666 124 2439 52 265 2180 605 856 401 8810 1 51 255 403 10 4386 589 81 1011 16017 8 78 4 176 880 57 1449 363 4440 4 167 23 789 646
internal_value=0.0370473 0.0273977 0.0254657 0.0581872 0.0429267 0.041156 0.0334723 -0.0119249 0.0353069 0.0293981 0.0475172 -0.0771469 -0.071217 0.0315454 0.0501197 0.0173534 0.0282576 -0.00376459 -0.00887208 0.00261156 0.0273855 -0.0298367 0.0290298 0.0498117 0.0270631 0.0281503 0.0454109 -0.0257282 0.0584137 0.059939 0.0478684 -0.0341739 0.0309849 0.058347 0.022928 0.0488576 0.0461975 -0.0518934 -0.0345332 0.0160225 -0.00625144 -0.0667881 0.00184084 0.0436967 0.0714888 0.0741427 0.0686332 -0.0326836 0.166587 0.02735 -0.0109966 0.063185 -0.0680958 0.120944 -0.14512 -0.115826 0.0594758 0.0160145 0.0418595 0.0288466 -0.0890209 -0.154853
internal_weight=77153.7 29213.7 27490.7 1723.01 47940 43024.6 20064 779.048 19285 12998.5 6286.51 127.932 270.895 12727.6 6158.58 639.342 25094.1 2396.6 2270.18 1792.52 1053.46 328.598 24765.5 2138.71 22626.8 22170.8 2075.31 456.018 4915.38 4858.13 22960.6 216.66 580.709 4788.25 174 22268.1 16349.7 477.654 57.0877 692.431 372.16 132.539 110.794 13556.8 1506.35 1459.55 1308.13 739.065 69.8839 239.621 46.7972 1171.13 366.86 151.423 139.705 58.6334 4731.16 64.1902 320.271 221.134 154.598 126.406
internal_count=359435 304295 293569 10726 55140 41295 32147 4925 27222 23707 3515 514 1764 21943 3001 2394 229454 64115 63822 52627 16539 3957 225497 5768 219729 215227 5674 4502 13845 7179 9148 8772 610 7047 752 8082 7226 11195 423 1066 825 492 1505 6825 1954 1361 1223 36088 132 333 593 1187 9690 138 2531 1784 6624 4444 241 190 3205 1082
is_linear=0
shrinkage=0.05


Tree=20
num_leaves=63
num_cat=0
split_feature=2 22 11 10 10 23 20 15 15 20 3 8 22 21 11 15 20 22 1 21 1 21 7 19 20 7 10 21 23 1 23 22 19 19 19 6 10 19 1 1 22 1 6 21 5 21 6 3 15 1 13 10 1 23 21 15 19 8 7 19 7 11
split_gain=1725.23 525.09 701.885 464.059 1027.35 1079.62 1172.52 1615.72 1065.76 1151.03 840.583 789.558 523.286 484.515 483.706 443.206 968.503 583.264 359.165 446.104 512.269 481.79 440.267 918.625 610.091 603.73 407.925 368.367 793.916 360.408 352.374 262.988 661.175 1209.3 599.354 483.063 323.525 322.917 310.415 345.838 306.141 251.154 246.874 224.145 216.502 213.958 358.15 178.826 161.282 144.707 132.192 130.24 129.562 126.548 133.031 119.584 96.7977 92.8383 100.14 128.619 306.965 224.965
threshold=5.5000000000000009 17.268469810485843 4.5000000000000009 4.5650000572204599 2.8000000715255742 1.041130352069837e+17 0.37439180910587316 23.500000000000004 22.500000000000004 0.29126216471195226 27.500000000000004 5.1949999332427987 16.232475280761722 468109168.00000006 3.5000000000000004 1.0000000180025095e-35 0.53616631031036388 18.88132476806641 64.005500793457045 0.26234859228134161 88.509998321533217 0.25118845701217657 4.5099999904632577 699.65585327148449 0.83340051770210277 3.0049999952316289 3.0900000333786015 99500124.000000015 0.89849010109901439 22.005000114440922 0.37713336944580084 17.687735557556156 9.3690943717956561 12.096331596374513 10.689086437225344 6.5000000000000009 2.9125000238418584 161.2123947143555 536.20501708984386 52.004999160766609 18.281077384948734 46.004999160766609 8.5000000000000018 18.695641517639164 8.5000000000000018 13.451090335845949 8.5000000000000018 22.500000000000004 8.5000000000000018 78.784999847412124 -0.024624542333185669 4.6075003147125253 582.23999023437511 30615.250000000004 10815093248.000002 76.500000000000014 0.68148067593574535 7.3500001430511483 6.7500000000000009 0.14947777986526492 7.0499999523162851 3.5000000000000004
decision_type=2 2 2 2 2 2 2 2 2 2 2 2 2 2 2 2 2 2 2 2 2 2 2 2 2 2 2 2 2 2 2 2 2 2 2 2 2 2 2 2 2 2 2 2 2 2 2 2 2 2 2 2 2 2 2 2 2 2 2 2 2 2
left_child=1 2 18 4 13 6 12 10 15 55 -8 -9 14 30 -6 16 -7 -17 22 20 49 -22 23 24 -1 -25 -24 -21 -29 -28 -2 32 45 34 -34 37 42 -35 39 40 -38 -14 -33 -41 -32 46 56 -48 -37 -20 -46 52 -4 -47 -55 -10 -3 58 -5 -60 61 -61
right_child=3 31 51 57 5 8 7 11 9 -11 -12 -13 41 -15 -16 17 -18 -19 19 27 21 -23 26 25 -26 -27 29 28 -30 -31 44 36 33 35 -36 48 38 -39 -40 43 -42 -43 -44 -45 50 53 47 -49 -50 -51 -52 -53 -54 54 -56 -57 -58 -59 59 60 -62 -63
leaf_value=0.045817926833896447 -0.053955143412086064 0.10301779954733754 -0.071250142898482402 0.048925476957985693 0.0025325388697008564 0.032538972222376304 -0.027822970275985612 0.05117083689837703 -0.025562680943137045 -0.15109860779743184 -0.13259965033099477 -0.13725044040781176 0.026814451287984778 -0.10174955901670368 0.17355451713974118 0.053731003331524141 -0.14710038738893505 -0.04707374655557077 -0.0055109750603075346 -0.058996637921147059 0.025066985239036957 0.30482840371197706 -0.09532570882692358 0.025079831048739915 -0.057753073944792302 -0.021569699551875661 0.022382411848437818 0.077339518814701469 -0.086976324876725492 -0.017533248924160083 0.1699820800917175 0.081238105094622259 0.16137245211182874 -0.070834293401744061 0.44440739842029658 0.10970555170641297 0.017043909393957592 0.12611162943473228 0.087510452030574878 -0.12456217149737803 0.039331923842732756 -0.030698875438994078 0.28644588694373169 -0.0023901170191016527 -0.021717086565474317 0.058424809746891009 -0.12808132772726299 0.026629824937384302 0.007023451070095995 -0.056333976865127269 0.058572317262299417 0.055963286443617956 0.059475185266703784 0.045365807745236034 0.0066349969676890198 0.050109746723776508 0.012880596751229614 0.055801721908018742 0.044257820433984879 -0.0010547794801706104 0.040681501429527089 -0.15151653287865857
leaf_weight=8299.9585965368897 69.444977871142328 45.618562746793032 251.97852109232917 9814.3662322498858 65.075625718571246 2386.765023865737 442.68812263198197 588.7387841437012 74.579299718141556 143.73626883304678 337.39476425200701 60.412781185470521 3768.1136516239494 47.313740949844941 112.80590194649994 6803.527781332843 76.479712242959067 145.80896961921826 428.25906802061945 355.67267750017345 3920.0392342600971 14.462247892282901 81.055508354445919 8798.5918740350753 143.80900067463517 752.04154689982533 4261.2839131182991 193.94322384614497 117.02145918551832 651.13145640585572 42.705539437010884 61.028177148662508 47.71582708414644 82.959536727052182 32.077239814214408 318.57248410116881 2269.2903825733811 26.685291100293398 245.81541419029236 51.457122507505119 4819.8706226744689 198.99865121673793 18.961796864401549 132.49590947572142 51.156773031689227 852.73349010013044 64.246521941386163 25.676784440875053 43.720466531813145 207.49628170207143 5843.6220574534964 24.986606644466519 19.705512305721641 642.78288959944621 339.252008151263 168.66367879509926 83.867903460748494 4853.6090516373515 653.95210282504559 57.501197963953018 198.06968058645725 42.850520834326744
leaf_count=57223 9925 34 6214 3048 476 2022 3874 3486 140 1779 3810 1071 4293 417 228 2102 935 559 8632 7457 55673 39 725 125385 4643 18506 7187 662 1050 2605 87 182 77 912 68 371 2432 12 139 285 2828 541 32 289 306 589 289 25 162 5030 7451 9 4 329 452 73 114 685 245 77 89 186
internal_value=0.0357543 0.0283732 0.0248883 0.0434686 0.0386848 0.0318099 0.0142368 -0.0248017 0.0418029 -0.0394342 -0.0732582 0.0334437 0.0277016 0.0561336 0.11138 0.0451472 0.026902 0.0516088 0.0256931 0.0138701 0.0194445 0.0261738 0.0283856 0.0320312 0.0440467 0.0214041 0.0152437 -0.0243107 0.015408 0.0170882 0.0573948 0.0381093 0.0518277 0.100399 0.279308 0.0696121 0.0333979 -0.0221499 0.0323214 0.0304436 0.0322015 0.0239212 0.132881 -0.037081 0.0587068 0.0387372 -0.0078752 -0.084043 0.0973814 -0.0221687 0.0578711 -0.0514965 -0.0615668 0.0443152 0.0320114 0.0268781 0.0452207 0.0500278 0.0474195 0.0318599 0.0046178 -0.0662128
internal_weight=75774.6 38726.3 28521.4 37048.4 21428 15373.8 5574.23 1429.23 9799.56 386.979 780.083 649.152 4144.99 6054.24 177.882 9412.58 2463.24 6949.34 28224.8 5236.89 4570.26 3934.5 22987.9 17994.4 8443.77 9550.63 4993.47 666.637 310.965 4912.42 6006.93 10204.8 2605.91 551.731 79.7931 471.938 7598.92 109.645 7518.93 7273.11 7089.16 3967.11 79.99 183.953 5937.48 2054.18 219.41 89.9233 362.293 635.755 5894.78 296.671 271.684 1834.77 982.035 243.243 129.486 15620.3 10766.7 952.374 298.421 100.352
internal_count=358570 310665 301044 47905 43575 25389 17779 12241 7610 1992 7684 4557 5538 18186 704 5618 2957 2661 294817 78543 69374 55712 216274 205757 61866 143891 10517 9169 1712 9792 17769 9621 3434 1602 145 1457 6187 924 5973 5834 5260 4834 214 574 7844 1832 462 314 533 13662 7757 6227 6218 1370 781 213 148 4330 3645 597 352 263
is_linear=0
shrinkage=0.05


Tree=21
num_leaves=63
num_cat=0
split_feature=2 0 10 10 23 15 0 10 3 6 22 18 7 9 1 2 0 22 10 19 6 18 23 18 0 0 18 10 23 1 1 18 1 18 1 22 23 0 11 0 18 23 1 7 23 4 18 19 1 0 8 1 1 23 1 8 23 2 8 7 9 18
split_gain=1823.34 898.873 465.378 996.595 1038.44 990.479 966.837 918.404 749.522 925.117 649.585 622.861 551.756 539.366 906.298 481.118 447.917 390.413 465.736 348.796 335.647 334.274 748.644 940.814 1582.88 1276.57 637.812 602.458 558.204 457.318 426.794 426.64 418.923 397.993 368.915 348.13 340.228 337.308 271.776 267.119 210.674 198.314 194.603 190.695 475.972 449.215 356.199 274.765 448.172 435.299 243.325 215.23 299.299 225.08 218.546 153.384 108.961 100.433 95.6186 97.7996 165.321 282.059
threshold=5.5000000000000009 4.1949999332427987 4.5650000572204599 2.8000000715255742 1.041130352069837e+17 22.500000000000004 3.5949999094009404 3.8999999761581425 83.500000000000014 4.5000000000000009 16.802441596984867 9.9902806282043475 4.8949999809265146 3.9499999284744267 18.785000801086429 21.500000000000004 5.2049999237060556 15.79515600204468 3.242499947547913 0.23242208361625674 7.5000000000000009 110.85477828979494 0.099801037460565581 70.064250946044936 3.2050000429153447 2.8950001001358037 1.3382917046546938 2.6525000333786015 1256756487389184.2 127.00650024414064 262.01499938964849 18.65506744384766 128.30500030517581 105.38011169433595 127.00650024414064 14.519040584564211 3601926324224.0005 3.7949999570846562 7.5000000000000009 3.6950000524520878 594.76916503906261 0.37713336944580084 613.19500732421886 5.2650001049041757 0.044428737834095962 43.500000000000007 0.15464583039283755 369.40925598144537 166.98950195312503 4.2950000762939462 7.7500000000000009 512.20498657226574 52.004999160766609 12.796310901641847 39.004999160766609 5.6250000000000009 1.4125363230705263 53.500000000000007 7.3500001430511483 6.7500000000000009 3.0950000286102299 0.14394056051969531
decision_type=2 2 2 2 2 2 2 2 2 2 2 2 2 2 2 2 2 2 2 2 2 2 2 2 2 2 2 2 2 2 2 2 2 2 2 2 2 2 2 2 2 2 2 2 2 2 2 2 2 2 2 2 2 2 2 2 2 2 2 2 2 2
left_child=1 21 3 11 6 13 8 -7 9 -5 19 20 -12 15 -15 -6 43 -18 -19 -8 38 22 27 26 25 -25 35 -1 -28 31 32 -29 34 -26 37 -24 -36 -23 41 40 -32 -2 55 44 47 46 -46 48 -3 -49 -47 52 54 -54 -45 -41 -20 -9 59 -4 61 -61
right_child=2 16 58 4 5 7 10 57 -10 -11 12 -13 -14 14 -16 -17 17 18 56 -21 -22 30 23 24 33 -27 28 29 -30 -31 39 -33 -34 -35 36 -37 -38 -39 -40 42 -42 -43 -44 51 45 50 -48 49 -50 -51 -52 -53 53 -55 -56 -57 -58 -59 -60 60 -62 -63
leaf_value=-0.052474771878079751 -0.055243344622954674 0.054511846193083913 0.048019851304935648 -0.067706012641972582 0.027183122699019804 -0.13748100234316427 -0.11928838886020157 -0.017841959544316232 -0.12236513453642223 0.01535756733242607 -0.11806005234312295 0.21694760940582364 0.02153526974664564 -0.12655653759604898 0.032931004479398673 0.05397868508700715 0.031084770909843226 0.15835473913306625 0.070059522555322704 0.076765334685112208 -0.069066893427036577 -0.0058133079158121312 -0.05655285247314723 0.017001111841205407 -0.055417209847612496 0.21140540560928681 -0.019996944432804489 0.035047456695488866 0.025311209678354818 -0.054122695618436835 0.22612441948145678 0.087808734338915284 -0.052694066669056905 0.1470615586989531 -0.04549940058559046 0.030823486390821494 0.37039867451797326 0.027971091289971512 -0.087590378359724178 -0.0059780338745509254 -0.045515402451225234 0.056280701457423123 0.17395608747424016 0.033987233707820606 -0.023865824643096806 -0.18652871289219203 0.020069005759101755 -0.018631756375165356 -0.010587290625037332 0.031366311721751999 0.028673690788536717 0.0967445250487175 0.033112228644025479 -0.1199245624451597 0.079093452690852314 0.12632515121823482 0.047409700534498056 0.047254886853055698 0.055160023240477932 0.031941766967647917 0.047985622781981284 -0.065417256529724646
leaf_weight=131.37467497307807 39.34966105199419 2281.1145704938099 9507.3405159916729 450.78296535462141 2273.2802429078147 143.07028289721347 22.547836838290095 97.441115794703364 149.51431341306306 1298.0468207311351 71.608679228462279 58.017527759075165 2830.1795965754427 119.30532570532523 342.13141561672091 6412.5155793810263 2814.1450607888401 108.82346548140049 721.59233137778938 714.3254516068846 54.481908158864826 2503.4210235644132 118.84878184366971 135.22389367036521 196.27047304157168 224.96672718133777 2356.2831205180846 686.59529131557792 954.26570388814434 84.744423755444586 38.393036191351712 873.24280063761398 339.1081819338724 26.693761707283556 7.5221766717731962 2358.3195386230946 12.100586058571935 1046.9247444514185 32.497659495798871 112.66352629940957 8.3148312810808402 5673.8153843467589 23.053443300537765 5284.3027056315914 500.04173837602139 41.167858303524554 5829.2187775955535 471.36454406008124 298.55000016558915 5583.3851672289893 18.674116928130388 143.16962241381407 42.373927000910044 53.337676640599966 282.83140412252396 26.153421401977539 2098.025149337016 148.19617893081158 4669.257570669055 266.92678780853748 563.20411331951618 101.98284471035004
leaf_count=3430 3464 7048 3048 6393 2063 1749 154 177 2373 3257 702 108 3355 1082 523 1950 3326 27 328 1545 6621 89907 3713 2623 4892 2633 52175 7634 3246 1877 196 9028 9765 611 233 10895 5 17252 4133 1934 304 3860 95 3963 1409 257 20622 7425 1943 40142 16 113 44 328 217 1 1008 66 685 162 169 266
internal_value=0.0343881 0.0268701 0.0424883 0.0376552 0.030849 0.0408492 0.0136214 -0.0372409 -0.0152979 -0.00607672 0.0287104 0.0551583 0.0180492 0.0441719 -0.00847849 0.0469702 0.0320383 0.0444065 0.0571917 0.0706059 0.0535019 0.0156707 0.0215388 0.0135309 0.0740079 0.138685 0.00742481 0.050239 -0.00693166 0.0584741 0.00405698 0.0646253 0.000328799 -0.0306053 0.00538014 0.0266082 0.216251 0.00415269 0.0546769 0.07357 0.177722 0.0555022 0.0425794 0.0286262 0.025647 0.0152959 0.0165939 0.0333031 0.0469747 0.0274707 -0.119924 0.0363284 0.0347832 -0.0524778 0.0362935 0.0196376 0.0532308 0.0214439 0.0491807 0.0465008 0.0309661 0.00490985
internal_weight=74876.4 38836.6 36039.8 20931.1 15072.9 9535.94 5537.01 388.708 1898.34 1748.83 3638.66 5858.16 2901.79 9147.23 461.437 8685.8 26572.1 5742.59 2928.44 736.873 5800.14 12264.5 8146.83 6370.87 583.155 360.191 5787.72 1775.96 3310.55 1644.58 4117.65 1559.84 3909.08 222.964 3569.97 2477.17 19.6228 3550.35 5745.66 208.578 46.7079 5713.17 161.87 20829.5 15023.5 6389.1 6329.26 8634.41 2579.66 6054.75 59.842 5806.02 5662.85 95.7116 5567.13 138.817 2819.62 245.637 15108.7 10439.5 932.114 368.91
internal_count=358570 310665 47905 43575 25389 7610 17779 1992 12023 9650 5756 18186 4057 5618 1605 4013 88216 4689 1363 1699 18078 222449 102757 80788 10759 5256 70029 21969 55421 18539 119692 16662 117162 5503 107397 14608 238 107159 11457 2530 500 7324 2030 83527 78862 22304 22031 56558 8991 47567 273 4665 4552 372 4180 1935 1336 243 4330 3645 597 428
is_linear=0
shrinkage=0.05


Tree=22
num_leaves=61
num_cat=0
split_feature=2 16 7 13 18 13 12 18 21 12 8 1 21 18 8 12 19 1 18 19 19 7 1 23 23 7 2 1 6 17 18 8 1 1 23 8 5 11 1 24 15 21 21 13 12 16 19 24 23 12 1 8 23 8 8 18 23 12 5 8
split_gain=1888.26 501.168 446.658 487.671 454.402 431.925 674.217 777.249 565.82 525.528 447.477 394.184 349.29 468.417 511.138 324.143 339.096 310.745 558.869 382.452 565.689 564.806 358.418 294.436 997.738 290.642 257.058 224.599 221.052 210.99 203.27 222.093 198.714 265.183 370.19 189.123 186.692 178.214 151.014 223.112 135.922 133.205 123.352 110.702 100.701 80.1177 74.1998 61.3884 52.6911 51.0656 39.9348 30.7379 23.5092 19.2878 11.7029 11.6592 11.3638 4.65882 1.13003 0.992847
threshold=5.5000000000000009 0.27257625758647924 5.2650001049041757 0.0010403282358311119 0.0044458333868533382 -0.0044232697691768399 2.0629960298538212 0.40651999413967138 7910144256.000001 1.9558211565017702 7.2500000000000009 19.997500419616703 141021104.00000003 24.630347251892093 3.2050000429153447 1.9781917929649355 118.32688522338869 64.005500793457045 5.0179669857025155 699.65585327148449 471.08345031738287 3.0049999952316289 77.509998321533217 264.58412170410162 43.91089057922364 5.1099998950958261 4.5000000000000009 76.022998809814467 4.5000000000000009 82.500000000000014 10.396855354309084 5.0699999332427987 512.20498657226574 52.004999160766609 12.796310901641847 4.2900002002716073 333.50000000000006 5.5000000000000009 34.905000686645515 1.8571429252624514 8.5000000000000018 3159252664320.0005 468109168.00000006 0.0014576200628653171 1.156250059604645 0.27287158370018011 0.34694500267505651 0.61200737953186046 7.1410575425446881e+18 2.2423325777053837 73.415000915527358 5.4900000095367441 3541501854351360.5 5.7099997997283944 5.6250000000000009 0.020780554972589019 5001769931243521 2.1493430137634282 333.50000000000006 4.5950000286102304
decision_type=2 2 2 2 2 2 2 2 2 2 2 2 2 2 2 2 2 2 2 2 2 2 2 2 2 2 2 2 2 2 2 2 2 2 2 2 2 2 2 2 2 2 2 2 2 2 2 2 2 2 2 2 2 2 2 2 2 2 2 2
left_child=2 46 3 15 -5 6 8 29 9 10 -3 -9 13 25 -15 17 -17 19 52 20 -1 -21 -20 24 -10 -6 35 30 -25 57 36 -32 33 38 -35 -14 37 -7 39 43 45 50 -29 -4 -41 -40 55 48 54 -13 -36 58 -19 -11 -34 -2 -28 -8 59 -48
right_child=1 5 32 4 12 27 7 11 23 53 -12 49 26 14 -16 16 -18 18 22 21 -22 -23 -24 28 -26 -27 56 42 -30 -31 31 -33 47 34 41 -37 -38 -39 40 44 -42 -43 -44 -45 -46 -47 51 -49 -50 -51 -52 -53 -54 -55 -56 -57 -58 -59 -60 -61
leaf_value=0.028958080230654288 0.044857555328876947 0.01915901722900043 0.030168838836756168 0.16122151822949748 -0.046089693516849529 0.042725610697269822 -0.13758077839612623 -0.12053053477636254 0.030919422849700024 -0.082909833081901183 0.052423951377911907 0.022798931585844773 0.12434194393890677 0.32225220223079104 0.021009625875335593 -0.075095828592070271 0.37558335432802176 -0.065314583888045424 -0.029365474448466142 0.022424452930891726 0.064826880734907624 -0.025444679875173265 0.020139348790697571 0.018156903734110788 -0.22491020896555797 0.03480870672919615 -0.081839568381867844 0.061992156423623102 0.046755039799930467 0.036441879710383096 0.17257618016918627 0.034575681520417227 0.050316423759300836 0.052302587089372458 -0.1569236333453011 0.023599540020817308 -0.049275144166478407 0.053836413807688478 0.092673163702788219 0.019476259576702445 0.11234518420002103 0.023761643291000351 0.19231495580208774 0.045557558222113631 -0.079079266077355784 0.043248154496128642 -0.054333503620776769 0.11859925694151117 0.088157861619649655 0.069203811285220421 -0.082505134645198874 -0.16743596890997481 -0.12040713419843541 -0.17732495345786531 0.0078828238925402871 -0.011355078548658032 -0.16085983784957034 -0.10513252325641252 -0.049572836913151286 -0.074908273640267364
leaf_weight=12058.781501757447 16.3434730139561 4472.3561796119902 5148.5377233535983 41.011982313357294 879.64259328250773 8083.1584945323411 108.23177315434441 38.227267981041223 294.69191874563694 10.352506971918045 1306.6317445710301 103.13405782193877 49.98750005941838 13.882748183794318 267.26427224650979 5.7139808265492329 11.906446770764887 155.24182696361095 395.0125607252121 8962.5682146837935 1209.7378971390426 660.78576940018684 4770.970395158045 716.2184635377489 42.750001263804734 126.22646075394005 13.90608665160835 34.785130567848682 12658.116266956553 21.36570931551978 66.917745674494654 52.341932974755764 30.392165886238217 85.625133847817779 35.322801277041435 557.10119290649891 48.967360726324841 6591.7788383425213 87.981756289489567 42.964697532355785 83.236696980427951 20.96503109484911 40.794092729687691 1521.1731819100678 62.841460471041501 1249.3995112259872 34.294140679761767 75.85229454189539 85.775812521576881 144.38580237189308 46.795585560146719 6.5238781818188718 23.747092379257083 28.68688694620505 35.292220512405038 18.814196333987638 12.638777524232863 37.117080373689532 44.872460070531815 33.192527748644352
leaf_count=57132 17 8109 4664 41 13822 7231 492 361 241 175 305 173 83 271 2050 150 34 2453 8454 124843 9941 16397 66119 962 296 122 123 86 4493 115 79 44 34 61 211 986 9662 4040 73 43 100 33 24 818 221 740 1701 31 18 86 352 40 108 217 72 117 65 484 7985 370
internal_value=0.0331198 0.041533 0.0255232 0.0226582 -0.0014458 0.0419306 0.0371183 -0.0231732 0.0385165 0.0254417 0.0266889 0.0268784 -0.00500396 -0.0199631 0.0369918 0.0243319 0.232984 0.0241933 0.0133326 0.0267282 0.0322334 0.0191347 0.0163481 0.0440617 -0.00204525 -0.0359083 0.0253563 0.0483729 0.0452254 -0.10864 0.0479276 0.112842 0.0355708 0.034311 -0.024172 0.0320937 0.0473939 0.0477201 0.0356609 0.032541 0.0505039 -0.0876351 0.133992 0.0336856 -0.0392044 0.0465702 -0.0482116 0.0816654 0.0624792 0.050058 -0.116079 -0.0669632 -0.07328 -0.155109 0.0280519 0.0151557 -0.124119 -0.130104 -0.0596598 -0.065472
internal_weight=73883.3 35055 38828.3 30216.1 1961.66 34901 19982.3 452.462 19529.8 5818.03 5778.99 285.747 1920.65 1287.02 281.147 28254.5 17.6204 28236.8 5344.97 22891.9 13268.5 9623.35 5165.98 13711.8 337.442 1005.87 633.634 14918.7 13374.3 166.715 14843.2 119.26 8612.16 8384.84 188.709 607.089 14723.9 14674.9 8196.14 6775.52 1420.62 103.083 75.5792 6669.71 105.806 1337.38 154.041 227.312 151.46 247.52 82.1184 118.883 178.989 39.0394 65.6844 35.1577 26.5449 145.349 112.359 67.4867
internal_count=358570 47905 310665 303194 17563 37675 16509 1711 14798 8806 8414 620 17522 16265 2321 285631 184 285447 77134 208313 67073 141240 74573 5992 537 13944 1257 21166 5455 1091 21056 123 7471 7316 657 1069 20933 11271 6659 5746 913 596 110 5482 264 813 10230 155 124 259 563 10096 2561 392 106 134 188 976 10056 2071
is_linear=0
shrinkage=0.05


Tree=23
num_leaves=63
num_cat=0
split_feature=6 20 0 10 7 20 24 7 10 21 22 10 15 9 19 22 7 24 0 16 3 24 5 15 3 21 16 6 5 21 3 1 19 0 20 9 16 24 9 0 1 16 22 5 19 1 16 8 0 10 20 14 6 5 1 15 8 15 16 0 24 0
split_gain=1850.07 653.746 772.561 494.615 859.289 864.159 713.9 570.477 800.689 1181.66 565.638 474.172 859.415 442.288 639.533 626.28 1809.54 554.619 401.57 381.721 377.652 437.478 362.213 666.43 350.637 359.408 347.824 343.348 337.754 332.206 489.779 296.305 294.702 291.566 286.069 276.866 400.946 275.86 213.81 332.51 199.919 196.46 181.657 169.433 161.002 147.139 168.436 139.254 118.41 103.451 69.8704 48.2403 164.715 43.2025 30.4897 27.4261 59.6212 17.1149 16.0277 14.3826 15.8947 6.73505
threshold=2.5000000000000004 1.4288153648376467 4.2049999237060556 2.8025000095367436 5.1099998950958261 0.70663928985595714 -0.17316980659961698 4.4049999713897714 3.7474999427795415 3155296640.0000005 17.188548088073734 4.5650000572204599 25.500000000000004 2.2999998331069951 699.65585327148449 15.160736083984377 3.0949999094009404 -4.0560712814331046 4.805000066757203 0.71473780274391185 64.500000000000014 0.030428133904933933 11.500000000000002 3.5000000000000004 1.0000000180025095e-35 7910144256.000001 0.54774570465087902 24.500000000000004 28.500000000000004 49999248.000000007 7.5000000000000009 23.755000114440922 19.661505699157718 5.8500001430511483 1.3858972787857058 1.4999998807907107 0.1846335977315903 -1.5999999642372129 0.1999999284744263 4.7099997997283944 15.000500202178957 0.97327381372451793 16.267045021057132 15.500000000000002 0.41669137775897985 2.8810000419616704 0.92356377840042125 7.3500001430511483 4.305000066757203 2.7074999809265141 1.3793429732322695 4.5000000000000009 4.5000000000000009 38.500000000000007 16.005000114440922 8.5000000000000018 4.6649999618530282 10.500000000000002 0.9566781520843507 3.7050000429153447 -0.060143988579511636 4.805000066757203
decision_type=2 2 2 2 2 2 2 2 2 2 2 2 2 2 2 2 2 2 2 2 2 2 2 2 2 2 2 2 2 2 2 2 2 2 2 2 2 2 2 2 2 2 2 2 2 2 2 2 2 2 2 2 2 2 2 2 2 2 2 2 2 2
left_child=1 2 13 19 6 10 29 20 9 -9 18 12 -12 14 15 16 -1 -17 31 -2 27 -22 23 -16 -15 34 -3 -8 35 33 37 -6 -10 40 -26 38 -37 -31 43 -40 -5 61 -38 -4 -27 46 48 -13 -21 53 -24 54 -53 55 57 56 -28 -47 -32 60 -48 -30
right_child=3 26 28 4 5 -7 7 8 32 -11 11 47 -14 24 22 17 -18 -19 -20 45 21 -23 50 -25 25 44 49 -29 41 30 58 -33 -34 -35 -36 36 42 -39 39 -41 -42 -43 -44 -45 -46 51 59 -49 -50 -51 -52 52 -54 -55 -56 -57 -58 -59 -60 -61 -62 -63
leaf_value=0.011522786259297984 -0.05928825851113171 -0.053262769430935213 0.028259896254773501 -0.10090321795203182 -0.13037332045499661 -0.10342711479088569 0.049633686189264968 -0.097718735347450597 0.01883323412309923 0.047443705530528034 0.036620625713085456 0.043860238825874392 -0.029179658527267227 0.15407115056309217 0.0024863937849730552 0.064011393243880402 0.10276459513573499 0.0052381199059227937 0.039819202161410765 -0.12579157870793076 0.10221712197509994 0.48138458559680208 -0.053393771666656389 0.20261944548920968 -0.10112225687665133 0.02471341004836303 -0.036353980873420108 -0.13750570291136682 -0.071161338980722286 -0.030457529523737578 -0.086516863554013293 0.0072089069990887104 0.055087400633931506 0.057369568298692532 0.055112606245628075 0.17697912964382936 0.089186600351906856 0.051985651916860692 -0.015787289953813587 0.032106016830081706 -0.033067934318593444 0.058634753368462626 0.033885402977689633 0.084559746260172861 -0.039010536610753314 0.044498511094590604 0.054448333153555052 0.05380760453094105 0.052710713950938952 0.10120195088239273 0.028886680462729047 0.059404111018633576 -0.073625501064132862 0.069516077208626473 0.075988165850783648 0.052569979000053384 0.0598545629858672 0.058942532880841225 -0.16260335703516254 0.056085242302612241 -0.0086762043573150992 -0.10585153137921087
leaf_weight=1494.3795715710148 71.584977904800326 62.755822433624417 13828.209925103001 175.08913830015808 104.38884756946936 103.53371175006032 1782.4571619012859 336.95067377528176 2842.3169750222005 238.71931777568534 12847.850002449937 13435.940125009045 515.37536045210436 24.478454686701298 4794.2064281590283 453.10617477074265 853.30917762219906 3462.9196109031327 121.50215288344771 30.86644662450999 31.428399584954605 9.4279325166717154 339.99173895409331 40.962049078196287 224.30372576252557 210.87127179605886 28.852363923564553 23.902819342911243 86.185308508109301 146.33847320638597 14.429470038041471 61.983078638091683 698.28870330750942 60.197692826390266 32.988779884763062 61.976632857695222 190.41648037545383 325.55250701494515 710.44943079352379 737.6654036520049 288.50755319371819 32.379247933626175 678.46133786719292 134.29980873316526 185.23866091365926 238.5676589361392 15.793287899345158 4814.1079136282206 12.40923500061035 186.03090501204133 27.216505599673837 94.913438087329268 29.768407315015793 482.20928086154163 265.84242418501526 292.58586691692472 34.00877571105957 3445.7020588107407 32.369212812744081 65.078633904457092 23.733492216095328 24.781491854228079
leaf_count=24139 11211 3119 60600 1315 586 1567 6119 4177 3748 130 9615 5764 2202 86 140669 2312 11764 36992 80 200 646 14 12601 527 2607 232 209 172 749 508 122 129 1043 14 17 31 292 421 2940 1081 1853 4 624 301 767 378 12 800 1 85 290 10 1476 95 91 99 2 469 189 12 122 140
internal_value=0.0318493 0.0222398 0.0207933 0.0384424 0.036667 0.0401394 0.0208003 0.0274734 0.0171047 -0.0375361 0.0406087 0.0412443 0.0340806 0.0112216 0.0135426 0.024303 0.044718 0.0120544 -0.0290712 0.0545573 0.0505541 0.199243 0.000583918 0.00422444 -0.0279927 -0.035046 0.0602991 0.0470799 0.0278431 -0.0173581 0.0109924 -0.0793494 0.0259983 -0.0454092 -0.0809354 0.0285145 0.0549991 0.0263982 0.026911 0.00861129 -0.0588605 -0.0483287 0.0460991 0.0288078 -0.00509735 0.056502 0.00741592 0.0464873 -0.0744589 0.067311 -0.0472199 0.0582799 0.0272698 0.0596666 0.0592503 0.046133 0.0157401 0.0580209 -0.141549 0.0417195 0.0171436 -0.0798293
internal_weight=73020.2 29715.2 28628.8 43304.9 39010.7 32004.7 7005.98 5963.49 4116.28 575.67 31901.1 31613.3 13363.2 12144 11466.1 6263.71 2347.69 3916.03 287.874 4294.26 1847.22 40.8563 5202.38 4835.17 677.881 653.402 1086.44 1806.36 16484.8 1042.48 518.69 166.372 3540.61 523.794 257.293 16341.5 930.854 471.891 15410.6 1448.11 463.597 143.346 868.878 13962.5 396.11 4222.68 147.881 18250 43.2757 1023.69 367.208 4074.79 124.682 837.656 3950.11 355.447 62.8611 3684.27 46.7987 104.605 39.5268 110.967
internal_count=358570 303374 299765 55196 41214 20743 20471 16049 9098 4307 19176 18381 11817 233003 229294 75207 35903 39304 795 13982 6951 660 154087 141196 3709 3623 3609 6291 66762 4422 1240 715 4791 3182 2624 65869 947 929 64922 4021 3168 893 916 60901 999 2771 347 6564 201 490 12891 2424 1486 405 938 310 211 847 311 146 134 889
is_linear=0
shrinkage=0.05


Tree=24
num_leaves=63
num_cat=0
split_feature=2 0 10 16 10 23 12 9 9 12 16 2 0 18 12 18 21 18 23 18 23 5 10 12 5 5 5 1 1 3 9 7 23 18 7 19 1 0 13 18 21 1 1 1 1 23 12 0 23 9 19 8 5 10 16 5 9 18 0 5 18 23
split_gain=1997.84 812.637 482.769 1011.27 1015.75 744.334 816.388 1451.35 721.151 861.034 517.338 498.055 420.963 381.54 360.431 347.02 277.923 273.244 552.3 749.072 1281.61 589.709 490.492 512.974 382.447 448.211 952.251 326.869 414.778 255.042 243.983 211.206 366.937 310.017 461.892 251.349 384.122 352.009 241.35 187.476 176.894 166.646 161.486 259.483 199.024 180.304 145.25 117.34 109.695 195.253 107.533 103.816 111.48 99.7319 123.216 421.927 107.927 64.866 60.7555 58.069 62.5429 58.0183
threshold=5.5000000000000009 5.2049999237060556 4.5650000572204599 0.66419699788093578 2.8000000715255742 1.041130352069837e+17 1.6666666865348818 3.8000000715255742 3.9499999284744267 1.8930722475051882 0.97473672032356273 36.500000000000007 4.1949999332427987 66.351917266845717 1.0909091830253603 9.9902806282043475 199194352.00000003 110.85477828979494 0.099801037460565581 70.064250946044936 1.3537709116935732 47.500000000000007 2.6525000333786015 1.3333333134651186 5.5000000000000009 26.500000000000004 27.500000000000004 262.01499938964849 128.30500030517581 6.5000000000000009 3.3999997377395634 5.2650001049041757 0.044428737834095962 0.15464583039283755 5.0699999332427987 369.40925598144537 166.98950195312503 4.2950000762939462 -0.14000000804662702 622.96820068359386 397726203904.00006 34.905000686645515 512.20498657226574 52.004999160766609 39.004999160766609 12.796310901641847 1.5892474055290224 6.6499998569488534 0.036762548610568054 0.4999998807907105 859.49984741210949 7.3500001430511483 68.500000000000014 4.6549999713897714 0.8975815773010255 51.500000000000007 1.6949999332427981 56.143697738647468 4.3949999809265146 2.5000000000000004 301.96235656738287 1.4358679577289558e+19
decision_type=2 2 2 2 2 2 2 2 2 2 2 2 2 2 2 2 2 2 2 2 2 2 2 2 2 2 2 2 2 2 2 2 2 2 2 2 2 2 2 2 2 2 2 2 2 2 2 2 2 2 2 2 2 2 2 2 2 2 2 2 2 2
left_child=1 12 3 14 15 6 10 -8 11 -10 -6 -7 17 46 -2 16 -5 18 22 21 -21 -20 -1 -24 27 -26 -27 28 -19 -16 40 32 35 34 -34 36 -14 -37 -35 -29 -31 -18 43 44 -33 -45 57 48 59 50 -50 52 53 54 55 -4 -56 -3 -44 60 -15 -55
right_child=2 13 51 4 5 8 7 -9 9 -11 -12 -13 31 47 29 -17 41 24 19 20 -22 -23 23 -25 25 26 -28 39 -30 30 -32 42 33 38 -36 37 -38 -39 -40 -41 -42 -43 58 45 -46 -47 -48 -49 49 -51 -52 -53 -54 61 56 -57 -58 -59 -60 -61 -62 -63
leaf_value=-0.052416867159716565 0.079608813592542516 0.049201167941312636 -0.14019972927954813 0.055249920542842702 0.03989280310753416 0.027395195642687515 -0.090891423028334417 0.018303118731171398 0.036677646191520384 -0.097087492552595994 -0.00010557162569966031 0.052103003995552399 0.047645636199515937 -0.022872362445060617 0.040491854565250313 0.16651539622304901 -0.10221096571547504 0.0090707993453157318 0.0093033085767762706 -0.03014014127331523 0.11721092794040554 -0.058937211204128648 0.054841465298402906 -0.068382418337180881 -0.053947371353886699 0.58468020784759489 -0.051218065037393901 0.10432435943783175 -0.052486652701005165 -0.064478238077239902 -0.20622658048549597 0.030563739017935361 -0.067218332799442823 0.04864123907144273 0.029742846280850124 -0.018924772758024077 -0.012056382636329318 0.02580516428442578 0.012317274898433537 0.0093383770769039209 0.03663559807275845 0.05636811037257014 0.11602420895576789 0.029164847996914628 0.074988437062938562 -0.11022320559774555 0.10272242340273548 0.052917606385323827 -0.12561536522016997 0.038163790742178669 0.0021287254934683245 0.053448509831807947 0.053595901368706282 0.045097376031911302 0.044680982553129488 0.046152862302746608 0.018001257918541191 0.091174177774989359 0.050091069285190443 0.044814308216306858 0.023883269441006036 0.015274278718088501
leaf_weight=127.99444177187979 62.558272884692997 2643.2415615934879 44.281301364302635 5041.2508873341139 2378.0908397238236 3561.3318934726994 463.27661309111863 882.30991873098537 278.84737025946379 210.05333346128464 1224.0962050957605 4789.881262028357 2346.6851950376295 73.738998934626579 70.276676790323108 68.59921925701201 44.459889800520614 3264.9893637094647 5415.8449429962784 233.78226123005152 397.34863656572998 335.23255852330476 1673.4319485807791 88.082558907102793 418.19984530750662 7.7678977362811592 17.454716775566339 131.26569940615445 297.6669813292101 337.92443547444418 26.533420620951802 4982.5211564321071 284.92981197033077 498.93996851984411 214.44581308215857 474.76244623959064 303.79777459055185 5849.2287070471793 5401.7236860068515 86.098034873604774 48.858216494321823 25.217604166362435 74.92978638317436 39.791110206395388 265.33846032619476 53.37431120686233 141.52159931510687 374.3272289223969 43.892172968015075 70.965994599275291 25.851808056235313 4170.8744607716799 2290.8991077914834 5357.3198914676905 973.32503951340914 91.285561382770538 625.16914536058903 96.244756836444139 70.304525567218661 329.86923061870039 1728.9391752481461 170.06280864775181
leaf_count=3430 215 1356 188 3531 3800 3262 2665 1896 174 2429 2860 1745 7048 174 143 37 412 98923 62240 6026 4733 7789 16667 1872 8965 32 347 800 8950 19928 429 3963 1234 694 191 7425 1943 40142 20185 1675 25 24 31 44 217 328 47 107 240 61 45 685 389 1919 409 30 552 64 82 241 2354 158
internal_value=0.0306466 0.0229515 0.0396482 0.0345894 0.0365213 0.0294249 0.0138909 -0.0193277 0.0381161 -0.0208644 0.0263029 0.0415716 0.0200073 0.0407068 -0.0324387 0.0554016 0.053877 0.0127471 0.0180301 0.0109956 0.0626602 0.00531512 0.0417692 0.0486417 0.00239735 -0.0414775 0.15926 0.0075551 0.00391286 -0.047078 -0.0620415 0.024355 0.0213458 0.0121945 -0.0255943 0.0278692 0.0407988 0.0224439 0.0153973 0.0669383 -0.0516312 -0.0447619 0.0327814 0.031353 0.0328247 -0.0509597 0.0533018 0.0269845 0.0226906 -0.0199385 -0.0788334 0.0468382 0.0439461 0.040894 0.0303859 -0.0152613 0.0342675 0.0507103 0.0847025 0.0255138 0.0219563 0.0441836
internal_weight=72121.3 38884.5 33236.8 19513.6 18967.4 13787.9 4947.77 1345.59 8840.11 488.901 3602.19 8351.21 33355.9 5528.59 546.151 5179.53 5110.93 12495.2 8271.72 6382.21 631.131 5751.08 1889.51 1761.51 4223.44 443.422 25.2226 3780.02 3562.66 483.593 413.316 20860.8 15374.5 6400.04 499.376 8974.47 2650.48 6323.99 5900.66 217.364 386.783 69.6775 5486.26 5341.03 5247.86 93.1654 2881.01 2647.58 2273.26 140.71 69.744 13723.2 9552.34 7261.44 1734.06 135.567 1598.49 2739.49 145.234 2132.55 1802.68 5527.38
internal_count=358570 310665 47905 43575 22835 18831 11221 4561 7610 2603 6660 5007 305976 4689 20740 4004 3967 222449 102757 80788 10759 70029 21969 18539 119692 9344 379 110348 107873 20525 20382 83527 78862 22304 1425 56558 8991 47567 20879 2475 19953 436 4665 4552 4180 372 1467 3222 3115 346 285 4330 3645 3256 1179 218 961 1420 113 2769 2528 2077
is_linear=0
shrinkage=0.05


Tree=25
num_leaves=63
num_cat=0
split_feature=12 19 20 16 0 0 22 19 7 7 22 23 0 22 24 17 19 19 22 19 22 24 22 7 15 22 24 21 16 3 22 15 24 16 13 22 24 19 19 23 4 7 9 13 4 0 0 24 7 23 23 0 0 20 24 3 11 23 0 21 21 19
split_gain=1839.33 579.687 748.223 1427.54 527.894 463.042 469.647 1943.63 1030.22 615.168 718.848 458.916 252.981 263.258 565.736 824.144 460.14 420.035 388.618 330.991 323.11 284.422 264.253 216.597 295.533 564.705 406.827 285.674 222.557 210.644 204.649 198.637 696.244 184.501 173.148 311.437 199.602 168.436 1935.79 270.97 226.1 140.89 433.217 935.926 208.421 203.498 147.25 130.717 122.005 1280.16 2004.45 199.073 218.075 121.336 147.512 111.029 105.347 95.3453 53.6958 71.1002 40.0929 35.6836
threshold=1.0588235259056094 0.73373153805732738 0.91116741299629223 0.54774570465087902 3.0949999094009404 5.5199999809265146 15.160736083984377 2.0839102268218999 2.995000004768372 4.1849999427795419 15.466084957122805 68.528289794921889 5.9500000476837167 14.743645668029787 2.4850002527236943 0.9925418794155122 187.12464141845706 1.4713264107704165 14.650017738342287 2.5118931531906132 15.276435852050783 2.1434284448623662 15.70000219345093 5.2650001049041757 2.5000000000000004 15.932507514953615 13.22799873352051 281050624.00000006 0.72749775648117077 3.5000000000000004 17.369933128356937 8.5000000000000018 -0.055946754291653626 0.99965035915374767 0.15671427547931674 16.232475280761722 -5.2026906013488761 87.229694366455092 76.248836517333999 5.6234197616577157 1.5000000000000002 7.2500000000000009 3.9499999284744267 -0.037503501400351517 57.500000000000007 6.2500000000000009 4.6949999332427987 0.0030606851214542989 2.6950000524520878 0.069724176079034819 0.036762548610568054 2.5949999094009404 2.9050000905990605 1.6134278178215029 -0.0094575351104140264 2.5000000000000004 2.5000000000000004 2.3147490018590723e+17 7.2500000000000009 1980179.7500000002 2236069.5000000005 649.87545776367199
decision_type=2 2 2 2 2 2 2 2 2 2 2 2 2 2 2 2 2 2 2 2 2 2 2 2 2 2 2 2 2 2 2 2 2 2 2 2 2 2 2 2 2 2 2 2 2 2 2 2 2 2 2 2 2 2 2 2 2 2 2 2 2 2
left_child=4 23 5 -4 37 6 7 -3 -9 11 -11 -8 13 14 16 -16 -6 21 -18 30 -21 22 -15 24 25 27 28 -2 -27 -26 -19 32 33 -5 36 -36 -31 38 39 -1 48 42 44 -44 46 -45 -25 -46 51 50 -50 -39 -53 54 -33 56 -7 -41 59 61 -55 -14
right_child=1 2 3 31 12 55 9 8 -10 10 -12 -13 58 17 15 -17 18 19 -20 20 -22 -23 -24 41 29 26 -28 -29 -30 34 -32 53 -34 -35 35 -37 -38 40 -40 57 -42 -43 43 45 47 -47 -48 -49 49 -51 -52 52 -54 60 -56 -57 -58 -59 -60 -61 -62 -63
leaf_value=0.06238713363556149 -0.061265570851253372 0.57760308102294056 -0.055479244391709717 -0.046748451124617063 -0.062830694150494235 0.057490460033456516 -0.024759583949064412 -0.035543989926796173 0.075159640044688433 0.24577474770893637 0.025332705641587929 0.033864021665481567 0.038537795925315949 0.082163341151847299 -0.051316507130931902 0.39130106235290163 0.023529203307767921 -0.092176484197559388 0.16116342795048813 -0.029204346773337494 0.010768742407137225 0.14763348561802769 0.02069046678225283 0.033590471095374816 -0.094996460441096595 -0.10383171975251218 0.19328718326660607 0.10068188954199504 -0.016514321332914386 0.13283184982723434 0.015245624885994883 -0.012755790168809497 -0.102311998267407 0.066901427157944907 0.21294130034046577 0.040524539426321927 0.03408257642046033 -0.051211119559490349 0.50715110702826105 -0.092075973725447957 -0.054197102126361765 0.051641015184421803 0.039554268226644117 -0.15140181299597114 0.055793645969938001 0.053515436335248315 0.045560556662646592 0.023249508921594893 -0.050952306132658436 -0.051291969580788271 0.5274946305953665 0.011931471047465537 -0.035203180451243619 0.087044334910223078 0.056319155327616145 0.047174243584265155 0.11245320736080247 0.03267615227859786 0.061071225494414752 0.056576587276840062 0.063537673230348299 0.016944563416918492
leaf_weight=65.000029232352972 31.66691557597369 16.601614588871598 309.15753912716173 39.391152962576598 153.1505219861865 196.76926955766976 1090.7285947257187 278.07694701384753 852.4343210561201 36.077245299704373 17942.529102518107 479.86228561750613 404.31298695411533 186.81926250085235 17.815705444663763 23.898652938194573 12892.455947446637 143.37498541362584 50.535823248326778 584.04595214873552 3718.1648458340205 47.077720042318106 2573.849717576988 5736.5783128952608 27.786987204104662 84.840872594155371 20.248092539608479 169.55475099757314 492.80974225257523 52.063212571665645 63.512188717722893 78.730752661358565 87.157551643904299 321.65804465301335 39.368111859075725 76.653558934107423 1592.5247265805956 224.38238808326423 18.822560504078865 79.288072165101767 247.01066180784255 4158.9256147458218 278.46683476213366 104.29251918219961 3372.4123483896255 13.149270057678221 4695.4966390728951 342.40875756274909 30.887149345129728 133.59498963970691 27.759129215031862 948.82597656268626 329.87915603630245 434.62820436805487 3215.2227320389356 587.84644908225164 163.18808486498892 18.31735748052597 283.42780102789402 313.77272336184978 346.872623834759 369.79083153605461
leaf_count=170 487 26 23798 348 1675 82 18305 6048 12763 467 32968 2546 241 1064 401 74 135126 790 810 11189 18691 100 3356 3950 294 515 11 67 1030 15 66 526 1533 119 153 77 2300 11884 68 847 6575 1031 143 1128 853 1 1735 536 657 4794 246 33764 10356 90 1579 237 33 11 34 86 38 369
internal_value=0.0298097 0.0354799 0.0305372 0.0483274 0.0184996 0.0265627 0.0249948 0.0560843 0.0479176 0.0231675 0.025789 -0.00683499 0.0208151 0.0194191 0.0236528 0.205372 0.0230579 0.0118143 0.0240794 0.00235813 0.00533551 0.0269923 0.0248805 0.041625 0.0280402 0.00274892 -0.0216413 0.074994 -0.0295047 0.0393307 -0.0592603 0.0554336 0.0237496 0.0543933 0.0415063 0.100391 0.0372906 -0.00529357 0.0406418 -0.0160987 -0.00960553 0.0435027 0.0411716 -0.0103806 0.0426153 -0.128158 0.0389826 0.0528023 -0.00307744 0.0343194 0.227014 -0.00788336 -0.000242382 0.0589102 0.0546633 0.0607309 0.0826644 -0.0685194 0.0416066 0.0364794 0.0767117 0.0282643
internal_weight=71716 47766.2 26476.9 4832.82 23949.8 21644.1 20696.3 1147.11 1130.51 19549.2 17978.6 1570.59 21826 20454.7 13137.9 41.7144 13096.1 7316.84 12943 4509.1 4302.21 2807.75 2760.67 21289.2 2587.52 799.12 597.899 201.222 577.651 1788.4 206.887 4523.66 448.207 361.049 1760.61 116.022 1644.59 2123.77 181.428 162.605 1942.34 18701.7 14542.8 395.909 14146.9 117.442 10432.1 3714.82 1695.33 192.241 58.6463 1503.09 1278.71 4075.45 3293.95 947.804 359.957 97.6054 1371.3 1087.88 781.501 774.104
internal_count=359276 115832 101506 28031 243444 73475 73123 18837 18811 54286 33435 20851 174072 173342 138086 475 137611 35256 135936 30736 29880 4520 4420 14326 4949 2110 1556 554 1545 2839 856 4233 2000 467 2545 230 2315 69372 1096 1028 68276 9377 8346 1272 7074 1129 5685 1389 61701 5697 903 56004 44120 2233 2105 352 115 858 730 696 128 610
is_linear=0
shrinkage=0.05


Tree=26
num_leaves=63
num_cat=0
split_feature=18 24 0 3 10 10 12 4 12 10 0 9 8 13 0 1 1 24 16 5 15 19 4 1 1 24 16 12 1 9 5 7 0 1 24 10 11 1 1 0 7 18 0 7 3 1 7 18 0 7 7 7 24 0 3 1 5 10 12 9 1 8
split_gain=1905.58 533.789 440.16 418.273 432.202 511.655 534.827 416.061 778.776 673.012 529.225 510.078 1391.35 513.587 388.284 429.168 878.272 382.425 452.682 462.331 403.696 680.59 284.851 275.483 264.041 261.791 254.746 239.883 274.659 238.742 224.466 206.886 155.593 157.257 155.477 489.697 146.336 192.167 135.926 133.629 119.773 115.261 97.4822 96.7064 94.7867 89.4134 86.6416 86.3827 80.874 75.3167 73.1538 71.9123 69.5308 67.9627 55.37 52.751 52.5967 44.1251 38.13 33.388 21.6363 19.7991
threshold=1.3382917046546938 3.4000002145767216 5.4200000762939462 14.500000000000002 2.8000000715255742 4.4049999713897714 1.4737790226936343 57.500000000000007 2.00000011920929 2.8524999618530278 4.5950000286102304 3.9999998807907109 8.2500000000000018 -0.028571416623890396 2.8950001001358037 113.00600051879884 114.00500106811525 4.5025000572204599 0.82620134949684154 6.5000000000000009 7.5000000000000009 699.65585327148449 4.5000000000000009 4.0025000572204599 1.9959999918937685 1.6141208410263064 0.73826882243156444 1.0556329488754275 48.004999160766609 0.74499988555908214 333.50000000000006 5.2650001049041757 7.5499999523162851 180.68000030517581 0.076720189303159728 3.8999999761581425 4.5000000000000009 13.973999977111818 1.0013224482536318 3.8850001096725468 5.2650001049041757 9.9902806282043475 5.6199998855590829 4.5850000381469735 21.500000000000004 34.905000686645515 6.4500000476837167 16.524444580078129 4.1949999332427987 4.1849999427795419 7.2500000000000009 4.5850000381469735 0.19999999552965167 6.6499998569488534 4.5000000000000009 15.994999885559084 2.5000000000000004 4.3500001430511483 2.1673028469085698 0.70000016689300548 10.996500015258791 5.0699999332427987
decision_type=2 2 2 2 2 2 2 2 2 2 2 2 2 2 2 2 2 2 2 2 2 2 2 2 2 2 2 2 2 2 2 2 2 2 2 2 2 2 2 2 2 2 2 2 2 2 2 2 2 2 2 2 2 2 2 2 2 2 2 2 2 2
left_child=7 2 3 14 26 6 -6 8 10 46 17 30 13 -13 15 23 -17 20 19 -19 21 -1 42 -2 -16 -26 -5 28 53 -22 34 36 33 -30 38 -36 43 -38 40 -24 -9 -28 51 -12 -40 -7 48 60 -10 -41 55 -3 59 56 -20 -33 -4 -51 -15 -49 -29 -59
right_child=1 22 27 4 5 45 -8 11 9 -11 31 12 -14 58 24 16 -18 18 54 -21 29 -23 39 -25 25 -27 41 47 32 -31 -32 50 -34 -35 35 -37 37 -39 44 49 -42 -43 -44 -45 -46 -47 -48 52 -50 57 -52 -53 -54 -55 -56 -57 -58 61 -60 -61 -62 -63
leaf_value=0.022644317036803793 0.038442098711088356 -0.060248496243449329 0.027365786422887246 -0.060682153535284222 -0.057390949325284914 0.03319550034933872 0.016829750412884262 -0.080687480745314538 -0.09135962792730129 -0.14333665868231971 0.051966062791016655 0.049991179892589513 0.05632847669920435 -0.13181674601704071 -0.065714851509450209 0.31746241027823974 0.019465409178734995 0.23124525977650756 -0.05884291533041483 0.053574750550564348 0.073822122581451072 -0.063636443427962749 -0.064175227853852365 -0.019868552551922172 0.018148381606412623 0.05451988945483649 0.059598157702273495 0.025594534082495669 -0.090470138081774731 0.035315309871500396 -0.04943469900913993 0.039354499291355087 0.05712407540456748 -0.0025680948206168838 -0.14825789752033111 0.044192717497508922 -0.18551167291197609 0.018844800703023811 -0.0019437613517833069 -0.063364881624027175 0.033246314335416666 0.11370823336977243 0.032026869653713895 0.022508673263273049 0.050252479652550953 0.055321602629913896 0.079624650428485599 0.076265832252352186 0.055330952802650629 0.058707789103088798 0.052039663386544525 -0.12971655028485499 0.10148924287675354 0.056187135173816419 0.027631935224450638 0.048953126356651153 0.049141882677732548 0.035624659432052952 -0.047254463674455724 0.042253825782015121 0.05097880258656317 -0.022867600494486068
leaf_weight=8941.4345527486876 232.50365684973076 208.03424726519734 1296.3203648328781 40.785964953247458 305.49729886162095 2057.4073104262352 1165.365476857638 36.050751776900142 18.319037092849612 114.86917177471332 350.15007368009537 51.900935136247426 453.92032684385777 186.30680026067421 91.572881817817688 28.710109897889197 148.58412735257298 72.85760273784399 30.92875755019486 74.354131017811596 468.59169218782336 233.58388268249109 46.591219839639962 1527.5828060528729 24079.676112160552 504.54240579949692 919.43100314028561 116.34368389844894 82.141851242631674 2887.139668695163 58.226974206976593 5090.0995038039982 54.753479301929474 131.59831512626261 40.581079912837595 160.17600398510695 17.669290258549154 29.453936374746263 87.495001484174281 18.571339210495353 60.116890210192651 111.32232551556081 23.385893482714891 1377.9946620501578 9823.5961252008565 591.96131247282028 52.722331503406167 162.18678390420973 17.329127321019769 110.20530997775495 2548.1868619844317 46.215933967847377 166.99913900718093 358.83187247812748 43.04141891002655 2036.5774633483961 356.29202198423445 25.895430842414498 16.127360166748986 140.7215341180563 346.59514448326081 30.275413372553885
leaf_count=17169 5566 4151 1302 2493 2661 1222 3284 191 187 636 573 18 49 1122 2219 162 3974 122 129 396 434 6886 1119 49266 214641 3126 708 94 338 4881 14187 2404 8 271 242 61 109 36 249 312 50 79 20 1534 5484 191 13 34 3 124 484 367 27 75 58 734 222 46 2443 87 124 79
internal_value=0.0286471 0.0204661 0.0212054 0.0194223 0.0324057 0.0250357 0.00138224 0.0368612 0.033221 -0.0640252 0.0340405 0.044952 0.0038985 -0.0895096 0.0168881 -0.00466152 0.0692594 0.027029 0.0920843 0.142508 0.025873 0.0204405 -0.030314 -0.0121455 0.0185804 0.0188972 0.0606899 0.0388445 0.0300778 0.0407143 0.0477831 0.0418456 -0.0173567 -0.0366367 0.0483429 0.00472391 0.0261237 -0.0599393 0.0492169 0.0106101 -0.00980389 0.0655515 -0.0643767 0.0285067 0.049791 0.0381601 0.0394628 0.0602104 -0.0203506 0.0297204 0.044727 -0.0733543 0.0753735 0.0364175 -0.00876124 0.0421047 0.0320905 0.0404572 -0.12537 0.0606724 0.044679 0.00416203
internal_weight=70906.7 35526.9 35017.7 31804.9 5191.77 4120.23 1470.86 35379.8 24405.3 203.24 24202.1 10974.5 708.255 254.335 26613.2 1937.38 177.294 12751.9 221.182 147.212 12530.7 9175.02 509.175 1760.09 24675.8 24584.2 1071.54 3212.78 2279.94 3355.73 10266.2 11450.1 268.494 213.74 10208 200.757 1775.27 47.1232 10007.3 231.539 96.1676 1030.75 277.636 1728.14 9911.09 2649.37 88.3705 932.846 35.6482 184.947 9674.86 254.25 469.907 2011.44 73.9702 7126.68 1652.61 166.376 202.434 302.908 462.939 56.1708
internal_count=359276 298392 292174 289592 10638 7358 5945 60884 36788 839 35949 24096 3632 3583 278954 58968 4136 30075 705 518 29370 24055 6218 54832 219986 217767 3280 2582 2216 5315 20464 5874 617 609 6277 303 2252 145 5974 1680 241 787 4538 2107 5733 1413 203 366 190 561 3622 4518 148 1599 187 3138 1524 249 3565 121 218 125
is_linear=0
shrinkage=0.05


Tree=27
num_leaves=63
num_cat=0
split_feature=2 10 10 23 10 15 21 15 12 2 12 2 9 9 21 21 9 23 9 12 13 9 23 6 23 1 12 18 1 21 18 18 7 10 13 21 5 17 2 8 5 10 23 1 2 23 7 18 8 19 12 19 17 10 9 9 10 9 19 23 23 13
split_gain=2266.18 598.868 1215.73 1052.83 1245.32 896.875 788.043 734.203 932.573 621.846 597.291 520.661 816.718 563.581 452.964 429.202 413.199 301.897 286.998 598.825 361.519 361.064 473.711 266.863 198.313 522.696 443.314 174.003 167.832 152.273 213.892 240.413 134.916 252.476 240.981 130.94 161.104 218.93 127.344 122.969 136.886 134.831 116.531 114.455 93.278 74.6678 65.0479 65.2778 56.8664 56.248 41.0059 35.4684 26.8699 37.4581 26.7133 26.2731 24.8234 23.8821 20.5249 19.5867 11.5681 10.0544
threshold=4.5000000000000009 2.8000000715255742 4.5650000572204599 1.041130352069837e+17 3.5500000715255742 23.500000000000004 14807760.000000002 22.500000000000004 1.500000059604645 56.500000000000007 1.6452497243881228 37.500000000000007 3.9999998807907109 2.7000001668930058 468109168.00000006 6435832320.000001 2.0949997901916508 0.37713336944580084 3.3000000715255742 1.6075282692909243 0.25000001490116125 2.7050000429153447 2.2282954436671181e+19 7.5000000000000009 0.099801037460565581 45.00849914550782 1.0646321773529055 9.9902806282043475 27.001500129699711 10815093248.000002 4.2625248432159433 9.9902806282043475 2.995000004768372 4.060000181198121 0.6799999773502351 495099330560.00006 9.5000000000000018 0.49941451847553259 1.5000000000000002 7.3500001430511483 68.500000000000014 4.6549999713897714 3223.5991210937505 39.004999160766609 46.500000000000007 1.4358679577289558e+19 5.6250000000000009 3.3964555263519292 5.7850000858306894 24.467093467712406 1.2499999403953554 17.315091133117679 2.9880000352859502 5.2199997901916513 4.3499999046325692 2.4999998807907109 4.5025000572204599 2.5799999237060551 18.490462303161625 5001769931243521 85274.898437500015 0.10000003129243852
decision_type=2 2 2 2 2 2 2 2 2 2 2 2 2 2 2 2 2 2 2 2 2 2 2 2 2 2 2 2 2 2 2 2 2 2 2 2 2 2 2 2 2 2 2 2 2 2 2 2 2 2 2 2 2 2 2 2 2 2 2 2 2 2
left_child=15 14 3 4 5 6 -3 11 44 16 -7 13 -13 -5 17 18 -6 -2 19 21 48 24 51 27 26 -26 -1 28 -19 30 50 -32 -20 34 58 36 37 38 -31 40 41 42 -4 -39 -9 -43 -38 -48 59 56 52 -23 53 -17 -10 -42 -35 -57 -34 -21 -11 -54
right_child=1 2 39 7 9 10 -8 8 54 60 -12 12 -14 -15 -16 29 -18 23 32 20 -22 22 -24 -25 25 -27 -28 -29 -30 35 31 -33 33 49 -36 -37 46 43 -40 -41 55 45 -44 -45 -46 -47 47 -49 -50 -51 -52 -53 61 -55 -56 57 -58 -59 -60 -61 -62 -63
leaf_value=0.017921515613334663 -0.054956823789399624 -0.1147922378369875 -0.0035305790500029795 -0.010886594607317952 -0.0012880379918817466 0.047567321818099251 -0.025652307601920433 -0.0084351364543195726 -0.14587444456129525 -0.20840273191755407 -0.078276643162152826 0.053774954533496871 -0.078578002024871529 0.035440397790469577 -0.093665535015561199 0.0031384138261713306 0.034785388595372932 0.0533410477829796 0.13090233335756718 -0.069570072713036793 0.085599526403621437 -0.21621087271388731 0.027879923559587697 -0.074024688231796518 0.017127596180793774 -0.0089997766929132052 0.042662989156523834 0.13054899960569796 0.097305427363560418 -0.16940672039075194 0.042442223036599405 0.22069831723609076 -0.18748681031105596 0.020737762483938729 0.047058861247579895 0.044403987713280323 0.077334269838756728 0.023538557856972658 -0.025863193948229168 0.0519495993520682 0.054983532460367468 0.043061333818740166 0.031824054583048857 -0.034431104244004349 0.048723325403716891 0.0088411401792556875 -0.0060802782885377308 0.055904013681680187 -0.16685797844302019 0.066285601028720817 0.074328228285806833 -0.1256359674860888 0.040595225308391492 0.041599997005819789 -0.094752008275811567 0.05325074873318919 0.047986656849701534 0.026523853046601903 -0.09689815136207007 -0.11126573179153093 -0.12197720795029357 0.05924099317750077
leaf_weight=15855.067717655562 61.722487448016182 361.95773279014975 273.85460994578898 859.49531933804974 1107.0485835722648 466.77367016626522 785.72847441118211 125.13943357532844 99.836497389012948 23.293266341090202 117.1198417765554 4229.6445228145458 118.98251899657771 2771.012244252488 51.401111183688045 94.93253181874752 2801.6948444480076 4673.8106855051592 44.476255107205361 124.24994648597203 32.961777060758322 27.714487119577825 59.219376891851425 38.550650125835091 11452.924494390842 2297.4352693259716 2044.2127462564968 77.973496250808239 228.71022777166218 19.87176803778857 37.998207688331604 38.039198030717671 15.454143569804726 143.8208829164505 31.468837738037109 1023.803795629181 161.92182395607233 1742.2598107024096 61.839605459943414 4063.5814734324813 1859.9933285489678 5738.1486540399492 1547.3992396369576 88.592834820505232 163.95517031848431 164.94413512200117 66.192206322215497 115.98436466977 22.322435982525349 317.24501557648182 105.49143026117235 28.739771177992225 157.99455928057432 191.84147032350302 46.959911082987674 166.21579626947641 210.24239605665207 177.43554066866636 18.115253039170057 42.643800827208906 12.041923100128768 164.05783525854349
leaf_count=181005 10415 6008 374 1334 3513 2657 3760 190 777 159 1920 1200 1028 2327 448 126 2177 4169 26 1798 120 179 45 3878 77418 30307 11482 91 170 128 65 42 101 142 8 442 24 1450 131 744 257 2279 997 222 51 189 102 32 196 61 74 167 80 114 1005 25 59 123 411 363 68 23
internal_value=0.0275596 0.0370308 0.0341576 0.0237873 0.00714251 -0.0281929 -0.0538451 0.0350109 -0.0281205 0.0226604 0.0222258 0.0384634 0.0501353 0.0244715 0.052742 0.0190194 0.0245695 0.0542423 0.0171159 0.0163835 -0.0652355 0.0169565 -0.070846 0.0555968 0.0172798 0.0127615 0.0207497 0.0566158 0.0554125 0.0343327 0.0540494 0.13339 0.0470552 0.0418133 -0.051625 0.0295658 0.0228151 0.0171267 -0.0624588 0.0445985 0.0415842 0.0384337 0.0265062 0.0207135 0.0240203 0.0421077 0.0542767 0.033445 -0.0918494 0.0509367 0.0454221 -0.173177 0.0402916 0.0289404 -0.130306 0.0526031 0.0370218 0.0395825 -0.142964 -0.080853 -0.183255 0.0502631
internal_weight=70053.6 33214.4 28082.3 14090.7 5675.66 1731.58 1147.69 8415.03 435.891 3944.08 583.894 7979.13 4348.63 3630.51 5132.17 36839.1 3908.74 5080.77 32768.3 31987.5 222.178 31765.3 115.674 5019.05 31649.6 13750.4 17899.3 4980.49 4902.52 4070.82 790.355 76.0374 780.823 736.347 65.0382 3280.47 2256.66 1912.56 81.7114 13991.6 9927.99 7724.35 1821.25 1830.85 289.095 5903.09 344.098 182.177 189.216 671.308 714.318 56.4543 608.826 286.774 146.796 2203.64 354.063 343.651 33.5694 166.894 35.3352 322.052
internal_count=359276 52333 33162 28174 20262 14345 9768 7912 2023 5917 4577 5889 2228 3661 19171 306943 5690 18723 303888 303080 2477 300603 391 8308 300212 107725 192487 4430 4339 3055 524 107 808 782 520 2531 2089 1931 259 4988 4244 3839 1371 1672 241 2468 158 134 2357 262 417 346 343 240 1782 405 201 148 512 2161 227 103
is_linear=0
shrinkage=0.05


Tree=28
num_leaves=63
num_cat=0
split_feature=2 0 10 10 23 10 23 21 15 20 2 23 2 4 21 23 0 15 20 4 1 1 1 13 5 23 5 23 21 12 5 12 10 21 1 4 1 1 1 21 17 17 23 15 0 4 1 8 5 10 23 21 1 23 0 23 5 15 13 10 4 23
split_gain=2268.31 705.26 572.681 1177.08 993.797 1135.55 810.578 710.57 683.003 898.744 537.997 514.125 513.065 532.77 421.166 411.529 372.927 507.782 443.127 428.069 625.763 411.526 607.405 371.989 365.517 346.253 291.007 282.302 256.418 236.136 235.226 380.613 341.893 219.95 219.691 206.832 202.301 189.127 280.758 181.689 261.501 163.427 150.532 532.35 216.957 138.135 240.957 126.278 138.165 131.942 109.256 108.252 106.361 103.084 74.6316 72.2176 63.8464 55.675 54.1963 53.0463 80.684 45.2569
threshold=4.5000000000000009 5.4200000762939462 2.8000000715255742 4.5650000572204599 1.041130352069837e+17 3.5500000715255742 6.3722965717315683 3155296640.0000005 22.500000000000004 0.29126216471195226 56.500000000000007 2.1921668052673344 37.500000000000007 42.500000000000007 468109168.00000006 2.6621994007003141e+18 2.8950001001358037 8.5000000000000018 0.46206772327423101 14.500000000000002 20.89949989318848 113.00600051879884 114.00500106811525 0.050077496096491821 5.5000000000000009 3601926324224.0005 2.5000000000000004 0.37713336944580084 6435832320.000001 1.0400669574737551 69.500000000000014 1.2553574442863467 3.6999999284744267 1010718.1250000001 48.004999160766609 19.500000000000004 582.23999023437511 203.004997253418 180.68000030517581 10815093248.000002 0.49941451847553259 0.49941451847553259 39763608338432.008 9.5000000000000018 3.8850001096725468 11.500000000000002 10.68650007247925 7.3500001430511483 68.500000000000014 4.6549999713897714 3223.5991210937505 495099330560.00006 1.0013224482536318 0.00049369668704457592 6.2500000000000009 1.4358679577289558e+19 2.5000000000000004 76.500000000000014 1.0000000180025095e-35 4.4600000381469735 8.5000000000000018 0.0038799602771177892
decision_type=2 2 2 2 2 2 2 2 2 2 2 2 2 2 2 2 2 2 2 2 2 2 2 2 2 2 2 2 2 2 2 2 2 2 2 2 2 2 2 2 2 2 2 2 2 2 2 2 2 2 2 2 2 2 2 2 2 2 2 2 2 2
left_child=1 16 14 4 5 6 11 -8 12 57 23 -4 13 -6 27 -14 17 21 28 -20 -21 24 33 -7 26 -24 -1 -2 30 34 32 -32 -18 -23 54 58 37 38 -36 40 -30 -22 43 44 -29 46 -44 48 49 50 -5 -41 -45 -26 56 -51 -3 -10 -19 60 -31 -58
right_child=2 29 3 47 8 10 7 -9 9 -11 -12 -13 15 -15 -16 -17 18 35 19 20 41 22 25 -25 53 -27 -28 42 39 59 31 -33 -34 -35 36 -37 -38 -39 -40 51 -42 -43 45 52 -46 -47 -48 -49 -50 55 -52 -53 -54 -55 -56 -57 61 -59 -60 -61 -62 -63
leaf_value=-0.025060241103755584 -0.054781064131068105 0.023811799530546126 -0.06379023651093356 -0.0033466985626453543 0.02866546510934392 0.018685172360027365 -0.084931610619640219 -0.010801974828296271 0.00068056299751802164 -0.12230875943910915 -0.16386161305235492 0.063554768741925102 0.053907421179813814 -0.050522166897748147 -0.09033436951518771 -0.0055102737595399878 0.020285487228782879 0.081787704863979016 -0.058347042384408777 -0.066782021531773789 0.10229365787647403 0.1481416261037786 -0.014767985488283765 0.072082109252904147 0 0.20028859340014071 0.023674351134750936 -0.080565587018540427 0.14086226309085068 0.056587212622741724 0.054112996159483596 -0.0099653044014832437 0.0085606989542864696 0.42115453319754226 -0.062256250181718313 -0.061558173844166855 0.046544360106007432 -0.13356383530066665 0.080258628751306127 0.018404133587003373 0.042807405678232283 -0.064292913233484267 0.069951447629110833 -0.0046369133186055502 0.042776035323393684 0.062009294304645961 0.18837202043283088 0.051428997648118313 0.052034537404119209 0.042207667466865599 0.030908447555266651 0.040635314932136422 0.0547425921579777 -0.059476108629979013 0.049481029010646604 0.0084494608623769379 0.061816393579866395 0.045998432269605018 0.0056627501140382071 0.049437594070895957 0.10609456106912243 0.025159014896920948
leaf_weight=707.40371801052243 58.899042836972512 1209.7676877565682 103.82090778229758 274.49421888962388 3346.2617825327907 3496.2850552694872 625.19116441812366 669.30578325665556 116.5272865248844 156.33230743859895 37.632370796985924 324.76916710915975 3878.3841797169298 225.85556077188812 50.686538550071418 314.72693813894875 14909.363327156287 226.68480252614245 374.79941635904834 112.35370884998702 147.4249699364882 25.715445455163717 139.74821933568455 359.05261525884271 84.639407974202186 20.588844580575824 538.63701868802309 106.91200611856766 75.239579827524722 272.30146891623735 911.67392361164093 310.06936150649562 10672.05839276081 10.720987202599643 101.36706477217376 30.882290399633348 101.03649188578129 41.566538393497467 51.177174639888108 1878.4690577462316 658.73553175106645 15.632712604943661 141.29705722443759 76.873842608416453 52.418656468158588 1134.9564817729406 62.369456158950925 3903.5497938618064 2118.6391470804811 5565.9198463279754 1514.4553510248661 775.22526551038027 3283.2977505436866 524.53991535771638 659.4905736669898 164.03095582872629 222.3868629783392 161.84611162776127 26.387596637941897 804.09447676688433 121.75596562214196 139.49289943277836
leaf_count=33656 10415 1288 5545 374 2662 5388 6035 1835 153 1795 227 930 1017 999 448 1211 176520 309 8978 3035 492 157 4030 302 1436 161 8546 1484 76 151 1657 825 45908 15 345 1142 46 211 31 1875 406 409 137 2366 71 783 34 744 405 2279 997 386 3433 13664 219 189 84 75 417 285 45 138
internal_value=0.0265102 0.0180382 0.0361807 0.0333417 0.0230704 0.00686373 -0.0269194 -0.0466455 0.0341674 -0.0267668 0.021821 0.0326186 0.0375823 0.0236445 0.0518044 0.0494462 0.0157211 -0.00353758 0.01718 -0.0236301 0.0236372 -0.0122194 0.0563496 0.0236768 -0.0195213 0.0138867 -0.00398721 0.0532887 0.0180598 0.0386681 0.01642 0.0378515 0.0153949 0.23771 0.0299727 0.0590069 -0.0105233 -0.0403395 -0.0142 0.0310234 0.0530438 0.0859976 0.054611 0.0491452 -0.0399422 0.0689304 0.106983 0.0438186 0.0407306 0.0375383 0.0256507 0.0249133 0.0533816 -0.0512286 0.0353343 0.0412438 0.0293672 0.0271166 0.0739234 0.0569578 0.0721265 0.0478082
internal_weight=69226.2 36901.4 32324.8 27357.1 13816 5616.06 1723.09 1294.5 8199.93 434.706 3892.97 428.59 7765.23 3572.12 4967.71 4193.11 33177 2335.95 30841 650.211 275.411 2051.99 196.773 3855.34 1855.22 160.337 1246.04 4917.02 30190.8 3724.44 26803.2 1221.74 25581.4 36.4364 2526.29 283.955 295.147 194.111 152.544 3387.67 733.975 163.058 4858.13 3519.5 159.331 1338.62 203.667 13541.1 9637.54 7518.9 1788.95 2653.69 3360.17 609.179 2231.14 5729.95 1571.65 278.373 253.072 1198.15 394.057 361.88
internal_count=359276 306943 52333 33162 28174 20262 14345 7870 7912 2023 5917 6475 5889 3661 19171 2228 304100 63533 240567 12914 3936 61665 4363 5690 57302 4191 42202 18723 227653 2843 224910 2482 222428 172 2362 1868 633 587 376 2743 482 901 8308 7354 1555 954 171 4988 4244 3839 1371 2261 5799 15100 1729 2468 1510 228 726 481 196 222
is_linear=0
shrinkage=0.05


Tree=29
num_leaves=63
num_cat=0
split_feature=2 10 10 21 1 13 11 8 5 21 21 12 24 12 17 17 9 12 13 9 8 6 18 11 24 1 1 8 5 10 21 18 21 5 17 24 6 1 24 2 7 10 13 1 1 1 7 18 1 8 12 17 10 12 6 4 24 9 6 2 18 13
split_gain=2251.08 552.261 1142.61 927.075 734.769 686.285 456.883 436.333 412.369 394.754 392.262 327.955 318.326 297.727 680.967 309.183 280.531 522.377 329.784 316.971 280.837 270.353 232.982 211.413 164.192 518.632 172.448 129.481 139.306 129.005 123.672 222.3 123.62 146.654 202.089 121.337 118.127 114.193 203.251 108.421 106.275 236.832 210.498 104.908 90.1048 68.4187 57.9421 61.858 43.3118 42.946 39.4958 39.0448 40.9393 28.8554 26.2301 32.2209 19.5853 18.6712 15.3144 10.8517 10.5095 9.92596
threshold=4.5000000000000009 2.8000000715255742 4.5650000572204599 7910144256.000001 13.973999977111818 -0.0019147465936839578 5.5000000000000009 7.3500001430511483 148.50000000000003 6435832320.000001 468109168.00000006 2.1074177026748662 -5.2026906013488761 2.0849295854568486 1.7562870979309084 23.10000038146973 3.3000000715255742 1.6075282692909243 0.25000001490116125 2.7050000429153447 6.9500000476837167 7.5000000000000009 0.81786110997200023 7.5000000000000009 6.0041072368621835 14.00500011444092 546.54351806640636 7.3500001430511483 68.500000000000014 4.6549999713897714 10815093248.000002 6.2027976512908944 495099330560.00006 9.5000000000000018 0.49941451847553259 -0.0027755271876230832 183.50000000000003 27.001500129699711 0.12471294030547143 1.5000000000000002 2.995000004768372 4.060000181198121 0.6799999773502351 39.004999160766609 29.915499687194828 15.994999885559084 5.6250000000000009 3.3964555263519292 101.29500198364259 5.7850000858306894 1.2499999403953554 2.9880000352859502 5.2199997901916513 1.4119634032249453 31.500000000000004 31.500000000000004 0.053598834201693542 2.5799999237060551 89.500000000000014 40.500000000000007 8.7988066673278826 0.10000003129243852
decision_type=2 2 2 2 2 2 2 2 2 2 2 2 2 2 2 2 2 2 2 2 2 2 2 2 2 2 2 2 2 2 2 2 2 2 2 2 2 2 2 2 2 2 2 2 2 2 2 2 2 2 2 2 2 2 2 2 2 2 2 2 2 2
left_child=9 10 3 4 5 6 -3 13 12 16 21 -7 -6 15 -15 -5 17 19 49 24 -21 23 48 37 26 -26 -1 28 29 35 31 50 33 34 39 -4 -10 38 -2 -32 -18 42 -42 -36 -39 -31 -35 -48 -9 60 51 52 -11 -30 55 -43 -29 -55 -56 -25 -19 -53
right_child=1 2 27 7 8 11 -8 22 36 30 -12 -13 -14 14 -16 -17 40 18 -20 20 -22 -23 -24 59 25 -27 -28 56 53 45 32 -33 -34 46 43 -37 -38 44 -40 -41 41 54 -44 -45 -46 -47 47 -49 -50 -51 -52 61 -54 57 58 -57 -58 -59 -60 -61 -62 -63
leaf_value=0.015206371624854982 0.05351507062809481 -0.029122332598923845 0.0030109133852192528 0.029034997032612003 0.15396929844449556 -0.0014459969639204207 -0.13741660993835875 -0.19413056201618795 -0.10195964496189538 -0.0043024074231708086 -0.087326055848864631 0.056902432846910933 0.024670113517568704 0.033224762385196026 -0.11565546085469246 0.05020376683535728 0.11867660753616394 -0.088596212271587621 0.078497735535831351 -0.15272942707561463 0.0020781073843140893 -0.069707019959769356 0.0058021036672435168 -0.11863238098859562 0.055059727609928201 -0.074676496203267384 0.0382087344794797 0.051960724642925039 0.053772358335823993 0.036820579418164197 -0.15753413838089436 0.12934595654795705 0.042616134805560049 0.073659506743083081 0.021977477673605542 0.032730536356550662 0.053986594718145486 0.14590964227150643 -0.066192405098213641 -0.026300869586888615 -0.13352406522381396 0.042744663408194522 0.046094678516928521 -0.033398579672349958 0.070819484591171544 0.04911702138743871 -0.0068213299035442994 0.054195817129702964 -0.056433411282187089 -0.15329704970789876 0.069395724422436258 0.038378217978363161 0.035758939349323546 0.052118416687767559 0.018706213281560535 0.06994562318614099 0.037766210117974909 0.024330379508579348 0.046941775539689118 -0.046068718384772576 -0.058111826306172558 0.057343916148818487
leaf_weight=30732.773830335587 4421.7032232049387 1231.1701916093007 468.85829555243254 4837.4738511005417 47.465559614822268 915.98330734251067 104.93427180591971 31.297581172082573 80.414575666305609 95.838139049708843 49.866137275937945 325.62177279382013 2868.5037278945092 270.33992780430708 106.12864860799164 2688.696251800051 45.707391618750989 106.58085546572693 34.037132252473384 51.530058622825891 66.034652188420296 44.046914217760786 36.953450669068843 13.597785345977174 131.4943829998374 183.09969150926918 836.80716099496931 3471.2339823246002 1777.6489138007164 3952.9639847427607 20.476509630680084 78.617944653145969 966.19731339346617 157.43619402498007 1692.8229726655409 1289.0396715570241 13.579918861389158 53.388995626010001 34.904433989198878 61.504368216730654 34.265389027539641 232.02735336869955 29.567641228437424 89.138999009970576 174.24182932195254 1610.1356611102819 65.501341694034636 110.95009839441627 8.3310678452253324 23.210898303892463 103.84683299716562 150.42365837842226 187.21445329487324 102.9246873781085 92.653625048696995 221.73689772188663 278.18086554855108 156.04416894167662 105.73616828769445 11.548473398201166 52.626208634348586 154.63809228688478
leaf_count=292771 7135 5528 556 3885 44 5772 1299 261 2535 141 448 1483 5393 469 674 714 26 1124 120 300 91 6639 65 349 822 3147 3472 607 274 1993 128 76 442 24 1450 815 1 38 418 131 512 120 8 222 295 475 102 32 51 196 75 80 128 17 90 17 137 114 35 3849 1037 24
internal_value=0.0255063 0.0353299 0.0325164 0.0223413 0.00671951 -0.0128693 -0.0377276 0.0332781 0.0234956 0.0171287 0.0509428 0.0138858 0.0268286 0.0344333 -0.00892739 0.0366038 0.0153417 0.0146314 -0.0626046 0.0151559 -0.0664496 0.0524124 -0.084766 0.0535702 0.015459 -0.0204307 0.0158174 0.0430456 0.0398851 0.0366532 0.0320991 0.050078 0.0277045 0.0211304 0.015643 0.0248129 -0.0790454 0.0543529 0.0525618 -0.0606429 0.0453206 0.0404717 -0.0508194 0.0191874 0.0890143 0.0403886 0.0516111 0.0316064 -0.167407 -0.0892444 0.040891 0.0357401 0.0222097 0.0514765 0.049479 0.0561723 0.0509193 0.0355517 0.03394 -0.0885351 -0.0789764 0.0481644
internal_weight=68391.7 31477.2 26673.9 13566.9 5587.67 2577.71 1336.1 7979.22 3009.96 36914.5 4803.3 1241.61 2915.97 7902.64 376.469 7526.17 32979.9 32218.2 216.455 32001.7 117.565 4753.43 76.5821 4709.38 31884.2 314.594 31569.6 13107 9357.62 7321 3934.61 770.579 3164.03 2197.83 1863.94 1757.9 93.9945 4684.24 4456.61 81.9809 761.694 715.987 63.833 1781.96 227.631 5563.1 333.888 176.451 39.6286 182.418 691.961 588.114 283.053 2036.62 652.154 453.764 3749.41 258.969 198.39 25.1463 159.207 305.062
internal_count=359276 52333 33162 28174 22055 14082 6827 6119 7973 306943 19171 7255 5437 5742 1143 4599 303888 303080 2477 300603 391 18723 377 12084 300212 3969 296243 4988 4244 3839 3055 524 2531 2089 1931 1371 2536 7886 7553 259 808 782 520 1672 333 2468 158 134 312 2357 448 373 269 405 262 137 744 131 125 4198 2161 104
is_linear=0
shrinkage=0.05


Tree=30
num_leaves=63
num_cat=0
split_feature=6 20 10 10 23 22 23 10 12 12 23 21 7 8 17 13 23 3 18 8 13 16 12 1 1 16 23 1 21 13 13 23 16 20 12 1 1 13 11 6 20 10 7 8 17 7 13 13 12 19 10 12 12 20 18 22 3 23 23 22 10 21
split_gain=1999.15 529.68 475.187 808.521 721.71 872.534 1086.52 905.203 804.23 676.177 628.042 583.996 567.36 499.392 401.413 316.788 569.975 356.917 416.412 447.372 302.769 299.928 277.713 298.164 467.317 238.278 232.281 222.289 219.077 218.257 332.674 200.12 195.349 171.399 170.356 168.471 150.222 148.91 147.447 234.721 166.087 204.505 284.498 145.654 129.333 109.95 101.432 99.8398 85.7747 72.0975 84.6877 59.9859 73.9745 54.2228 52.1579 49.1701 48.8585 85.8865 38.6445 32.9459 31.9311 28.8274
threshold=2.5000000000000004 1.5698927640914919 4.5650000572204599 2.8000000715255742 2.4433468338717332e+18 18.797674179077152 7.1410575425446881e+18 2.8975000381469731 2.00000011920929 1.941710412502289 0.069724176079034819 198980976.00000003 5.0699999332427987 5.5050001144409189 0.6434181034564973 -1.0000000180025095e-35 0.005681962240487338 11.500000000000002 2.4168056249618535 4.5250000953674325 -0.11397831887006758 0.71473780274391185 1.5555555224418642 8.6219997406005877 4.6649999618530282 0.49975961446762091 0.00049369668704457592 13.973999977111818 30066600960.000004 0.34000004827976232 0.29999996721744543 2.0514693260192876 0.8975815773010255 0.92516344785690319 2.184900283813477 2.4750000238418584 2.8810000419616704 -0.0025971879949793215 4.5000000000000009 64.500000000000014 0.20009507238864901 4.6075003147125253 4.8949999809265146 7.3500001430511483 25.10000038146973 3.1950000524520878 0.049999963492155082 -0.004902295069769024 1.58102023601532 24.467093467712406 4.6549999713897714 1.5402297973632815 1.4857142567634585 0.20511954277753833 9.9902806282043475 18.233435630798343 5.5000000000000009 0.0020711343968287115 43.91089057922364 17.930327415466312 4.6075003147125253 2236069.5000000005
decision_type=2 2 2 2 2 2 2 2 2 2 2 2 2 2 2 2 2 2 2 2 2 2 2 2 2 2 2 2 2 2 2 2 2 2 2 2 2 2 2 2 2 2 2 2 2 2 2 2 2 2 2 2 2 2 2 2 2 2 2 2 2 2
left_child=1 15 3 21 8 51 7 -7 10 -8 13 -12 38 -5 28 16 20 18 19 -18 45 -2 23 24 35 34 -26 33 -10 30 -25 -3 -20 -27 -24 -17 37 -23 40 -40 41 42 -4 47 58 -1 -43 49 -29 50 -14 52 -6 55 59 -49 57 -42 -19 -38 -51 -33
right_child=2 31 12 4 5 6 9 -9 14 -11 11 -13 43 -15 -16 22 17 44 32 -21 -22 36 25 29 26 27 -28 48 -30 -31 -32 61 -34 -35 -36 -37 54 -39 39 -41 56 46 -44 -45 -46 -47 -48 53 -50 60 -52 -53 -54 -55 -56 -57 -58 -59 -60 -61 -62 -63
leaf_value=0.22052565177734557 -0.060849975780940917 -0.056878232698902111 -0.1302039755430941 0.054426050438221886 -0.00020750455349537742 0.07534841978201634 0.034473444747541791 -0.17224874499162934 -0.10379026902425458 -0.085783312174036952 0.0014576129662464991 0.025129091153993394 0.023231392326297201 -0.16222396120027605 -0.11919325218283101 0.0017377586201721717 0.051708657524420804 -0.061303718283662281 -0.060584685153452313 -0.016902974374079425 -0.054549992108975057 -0.12112698055243608 -0.072226976469064494 0.016539774054420447 0.00092756389435628939 -0.036539143421027404 -0.044668964043364817 0.15877147491306476 0.047637002619158986 -0.095174548127979541 0.22286865727647817 0.07249628164410496 0.0028175626465668704 0.051094255873563893 0.077006093721967761 0.047613783726308007 0.054013905717464311 0.023012104698475082 -0.17708880322887111 0.022980954242530115 0.072703250916879444 -0.0051097684675902423 0.0016469750446895656 0.049807569938660548 0.032808801812523346 0.091951406920689538 0.04034977099349852 0.034611925889242334 0.081499385604189692 0.07402672624791734 0.036631180562585693 0.05580698729460936 0.0548106459212419 0.05361156254954285 0.092784809024090475 0.045802637822796047 0.051814908404992012 -0.034322695382540729 -0.11033873302270802 0.018883483259161903 0.042905333493935716 0.05075951511021707
leaf_weight=38.088717862963676 58.883692112984136 35.207559069851413 68.873010225594044 1365.793032661546 111.4792722761631 50.126839586999267 1327.0660931989551 133.89879135671072 32.669259466230869 127.19989018293563 4727.9369002442108 5804.8952583605424 1544.3386675864458 26.171575777931139 158.65039262385108 389.42067698971368 453.92225357983261 76.349269043188542 356.49017461948097 496.37799747963436 20.034641965059564 20.637597623746842 63.677836537128314 25246.115920250304 499.57791450619698 67.050880655413494 631.77954374416731 47.574530383571982 81.182763088261709 42.679607518948615 18.561791044659913 414.25736437411979 183.67896880581975 312.52711343253031 26.197755397297442 411.365241026273 2994.0838584224693 103.22280972031876 27.257595270872116 29.965935960412025 28.88836282491684 371.29819126799703 98.470791125670075 3842.8724485263228 23.957817613147199 33.417052731849253 182.02901363372803 1710.0383533267304 167.81116747576743 154.85379405319691 5122.8890559747815 3107.5009013353847 133.67820629477501 1132.8479707352817 86.978999812621623 2396.0668479576707 217.40579990297556 49.262148318812251 100.38205683312844 70.112620920874178 192.6162680471316 266.14749643206596
leaf_count=28 11212 1915 375 2829 140 10 865 1209 592 1724 15651 6575 1313 255 1650 7926 4021 3790 8394 1458 779 165 1382 236444 12035 324 14180 20 99 719 130 222 971 218 7 6964 1185 178 150 23 11 764 168 851 42 129 122 1231 250 46 2694 485 23 182 73 766 100 143 1434 1135 129 95
internal_value=0.025111 0.0155753 0.0328068 0.0276677 0.0232938 0.0393106 0.00939234 -0.104736 0.0167369 0.0238998 0.0186802 0.0145052 0.0389469 0.0502355 -0.0680391 0.0145499 -0.00588039 -0.0124877 -0.00403417 0.0158848 0.114948 0.0502023 0.0158545 0.0150623 -0.00386602 0.0472867 -0.0245473 0.0587421 0.00361682 0.0165078 0.0167004 0.0580585 -0.0390508 0.0355457 -0.0283034 0.0253406 0.0522185 -0.00174203 0.00374233 -0.0736382 0.00817264 -0.00477516 -0.0530398 0.0412939 -0.0749139 0.162604 0.00988193 0.0386197 0.0992453 0.0347013 0.0335321 0.0539216 0.029873 0.0438576 0.0543409 0.0411529 0.0396705 0.00559502 -0.0896475 0.0532181 0.0569619 0.064088
internal_weight=68114.8 30422.7 37692.1 20522.2 17188.2 4990.95 1638.29 184.026 12197.3 1454.27 11924.8 10532.8 17170 1391.96 272.502 29707 1782.7 1691.16 1490.47 950.3 91.5404 3333.92 27924.3 27239.5 1932.14 684.839 1131.36 594.964 113.852 25307.4 25264.7 715.612 540.169 379.578 89.8756 800.786 3275.04 123.86 1073.45 57.2235 1016.23 720.671 167.344 16096.5 200.689 71.5058 553.327 12253.7 215.386 7014.7 6667.23 3352.66 245.157 5238.95 3151.18 4106.11 295.556 78.1505 176.731 3064.2 347.47 680.405
internal_count=359000 303877 55123 46055 32107 4456 3808 1219 27651 2589 25310 22226 9068 3084 2341 301645 21046 20110 14844 5479 936 13948 280599 278398 41105 2201 26215 812 691 237293 236574 2232 9365 542 1389 14890 2736 343 1856 173 1683 1429 543 7212 5266 157 886 6361 270 4182 4007 648 163 2179 2393 1997 254 154 5224 2320 175 317
is_linear=0
shrinkage=0.05


Tree=31
num_leaves=63
num_cat=0
split_feature=6 21 11 23 1 9 14 5 6 14 15 16 11 5 5 23 1 19 1 23 7 23 8 19 17 1 3 22 22 2 23 9 21 19 23 14 3 3 6 19 9 5 7 13 5 2 1 13 9 19 15 1 1 7 22 6 14 16 2 22 8 13
split_gain=1966.98 433.593 536.867 396.599 406.648 344.072 413.591 1657.92 377.216 337.492 313.87 558.123 399.504 329.95 373.464 579.019 595.968 492.879 338.246 276.102 368.032 274.801 239.738 228.696 211.495 205.253 243.32 198.337 309.033 378.471 380.836 718.307 365.477 189.605 175.369 173.686 148.49 147.789 132.92 123.459 80.9249 70.1078 53.7682 86.3611 64.7178 52.6467 41.917 82.4734 41.6851 38.4921 34.7546 31.2495 108.163 41.0396 24.1287 21.5968 19.929 16.464 13.8581 25.3194 12.6038 11.365
threshold=2.5000000000000004 143251668992.00003 6.5000000000000009 0.062827456742525115 91.745498657226577 3.3999997377395634 9.5000000000000018 133.50000000000003 77.500000000000014 1.5000000000000002 8.5000000000000018 0.54774570465087902 4.5000000000000009 98.500000000000014 12.500000000000002 0.066058255732059493 13.004000186920168 442.56677246093756 11.802000045776369 0.53372222185134899 5.8500001430511483 0.00095459495787508797 7.4500000476837167 29.670197486877445 10.511194229125978 20.005000114440922 16.500000000000004 18.720302581787113 19.756238937377933 66.500000000000014 1.4358679577289558e+19 2.7599999904632573 216354299904.00003 1.4713264107704165 0.0092679550871253031 1.0000000180025095e-35 29.500000000000004 2.5000000000000004 13.500000000000002 65.842815399169936 2.9050000905990605 110.50000000000001 6.2049999237060556 -0.40000008046627039 7.5000000000000009 9.5000000000000018 12.998000144958498 -0.021799722686409947 1.2999998331069949 1.7010231018066408 5.5000000000000009 76.022998809814467 93.009998321533217 7.6499998569488534 17.694078445434574 34.500000000000007 8.5000000000000018 0.8662669062614442 31.500000000000004 15.628370285034181 7.0499999523162851 0.018332388252019886
decision_type=2 2 2 2 2 2 2 2 2 2 2 2 2 2 2 2 2 2 2 2 2 2 2 2 2 2 2 2 2 2 2 2 2 2 2 2 2 2 2 2 2 2 2 2 2 2 2 2 2 2 2 2 2 2 2 2 2 2 2 2 2 2
left_child=10 2 3 9 19 6 25 -8 56 21 12 37 13 14 24 17 -17 -16 -15 20 -5 23 -21 -2 33 36 -27 40 29 30 38 -32 -31 -1 41 -6 -4 -12 -29 -23 42 -20 -3 -44 -45 49 58 -48 -37 -13 51 53 -53 -30 -11 -52 60 -14 -47 -60 -7 -51
right_child=1 27 5 4 35 8 7 -9 -10 54 11 45 57 18 15 16 -18 -19 34 22 -22 39 -24 -25 -26 26 -28 28 50 32 31 -33 -34 -35 -36 48 -38 -39 -40 -41 -42 -43 43 44 -46 46 47 -49 -50 61 55 52 -54 -55 -56 -57 -58 -59 59 -61 -62 -63
leaf_value=0.025229400826708749 -0.11064201013224778 0.04994102111492521 -0.036473994364814966 -0.023361761579733326 -0.08060323456827323 -0.11106318601761092 1.0513572367055375 -0.046935886741615543 0.052058203716788466 -0.061076848408804597 0.05628655811996848 0.0010064480054671095 -0.061033290563095935 -0.060577470773562861 0.035667422155683901 0.0040416906368622692 -0.062024717377887985 -0.055155704926328986 0.18472049252270431 0.02459293846228679 0.046338675929132218 0.060326093459316443 0.046199471717040495 0.027198981980493215 0.16621254863698554 0.035852956231133312 -0.15800158738810455 0.019998491015335108 0.038721709751373075 0.039365441349012681 0.011703192783362189 -0.27038620114922524 -0.11970393532488395 0.013503203591416442 -0.053382396735353971 0.068766914532540455 0.053557068213822834 -0.056367426293835121 0.041193811546367823 -0.0046354912345136483 0.054736882276587996 0.10401506001362182 0.040349249164634116 0.0089072486685200635 -0.078829544647640651 0.052424355585047905 0.061063666198142665 -0.089475851816804175 -0.011475227477316297 0.067300912547299599 0.00069136263686626236 0.12777897873333321 0.038919206768676599 0.050586949731289278 -0.14815493376459732 0.040549281527136549 -0.045991373379801997 -0.10302859174319599 0.045287664375550485 -0.026677445121696022 -0.19018381439756699 0.088624094815831944
leaf_weight=4076.1673637384083 42.818182085175067 176.05775938928127 45.814342481549829 626.20671147422399 130.05240365676582 47.494085163809359 4.0696797370910636 10.392605861183254 68.803013144875877 21.545925763086416 34.513850134797394 18.701933838427067 92.723708817269653 33.433416473679245 962.88307310827076 735.20160839566961 635.80410662828945 175.8162888949737 43.265293370932341 19547.583768179757 270.30633320845664 1566.8836734043434 1375.3647258825367 95.107985313981771 22.256084074731916 43.435393126681447 24.520444210153073 1283.5592250697082 1161.8703119505662 61.479056984186172 90.574930690228939 29.009065411984921 85.065642496570945 22430.877406745683 13.607488468755035 24.184002103284001 2894.3690945778508 162.88818288617767 1759.8169124498963 76.424446441465989 2625.9671839419752 89.676095075905323 114.88273070752621 53.204888753592968 33.464784398674965 530.50928223342635 19.319583892822266 15.471404116135089 44.446706659626216 216.33894105721265 66.019735977053642 52.109316490590572 101.1857490837574 2090.3295163135044 15.026739158667622 69.693793207406998 11.086825241218319 36.541040502488613 44.912801337428391 15.808314574882386 8.1821376897860301 117.0139879481867
leaf_count=6661 325 37 223 4385 1113 480 1 4676 22 1607 161 68 3427 989 6512 12496 14317 3701 53 27091 82 1394 609 231 46 44 255 1149 744 26 89 203 578 243741 467 10 5245 8754 712 263 319 183 50 55 95 444 1 365 177 427 79 4 142 441 157 27 1894 650 67 201 89 146
internal_value=0.0241314 0.0319072 0.0286271 0.0260579 0.0242022 0.0480022 0.0514986 0.309807 -0.0297239 0.048507 0.0147435 0.0400719 0.0137275 0.0141167 0.0136965 -0.00473584 -0.0266158 0.0216038 0.0814318 0.0248514 -0.0023127 0.0516129 0.0260156 -0.0160452 0.0154405 0.0501525 -0.0352998 0.040888 0.0361767 0.0251756 0.0288204 -0.0583603 -0.0531221 0.0153075 0.114054 -0.0468389 0.0521406 -0.0364613 0.0322657 0.0573009 0.0516166 0.131501 0.0298175 0.0120549 -0.0254253 0.0555449 0.0466681 -0.00637045 0.0173101 0.0711386 0.0464466 0.047439 0.0697899 0.0463628 -0.0999789 0.0213433 -0.113603 -0.0736428 0.0498031 0.0263424 -0.125929 0.0750434
internal_weight=67372.1 36848.4 26994.1 23836 22018.1 3158.17 3022.6 14.4623 135.566 1817.81 30523.7 1175.48 29348.3 29219 29039 2509.71 1371.01 1138.7 179.982 21819.5 896.513 1781.23 20922.9 137.926 26529.3 3008.14 67.9558 9854.29 6850.71 3309.5 3162.96 119.584 146.545 26507 146.549 198.683 2940.18 197.402 3043.38 1643.31 3003.58 132.941 377.61 201.552 86.6697 978.076 626.021 34.791 68.6307 352.055 3541.21 3405.49 153.295 3252.2 36.5727 135.714 66.763 129.265 591.23 60.7211 55.6762 333.353
internal_count=359000 55123 50373 37444 33467 12929 10444 4677 2485 3977 303877 10634 293243 289166 287474 37026 26813 10213 1692 32167 4467 2213 27700 556 250448 5767 299 4750 4194 2757 2153 292 604 250402 703 1300 5468 8915 1861 1657 556 236 237 200 150 1719 1078 366 187 641 1437 1331 146 1185 1764 106 2463 4077 712 268 569 573
is_linear=0
shrinkage=0.05


Tree=32
num_leaves=63
num_cat=0
split_feature=2 0 10 10 21 16 1 13 13 13 16 22 15 21 1 12 21 0 9 12 21 5 4 12 10 5 9 21 12 4 0 0 10 9 0 12 1 5 21 0 0 10 5 24 13 16 22 11 8 2 9 9 13 8 12 9 24 5 3 10 5 13
split_gain=1756.86 608.055 555.258 987.648 799.53 845.565 728.762 689.075 629.795 628.824 576.275 405.348 403.299 389.722 342.252 333.894 309.075 308.855 293.993 293.227 419.625 316.166 681.931 392.828 290.135 344.04 295.67 598.014 271.154 261.87 672.482 241.641 229.617 215.702 288.391 226.276 218.209 199.723 197.456 178.025 173.281 162.408 160.708 275.964 265.598 223.663 160.575 139.402 132.654 132.356 272.112 129.959 333.757 115.479 119.569 168.469 364.577 112.721 111.99 110.336 105.448 102.461
threshold=4.5000000000000009 4.1949999332427987 4.5650000572204599 2.8000000715255742 6435832320.000001 0.87555310130119335 13.004000186920168 -0.0044232697691768399 -0.010332604404538868 -0.07131707668304442 0.60020706057548534 20.057225227355961 22.500000000000004 281311280.00000006 52.004999160766609 1.936491906642914 0.044668391346931464 5.9500000476837167 1.0900000333786013 1.6075282692909243 7910144256.000001 69.500000000000014 18.500000000000004 1.5555555224418642 3.432500004768372 36.500000000000007 1.2999998331069949 50009344.000000007 1.6391165852546694 4.5000000000000009 3.4050000905990605 3.9850000143051152 2.9499999284744267 1.1949999332427981 5.0950000286102304 1.1539059281349184 42.004999160766609 26.500000000000004 3877048448.0000005 6.6499998569488534 4.4949998855590829 2.9524999856948857 50.500000000000007 1.7332666516304018 0.14571430534124377 0.042603610083460815 17.268469810485843 4.5000000000000009 8.2500000000000018 1.5000000000000002 3.6000000238418584 1.6999999284744265 0.021666675806045536 7.3500001430511483 1.4355753064155581 2.9050000905990605 -0.023412625305354592 33.500000000000007 4.5000000000000009 2.5700000524520878 68.500000000000014 -0.092592414468526826
decision_type=2 2 2 2 2 2 2 2 2 2 2 2 2 2 2 2 2 2 2 2 2 2 2 2 2 2 2 2 2 2 2 2 2 2 2 2 2 2 2 2 2 2 2 2 2 2 2 2 2 2 2 2 2 2 2 2 2 2 2 2 2 2
left_child=1 19 3 10 6 9 7 8 -5 31 -2 12 -7 59 15 -8 -9 -11 39 21 48 23 32 29 25 26 27 -20 -13 37 -31 -6 -23 35 36 -26 -35 -1 -16 42 -37 -34 43 47 -45 -44 51 -3 -21 -25 -51 52 -4 54 60 56 -56 -28 -47 -12 -48 -61
right_child=2 18 46 4 5 11 14 16 -10 17 13 28 -14 -15 38 -17 -18 -19 24 20 -22 22 -24 49 33 -27 57 -29 -30 30 -32 -33 41 34 -36 40 -38 -39 -40 -41 -42 -43 45 44 -46 58 53 -49 -50 50 -52 -53 -54 -55 55 -57 -58 -59 -60 61 -62 -63
leaf_value=0.0068682762546603939 -0.060797588880553616 0.016803831991901896 -0.18352461687883709 -0.029623856072711802 -0.095607025263421949 0.036557806251259053 0.028281167998754908 0.049348335584946335 -0.13809662836925349 -0.22476702930392159 0.12472748775934631 0.048828881500132211 -0.050979143474228689 -0.087764650781110537 -0.099043586392939947 -0.061983807117651925 -0.0057670321187759483 0.047818244293293212 -0.063993118544513283 -0.092825477421756508 0.036426507471815021 -0.053990885940380456 -0.070946299163513679 0.081334639278781276 0.023709256056577126 -0.079589693627680674 0.055995564650590024 0.34534388029691981 -0.15402061991247368 0.012186159644489424 -0.051487493673575385 0.017110224574684803 0.21269763489803203 0.019353961020901519 0.044109414811890353 0.11679038979296136 -0.033710094669073903 0.054717400509049968 0.050867477211036162 0.048275803353478322 0.037986791353378214 0.067674676632721059 -0.093530592689499939 -0.092136860409046409 0.044387290815287743 0.059518506249618214 0.037044822540100157 -0.099438848321569476 0.053811272984573666 -0.12119367306571178 0.064050877283048799 0.062523334475496725 0.017995133259943851 0.049327911650950552 -0.1415608077117658 0.037379244766592289 0.013561380739196225 0.13440860833404808 0.0014611576075466064 0.10844712238084037 0.051539965343898278 0.050288038002457326
leaf_weight=9128.6766690798104 118.39048908557743 18399.076772101223 28.992717832326889 867.88568607508205 62.536916957469657 7105.8646916460712 2776.2001657777 335.99768702627625 157.48287576821167 59.465196644654498 51.61901606246829 24.552630074322224 133.17836395092309 49.322292532306165 87.802643672795966 105.42308535519987 1036.2842601021985 12.135136865079401 12.754287876188753 195.34312903322279 116.2986037582159 37.119073727633804 110.3370319311507 226.89644506713375 277.49082244373858 33.496523403562605 268.00302608124912 26.578251166269183 46.577388653066009 1040.7492206320167 687.90485007781535 187.95996799133718 19.412617939058691 3084.3032924868166 1266.5354779455811 182.55286714900285 205.75649133650586 222.48545719590038 28.437908489257097 462.26799664832652 115.05536199919879 489.66104071028531 27.896223878487945 110.56329212430865 51.553192507475615 468.263966280967 6039.5505557470024 24.8360605398193 16.055925488471985 26.828965865075588 67.923718221485615 38.321609497070312 64.63674321770668 3307.9470524862409 44.575655795633793 448.53266878426075 223.29756254702806 55.563597788102925 101.20531633868814 77.172765877097845 1597.8592716157436 3968.9370898815105
leaf_count=181393 14735 78575 155 3585 294 4698 6234 691 1652 405 17 5 385 442 756 937 7805 3 154 2747 173 1355 3562 340 329 349 493 15 342 15695 10418 208 49 3496 611 110 798 2313 16 151 113 1373 148 954 74 362 3015 161 2 283 9 2 62 750 183 214 212 43 275 65 306 3903
internal_value=0.0231837 0.0160388 0.0324088 0.0266999 0.0198593 0.030273 0.00512471 -0.015418 -0.046407 -0.0488983 0.047582 0.0337683 0.0349399 0.0506911 0.0215558 0.0249568 0.00775021 -0.178477 0.0205012 0.00696767 -0.0396263 0.00823754 0.0419525 0.00629219 0.0306896 0.0718776 0.0860524 0.214189 -0.0842256 0.00470756 -0.0131645 -0.0112782 0.0648564 0.0274937 0.0238401 0.056342 0.0160246 0.00801298 -0.0622046 0.0176326 0.0865709 0.0736208 0.0168915 0.0160688 -0.0486854 0.0424098 0.0407766 0.0166415 -0.0814638 0.0606783 0.0108293 -0.0139506 -0.0456334 0.0413974 0.0382509 0.018669 -0.0126637 0.0698489 0.04923 0.0523799 0.0400844 0.0514251
internal_weight=66646.4 37559.4 29086.9 17293.2 13027.8 7632.27 5395.51 2397.65 1025.37 322.097 4265.44 7310.17 7239.04 4147.05 2997.86 2881.62 1372.28 71.6003 25173.8 12385.7 327.698 12058 656.53 11401.5 5528.09 396.396 362.899 39.3325 71.13 11079.8 1728.65 250.497 546.193 5131.69 4556.6 575.099 3290.06 9351.16 116.241 19645.7 297.608 509.074 19183.4 18586 162.116 597.366 11793.7 18423.9 211.399 321.649 94.7527 131.951 93.6295 11661.8 8353.82 716.406 267.873 323.567 569.469 4097.73 7637.41 4046.11
internal_count=359000 306923 52077 47178 28016 6340 21676 13733 5237 910 19162 5430 5083 4427 7943 7171 8496 408 87211 219712 2922 216790 6339 210451 6511 1054 705 169 347 209819 26113 502 2777 5457 4905 552 4294 183706 772 80700 223 1422 80549 79764 1028 785 4899 78736 2749 632 292 219 217 4680 3930 609 395 536 637 3985 3321 3968
is_linear=0
shrinkage=0.05


Tree=33
num_leaves=63
num_cat=0
split_feature=6 10 10 20 24 10 22 9 22 0 4 24 12 0 5 12 10 12 6 22 19 8 1 1 10 10 10 16 16 24 9 12 22 14 7 22 0 9 22 0 0 17 24 0 1 16 24 12 16 9 12 0 20 8 22 12 5 20 19 5 1 24
split_gain=1886.79 481.069 680.311 477.342 444.213 680.263 545.506 713.479 608.903 434.034 402.56 373.244 518.44 408.333 342.482 334.775 327.816 309.144 287.328 279.631 472.398 458.021 502.423 927.664 472.049 416.21 593.846 382.125 348.859 264.905 246.381 473.312 385.089 245.713 243.479 232.89 281.009 222.664 193.038 189.44 254.322 173.082 169.968 205.934 264.57 169.937 161.862 152.079 143.411 138.524 139.38 112.869 102.512 288.77 101.198 116.369 192.598 84.0132 83.6064 196.033 63.0934 29.1017
threshold=2.5000000000000004 4.6549999713897714 2.8000000715255742 1.5698927640914919 -0.037689017131924622 3.9050000905990605 18.401783943176273 3.1000000238418584 18.720302581787113 4.1949999332427987 6.5000000000000009 1.0000000180025095e-35 2.00000011920929 5.4200000762939462 28.500000000000004 1.1999999880790713 2.8524999618530278 1.1734927296638491 7.5000000000000009 15.720535278320314 0.79899457097053539 4.1949999332427987 64.005500793457045 59.004999160766609 3.7525000572204594 4.8999998569488534 2.8000000715255742 0.8004739284515382 0.75066137313842785 0.045945236459374435 3.8050001859664921 1.9629631042480471 18.797674179077152 1.5000000000000002 5.0699999332427987 15.436732292175295 4.305000066757203 1.4999998807907107 17.319483757019047 6.6499998569488534 6.4500000476837167 1.6378539204597475 2.1434284448623662 5.3150000572204599 36.00849914550782 0.71473780274391185 8.0149998664855975 1.1430681943893435 0.97327381372451793 0.60000026226043712 1.0421571731567385 5.3150000572204599 0.17593619227409366 5.0699999332427987 19.750029563903812 1.4290812611579897 8.5000000000000018 0.19673874229192737 0.49586832523345953 53.500000000000007 3.8504999876022343 0.22237534075975421
decision_type=2 2 2 2 2 2 2 2 2 2 2 2 2 2 2 2 2 2 2 2 2 2 2 2 2 2 2 2 2 2 2 2 2 2 2 2 2 2 2 2 2 2 2 2 2 2 2 2 2 2 2 2 2 2 2 2 2 2 2 2 2 2
left_child=3 2 18 9 5 6 7 -4 -8 19 15 30 13 -13 17 -7 -14 39 33 21 27 24 23 -23 28 26 -22 46 -1 -29 31 -6 -32 51 49 36 -19 -37 -27 40 -11 -12 54 44 -44 -35 -21 -5 -16 50 58 -2 61 -54 55 57 -57 -36 -3 -60 -47 -51
right_child=1 34 4 47 11 10 8 -9 -10 14 41 12 16 -15 48 -17 -18 35 -20 20 25 22 -24 -25 -26 38 -28 29 -30 -31 32 -33 -34 45 42 37 -38 -39 -40 -41 -42 -43 43 -45 -46 60 -48 -49 -50 52 -52 -53 53 -55 -56 56 -58 -59 59 -61 -62 -63
leaf_value=0.011661875500522948 -0.10064752488685312 0.024327753905681575 -0.037093079784185377 -0.070748349192118684 0.030803647028261563 -0.058528269063187803 0.040802433198523669 -0.22896433052948362 -0.06888324050201404 0.015524744656255546 0.016722807576193193 0.019472825294787128 0.052765127428015569 0.067412915742111029 -0.077460795052300913 0.015809231694281452 -0.070480276806625539 0.21862667139180605 -0.073480650698573208 0.037437039319431972 0.01850087420529958 0.054660552203707038 -0.055131425521048882 0.35628082504949321 -0.052514564650888801 -0.037686350115969214 -0.049311628215288249 -0.0035350070887921422 -0.029723876919339878 -0.14361554056203188 0.055812559817221712 -0.11023000573944418 -0.011813623632985958 -0.060354967755949895 0.03900757839681121 -0.08797970440666103 0.059337338702639388 0.041597278772641966 0.054418616925053911 0.047891976173083821 -0.20777039481851856 0.04000773652476404 -0.23344247309149077 0.053578798295935773 -0.0081446506414965657 0.025440019717637714 0.12906248804118414 0.059756469224458153 0.054107970274870368 0.019950547174983208 -0.13553922248424446 0.05610902555963735 0.048978209829314383 -0.14766271443944384 0.048068220291156122 0.03674708630177892 -0.10632494771808453 -0.0011695046998021815 -0.12642138947616549 0.051386966959939155 0.055548964681951585 0.05286263928155549
leaf_weight=7097.7874709635507 38.03751481580548 72.0687515437603 624.83388897893019 22.28950806055218 5086.6359370632563 264.15778957121074 480.77185128256679 51.619574024342 170.59834820532706 16780.481735843234 1649.8599721621722 7574.4178928941255 68.404680636944249 471.1966190058738 130.38077766727656 352.28075647726655 243.29800265759695 39.019301630556583 46.740914126159623 530.72417192230932 431.85751365392935 487.52206603367813 93.17989761242643 25.965294310823083 327.52411853987724 74.940949780400842 1271.6722006939817 455.36348211742006 547.54015394486487 35.465078122448176 2055.6516921902075 59.222387996618636 234.02889362676069 32.281322260503657 7178.0851101055741 33.824506632052362 94.254628313705325 714.49784969282337 227.00337000656873 459.04808874987066 11.762969821691511 1551.3211895944551 19.070076789706945 46.748688723891973 37.508778535760939 189.35261801816523 52.374360637739301 637.31074969354086 23.80412688665092 134.14051748812199 26.691696245223284 15.468316078186033 46.69545615836978 29.71489492058754 3346.0084912627935 62.831862844526768 36.260826073586941 132.21344251744449 36.925144745968282 25.430449426174164 2683.645634402521 138.95730342529714
leaf_count=174484 486 64 3796 773 6616 1375 257 393 593 75880 2300 13199 46 165 1188 451 2261 131 6690 1111 3130 5160 2298 83 8293 442 12491 845 14137 224 229 595 2059 5816 3555 268 216 853 168 148 69 1004 127 12 73 251 21 1459 5 179 143 1 28 163 864 31 123 173 208 15 704 78
internal_value=0.0222796 0.0301548 0.0261304 0.0131922 0.0229348 0.0101717 -0.0206422 -0.0520584 0.0120058 0.0122641 0.0208931 0.0270919 0.019836 0.0222891 0.0170704 -0.0160812 -0.0433352 0.0177027 0.0483765 0.00472404 -0.00819828 0.00936318 0.0512087 0.070585 0.00617244 -0.0225264 -0.032117 0.0185497 0.00869377 -0.0139382 0.0352429 0.0291585 0.0488961 0.0503274 0.0386267 0.0465732 0.107291 0.0356241 0.0314932 0.0162245 0.0153557 0.0280174 0.0402134 -0.023393 -0.0869043 0.0522879 0.0458823 0.0552384 -0.0568983 0.00486324 -0.0333532 -0.0550401 0.0225394 -0.0283477 0.040827 0.0375502 -0.0160963 0.0382802 -0.0121748 -0.0541605 0.0535758 0.0368468
internal_weight=65918.8 35313.2 23943.8 30605.6 20938.3 5145.44 1327.82 676.453 651.37 29946 3817.62 15792.9 8357.32 8045.61 18287.1 616.439 311.703 18132.9 3005.53 11658.9 3079.4 8579.52 606.667 513.487 7972.85 2005.47 1703.53 1073.93 7645.33 490.829 7435.54 5145.86 2289.68 2958.79 11369.4 881.596 133.274 748.322 301.944 17251.3 16792.2 3201.18 10858.7 103.328 56.5789 2905.28 583.099 659.6 154.185 510.624 161.116 53.5058 349.508 76.4104 10755.4 7409.39 99.0927 7310.3 134.424 62.3556 2873 273.098
internal_count=359000 55123 49287 303877 35339 10169 5039 4189 850 301645 5130 25170 15671 13364 78758 1826 2307 77565 13948 222887 18432 204455 7541 5243 196914 16231 15621 2201 188621 1069 9499 7211 2288 7258 5836 1468 347 1121 610 76097 75949 3304 4958 212 200 6771 1132 2232 1193 878 430 487 448 191 4746 3882 154 3728 287 223 955 257
is_linear=0
shrinkage=0.05


Tree=34
num_leaves=63
num_cat=0
split_feature=6 20 21 20 20 7 22 23 9 0 1 1 5 22 23 1 5 21 7 5 5 5 23 1 0 22 13 14 21 3 22 20 1 21 13 19 18 13 3 23 20 18 7 23 0 13 16 9 1 23 13 7 19 23 7 13 0 19 0 6 20 2
split_gain=1831.7 453.22 438.499 561.186 691.704 548.355 709.04 428.592 701.648 398.658 446.376 524.285 544.336 644.189 450.28 372.158 365.675 345.575 608.358 318.951 275.087 620.471 296.379 271.649 265.921 244.609 244.176 231.096 228.557 221.04 204.734 833.3 477.474 299.095 204.339 216.626 206.336 193.23 192.472 173.251 164.706 137.965 133.38 176.461 552.065 129.99 127.111 85.3581 83.8276 190.912 80.5718 76.7042 70.9775 64.3867 53.8764 84.7245 62.3187 49.6764 30.1868 125 28.8414 23.9293
threshold=2.5000000000000004 1.5698927640914919 143251668992.00003 0.91116741299629223 0.21212815493345263 6.5499999523162851 19.794040679931644 0.069724176079034819 2.8000000715255742 3.2949999570846562 12.00500011444092 13.973999977111818 3.5000000000000004 14.85082530975342 629879972298752.12 91.745498657226577 98.500000000000014 140463848.00000003 5.5050001144409189 68.500000000000014 98.500000000000014 31.500000000000004 0.0092679550871253031 8.9640002250671404 5.0950000286102304 16.342941284179691 -0.98000007867813099 1.5000000000000002 1010718.1250000001 167.50000000000003 18.720302581787113 0.31337954103946691 11.402499675750734 1119510855680.0002 -1.0000000180025095e-35 2.5118931531906132 0.43392221629619604 -1.0000000180025095e-35 71.500000000000014 2.0514693260192876 0.29577380418777471 105.38011169433595 7.2500000000000009 1.4358679577289558e+19 4.805000066757203 -0.08999998494982718 0.97327381372451793 2.9050000905990605 2.8810000419616704 364.85275268554693 0.29999996721744543 5.0699999332427987 2.8411347866058354 7.1410575425446881e+18 6.2049999237060556 -0.40000008046627039 4.6949999332427987 157.73530578613284 4.0950000286102304 33.500000000000007 0.47404016554355627 9.5000000000000018
decision_type=2 2 2 2 2 2 2 2 2 2 2 2 2 2 2 2 2 2 2 2 2 2 2 2 2 2 2 2 2 2 2 2 2 2 2 2 2 2 2 2 2 2 2 2 2 2 2 2 2 2 2 2 2 2 2 2 2 2 2 2 2 2
left_child=1 9 3 4 15 7 40 16 -9 10 14 12 -12 -14 23 19 -6 25 -19 24 21 26 50 37 -2 -16 -11 -5 -28 48 47 42 45 52 36 -36 -13 -1 -8 -3 -7 -17 43 53 -45 -33 -23 54 49 -29 57 -21 -34 -32 -4 -56 -57 -22 59 -44 -47 -41
right_child=2 39 30 27 5 6 38 8 -10 20 11 34 13 -15 17 41 -18 18 -20 51 22 46 -24 -25 -26 -27 28 29 -30 -31 31 32 33 -35 35 -37 -38 -39 -40 61 -42 -43 58 44 -46 60 -48 -49 -50 -51 -52 -53 -54 -55 55 56 -58 -59 -60 -61 -62 -63
leaf_value=-0.068763242487054843 0.023354749768895462 -0.056779003682715649 0.048572756068219272 -0.092367073039802738 0.060168676199655338 -0.23644271290255425 -0.088958896374662644 -0.0058564749021370963 0.025719670786932072 -0.17051513828820428 -0.057363652942346299 0.011431313885570575 0.2057721690267823 -0.035663864983826246 0.053810118487254727 -0.079930583471400196 -0.018008939728482783 -0.1131840859162747 0.035378926073997341 0.01448933816831938 0.042742791214151275 -0.063632944982216041 -0.056598174977609307 -0.0562392375459288 0.042568111068527537 -0.10510474655202834 0.012066464914741622 -0.11784034301357948 0.023119936504184761 -0.067866822918654604 0.028957378587194566 0.018112405174735776 -0.010835393927524688 -0.13173015197692403 0.054720040834416367 0.0066850714706187947 -0.070942528624024989 -0.0067790140906575369 0.038404976124757177 0.071657765472812468 -0.10655159229441558 0.05338584858865382 -0.022596158355736484 -0.14175320240943037 0.038606753763611758 -0.15863934714201133 0.039671651581504257 0.05376550170648467 0.052847687673985122 0.045903021997536111 0.19800456755532767 0.047885815201995426 0.048328556004019189 0.045092594435349215 0.038435780544177241 -0.078112718776248716 0.0082669841079667915 0.11132258963254649 0.047347831967776498 0.067583773687146742 -0.10439616096315972 0.050998631302110867
leaf_weight=144.23089179897215 9370.2023001499474 32.607997094513848 159.50856053829193 28.189205651171505 792.80394682567567 34.215118060819805 36.647692113183439 3477.4845548155718 3558.6797216063133 16.741943850181997 44.761938887648284 143.56372288137209 102.70336503395811 37.254449175554328 412.42714728135616 102.92680254764855 183.70906100049615 116.78761955839582 165.1711853739107 185.37781573459506 40.801154228625819 302.22119796089828 33.795326630817726 636.00738176179584 2232.4574952023104 24.790188909391873 17310.679216266144 22.916720452602021 6412.4869955768809 38.775480218580924 1866.5514181405306 17.001915782690048 79.781976567581296 33.645842345780693 257.45286291674711 2566.2719891635934 159.79950594971888 941.04683976178057 138.88136114401277 266.06488079763949 93.969237398123369 23.073316803202033 73.413253828883171 58.746858470141888 145.38426585495472 51.216438665986061 32.288049325812608 2349.936420885846 2483.4728994446341 68.601213910151273 20.319255557842553 2668.871415283531 135.99597636680119 936.42235868424177 107.69471776485443 35.050198115408421 49.005095407366753 86.62728857784532 2760.4909794554114 78.637012839317322 72.138799328822643 341.40835536643863
leaf_count=4306 10253 1915 37 404 902 217 147 12153 6667 119 1636 976 613 859 819 867 2030 759 161 262 229 6532 1457 21836 1133 221 146539 598 21215 9909 1211 16 139 509 729 60650 3758 27989 297 205 1539 21 137 247 86 261 88 319 2151 89 10 734 65 295 50 99 51 144 826 12 390 112
internal_value=0.0214099 0.0125108 0.029303 0.0259546 0.0234348 0.0119245 -0.0539111 0.0144269 0.0101145 0.0116214 -0.000211961 0.0117423 0.0933659 0.141673 -0.0164346 0.0299974 0.0454528 0.0167711 -0.0263209 0.0307445 0.0144278 0.0139632 0.0755907 -0.0303129 0.0270554 0.044569 0.0149171 0.0477759 0.0150553 0.049324 0.0387897 0.0338444 -0.0368911 0.00467851 0.00689078 0.0110842 -0.032034 -0.0150769 0.0114318 0.0541139 -0.142823 -0.05525 0.0385082 0.0310951 -0.0137126 -0.110309 -0.0535582 0.0503223 0.0511163 0.00401599 0.106038 0.0457244 0.0264811 0.0343638 0.0271861 0.00920975 -0.0281886 0.0899068 0.046147 0.0241471 -0.128052 0.0601582
internal_weight=65200.2 30648.3 34551.9 25541.3 22899.3 8316.39 303.713 8012.68 7036.16 30008.2 5752.27 3311.81 184.72 139.958 2440.46 14582.9 976.513 719.176 281.959 14456.9 24256 24074.4 181.543 1721.29 11602.7 437.217 23739.9 2641.96 23723.2 2613.77 9010.62 6309.43 389.781 249.424 3127.09 2823.72 303.363 1085.28 175.529 640.081 128.184 126 5919.65 3007.1 204.131 140.357 334.509 2701.19 2574.99 91.5179 147.748 2854.25 215.778 2802.97 351.259 191.75 84.0553 127.428 2912.54 152.05 123.355 607.473
internal_count=359000 303877 55123 50373 37222 23952 2200 21752 18820 301645 125312 69221 3108 1472 56091 13270 2932 1960 920 12382 176333 174493 1840 54131 11386 1040 167873 13151 167754 12747 4750 4194 1380 713 66113 61379 4734 32295 444 2232 1756 888 2814 1839 333 667 6620 556 2838 687 383 996 204 1506 237 200 150 373 975 149 651 317
is_linear=0
shrinkage=0.05


Tree=35
num_leaves=63
num_cat=0
split_feature=18 23 9 20 11 22 23 17 1 1 18 8 19 1 24 2 24 18 14 10 1 8 23 1 1 1 1 24 19 8 3 20 19 13 1 1 9 13 10 24 20 17 2 1 24 18 18 1 21 8 21 20 20 2 17 10 21 19 10 24 1 10
split_gain=1697.75 429.202 473.665 1629.75 473.78 425.881 430.86 379.509 357.369 395.249 473.526 567.451 382.865 319.724 317.667 357.393 303.458 351.075 292.418 385.947 281.162 791.92 1060 1050.85 981.561 536.359 269.554 238.79 687.768 250.585 229.07 226.933 219.411 191.813 189.587 183.499 175.518 553.815 220.655 412.131 163.675 161.159 158.737 156.154 146.348 145.878 252.368 148.594 143.345 662.423 132.359 164.786 521.051 122.725 116.533 106.89 406.998 84.8354 150.497 84.2663 73.6235 67.3275
threshold=1.3382917046546938 8.0263551681717875e+17 3.3999999761581425 0.37439180910587316 6.5000000000000009 19.318078041076664 3223.5991210937505 2.6569827795028691 128.30500030517581 512.20498657226574 64.45932769775392 4.5950000286102304 4.097541570663453 155.0100021362305 3.4000002145767216 5.5000000000000009 4.5025000572204599 0.40651999413967138 10.500000000000002 3.9550000429153447 106.00400161743165 3.5349999666213994 1.464158356189728 107.01499938964845 109.00450134277345 100.29500198364259 278.11500549316412 0.70000004768371593 541.80725097656261 7.2500000000000009 136.50000000000003 0.73609229922294628 6.2966234683990487 -0.15000008046627042 136.17499542236331 20.005000114440922 3.9499999284744267 -0.01170695712789893 4.2550001144409189 0.042310858145356185 0.18761952966451648 3.4635279178619389 35.500000000000007 5.9709999561309823 20.377502441406254 239.88371276855472 81.619411468505874 557.15499877929699 1119510855680.0002 7.6499998569488534 3.5166912078857426 0.20814628899097445 0.45239013433456426 227.50000000000003 2.9880000352859502 3.0025000572204594 0.034243166446685798 1.274009704589844 4.2550001144409189 -0.0056733964011073104 81.604999542236342 4.307500123977662
decision_type=2 2 2 2 2 2 2 2 2 2 2 2 2 2 2 2 2 2 2 2 2 2 2 2 2 2 2 2 2 2 2 2 2 2 2 2 2 2 2 2 2 2 2 2 2 2 2 2 2 2 2 2 2 2 2 2 2 2 2 2 2 2
left_child=1 2 4 5 7 6 43 30 14 10 -10 26 -11 -13 20 44 33 -18 35 -20 25 22 23 -22 -24 27 34 29 -29 -2 31 -1 -23 -9 -12 59 42 38 39 -38 -37 -8 50 -4 61 46 47 -14 -7 -50 51 -3 -53 -5 -46 56 -44 60 -59 -6 -52 -16
right_child=8 36 3 53 18 48 41 16 9 12 11 13 45 -15 15 -17 17 -19 19 -21 21 32 24 -25 -26 -27 -28 28 -30 -31 -32 -33 -34 -35 -36 40 37 -39 -40 -41 -42 -43 55 -45 54 -47 -48 -49 49 -51 57 52 -54 -55 -56 -57 -58 58 -60 -61 -62 -63
leaf_value=0.015456375152215525 0.013745905098976587 0.02125676112565077 -0.04416640035264504 -0.12104954942885569 0.0067725104792876762 0.046726375479872913 0.022540239065109938 0.011185261721947771 -0.061910450782103055 0.11196826869996707 -0.05744547341927303 0.32727109806012672 -0.064593485084076377 0.072411908846321801 -0.056534014090490081 0.064278661160408992 -0.0012531919522092638 0.14893767099335195 -0.043060666755548198 0.423777615392331 0.21665945411686605 0.069764174479958654 0.56735174293332791 0.026410448028868789 0.13735016293732147 -0.059168221552946432 -0.059736714830482186 0.023696426606518224 0.14139738084691153 0.039905750560390078 -0.10128988928149613 0.039636225177792118 -0.062513065725746761 0.035538638077165993 0.0040215604063545919 0.045234124210150432 -0.12284290108438403 -0.095013200049710256 0.05031663663180768 0.034519608460982565 -0.15270259149344956 -0.081871951363180206 0.052921573506567392 -0.20774245792339407 -0.061527622919668082 0.028014788157320999 -0.067733468295480145 0.033251200411051937 -0.15786235514421157 0.042938693153929772 0.037114168538707547 -0.24195587466620047 0.045608874227626342 0.025759471706998091 0.090464068558246333 0.049838577802962872 -0.13117363165383331 -0.077054771355574203 0.03281300563402436 0.053162775108406328 0.071842844791219371 -0.12235726306370405
leaf_weight=7495.8874660020228 27782.543717244174 389.51342710107565 24.224439661949873 252.32717528147623 103.77183335041627 813.9505626114551 175.69876124290749 943.68775933980942 422.58761818706989 106.21379762142897 138.32920228131115 13.269003176130353 45.790598025079817 99.222103090025485 207.54073533695191 79.151135383173823 58.26008341088891 115.64942719601095 6.8313416398596027 10.666199684143066 79.846464866772294 36.435331963002682 16.948389615863562 715.95812865160406 55.20669917576015 241.22954971250147 236.42533046193421 1096.0650990200229 139.1068561617285 946.18221911531873 39.043168794596568 1114.8251337599941 194.66998575883918 5720.5957150240429 1257.6927912803367 19.748806724324822 58.457858273992315 98.037069245241582 468.76287913322449 137.60724599240348 20.293642331147566 45.729168196441606 122.32300117635168 38.768874076195061 21.507850052788854 607.64725276920944 130.23226116783917 226.70438212249428 49.905873156618327 211.59029788523912 4624.213033471955 24.40780277736485 40.73950820765458 14.68694894236978 27.755257200449705 3679.0626275436953 38.682448023813777 43.70235700905323 101.95442028343678 1909.1171161892125 158.45503691583872 48.674404319375753
leaf_count=22008 230939 306 78 3328 600 299 151 1521 7423 114 2549 114 501 297 4159 42 135 77 4054 1 573 110 95 10072 434 4384 4074 4693 2228 478 884 6560 3189 7132 16835 6 322 2035 105 102 250 149 60 260 433 2896 1159 664 253 107 2214 173 97 247 3 950 324 170 58 5574 68 323
internal_value=0.02109 0.0299968 0.0256176 -0.000189123 0.0280089 0.022003 -0.0323162 0.0250023 0.0136599 -0.00203841 -0.0144879 -0.00297137 0.0221154 0.105137 0.015287 -0.0298193 0.0338064 0.0988753 0.050475 0.248771 0.0158423 0.0406786 0.0625684 0.0457532 0.244796 0.0149371 -0.0104839 0.0155359 0.0370598 0.014609 0.0180384 0.0185917 -0.0414264 0.0320931 -0.00210227 0.0486621 0.0384063 0.0153204 0.0317163 -0.0127588 -0.0562354 0.000683476 0.0403134 -0.14659 -0.0543471 0.0125635 -0.0107492 0.0166148 0.03639 0.00414188 0.0347545 0.00890394 -0.0640824 -0.11289 0.0241024 0.0480935 0.00812415 0.037136 -0.000417887 0.0507782 0.0382806 -0.0694853
internal_weight=64144.1 29171.2 19185.3 1626.88 17558.4 1359.87 284.421 15487.9 34972.9 3284.11 2167.53 1744.94 1116.59 112.491 31688.8 384.629 6838.19 173.91 2070.43 17.4975 31304.2 1099.07 867.96 795.805 72.1551 30205.1 1632.45 29963.9 1235.17 28728.7 8649.76 8610.71 231.105 6664.28 1396.02 2052.93 9985.92 762.865 664.828 196.065 40.0424 221.428 9223.05 62.9933 305.478 1010.37 402.727 272.495 1075.45 261.496 5382.99 454.661 65.1473 267.014 49.2631 3840.07 161.005 4928.32 145.657 2012.89 4782.67 256.215
internal_count=359439 60658 53674 4872 48802 1297 638 38317 298781 36626 31292 23869 5334 411 262155 4960 8865 212 10485 4055 257195 14473 11174 10645 529 242722 23458 238338 6921 231417 29452 28568 3299 8653 19384 6430 6984 2564 529 424 256 300 4420 338 4918 5220 2324 1165 659 360 3086 576 270 3575 436 1334 384 2510 228 6174 2282 4482
is_linear=0
shrinkage=0.05


Tree=36
num_leaves=63
num_cat=0
split_feature=18 23 20 0 9 22 22 22 0 16 24 2 21 0 22 24 19 11 23 0 20 2 13 9 13 9 18 7 13 4 2 23 23 22 22 19 0 18 4 9 20 24 17 20 9 9 7 7 21 21 20 9 0 24 23 0 22 0 21 3 11 24
split_gain=1645.03 430.844 462.956 789.052 661.87 1145.11 425.395 739.269 400.698 329.952 316.907 303.699 296.223 271.193 206.937 194.367 408.534 777.803 246.639 205.282 237.849 192.157 185.616 164.55 512.088 183.834 218.471 164.358 174.341 185.077 161.221 157.464 245.947 191.838 133.448 316.7 127.17 179.686 126.441 124.679 73.7093 204.744 61.5406 60.5543 85.5331 52.4039 50.166 347.518 231.008 50.0238 47.2805 288.29 192.051 44.1547 166.659 114.555 31.4999 43.7142 28.797 24.7942 42.3665 24.5693
threshold=1.3382917046546938 8.0263551681717875e+17 1.0142759680747988 4.2950000762939462 3.3999999761581425 19.318078041076664 14.650017738342287 14.788418769836428 3.804999947547913 0.56863656640052807 3.4000002145767216 5.5000000000000009 1119510855680.0002 6.5499999523162851 20.057225227355961 0.38879363238811498 541.80725097656261 2.5000000000000004 0.027416639029979709 4.3949999809265146 0.77141305804252636 2.5000000000000004 0.077857125550508513 3.9499999284744267 -0.01170695712789893 4.2000000476837167 0.40651999413967138 4.5850000381469735 -0.29999996721744532 9.5000000000000018 39.500000000000007 2507710473961472.5 2501058509144064.5 15.999980926513674 16.769082069396976 0.16898957639932635 4.6949999332427987 0.096986941993236556 52.500000000000007 3.6050001382827763 0.23805525898933413 0.042310858145356185 4.8769736289978036 0.19244954735040667 3.3000000715255742 2.4050000905990605 6.3500001430511483 6.1499998569488534 285352476672.00006 63.790855407714851 0.19547881186008456 4.75000023841858 5.5199999809265146 -0.027363264001905915 79338863067136.016 3.245000004768372 15.850030422210695 7.2500000000000009 495099330560.00006 4.5000000000000009 6.5000000000000009 20.377502441406254
decision_type=2 2 2 2 2 2 2 2 2 2 2 2 2 2 2 2 2 2 2 2 2 2 2 2 2 2 2 2 2 2 2 2 2 2 2 2 2 2 2 2 2 2 2 2 2 2 2 2 2 2 2 2 2 2 2 2 2 2 2 2 2 2
left_child=1 2 3 4 6 8 42 -8 -6 -4 13 27 -7 14 15 19 18 -18 -17 20 -2 31 -21 30 25 26 -25 28 61 -30 36 32 -5 -33 35 -23 37 45 -36 -39 -27 -42 -1 58 -45 -3 47 49 -49 -32 -16 52 -52 54 55 -11 57 -15 -38 -55 -61 -12
right_child=10 23 9 21 5 12 7 -9 -10 53 11 -13 -14 56 50 16 17 -19 -20 22 -22 34 -24 24 -26 40 -28 -29 29 -31 46 33 -34 -35 38 -37 43 39 -40 -41 41 -43 -44 44 -46 -47 -48 48 -50 -51 51 -53 -54 59 -56 -57 -58 -59 -60 60 -62 -63
leaf_value=-0.052389127314827359 0.0052333071236049626 0.0099639624740636493 -0.056182232129944158 0.027763905344232995 -0.13443568695200778 0.04056712924724365 0.17832116123096234 0.014528792032348824 -0.011258554137633882 -0.12626992015816021 0.013141539124611865 0.061683138036515386 -0.076369774755372682 0.013107357569460659 0.042939501830803181 0.058475044800702383 0.15032371626133451 -0.055785410250888415 0.010141942087865636 0.015762856231484722 0.028880611766575266 -0.05894861983961807 -0.035228982120238742 -0.12697518072235239 -0.091851805122119795 0.051771522649468493 0.031221764981073499 -0.11865164489695908 -0.061196352638107132 0.069067721206301572 0.052640864271632087 -0.092928328067843319 0.13833936421959969 0.011328577368789262 0.029439952303222952 0.071593238167899698 0.037741395508557415 0.018624130100304601 0.046077421572194056 -0.047285986806975371 -0.11383436184331611 0.040304807780487915 -0.16792979377903666 -0.032547247531907776 0.04186937965762294 0.044742193794996346 0.05177704983567874 -0.12972991667187297 0.050952523258714556 0.020288337068338762 -0.18732456661269103 0.051375371734901025 0.052182808672929099 0.076106312815538951 0.050459040947713599 0.030088331224299922 0.061380231687678144 0.053409182116877278 0.048542697539262047 0.034503482272799361 0.053812326418261607 0.083256250477755978
leaf_weight=171.50800325348973 13588.860725296894 121.601179048419 75.922722200863063 1095.2337371334434 254.70328424416948 335.22174186690245 68.744210581295192 5733.1982476463309 89.389251427492127 25.043910481501371 22.932848405092955 78.039375156164169 63.581975611159578 116.11567533761263 691.69084601849318 325.61849910300225 158.6017461232841 63.523599764332175 1381.1543903355487 16317.576106966008 1152.8737693814328 50.61482535302639 179.47005199920386 36.799968409352005 96.415979204350151 426.51279730536044 50.842623121105134 63.802417420316488 246.67490647966042 29.769408096093684 705.41803004406393 44.56550182774663 51.83224468678236 1391.2989558912814 5288.7302592014894 481.92791224271059 1149.5389831326902 1486.1059133304516 1463.7416576924734 74.409767723176628 26.119419499766082 103.78020698996261 11.717419149354098 63.950069368816912 94.246242796070874 1074.8741394837853 2513.384512251243 47.827500874642283 27.004414670169353 146.5395785481669 24.295813567005098 112.05411564442329 11.922925949096678 101.33726678229868 167.07358373701572 20.638687115395442 258.64146911725402 163.08766488730907 1427.2155456393957 358.93539341818541 1551.4022448740434 28.213264657184482
leaf_count=4847 211164 125 12911 1810 2666 602 496 20998 233 297 120 45 465 115 261 936 1783 1843 7235 54957 13476 164 512 174 2035 78 44 523 5431 54 201 192 118 1580 3692 431 525 1323 793 263 174 59 93 121 36 423 553 315 4 152 163 71 1 17 80 41 53 29 379 678 470 9
internal_value=0.0202165 0.0291202 0.0247237 0.0218069 0.00860057 -0.0358798 0.0141275 0.0165007 -0.102576 0.0457459 0.0129512 -0.0278115 0.0217668 0.0135061 0.0129478 0.012326 0.027729 0.0913722 0.0193947 0.0113739 0.00708481 0.0308088 0.0152057 0.0377052 0.0150176 0.0311415 -0.0358297 -0.0457802 -0.0312545 -0.0469522 0.0395836 0.0190748 0.032881 0.00802681 0.0349653 0.0590895 0.0342494 0.0266476 0.0330535 0.0154499 0.0417447 0.00864039 -0.0606766 0.0418982 0.0117399 0.041223 0.0480852 0.038023 -0.0646495 0.0471123 0.0374485 0.0116835 -0.109063 0.0492508 0.0273365 -0.0563913 0.0487074 0.0367728 0.0437425 0.0515513 0.0502069 0.0527691
internal_weight=63583.9 28568.9 18896.4 16596 6728.06 742.896 5985.17 5801.94 344.093 2300.35 35014.9 469.432 398.804 34545.5 34007.6 33167.7 1928.9 222.125 1706.77 31238.8 14741.7 9867.95 16497 9672.59 740.471 644.055 87.6426 391.393 327.59 276.444 8932.12 2582.93 1147.07 1435.86 7285.01 532.543 5491.94 2756.99 6752.47 1560.52 556.412 129.9 183.225 2734.95 158.196 1196.48 3440.17 926.79 74.8319 851.958 839.964 148.273 36.2187 2224.43 212.756 45.6826 537.845 279.203 2576.75 2011.67 1910.34 51.1461
internal_count=359439 60658 53674 39180 30400 3966 26434 21494 2899 14494 298781 6182 1067 292599 292402 291906 11797 3626 8171 280109 224640 8780 55469 6984 2564 529 218 6137 5614 5485 4420 3700 1928 1772 5080 595 3195 2134 4485 1586 311 233 4940 1061 157 548 1225 672 319 353 496 235 164 1583 418 338 197 144 904 1165 1148 129
is_linear=0
shrinkage=0.05


Tree=37
num_leaves=63
num_cat=0
split_feature=18 23 11 12 22 24 23 24 5 18 12 12 23 23 18 18 18 21 2 18 19 4 5 23 9 18 19 19 23 18 19 23 23 17 18 16 23 18 5 18 22 9 12 19 2 4 12 22 10 21 23 19 10 8 24 4 10 19 19 10 18 8
split_gain=1587.84 430.421 440.843 818.907 317.332 308.306 298.123 289.213 299.317 467.273 315.804 474.441 911.108 305.332 283.83 594.299 351.3 283.448 282.08 267.107 266.471 265.811 242.202 266.272 238.872 234.44 302.651 466.449 793.826 304.012 301.385 295.741 243.141 229.977 203.172 200.281 193.065 186.73 320.172 261.266 172.409 153.966 509.589 264.937 163.81 152.358 147.455 145.619 121.559 117.443 115.1 114.678 103.399 102.222 161.625 98.7463 91.1008 328.49 88.8709 141.483 83.2665 79.3119
threshold=1.3382917046546938 8.0263551681717875e+17 6.5000000000000009 1.8930722475051882 14.519040584564211 4.5025000572204599 7943.2844238281259 3.4000002145767216 2.5000000000000004 214.14318847656253 1.0117845535278323 1.0153846144676211 9.9385471343994158 0.0092679550871253031 331.28443908691412 565.06338500976574 594.76916503906261 25096519680.000004 5.5000000000000009 0.12301972508430482 484.89050292968756 145.50000000000003 5.5000000000000009 0.108183391392231 3.3999997377395634 3.3964555263519292 94.619487762451186 82.639579772949233 1256756487389184.2 153.22216796875003 1.4713264107704165 0.0020711343968287115 183.75904846191409 0.9925418794155122 156.94999694824222 0.71473780274391185 31690203592654852 309.16978454589849 9.5000000000000018 315.78207397460943 16.000020980834964 3.9499999284744267 1.936491906642914 5.9958410263061532 39.500000000000007 9.5000000000000018 1.3930578231811526 17.819834709167484 4.8999998569488534 5.0765755176544198 0.011946235317736866 7.6898515224456796 5.2199997901916513 7.0499999523162851 0.018978760577738289 47.500000000000007 3.0025000572204594 9.3690943717956561 1.274009704589844 3.8999999761581425 0.031398611143231399 8.2500000000000018
decision_type=2 2 2 2 2 2 2 2 2 2 2 2 2 2 2 2 2 2 2 2 2 2 2 2 2 2 2 2 2 2 2 2 2 2 2 2 2 2 2 2 2 2 2 2 2 2 2 2 2 2 2 2 2 2 2 2 2 2 2 2 2 2
left_child=1 2 3 4 50 21 -7 8 25 10 22 12 -12 -13 37 20 -17 -5 45 47 -16 -6 23 -10 35 30 27 32 -29 31 -2 -28 -27 -24 -31 -4 40 38 -11 -39 -32 44 61 -44 49 46 -9 -19 -26 53 60 -48 -38 54 -3 -45 57 -46 -51 -60 -1 -43
right_child=7 41 24 17 5 6 -8 18 9 14 11 13 -14 -15 15 16 -18 19 -20 -21 -22 -23 33 -25 48 26 29 28 -30 34 36 -33 -34 -35 -36 -37 52 39 -40 -41 -42 42 43 55 56 -47 51 -49 -50 58 -52 -53 -54 -55 -56 -57 -58 -59 59 -61 -62 -63
leaf_value=0.087096436891110643 0.052026017142822817 0.0072612415523477542 -0.07089028113444544 -0.10289217211570574 0.023395218116352649 0.092784761462451806 -0.026529389426073122 -0.070520512556545498 0.031499852256915706 0.053486966517039658 0.073849938388087885 0.042204162878819354 0.60988219652308107 0.014461395492600358 0.022095053338493334 0.15083099070659706 -0.063993360090426582 0.03981674749066999 0.059828815629485138 0.0086847901608348137 -0.051016591835124629 -0.06706789900028147 -0.023754864604676854 -0.0074904077597825278 -0.090165047325046641 -0.032786522236838929 0.14286972291413538 0.27570577091159587 0.0057868953040247379 0.078257744166661508 -0.049930967692060721 -0.026242821402308297 0.02770518626742266 0.052678882406747222 0.007534189841251703 0.051605040406358008 0.021556604394333323 0.15881576285936522 -0.067430481929395311 0.042662804097047563 -0.15714995460396031 0.011168878619983806 -0.095178176531288489 0.053683182761050878 -0.11962092999001926 0.060698955443384377 0.054123862549115935 -0.12536680685876758 0.049270675103063058 0.037047489305676404 -0.050016288787829294 -0.079852950507612028 -0.071105121204384544 0.04035296855931142 -0.097735172536595125 -0.078444913135623032 0.049448369156906785 0.051357179322087054 -0.097031707788412858 0.022828235912618972 -0.058015088401411397 0.054162633468965465
leaf_weight=28.927368772216141 83.32376797683537 286.65147816599347 33.105410665972158 141.27660298708361 15483.77878213441 280.91472967620939 63.747900338843465 278.88824068335816 861.94766342267394 948.58692636340857 160.85742215439677 1074.6075203284854 7.3783837594091883 12819.019612948759 278.82293540798128 101.44327373430133 22.73872696608305 15.943423352437092 76.505362974479795 241.14029665419366 223.71381951123476 80.667230619699694 1135.1624142518267 888.00634859874845 46.587002526444849 184.94553995877504 25.61826691031456 48.608445761725307 60.593406707048416 101.41628731042147 97.579449294134974 907.92612276878208 1562.3259594719857 106.77126793190837 12417.205788915046 1882.0699009790551 86.634380672127008 95.490349665284157 57.225180059671402 99.49360529333353 61.656347513198853 154.07959438674152 128.88074738241266 58.043739961460233 36.232334972941317 30.555967927910388 47.662630195729434 68.663619047496468 22.450825802981853 4690.960011347197 196.96366826072335 22.775902420748025 44.862394697964191 183.906295042485 41.001427669078112 17.620364675763994 3152.9596678176895 113.42479333514348 30.266601353650913 114.79506042599678 13.883976960554717 359.26135323941708
leaf_count=27 97 426 9749 2218 30291 494 164 5692 7457 6288 1805 4812 37 69433 1473 180 323 9 45 391 3494 2389 14335 10339 1741 1384 56 273 279 443 1249 16094 4784 592 145121 735 80 377 705 657 308 176 1607 23 273 62 49 521 4 2331 4711 334 124 75 136 712 855 97 139 88 230 46
internal_value=0.0193965 0.0282798 0.0238745 0.0212115 0.0231001 0.0239613 0.0706894 0.0123013 0.0128238 0.0170645 0.0144875 0.0176257 0.100853 0.0166104 0.0410891 0.0137738 0.111258 -0.0439937 -0.0271983 -0.0181974 -0.0104787 0.0229218 -0.000261757 0.0117186 0.0461502 0.00771707 0.00867366 0.0275937 0.127391 0.00606037 -0.031338 -0.0214488 0.0212843 -0.0171426 0.00811374 0.0494491 -0.0553437 0.055318 0.0465423 0.100093 -0.0921992 0.0370226 0.0147338 -0.0518273 0.0388699 -0.044849 -0.0542426 -0.0940796 -0.0446937 0.0334453 -0.0338836 0.0102218 -0.0103169 0.0106236 -0.00611986 0.0222266 0.047639 0.00941056 0.0358557 -0.00263899 0.0396717 0.0413146
internal_weight=62988.6 27968.2 18600.1 16615.9 16148.9 15909.1 344.663 35020.3 34564 18881.3 17053.8 14061.9 168.236 13893.6 1827.51 626.719 124.182 467.024 456.388 325.747 502.537 15564.4 2991.89 1749.95 1984.21 15682.7 15308.6 1856.47 109.202 13452.2 374.056 933.544 1747.27 1241.93 12518.6 1915.18 290.733 1200.8 1005.81 194.984 159.236 9368.08 717.886 204.545 8650.2 379.883 349.327 84.607 69.0378 5347.58 239.775 70.4385 131.497 511.559 327.653 75.6641 3302.62 149.657 4836.02 145.062 42.8113 513.341
internal_count=359439 60658 53674 41445 38306 33338 658 298781 292599 122307 108810 76087 1842 74245 13497 5470 503 3139 6182 921 4967 32680 32723 17796 12229 170292 168434 6720 552 161714 1858 16150 6168 14927 145564 10484 1761 8027 6993 1034 1557 6984 2564 2342 4420 6137 6075 530 1745 3195 4968 383 204 637 562 735 1225 370 2558 227 257 222
is_linear=0
shrinkage=0.05


Tree=38
num_leaves=63
num_cat=0
split_feature=2 10 10 21 1 13 20 15 0 17 9 15 7 15 13 20 21 1 1 8 9 10 0 1 1 2 10 5 17 17 1 1 20 20 4 17 9 1 0 11 15 22 21 1 1 10 10 1 8 5 10 17 5 20 14 0 3 0 9 5 1 0
split_gain=1528.33 495.242 811.824 680.563 745.274 550.094 409.284 432.279 402.529 397.032 377.243 338.651 935.225 361.91 335.011 298.946 287.151 281.478 354.132 727.956 738.825 604.658 382.159 379.954 348.661 369.129 432.3 525.811 287.907 279.428 248.404 313.109 269.348 291.333 234.614 226.819 210.057 205.963 245.013 203.243 195.268 188.602 152.813 169.77 270.413 132.869 129.344 122.461 118.74 137.866 123.752 115.338 107.38 165.453 104.231 92.7079 78.8342 240.506 90.6535 62.92 60.5512 46.039
threshold=5.5000000000000009 4.5650000572204599 2.8000000715255742 6435832320.000001 13.004000186920168 -0.0044232697691768399 0.19830798357725146 2.5000000000000004 5.2049999237060556 0.26818889379501348 0.29999983310699468 1.0000000180025095e-35 6.0499999523162851 22.500000000000004 -0.01170695712789893 0.20158071070909503 468109168.00000006 57.004999160766609 512.20498657226574 3.5049999952316289 0.59000003337860119 2.9424999952316289 4.6949999332427987 191.66999816894534 55.003499984741218 1.0000000180025095e-35 3.8999999761581425 2.5000000000000004 0.49941451847553259 1.4902593493461611 9.004399776458742 6.7714998722076425 0.83860415220260631 0.66162979602813732 19.500000000000004 1.9964285492897036 0.49499988555908209 203.004997253418 6.7500000000000009 7.5000000000000009 31.500000000000004 15.099993705749513 1980179.7500000002 177.00099945068362 109.00450134277345 3.242499947547913 3.6000000238418584 546.54351806640636 7.3500001430511483 74.500000000000014 4.6549999713897714 13.019999980926515 5.5000000000000009 0.23805525898933413 6.5000000000000009 4.6949999332427987 9.5000000000000018 4.6949999332427987 1.7850000858306887 3.5000000000000004 15.000500202178957 6.5499999523162851
decision_type=2 2 2 2 2 2 2 2 2 2 2 2 2 2 2 2 2 2 2 2 2 2 2 2 2 2 2 2 2 2 2 2 2 2 2 2 2 2 2 2 2 2 2 2 2 2 2 2 2 2 2 2 2 2 2 2 2 2 2 2 2 2
left_child=8 2 16 4 5 14 46 -8 17 15 37 12 -11 -13 -4 -5 39 24 19 20 23 -22 29 -19 30 26 27 -26 52 -21 31 34 33 -32 -1 -33 -24 42 -39 51 -7 -28 43 44 -10 -12 -6 -30 49 50 56 54 55 -54 -2 -20 57 -3 -58 -49 -44 -47
right_child=1 48 3 9 6 40 7 -9 10 11 45 13 -14 -15 -16 -17 -18 18 28 22 21 -23 36 -25 25 -27 41 -29 47 -31 32 35 -34 -35 -36 -37 -38 38 -40 -41 -42 -43 60 -45 -46 61 -48 59 -50 -51 -52 -53 53 -55 -56 -57 58 -59 -60 -61 -62 -63
leaf_value=0.011526574409601399 0.048122763833086585 -0.13301076139918674 -0.034617842426986865 -0.00061323068088836748 0.10448915531131493 0.0093670386403820593 -0.033724372046151162 0.022305703232568599 0.012016928610604015 -0.11393468500870885 0.086646090445711019 0.037023121770275363 0.019884211873193891 -0.045622837955426897 -0.10898239619289296 -0.20882640934807611 -0.082900644245370581 0.0097941895362293786 0.022681162342734762 -0.052035761381785867 -0.053680543436998657 0.16840981890099083 0.044819062253169534 -0.035139520666580951 -0.053616432933060766 -0.097462572437218342 0.42868259633928835 0.13112216766098717 0.12754168095145071 0.022875509972264143 0.013689057389533533 -0.043910524111520133 -0.055898581517217098 0.059390135676288348 -0.084736583831532708 0.018143549497585502 -0.091373660420174932 -0.11913058400222748 0.033602335627000851 -0.087905088966419631 -0.049320049668527814 0.16664304080705572 0.026621610655449303 0.082761826212087636 -0.10962689932093815 0.036679066962052725 0.045244326290889675 -0.0027147892429454814 0.046926021200960434 0.048680193096879043 0.03508589618856791 -0.075394830726173714 -0.070107074575287573 0.069240836633762307 -0.064859439575420383 -0.059613468375705428 0.032985141840675351 0.020764064687988137 0.0057746052358388887 0.065839981944820908 0.058748237013290898 0.060380958337039242
leaf_weight=2034.2651036605239 3329.9499636637047 33.307231642305851 655.40619105624501 39.443988081067801 130.28677228279412 993.40118222055025 441.49928753485437 1549.2478498944547 1981.8369414322078 141.8998875033576 180.74471605755389 4583.8171211027075 1511.2762851624866 135.53743411041796 196.85457654017955 29.698141818633303 43.107914217980579 3055.6098544634879 768.29798651579767 1153.7782038660953 40.488341338001192 119.7468596836552 199.59109167475253 555.03468805365264 59.971846058964729 26.579548828769475 10.56260337308049 104.32593705598265 71.627601224929094 138.85955833853222 24444.470017625252 589.77726216136944 136.24874941958115 352.93847309658304 64.325783787062392 195.3928609082941 31.993916340637952 59.101370191201568 45.932087361812592 27.350605703773908 164.2950094032567 23.41869440395385 342.37953719124198 80.677756385877728 45.763429762795568 1144.9618041124195 322.82380216009915 42.717087803408504 2529.7562045156956 1318.6705395951867 3985.4202425852418 18.335629077395424 80.322192906402051 27.937202140688896 19.680246770964004 34.843725757673383 729.17949956282973 97.342279301956296 528.7445922344923 150.08906245231628 261.13866829127073 254.02733244560659
leaf_count=34092 7265 138 2719 60 236 4337 1875 4685 2754 665 91 2789 1945 391 1733 230 427 49087 3901 18138 858 792 804 10005 1204 308 16 350 60 472 161338 14128 5537 1667 1638 738 276 299 26 7860 3513 127 271 54 227 767 172 98 703 316 2101 108 726 10 2547 378 443 83 579 128 104 50
internal_value=0.018585 0.0286366 0.0228175 0.0161296 0.00109921 -0.0214469 0.0196456 0.00986639 0.012499 0.0265191 0.0267474 0.027818 0.00833295 0.0346394 -0.051908 -0.0918191 0.0439977 0.010683 0.00128206 -0.00423024 0.0075562 0.112276 -0.0333786 0.0028777 0.0128521 0.0747343 0.0982159 0.0637424 0.0260922 -0.0439732 0.012349 -0.00154222 0.0139558 0.0143421 0.00853459 -0.0284583 0.0256703 0.0157673 -0.0526049 0.0456342 0.00099874 0.258163 0.0184357 0.0120709 0.00921625 0.0463007 0.0624831 0.0719278 0.0376769 0.0341736 0.0306047 0.0467459 0.0127238 -0.0337969 0.0474383 0.019035 0.0177233 -0.0191132 0.0215654 0.0506899 0.0406051 0.0410265
internal_weight=62466.1 23556.3 14333.9 10895.5 4453.81 2009.96 2443.86 1990.75 38909.8 6441.67 4396.56 6372.53 1653.18 4719.35 852.261 69.1421 3438.42 34513.2 6470.94 5295.1 3770.88 160.235 1524.22 3610.64 28042.3 224.859 198.279 164.298 1175.83 1292.64 27817.4 2883.76 24933.7 24797.4 2098.59 785.17 231.585 2816.83 105.033 3395.32 1157.7 33.9813 2711.8 2108.28 2027.6 1579.73 453.111 264.434 9222.42 6692.66 5373.99 3367.97 911.401 108.259 3349.63 803.142 1388.57 130.65 1257.92 192.806 603.518 1398.99
internal_count=359439 47920 43557 25350 19270 12302 6968 6560 311519 6080 4643 5790 2610 3180 4452 290 18207 306876 85733 80432 60742 1650 19690 59092 221143 2005 1697 1554 5301 18610 219138 50596 168542 163005 35730 14866 1080 3735 325 17780 7850 143 3410 3035 2981 908 408 286 4363 3660 3344 9920 5015 736 9812 4279 1243 221 1022 226 375 817
is_linear=0
shrinkage=0.05


Tree=39
num_leaves=63
num_cat=0
split_feature=18 23 15 20 4 10 16 22 9 6 13 8 15 4 9 20 7 10 20 16 9 17 23 4 23 6 10 14 10 22 18 13 16 20 16 15 20 8 10 2 9 7 13 4 3 2 8 8 10 23 20 9 12 20 17 13 10 13 10 3 15 12
split_gain=1486.83 431.411 643.711 1019.28 712.359 540.028 427.31 662.123 398.794 468.914 363.679 223.594 248.79 667.155 579.121 373.31 317.413 285.023 545.452 281.073 500.318 279.04 260.311 228.216 206.233 388.384 329.608 192.135 194.29 182.493 189.726 180.677 180.101 219.034 176.083 163.405 160.607 154.918 126.365 123.735 208.231 323.33 143.932 121.917 116.963 107.624 97.7791 137.877 97.0729 95.8208 94.0122 79.6341 79.3819 71.5757 69.0469 112.94 65.9905 290.916 63.6288 59.0772 54.7183 52.6591
threshold=1.3382917046546938 8.0263551681717875e+17 9.5000000000000018 0.27096283435821539 69.500000000000014 3.0900000333786015 0.90061727166175853 17.651719093322757 3.3999999761581425 34.500000000000007 -0.099956091493368135 7.2500000000000009 4.5000000000000009 47.500000000000007 2.50000011920929 0.66757008433341991 7.0499999523162851 2.8000000715255742 0.20671743899583819 0.20834063738584521 2.0949997901916508 7.0250000953674325 26636253298425860 8.5000000000000018 3537691010400256.5 2.5000000000000004 3.6525000333786015 10.500000000000002 3.9550000429153447 17.687735557556156 10.802113533020021 -0.0005252965202089398 0.54774570465087902 0.74258962273597728 0.23532366007566455 50.500000000000007 0.77141305804252636 5.7850000858306894 4.5650000572204599 39.500000000000007 3.9999998807907109 8.2500000000000018 -0.051428552716970437 44.500000000000007 28.500000000000004 227.50000000000003 7.2500000000000009 6.9500000476837167 4.1250000000000009 6968690469765121 0.35534448921680456 3.5000003576278691 1.6047946214675906 0.83860415220260631 1.1237244606018069 -0.29999996721744532 3.0025000572204594 -0.0019147465936839578 4.5025000572204599 24.500000000000004 1.0000000180025095e-35 1.6296296715736391
decision_type=2 2 2 2 2 2 2 2 2 2 2 2 2 2 2 2 2 2 2 2 2 2 2 2 2 2 2 2 2 2 2 2 2 2 2 2 2 2 2 2 2 2 2 2 2 2 2 2 2 2 2 2 2 2 2 2 2 2 2 2 2 2
left_child=1 2 3 5 6 54 7 -5 27 50 -8 12 13 15 22 16 21 32 29 23 -21 -2 60 -20 26 -26 -7 34 -29 30 -19 -24 33 -14 58 39 -36 -31 -37 43 56 42 -42 46 -45 -6 47 -3 -16 -17 -10 -46 -11 -34 55 -1 57 -41 -4 -55 -15 -13
right_child=11 35 8 4 45 24 10 -9 9 52 -12 61 17 14 48 49 -18 18 19 20 -22 -23 31 -25 25 -27 -28 28 -30 37 -32 -33 53 -35 36 38 -38 -39 -40 40 41 -43 -44 44 51 -47 -48 -49 -50 -51 -52 -53 -54 59 -56 -57 -58 -59 -60 -61 -62 -63
leaf_value=0.058478466293144918 0.010299689996906898 0.031262362010694288 -0.06866843031728502 -0.020393368165924203 -0.10940925033376454 0.065902090742819094 -0.15913465247791905 -0.17771556620304291 -0.23455360770143124 0.046440135171253338 0.011946589388473365 0.046836508488066572 0.066705526678676297 0.042952370561825201 -0.12959689004038633 -0.059084287897667634 -0.2234940183360466 0.030112061290654066 0.082158117642666298 -0.057610009092285142 0.0092582156407319035 -0.21004684808396878 -0.24476545041333223 -0.0012239041527703322 -0.0027338417287063191 0.026849359327615105 0.026531948774741628 -0.0427585680488572 0.27277278886191519 -0.027427987259795845 0.086048133031340984 -0.032033300024399906 0.08234103237774093 -0.056423221663034519 0.031092963094502553 -0.089498278273332801 0.048930518532378384 0.029743685947591466 0.039850178917114808 -0.1172094419205969 0.057781231582802184 0.053105532643004175 -0.091562499610758255 -0.11220028235299156 0.021102673176581228 0.047165944360247056 0.044299638926069231 -0.014733636706219437 -0.24205305814897096 0.014386385330264774 -0.098421733795423738 -0.050409312520295881 -0.092128557483202991 -0.0061979935404708666 -0.087124497948638163 -0.058270724593162994 0.049128093506810626 0.053277337755724574 0.032987943489185288 0.051953838604054448 -0.046506561837406389 0.022257695662216897
leaf_weight=26.765191092155874 29557.375936309341 3524.3089168163715 50.695512373466045 427.30054478300735 204.19126919249538 598.33062533009797 30.755650094244629 78.397177438950166 16.990555955097079 93.299516394734383 1423.5219223037129 487.47275790572166 61.669374410994351 93.684841434005648 64.562568609951995 245.99656049686018 13.538172268308697 323.11750412080437 138.30892505170777 480.60028481949121 666.58629043097608 13.374930818565188 15.951088932342826 199.34243271476589 1682.876100840047 3252.4292311053723 4769.5712457774207 6.4926486584590757 15.813994407653809 136.92200207710266 288.07242620270699 25.305399287492037 197.44576865667477 84.244423944619484 2613.9148919789586 45.112209358834662 2461.2453731446876 843.93559904396534 31.141576357185841 31.639825301244855 18.921780690550804 124.07355403900146 88.404722462233622 20.28407086012885 235.55138840852305 11.014158478938041 1505.0480405886192 170.11033601220697 31.076753189787269 53.551827682647854 56.302452392119449 45.596797376929317 10.651639287592841 47.256149601191282 99.36644715606235 81.200553815579042 2907.1222731713206 106.24550455622375 21.134883560240269 523.66116701916326 19.9430833728984 401.3549392526038
leaf_count=32 269858 2160 6192 6227 2837 3950 223 496 111 27 2698 145 189 137 878 7493 92 405 440 6690 1994 97 109 2309 2571 2526 6942 4373 1 244 384 51 162 4756 3940 975 4878 546 12 236 2 18 1138 95 217 132 548 283 197 156 941 422 832 363 1441 2293 813 65 11 346 308 432
internal_value=0.017824 0.0266674 0.0222263 0.0160905 -0.0150576 0.0225379 -0.00555073 -0.0450951 0.036778 -0.0367963 0.00821819 0.0110329 0.0103872 0.00883265 -0.0722585 0.00951502 0.0100781 0.0221179 0.014823 -0.00697194 -0.0187769 0.0101928 -0.0122125 0.0330581 0.0241478 0.0167623 0.0309327 0.0393083 0.182824 0.0351449 0.0565821 -0.118247 0.0466197 -0.00424992 0.03865 0.0357087 0.0397524 0.021738 -0.0367764 0.0363431 0.0440503 -0.00164766 -0.0648965 0.0317446 0.000809687 -0.101192 0.0335366 0.0291397 -0.168316 -0.0459288 -0.132779 0.00934953 0.0314511 0.0562794 -0.0571712 -0.0290111 0.047524 0.0135584 -0.0386469 0.0471293 0.0269389 0.0357809
internal_weight=61900.2 26885.8 18032.3 12685.7 2175.18 10510.5 1959.98 505.698 5346.54 177.244 1454.28 35014.4 34125.5 30134.4 250.524 29883.8 29584.3 3991.16 3076.89 1484.84 1147.19 29570.8 154.884 337.651 10303.2 4935.31 5367.9 5169.3 22.3066 1592.05 611.19 41.2565 914.277 145.914 5146.99 8853.56 5075.16 980.858 76.2538 8777.31 3276.41 231.4 107.327 5500.9 301.432 215.205 5199.47 3694.42 95.6393 299.548 73.293 281.148 103.951 768.363 207.332 107.966 3045.01 137.885 71.8304 570.917 113.628 888.828
internal_count=359439 60658 53674 32368 12613 19755 9644 6723 21306 1911 2921 298781 298204 279376 1680 277696 270047 18828 13012 11433 8684 269955 605 2749 15989 5097 10892 19395 4374 1579 789 160 5816 4945 15021 6984 8818 790 987 5997 2272 1158 1140 3725 734 2969 2991 2443 1075 7649 1052 639 859 871 3766 2325 1114 301 6203 709 445 577
is_linear=0
shrinkage=0.05


Tree=40
num_leaves=63
num_cat=0
split_feature=2 0 10 16 10 23 15 20 23 12 4 9 12 4 4 20 22 1 18 15 22 0 9 14 1 19 1 22 0 2 0 20 23 10 0 10 22 23 22 19 12 9 23 23 4 12 16 11 12 23 4 23 19 0 24 9 19 19 22 15 1 9
split_gain=1556.91 535.207 522.557 815.37 857.091 564.012 704.225 807.547 703.801 865.325 595.371 287.577 509.429 285.916 285.391 714.823 492.546 270.91 244.487 234.552 202.571 191.998 180.7 158.583 158.42 226.18 225.044 138.824 244.52 127.073 104.237 93.4026 92.4933 96.2869 91.7738 89.7506 85.5681 83.5463 120.409 83.1034 79.8926 77.5344 127.566 131.975 526.897 165.392 74.5622 336.098 73.2841 159.511 69.6989 66.2076 90.5896 58.9734 56.198 51.0706 89.8406 44.7262 35.2599 34.8803 34.3912 32.5524
threshold=5.5000000000000009 5.4200000762939462 4.5650000572204599 0.64729991555213939 2.8000000715255742 2.4433468338717332e+18 6.5000000000000009 0.24999573081731799 2.6621994007003141e+18 1.8930722475051882 139.50000000000003 3.0950000286102299 1.6155918240547182 8.5000000000000018 28.500000000000004 0.20511954277753833 17.677547454833988 569.09851074218761 35.278333663940437 12.500000000000002 17.677547454833988 5.3150000572204599 2.9999998807907109 1.0000000180025095e-35 48.004999160766609 215.06668090820315 582.23999023437511 18.558367729187015 3.5949999094009404 38.500000000000007 6.2500000000000009 0.19830798357725146 0.0069284511264413604 4.2100000381469735 4.5950000286102304 3.4974999427795415 17.950208663940433 19907145499672580 18.859163284301761 0.41669137775897985 1.5122755169868471 3.1949999332427983 6.3722965717315683 264.58412170410162 20.500000000000004 1.3500902652740481 0.97156059741973888 6.5000000000000009 1.6047946214675906 85274.898437500015 11.500000000000002 6.3722965717315683 0.075147498399019255 6.0499999523162851 -5.2026906013488761 0.4999998807907105 207.07096862792972 21.388236999511722 17.571660041809086 4.5000000000000009 9.9984998703002947 1.7000001668930056
decision_type=2 2 2 2 2 2 2 2 2 2 2 2 2 2 2 2 2 2 2 2 2 2 2 2 2 2 2 2 2 2 2 2 2 2 2 2 2 2 2 2 2 2 2 2 2 2 2 2 2 2 2 2 2 2 2 2 2 2 2 2 2 2
left_child=1 11 3 13 37 6 7 -6 -7 -10 -8 12 14 51 17 23 -17 19 40 -1 58 22 31 -16 30 55 53 28 39 41 32 -15 60 -34 -19 36 54 46 57 -22 -3 42 61 44 -44 -45 47 -5 -29 -50 -48 -2 -53 -27 -14 56 -26 -39 -13 -43 -20 -4
right_child=2 18 29 4 5 8 10 -9 9 -11 -12 20 35 21 15 16 -18 34 24 -21 27 -23 -24 -25 25 26 -28 48 -30 -31 -32 -33 33 -35 -36 -37 -38 38 -40 -41 -42 59 43 45 -46 -47 50 -49 49 -51 -52 52 -54 -55 -56 -57 -58 -59 -60 -61 -62 -63
leaf_value=0.0080528308264401563 0.048443916825804526 0.040829479523241362 0.02934664817322968 -0.019241960803023209 0.013971925794148299 0.05176629625087701 0.027549013444527079 -0.034484306442941835 0.023374208990978518 -0.086102866526975894 -0.10614205533699661 0.067583618986800806 0.0095489762120221991 0.026321062718766264 -0.041910396387649908 -0.04264185688172023 -0.2000967922668683 0.046889921326290107 0.037966512833709408 0.04569588051486384 0.036014883445239031 0.040847493797130457 -0.17214438734888021 0.031133556534026347 -0.050659194770305421 -0.075120091643090275 0.032309059025710275 0.043690933740161517 -0.17848448383864823 0.047466092390171424 0.042717871928151262 -0.072601615452589072 0.010241298870941377 -0.087378538553009533 -0.0059225843855036236 -0.18814844382940141 0.028449252268416131 -0.099387955665407812 0.056076602984053217 -0.048902933367145802 0.077533641715626808 0.044932343234324518 -0.12524953315542792 0.033932328825648637 0.028162892492958631 0.0059050787062013017 0.0860184628693903 0.050686324661902475 -0.055412910387976549 0.030001975749545964 0.051223897092580031 0.047892194012288641 -0.13897975525220765 -0.16407067244956575 -0.078881878782405407 0.075151841289680776 0.058328281384505243 0.01121390547948433 0.1233022624324468 0.018664543087497702 0.015016714690073128 0.054426015242556414
leaf_weight=32521.25412918767 82.215011138934642 1303.6658533606678 171.18965686298907 209.42470033839345 1939.9975192879792 2019.985037301667 3404.4983808354009 1542.5837974941824 1003.0225074561313 219.05663272482343 84.384486813039985 71.657499097520486 19.768019100651145 25.850704314187169 95.949709676206112 144.59549792087637 75.353205235209316 611.68585212342441 206.87130644917488 418.26637836266309 81.873043875675648 36.826741363387555 43.936006225063466 317.35723766684532 34.150368681177497 79.522015005350113 47.378665708005428 584.3494490608573 19.820168598322198 2103.8225183226168 500.63470596820116 244.41206051403424 61.17782960832119 41.716466702520847 94.583591290749609 13.478197186253963 24.640348904300481 27.216258420143276 41.347922092070803 43.158133712830022 168.61332672648132 1523.3940832354128 69.104334942996502 3287.9543435685337 276.54941669106483 627.76313906162977 160.07360502146184 942.34798138716724 64.830276486696675 321.51404250378255 1657.2810078090988 12.451498106122019 11.679683056659995 25.542532965540886 167.7861364861019 45.321835558861494 39.915595352649689 13.130266540683804 54.359274712391198 140.6917292997241 784.31259597092867 602.46250154823065
leaf_count=295810 166 710 121 1202 2642 465 4105 6385 840 2704 1743 35 58 26 202 2911 437 1964 130 1946 52 26 582 197 125 305 31 247 180 560 201 19815 72 142 370 112 33 416 81 375 48 492 268 1820 179 689 129 1056 254 399 913 3 105 124 2380 23 7 174 81 117 962 122
internal_value=0.0167451 0.0107105 0.0272152 0.0211118 0.0233762 0.0164261 0.00841027 -0.00749371 0.0336532 0.0036921 0.0242846 0.00892158 0.00807009 -0.0444566 0.00856401 -0.0246637 -0.0972692 0.00919026 0.0298531 0.00853235 0.0325563 -0.0661768 -0.0788266 0.014104 0.0178172 -0.0174049 -0.0576148 0.0257104 -0.0198207 0.0367251 0.0238314 -0.0630591 0.0151535 -0.0297487 0.0398118 -0.0666399 -0.0580522 0.0466291 -0.00315829 0.00650792 0.0450862 0.0333446 0.0302348 0.0268292 -0.00276628 0.029443 0.0480012 0.0379614 0.0325233 0.01555 0.054337 0.027139 -0.0442875 -0.0981353 -0.0695336 0.0339488 0.00800425 -0.0638724 0.0924396 0.0427271 0.0198451 0.0489281
internal_weight=61609.8 39085.1 22524.7 13721.7 13264.4 10213.5 6971.46 3482.58 3242.06 1222.08 3488.88 35746.3 34504.7 457.372 34279 633.256 219.949 33645.8 3338.82 32939.5 1241.56 351.026 314.199 413.307 1866.54 271.831 152.443 1115.55 144.851 8802.93 1594.71 270.263 1094.08 102.894 706.269 225.673 212.195 3050.82 81.6944 125.031 1472.28 6699.11 5035.02 4261.37 345.654 3915.72 2969.13 1151.77 970.694 386.344 1817.35 106.346 24.1312 105.065 187.554 119.388 74.066 40.3465 126.017 1664.09 991.184 773.652
internal_count=358869 310923 47946 43578 22855 18884 14875 9027 4009 3544 5848 308043 306420 20723 303837 3747 3348 300090 2880 297756 1623 20449 20423 399 2122 615 460 1507 607 4368 1507 19841 1306 214 2334 2583 2471 3971 671 427 758 3808 3199 2956 447 2509 3300 2258 900 653 1042 274 108 429 2438 155 132 590 116 609 1092 243
is_linear=0
shrinkage=0.05


Tree=41
num_leaves=63
num_cat=0
split_feature=2 0 10 10 8 15 3 8 20 5 18 13 16 13 1 12 9 12 11 20 8 1 8 20 4 1 18 0 16 12 1 8 5 9 10 24 2 24 10 8 16 16 9 3 10 8 1 1 0 0 1 18 15 5 24 5 0 18 13 1 1 1
split_gain=1500.9 505.076 502.535 776.08 540.323 788.28 1297.02 585.364 736.155 562.645 449.723 426.369 393.634 346.395 326.272 293.797 259.658 464.754 309.487 626.108 253.649 253.364 247.152 230.293 223.678 199.095 507.508 157.269 224.513 242.508 156.047 145.94 128.95 140.377 115.564 397.027 984.426 302.726 104.713 225.562 129.056 85.0479 73.5712 197.96 71.111 74.0509 70.169 63.2037 102.391 191.857 63.1845 59.7879 81.4455 286.253 53.0137 48.1154 48.6268 46.0082 129.664 42.9325 40.0551 39.8338
threshold=5.5000000000000009 5.2049999237060556 4.5650000572204599 2.8000000715255742 6.3500001430511483 1.5000000000000002 25.500000000000004 6.4500000476837167 0.31337954103946691 148.50000000000003 35.278333663940437 -0.05989010073244571 0.62529069185256969 0.059999993070960052 15.000500202178957 2.0112522840499882 3.0950000286102299 1.6155918240547182 4.5000000000000009 0.20009507238864901 5.6250000000000009 569.09851074218761 5.4900000095367441 0.38331487774848944 31.500000000000004 9.9984998703002947 0.19147083163261416 5.9500000476837167 0.82620134949684154 1.0462001562118532 180.68000030517581 5.7099997997283944 51.500000000000007 3.1949999332427983 4.6499998569488534 -1.0000000180025095e-35 15.500000000000002 0.027816122397780422 4.060000181198121 6.5499999523162851 0.79987081885337841 0.12503705173730853 3.2949999570846562 23.500000000000004 3.4499999284744267 5.8500001430511483 582.23999023437511 58.004499435424812 6.0499999523162851 6.7500000000000009 10.000500202178957 9.9902806282043475 10.500000000000002 70.500000000000014 -5.2026906013488761 1.0000000180025095e-35 7.3500001430511483 0.27305832505226141 -0.12799999862909314 15.582000255584719 1.0013224482536318 44.004999160766609
decision_type=2 2 2 2 2 2 2 2 2 2 2 2 2 2 2 2 2 2 2 2 2 2 2 2 2 2 2 2 2 2 2 2 2 2 2 2 2 2 2 2 2 2 2 2 2 2 2 2 2 2 2 2 2 2 2 2 2 2 2 2 2 2
left_child=1 16 3 12 5 6 13 25 14 15 41 -10 -2 -5 -9 -7 17 18 21 22 -21 24 -20 -8 -1 -6 -27 28 29 30 -12 59 33 34 35 36 -4 -37 39 40 -33 -3 43 -40 45 54 -23 55 -49 -50 -43 52 53 -14 -19 56 -29 -36 -59 -18 -54 -52
right_child=2 10 32 4 7 9 23 8 11 -11 27 -13 51 -15 -16 -17 31 44 19 20 -22 46 -24 -25 -26 26 -28 47 -30 -31 -32 38 -34 -35 57 37 -38 -39 42 -41 -42 50 -44 -45 -46 -47 -48 48 49 -51 61 -53 60 -55 -56 -57 -58 58 -60 -61 -62 -63
leaf_value=0.0081760554516483713 -0.059913241171520561 0.079743430870020962 -0.0110919416112069 -0.016025198835065948 0.053708783426413345 0.017698027480336213 -0.23298947575553519 -0.0071349234727791149 0.026222380917717544 -0.090021255293663685 8.1726556049172469e-05 -0.080291223089516153 0.038035737019827015 0.10139276347926987 0.036048134579399947 -0.10470298605568118 0.054771637768996198 0.0091307735480890117 -0.11251078112061164 -0.060199734096063988 -0.19121677032165896 0.060210234998548579 0.029524357979794059 -0.11217043182320943 -0.043746762257558934 0.039155771263705244 -0.11352700529976517 0.0026616520261349749 -0.13164989997772855 0.059781039785983842 -0.09612811170624648 -0.07977438357847183 0.045175264887482282 0.044369712756031632 0.037414056148054785 0.040107387141619127 -0.36366445044085832 -0.046748305664011218 -0.11248782360938392 -0.13934264874299418 0.030377460544098026 0.029669627448927705 0.038212192457711486 0.043421914508574841 -0.16712815104198725 0.024057183973793167 0.02678228862537918 0.045477023852045509 -0.14649457711937452 0.017626360952767206 0.051512355431008267 0.087878513118743007 0.020107967859337023 -0.091212450976432102 -0.077114944646251182 0.043071894360132888 0.052067186937813509 -0.041633361788408006 0.028501400695623205 0.11426506989129946 0.050312619233430847 0.021919506932177316
leaf_weight=31594.201881074114 89.894555533363018 146.35799634084105 166.51026186347008 946.5768569476204 1698.4943671321962 4391.7026912407018 54.300445689354092 626.5895975464955 134.2600555063691 126.93848694994813 1273.3959599994123 308.38725014746888 529.47684013051912 66.26990631967783 1444.2362777984235 48.585393585497513 74.693175562657416 19.687650616280735 32.586606916971505 257.50191140105017 42.663423625286669 236.81279712729156 347.40449381619692 156.91519526485354 207.78203295427375 333.6164557042066 64.001201647566631 184.95947343111038 30.036296904087067 172.53500581346452 42.584923379123211 30.525187015882693 2649.1946151852608 1626.9589799121022 1675.6360887214541 685.05099604278803 21.486344784498215 116.59081135503948 29.912452217191458 26.567468337481841 169.03321168757975 834.80290750600398 743.26903387159109 58.639569692313671 15.129202103242276 24.448034422937781 475.29199478216469 59.165924295783043 26.828351641073823 48.822481716051698 971.99692396260798 82.367326010018587 118.05414190795273 45.637049658456817 160.57492610276677 484.15773211698979 67.33942286670208 67.950833827257156 1531.0544984377921 55.601181648671627 2184.0311623011949 131.85221339948475
leaf_count=292043 14143 44 243 2556 377 8538 377 888 153 5849 2289 3847 1014 20 888 248 96 58 394 5564 242 612 229 1221 1329 174 273 227 155 104 223 186 839 547 823 310 189 263 122 284 419 615 414 23 122 36 1705 26 132 47 379 36 159 997 2364 191 12 141 1013 67 1820 170
internal_value=0.0160605 0.0101796 0.0265096 0.0204831 0.0139766 0.00380696 -0.0318084 0.0267486 0.0104678 0.0133582 0.0259856 -0.0479869 0.0426615 -0.00824526 0.0229823 0.0163343 0.0081347 0.00731714 0.00779802 -0.0255571 -0.0794113 0.00849669 0.0170675 -0.144206 0.00783529 0.0462543 0.014344 0.0111698 0.00144621 0.00422185 -0.00309844 0.0310953 0.0359967 0.0318614 0.0270786 0.0120811 -0.0531253 0.0274264 0.0248893 -0.00524401 0.0131895 0.0429515 0.0330834 -0.00985584 -0.0649764 -0.0566268 0.0379747 0.0280904 -0.00333056 -0.0416631 0.0401316 0.045798 0.0445615 0.0276303 -0.0676695 0.0338459 0.0160214 0.0316044 0.0254937 0.0808746 0.0487753 0.0480051
internal_weight=61067.9 39077.2 21990.8 13450.3 10400.9 5791.29 1224.06 4609.59 2513.47 4567.23 4474.84 442.647 3049.46 1012.85 2070.83 4440.29 34602.3 33414.1 33194.2 680.156 300.165 32514.1 379.991 211.216 31802 2096.11 397.618 2389.83 1518.55 1488.52 1315.98 1188.24 8540.43 5891.24 4264.28 989.638 187.997 801.642 1057.95 226.126 199.558 2085.01 831.821 88.552 219.84 204.711 712.105 871.273 134.817 75.6508 1938.65 2959.57 2877.2 575.114 180.263 736.457 252.299 3274.64 1599.01 130.294 2302.09 1103.85
internal_count=358869 310923 47946 43578 25409 18809 4174 6600 5776 14635 4614 4000 18169 2576 1776 8786 306309 304698 302118 6429 5806 295689 623 1598 293372 824 447 3406 2771 2616 2512 1611 4368 3529 2982 1005 432 573 1448 889 605 1208 559 145 2580 2458 2317 635 205 179 1164 4026 3990 2011 2422 430 239 1977 1154 163 1979 549
is_linear=0
shrinkage=0.05


Tree=42
num_leaves=63
num_cat=0
split_feature=6 8 23 20 19 20 20 20 4 1 0 21 23 12 22 12 1 22 12 6 19 21 23 8 23 21 22 11 0 22 21 13 21 23 13 12 0 1 1 1 19 20 9 23 0 1 18 19 0 19 14 8 22 1 12 9 16 18 21 20 0 19
split_gain=1253.32 497.727 573.36 455.893 551.727 448.232 442.712 428.131 702.987 323.433 321.552 365.385 574.489 382.101 372.042 632.495 375.381 341.43 316.993 288.964 452.777 266.712 334.108 381.586 295.259 283.528 244.493 240.029 232.887 284.85 232.22 232.326 229.276 219.769 208.318 308.494 458.292 206.735 186.987 177.498 168.197 159.332 142.264 131.717 125.648 123.224 109.375 147.708 99.2787 96.0937 73.4299 68.3027 656.098 472.613 208.807 185.872 204.587 139.302 120.632 102.482 40.8233 63.0256
threshold=2.5000000000000004 7.2500000000000009 1.4358679577289558e+19 0.51435270905494701 0.6273736059665681 0.19830798357725146 1.6134278178215029 0.20814628899097445 9.5000000000000018 73.415000915527358 4.3949999809265146 339772640.00000006 446155213242368.06 1.1923737525939944 15.307467460632326 1.0556329488754275 17.005000114440922 17.809615135192875 1.5715581774711611 1.5000000000000002 0.49586832523345953 1980179.7500000002 2507710473961472.5 4.7599999904632577 13980222164566018 0.51834970712661754 16.206096649169925 7.5000000000000009 3.4050000905990605 16.722487449646 0.28272379934787756 0.25000001490116125 285352476672.00006 1979.334655761719 -0.0060439535882323972 1.3182669281959536 4.5950000286102304 124.00500106811525 387.09999084472662 37.004999160766609 25.103058815002445 0.27638398110866552 1.6000002622604372 2.0514693260192876 7.5499999523162851 19.005000114440922 0.048459721729159362 110.06380081176759 5.2049999237060556 6.6227431297302255 3.5000000000000004 8.2500000000000018 20.806444168090824 14.605000019073488 1.7272728085517886 3.8999999761581425 0.78954041004180919 0.19147083163261416 25059767877632.004 0.17961681634187701 4.4949998855590829 0.41669137775897985
decision_type=2 2 2 2 2 2 2 2 2 2 2 2 2 2 2 2 2 2 2 2 2 2 2 2 2 2 2 2 2 2 2 2 2 2 2 2 2 2 2 2 2 2 2 2 2 2 2 2 2 2 2 2 2 2 2 2 2 2 2 2 2 2
left_child=6 2 3 4 30 34 10 9 -9 -6 11 12 14 19 15 -1 -16 45 -5 20 -13 24 37 26 25 40 -24 32 29 -14 31 -2 -20 -19 35 -4 -37 39 -30 -23 -12 -7 -32 -8 -39 -15 -26 -48 -25 -21 -27 52 55 54 -54 60 -57 -55 -58 -59 61 -3
right_child=1 51 5 18 7 41 43 8 -10 -11 21 13 28 17 16 -17 -18 33 27 49 -22 22 23 48 46 50 -28 -29 38 -31 42 -33 -34 -35 -36 36 -38 44 -40 -41 -42 -43 -44 -45 -46 -47 47 -49 -50 -51 -52 -53 53 57 -56 56 58 59 -60 -61 -62 -63
leaf_value=0.0001937593066423211 -0.052095531649810067 0.047244381097318128 0.047192629626187997 -0.079665023923704989 0.020034757261408333 -0.21063633261204104 -0.054654219335406297 0.042362364627005933 -0.0095637408194829583 -0.076619490737022039 0.081737148438041751 -0.12734835578009648 0.059285031488881958 -0.11183303535830924 -0.043217871618524077 0.033916885332763172 -0.0002114343468347641 -0.16319047845897514 0.038752919084412474 0.012228145973407772 -0.0050894309987537106 0.036000909185565332 -0.022178191586368988 0.014348279627903651 0.057157759535536784 -0.090146520510924755 -0.18350436659134695 -0.1050210060372169 0.00036132447148683113 -0.10218959372853637 0.019503844381976672 0.10288084214774545 -0.075735733810076228 0.0019000031812547108 0.028767802526477246 -0.041973140584695673 -0.29866663621134215 -0.074433732806731698 0.090588856496004469 0.077296477624076015 0.00988268818891197 -0.077237473824958658 0.032860683778755527 0.058691885168136976 0.055480915550498278 -0.046341891615480468 -0.11905473639198234 -0.0090060609746389804 0.040907678517369539 0.06246393590043945 0.049285050566744565 0.053618168513200053 -0.52641777249095079 -0.16128048040820264 -0.15504679014595929 0.043268506502231907 -0.14603181081577499 0.037721942202878028 0.014060475834915809 -0.073553502133996973 0.047379683870506201 0.01264970989490335
leaf_weight=8550.1147902812809 155.84764679381624 293.77585346251726 48.646937847137451 58.265294160693884 6720.1686223316938 38.643109309487045 26.163111943518743 781.98648226261139 3889.2506329065654 86.700295780319721 81.09454448055476 93.616668239235878 763.04120901832357 197.18690583552234 842.70144416042604 1659.4935192479752 1273.5273799890419 20.902928240131587 4597.0841100536636 388.89549267664552 380.31923292996362 1339.3955928678624 395.56930876895785 1480.0145869841799 16.356645584106445 86.248065840452909 24.021388951689005 28.70970420417143 483.11909463023767 27.420185954775661 3005.8784254584461 27.620973587036133 43.230297023023013 252.22039813798619 164.86520633101463 69.118397787213326 22.45866122841835 60.086211352609098 64.185603058896959 324.0504505187273 10947.872684332542 56.375237250584178 5968.6354562615743 516.79446037579328 25.873153686523438 116.62978768674657 79.505042472854257 49.527019041590393 462.03850900195539 125.53262109588832 9.9050027765333635 755.11316003650427 6.3067970201373127 17.21417727926746 10.639569683931766 56.06818301230669 34.540236772038043 48.926737830042839 17.265030321665108 34.33238022250589 2100.0475930832326 240.54630747810006
leaf_count=174721 383 131 16 1555 8054 235 1636 1765 11298 822 118 437 2693 1513 17510 29700 14416 125 11669 569 1003 2047 913 1665 1 683 131 7972 3442 298 3092 1 476 503 109 150 168 461 214 629 46311 1288 4057 281 2 646 489 149 212 146 3 122 84 118 99 22 436 24 23 186 589 258
internal_value=0.0154014 0.0228108 0.0203712 0.0213086 0.0180981 -0.0389463 0.00841579 0.0107932 -0.000862797 0.0187918 0.00762104 0.00247267 0.00510224 -0.0203208 0.00172292 0.00567847 -0.0173517 -0.0522388 0.0353157 -0.00132767 -0.0294671 0.0127209 0.023622 0.0113433 0.00874234 0.0096702 -0.0318403 0.0367684 0.0362102 0.0535553 0.0272509 -0.0283057 0.0376691 -0.0112658 -0.00924522 -0.0538608 -0.107526 0.0401791 0.0110979 0.0440902 0.0104188 -0.13317 0.0283902 0.0531305 -0.0350845 -0.0877337 -0.0618046 -0.0772468 0.0206875 0.024594 -0.0753724 0.040187 0.0366212 -0.078654 -0.315167 0.0415858 -0.0225393 -0.0360004 -0.0933276 -0.00843216 0.0442211 0.0317323
internal_weight=60541.7 29378.3 25763.5 25363.4 20636.1 400.108 31163.4 11478.1 4671.24 6806.87 30620.5 15238.9 13663.6 1575.3 12325.8 10209.6 2116.23 586.94 4727.29 988.364 473.936 15381.6 4111.05 2361.64 11270.5 11125.1 419.591 4669.02 1337.77 790.461 9157.98 183.469 4640.31 273.123 305.089 140.224 91.5771 1749.41 547.305 1663.45 11029 95.0183 8974.51 542.958 85.9594 313.817 145.389 129.032 1942.05 514.428 96.1531 3614.78 2859.66 117.42 16.9464 2742.24 107.873 100.473 51.8053 83.2591 2634.37 534.322
internal_count=358869 55202 53110 51144 29472 1966 303667 21939 13063 8876 301750 247936 242994 4942 236347 204421 31926 2787 21672 2155 1440 53814 6060 2921 47754 47115 1044 20117 6647 2991 7533 384 12145 628 443 334 318 3139 3656 2676 46429 1523 7149 1917 463 2159 639 638 1877 715 686 2092 1970 511 183 1459 481 328 459 210 978 389
is_linear=0
shrinkage=0.05


Tree=43
num_leaves=63
num_cat=0
split_feature=2 10 10 21 10 20 14 1 16 17 21 16 15 8 23 22 23 21 3 24 19 1 16 10 19 11 1 1 21 21 19 23 11 19 19 19 2 16 19 3 24 16 22 23 23 8 23 24 15 23 23 23 15 17 20 8 1 23 22 20 19 24
split_gain=1388.38 481.811 728.049 680.876 492.318 553.067 633.16 505.07 410.674 509.363 373.44 356.339 350.806 757.78 382.197 259.151 402.415 254.689 226.773 218.246 250.985 186.722 199.856 177.419 227.041 182.241 174.251 408.719 592.237 268.378 273.184 265.346 229.598 156.993 247.328 166.176 132.607 116.231 145.847 104.678 111.564 219.896 92.9539 273.424 84.6074 80.3776 127.794 197.702 206.126 92.0739 167.987 63.1188 276.047 60.5817 57.3019 73.0558 91.8059 56.5229 52.0818 35.4239 34.7472 32.0931
threshold=5.5000000000000009 4.5650000572204599 2.8000000715255742 6435832320.000001 3.8000000715255742 0.67374318838119518 3.5000000000000004 37.004999160766609 0.8662669062614442 6.0182926654815683 7910144256.000001 0.62529069185256969 1.0000000180025095e-35 6.0499999523162851 2.6621994007003141e+18 16.802441596984867 3223.5991210937505 281311280.00000006 9.5000000000000018 -10.745800018310545 3.2029001712799077 569.09851074218761 0.38098174333572393 2.5324999094009404 279.55198669433599 2.5000000000000004 48.004999160766609 33.004999160766609 1119502272.0000002 199194352.00000003 315.19067382812506 0.011946235317736866 2.5000000000000004 10.189698219299318 12.096331596374513 1.274009704589844 38.500000000000007 0.21413224190473559 345.14273071289068 4.5000000000000009 -1.3000000119209287 0.64729991555213939 18.429264068603519 1.9460100822191312e+17 13980222164566018 7.3500001430511483 1.4358679577289558e+19 -0.37142856419086451 20.500000000000004 6.3722965717315683 264.58412170410162 1353.917175292969 25.500000000000004 10.003048896789553 0.18917617946863177 6.6499998569488534 39.004999160766609 1.6270383402073459e+18 15.550014972686769 0.4142207950353623 42.717363357543952 -0.015282001812011002
decision_type=2 2 2 2 2 2 2 2 2 2 2 2 2 2 2 2 2 2 2 2 2 2 2 2 2 2 2 2 2 2 2 2 2 2 2 2 2 2 2 2 2 2 2 2 2 2 2 2 2 2 2 2 2 2 2 2 2 2 2 2 2 2
left_child=10 2 11 4 5 7 -7 -4 9 18 19 -2 13 -10 -14 44 -17 51 -5 20 -1 26 37 -22 25 -25 27 31 -29 30 -28 -21 -31 35 -35 54 45 38 -23 42 -41 -42 43 -37 -6 46 49 -48 -49 61 -51 52 -13 -53 55 56 -12 -36 -24 -11 -39 -3
right_child=1 36 3 8 15 6 -8 -9 12 59 33 17 14 -15 -16 16 -18 -19 -20 21 23 22 58 24 -26 -27 29 28 -30 32 -32 -33 -34 34 57 39 -38 60 -40 40 41 -43 -44 -45 -46 -47 47 48 -50 50 -52 53 -54 -55 -56 -57 -58 -59 -60 -61 -62 -63
leaf_value=-0.11250055926314527 -0.0593637290138678 0.053854936401413228 -0.05211111394969592 0.02584991377822134 0.060482522482892903 -0.068542753165900444 0.04603401712455673 0.036951921528593647 -0.10042816675339113 -0.19006957827330076 0.021428014831899305 -0.0085131258648129225 0.036787683482940217 0.017796602303886078 -0.052829995200959358 -0.049310744221509037 0.015487447358109802 -0.081782042482973633 -0.086192467635952369 0.011735170752058174 0.18694606461998733 -0.016763166854126096 0.0039343006474253477 0.063452143057730614 -0.054974832003349176 -0.077287523504381409 0.01323052195365736 0.026651169936843723 -0.104139322508257 -0.098633036090206322 -0.0070047659804702515 0.00096843366972174962 0.017858296913921656 0.091911331472854005 -0.059746856470117939 0.0099344211698937229 0.046312821441770347 0.084610176207583848 0.044206629201004544 0.0063314027795655821 -0.0054192548618432913 -0.28353038737811959 0.029168542995024638 -0.10084272709539528 0.0018068866963006265 0.042117810511993273 0.032866633182202315 -0.13615531763533087 0.025898658440977326 -0.0071458178870850084 0.029894244480578855 0.05091921981688307 0.049965654693840011 0.10141833245055748 0.051755486959948117 0.036898968548796422 -0.030536107765090737 0.03036879154119837 -0.090935320674712355 -0.074546791469938575 0.03378879592714109 0.030866338979526394
leaf_weight=24.477472502738237 84.311348882212769 476.9011512696743 1127.2260937679675 179.33382783248089 329.19162247888744 160.21974956872873 477.42771165206796 184.53116752952337 149.68442614562809 44.341909793787636 1804.7365566962399 255.18568062258419 4033.9827460084925 1347.3822609219351 121.69412208977155 283.07592872343957 1529.1700517721474 38.492068455088884 59.24743943545036 10542.119238166371 21.246505614370108 137.29592161811888 23.175395142287016 371.02979887835681 52.575707390904427 23.657842015847564 2802.6648506961064 3705.6036069109105 87.642273704521358 123.96896846941672 4116.2390637253411 12518.424097509007 63.430677513359115 185.05300225317478 37.383926199283451 284.30092244595289 1885.438797775656 146.65233645960689 337.75917435996234 26.184930806513876 15.257673628628254 12.433449378237128 228.13669798057526 68.219378218986094 75.776532359421253 1318.3999982886016 103.27722169458866 47.784232348203659 32.287767849862576 333.45083312690258 3657.1179313622415 1467.7129666181281 956.42844284069724 62.317421976011246 206.56846742006019 818.30929643474519 88.265013424679637 30.900066018104553 36.726567060686648 10.075299813994205 46.511563543230295 232.28346133977175
leaf_count=183 14143 117 9263 171 312 4388 2414 469 658 250 1542 1065 2488 1873 382 725 1596 405 221 94326 12 578 113 826 858 298 22567 28608 388 852 69541 86555 162 51 155 358 560 88 1095 35 23 101 178 232 107 512 57 193 22 463 2304 1259 1259 38 70 433 213 21 282 92 179 140
internal_value=0.0147584 0.0251016 0.0191285 0.0128222 -0.00267512 -0.0210002 0.0171746 -0.0395598 0.0236818 -0.0339458 0.00916963 0.0413777 0.0266751 0.0059134 0.0341501 0.0134365 0.00534149 0.0444549 -0.00219659 0.00755949 0.0405632 0.00708914 0.0321275 0.0487933 0.041817 0.0548295 0.00655123 0.00839361 0.0236013 -0.000410394 0.00119202 0.00589096 -0.0592912 0.0240469 0.0620273 0.0213203 0.0346823 0.0399875 0.026577 -0.00186011 -0.0678762 -0.135997 0.00436273 -0.0117135 0.0495471 0.0311386 0.0281652 -0.0127089 -0.0712345 0.0297632 0.0267969 0.0462582 0.0376481 0.0530442 0.0263618 0.0244069 0.0189876 -0.0190456 -0.0546873 -0.170502 0.0726358 0.0463864
internal_weight=60050.7 21063.8 12976.8 10112.4 4166.62 1949.4 637.647 1311.76 5945.74 292.998 38987 2864.45 5652.74 1497.07 4155.68 2217.21 1812.25 2780.14 238.581 35181.2 492.987 34688.2 728.121 468.51 447.263 394.688 33960.1 26853.8 3793.25 7106.3 6918.9 23060.5 187.4 3805.75 253.337 3552.41 8086.94 668.219 475.055 634.533 53.8761 27.6911 580.657 352.52 404.968 6201.5 4883.1 183.349 80.072 4699.75 3990.57 2741.64 1211.61 1530.03 2917.88 2711.31 1893 68.284 59.902 54.4172 193.164 709.185
internal_count=358869 47946 43578 25409 19274 16534 6802 9732 6135 734 310923 18169 5401 2531 2870 2740 2321 4026 392 307511 2177 305334 2335 1994 1982 1124 302999 209877 28996 93122 92108 180881 1014 3412 227 3185 4368 1940 1673 927 159 124 768 590 419 3808 3296 272 215 3024 2767 3621 2324 1297 2258 2188 1755 176 395 342 267 257
is_linear=0
shrinkage=0.05


Tree=44
num_leaves=63
num_cat=0
split_feature=7 20 16 8 10 22 10 23 4 0 21 8 9 3 4 7 0 23 9 5 15 20 23 10 23 8 0 11 5 23 16 13 6 18 5 23 10 0 5 9 23 0 9 0 23 18 5 15 23 3 6 21 13 23 0 15 23 22 20 0 3 5
split_gain=1234.74 640.764 868.551 525.488 463.764 786.287 475.435 517.062 771.398 523.584 442.084 436.626 645.18 360.18 331.395 590.72 560.277 498.549 471.467 323.629 318.686 353.948 307.218 281.564 269.521 261.818 250.146 272.061 237.916 230.204 212.472 203.112 198.022 196.823 195.966 182.729 383.023 380.529 177.736 169.143 166.359 534.926 162.917 154.714 131.089 122.94 171.973 122.337 431.95 118.049 111.526 101.847 101.246 99.4661 90.9663 36.9956 32.0481 29.8984 26.1873 20.4273 51.6799 29.2614
threshold=5.2650001049041757 0.70049449801445018 0.54774570465087902 5.0699999332427987 4.5650000572204599 17.268469810485843 3.2925000190734868 3223.5991210937505 34.500000000000007 3.7949999570846562 2247430897664.0005 5.3200001716613778 2.7000001668930058 88.500000000000014 15.500000000000002 4.8949999809265146 4.805000066757203 0.0038799602771177892 3.6000000238418584 71.500000000000014 1.0000000180025095e-35 0.56830048561096203 0.010677785612642767 3.0900000333786015 1.2633387228756708e+18 7.2500000000000009 5.4200000762939462 4.5000000000000009 68.500000000000014 3.6542624572427475e+17 0.12472866475582124 0.14999999105930331 21.500000000000004 4.2625248432159433 139.50000000000003 1.4358679577289558e+19 5.3500001430511483 4.5950000286102304 73.500000000000014 0.29999983310699468 1.0504661202430727 5.0950000286102304 3.4650000333786015 6.0499999523162851 5.019452275093931e+18 39.835540771484382 333.50000000000006 8.5000000000000018 364.85275268554693 1.5000000000000002 14.500000000000002 17761735.000000004 -0.0029367374954745169 0.00095459495787508797 2.5049999952316289 3.5000000000000004 64546827961106440 19.210180282592777 0.74258962273597728 4.4949998855590829 24.500000000000004 5.5000000000000009
decision_type=2 2 2 2 2 2 2 2 2 2 2 2 2 2 2 2 2 2 2 2 2 2 2 2 2 2 2 2 2 2 2 2 2 2 2 2 2 2 2 2 2 2 2 2 2 2 2 2 2 2 2 2 2 2 2 2 2 2 2 2 2 2
left_child=1 14 22 13 5 30 20 8 9 -8 -10 52 -13 47 19 16 17 38 -19 24 21 29 31 -17 26 28 27 -1 35 -7 -2 54 44 50 42 40 37 -37 -16 -28 41 -6 -25 -36 -22 53 -47 48 -4 -42 -21 -49 -9 -35 58 -18 -32 -30 -3 60 61 -27
right_child=4 2 3 -5 25 6 7 11 10 -11 -12 12 -14 -15 15 23 55 18 -20 33 32 -23 -24 34 -26 59 39 -29 57 -31 56 -33 -34 45 43 36 -38 -39 -40 -41 49 -43 -44 -45 -46 46 -48 51 -50 -51 -52 -53 -54 -55 -56 -57 -58 -59 -60 -61 -62 -63
leaf_value=0.0064799759882426299 0.046174274107028339 0.069877880777314716 -0.08604444754694851 -0.093742110500520559 -0.20715122080477469 -0.10170571892262931 -0.11552861341823523 0.045537941102463037 -0.16868330234699161 0.0079022522863118755 0.0059051303047420291 -0.024440023730205526 0.021267993286793456 -0.10391396911378892 0.067672050526846161 -0.11124332781097845 0.072111887107661671 -0.097142034527236132 0.022043830013860097 -0.097585494027296465 0.040341315293135172 -0.093848075758153779 -0.056405878959704829 0.0060116893797689114 -0.15944880438453218 0.028825173951963129 0.016227739747209712 -0.064576972768476265 0.048361276437259938 0.030962143181794778 -0.10424248921185281 0.10585556982365618 -0.083289874753968388 -0.013498157852862545 -0.12765261250757995 -0.03299477574748693 0.042199680734506168 -0.24911164561680371 -0.074067044804400337 0.049203886127117076 0.008567741235396862 0.041627310299484618 0.048036479103472599 0.046073974239930371 -0.075488862111380825 -0.089834232837431 0.07784093224346926 0.05423663858270239 0.045888937684203879 0.027097065249206843 0.054952475011014072 -0.0062110211509293148 0.096619794001447934 0.065465423118092184 -0.056526866608118412 0.020087476788184559 -0.16789421077826522 0.027845219633708521 -0.044304994593278454 0.045673568948054737 0.043976592014014139 -0.021798367453401142
leaf_weight=28497.294432645198 22.044182437588461 26.008672698400918 74.26309655350633 69.162403616704978 31.340157940983772 35.850201560067944 94.15101845911704 274.87519525224343 123.55991471151356 884.15689819818363 50.977590419701301 989.82643646933138 3495.3628919234616 39.061412343056872 89.562364060198888 48.399144730065018 74.054007370490581 530.07072130893357 97.870298381021712 35.953590462915599 2881.7671597392182 93.425426418893039 346.73671602335526 1364.598736197222 23.208122783340514 57.809868894517422 1927.0462533002719 134.34279765794054 1179.7360395118594 289.62343602906913 104.53110386792105 54.355128556955606 32.353999232465867 42.972774485126138 43.170985550154001 76.393047168850899 109.65216980874538 27.005895979702473 28.331465239287354 487.18957626027986 978.9733895487152 64.296682573854923 276.7281397881452 17.395949177443981 23.72289790539071 33.707430528942496 26.347211472690105 2062.313515426591 352.62356664100662 7166.2711914032698 16.906910628080368 71.764299317263067 152.95732484594919 487.91590845864266 53.305324958462734 65.279732744325884 29.329281821846962 216.27650718763471 5.3877787048113523 2246.8607785478234 307.05352199077606 54.431947257369757
leaf_count=279667 15 14 1569 1843 198 352 456 93 776 1156 66 1812 3931 449 79 506 37 8358 384 351 11175 1394 17639 1916 123 44 2216 1817 317 299 952 72 1960 157 647 151 57 175 542 271 1315 34 111 4 208 252 3 1609 640 5291 2 288 59 486 2778 78 240 141 374 718 107 95
internal_value=0.0141363 0.0086118 0.0301733 0.0413647 0.0235126 0.0152284 0.0170757 0.00871714 -0.0214042 -0.0040773 -0.117919 0.0157891 0.0111765 0.0449952 0.00663036 -0.0104025 -0.0436656 -0.0608552 -0.0785524 0.00804629 0.0321716 -0.00860015 -0.0312661 0.00643202 0.0073182 0.0298504 0.00744815 0.00614415 0.0260816 0.016067 -0.0957836 0.031339 0.0379878 0.0431096 0.00984481 0.0229175 -0.022708 -0.0913339 0.0332317 0.022902 0.0241003 -0.0411456 0.0131251 -0.077736 0.0393682 0.051389 -0.0161197 0.0473081 0.0227781 0.024872 -0.0485904 0.0521996 0.0639949 0.059051 -0.017099 0.0480902 -0.119367 0.0452086 0.0493665 0.043757 0.0333909 0.00425531
internal_weight=59597.9 37503.3 3154.98 2669.19 22094.6 9578.51 9422.61 6065.87 1152.85 978.308 174.538 4913.02 4485.19 2600.03 34348.3 2635.46 885.169 745.835 627.941 31712.9 3356.74 418.899 485.794 1750.29 31069.1 12516.1 31045.9 28631.6 9849.95 325.474 155.905 139.057 2937.84 643.804 1701.89 8453.93 213.051 103.399 117.894 2414.24 8240.88 95.6368 1641.33 60.5669 2905.49 590.943 60.0546 2560.96 426.887 8145.24 52.8605 2134.08 427.833 530.889 84.7018 139.334 133.86 1396.01 31.3965 2666.16 419.295 112.242
internal_count=358869 325282 27275 6398 33587 24944 23737 8349 2454 1612 842 5895 5743 4555 298007 12662 9478 9363 8742 285345 15388 2045 20877 3184 284094 8643 283971 281484 7679 651 1207 3238 13343 1251 2678 7221 383 326 621 2487 6838 232 2027 651 11383 898 255 4106 2209 6606 353 1897 152 643 3166 115 1192 458 388 964 246 139
is_linear=0
shrinkage=0.05


Tree=45
num_leaves=63
num_cat=0
split_feature=2 0 10 10 21 10 24 9 9 1 2 16 1 22 7 0 1 22 10 5 9 0 14 4 21 18 5 14 22 2 22 7 19 0 1 0 1 0 1 0 0 0 1 24 21 22 0 8 8 4 16 10 1 18 13 14 24 22 22 21 4 22
split_gain=1246.64 444.887 388.323 725.251 561.658 504.842 567.074 483.157 440.914 383.978 338.838 318.635 287.657 240.739 274.181 628.785 390.7 238.907 236.748 376.211 279.493 563.776 235.372 228.548 218.843 207.003 200.508 201.241 198.336 167.513 155.695 120.126 119.575 253.731 220.256 151.545 134.31 231.204 192.7 217.685 213.318 114.797 104.553 171.84 353.681 111.218 96.6606 91.0753 214.493 330.299 281.149 71.9601 60.7163 86.2298 59.2038 54.7768 47.1422 40.8146 61.5466 55.5282 86.8109 48.9878
threshold=5.5000000000000009 5.2049999237060556 4.5025000572204599 2.8000000715255742 281311280.00000006 3.0225000381469731 0.045945236459374435 1.4999998807907107 4.3499999046325692 13.004000186920168 72.500000000000014 0.62529069185256969 9.9984998703002947 17.20800876617432 5.1099998950958261 4.9949998855590829 9.9984998703002947 17.20800876617432 4.5025000572204599 94.500000000000014 2.4050000905990605 4.3949999809265146 10.500000000000002 27.500000000000004 468109168.00000006 33.174798965454109 228.50000000000003 2.5000000000000004 15.79515600204468 38.500000000000007 17.968340873718265 4.8949999809265146 559.01751708984386 5.4200000762939462 58.004499435424812 7.8500001430511483 177.00099945068362 5.5199999809265146 43.004999160766609 5.4200000762939462 5.3150000572204599 4.4949998855590829 613.19500732421886 2.1434284448623662 12716971520.000002 17.794147491455082 4.6949999332427987 7.0499999523162851 6.8500001430511483 13.500000000000002 0.94449257850646984 3.1475000381469731 13.973999977111818 0.23694860935211184 -0.092592414468526826 1.5000000000000002 0.045945236459374435 16.342941284179691 16.206096649169925 0.28272379934787756 3.5000000000000004 16.000020980834964
decision_type=2 2 2 2 2 2 2 2 2 2 2 2 2 2 2 2 2 2 2 2 2 2 2 2 2 2 2 2 2 2 2 2 2 2 2 2 2 2 2 2 2 2 2 2 2 2 2 2 2 2 2 2 2 2 2 2 2 2 2 2 2 2
left_child=1 13 3 11 7 6 -6 30 12 10 -9 -2 -7 14 23 16 46 -8 19 20 21 -15 -11 26 54 -22 27 -1 32 47 31 -5 33 -3 -35 -36 38 -38 39 -34 -40 -18 43 45 -45 -20 -16 48 52 -50 -51 -30 53 -4 -13 -56 -49 58 61 60 -59 -53
right_child=2 28 29 4 5 8 17 9 -10 22 -12 24 -14 18 15 -17 41 -19 42 -21 25 -23 -24 -25 -26 -27 -28 -29 51 -31 -32 -33 36 34 35 -37 37 -39 40 -41 -42 -43 -44 44 -46 -47 -48 56 49 50 -52 57 -54 -55 55 -57 -58 59 -60 -61 -62 -63
leaf_value=0.004253529507488492 -0.059088747991016946 -0.092740964318819993 0.032125288829743318 -0.076260949546125834 -0.094282769389186338 0.03977698626406799 -0.09861305659445016 -0.038523253078511406 -0.11984918907959741 0.011138904831114953 0.025154103741787288 0.098061313770391761 0.016636403405335613 -0.086795083380086097 -0.03302779678245054 0.043364404054515332 -0.07823457945166061 0.037536649418363259 0.030110166622152542 -0.12938389661428459 0.021393090608289825 0.0091647715362409825 0.16897267998854143 -0.072673676476586901 -0.078145112289883634 -0.11036984252246101 0.064939391837556468 0.074214849230609656 0.079140262816402421 0.045252453069057924 0.049143664663905753 -0.17751138405501823 -0.016715391592394081 0.019784883644494208 -0.13163429339535607 0.051759095541589355 0.10098841037322562 -0.013852649103068715 0.024129468615039763 0.029581180247009661 -0.11323690278175061 -0.15039218439218507 0.070455514438538383 0.0072164307636320996 -0.22104240631559102 0.014296082603979325 0.067590387546067873 0.041995490183029782 0.019273956657658291 -0.02707415543062397 -0.23998321330408434 0.042668741807897502 0.036365646684724695 0.015360859457709531 0.028008087406990248 0.046987877741506812 0.013389279825271947 -0.054718173191356204 0.070788039010827128 0.03307265440487353 0.022677805680504797 -0.0076908909881996546
leaf_weight=26543.387774320319 77.762439416721463 73.643712498247623 1405.3176230117679 113.62771238316782 199.06790909892879 2055.0450926579069 36.698233009781688 898.41424119123258 52.280695970635861 1706.5441686906852 271.25365092681022 50.713436068966985 3884.5398880676366 224.60096598882228 47.616638464387506 182.83971497323364 171.85882081033196 221.11343810579274 1833.5582637293264 53.903431450249627 1168.1925192106282 475.29863688023761 22.96503214770928 94.438761347904801 35.870059271459468 29.59648527065292 137.06868369155563 102.20056426944211 89.712386768311262 1823.4608300998807 17.99080491065979 40.446322079747915 321.77961771190166 400.99453722313046 42.329819768667221 14.560010775923727 120.26778322458267 68.177900895476341 53.246698439121246 1190.8923868834972 58.422408103942871 84.777480689343065 100.79581391066313 69.011871320195496 21.462716195732355 2837.2258459664881 45.931576654314995 1289.1311408318579 124.41131810098886 35.835663236677647 26.814182065427303 230.74745455756783 1169.0346450321376 1699.4707007817924 470.39099718118086 2149.2842857305659 164.05333930999041 46.580535962246358 163.16101662814617 1091.95920955576 150.81499385274947 60.451064369641244
leaf_count=291598 14078 331 808 3962 1599 1269 189 6531 413 4051 1768 33 4657 1005 182 108 829 232 1948 472 2024 708 434 3516 383 255 342 27 23 593 3 214 680 386 214 2 74 121 121 1025 276 460 28 108 139 2800 8 502 107 63 169 171 589 1581 898 2782 165 151 78 677 142 120
internal_value=0.0131048 0.00782876 0.0232131 0.0176904 0.0111228 0.0195032 -0.0311067 -0.0064728 0.0233676 -0.00162592 -0.0237429 0.0401347 0.024649 0.00594786 0.00385651 -0.0316189 -0.0707958 0.0178309 0.0143584 -0.000350198 0.00337856 -0.0217019 0.013334 0.00456139 0.0430084 0.0180438 0.00483662 0.00452483 0.0232307 0.0319911 -0.0876292 -0.103846 0.0135838 -0.00725301 0.00665766 -0.0845281 0.0196967 0.0595598 0.0150352 0.019725 -0.0480599 -0.102582 0.0202623 0.019184 -0.0487018 0.0205102 0.0165146 0.0278945 0.0243391 -0.0279434 -0.120617 0.0355489 0.0266346 0.0229584 0.0446663 0.0435937 0.0387809 0.0332592 0.0461973 0.0286637 0.00420529 0.0322067
internal_weight=58443 38401.5 20041.5 12304 9519.99 6448.75 456.88 3071.24 5991.87 2899.18 1169.67 2784.02 5939.58 34223.8 27410.1 533.024 350.185 257.812 6813.65 1951.59 1897.69 699.9 1729.51 26877.1 2706.26 1197.79 26782.7 26645.6 4177.74 7737.53 172.065 154.074 2344.31 531.528 457.884 56.8898 1812.79 188.446 1624.34 1512.67 111.669 256.636 4862.05 4761.26 90.4746 4670.78 93.5482 5914.07 4460.88 187.061 62.6498 1833.43 4273.82 3104.79 2670.39 2619.68 1453.18 1743.71 454.36 1289.35 197.396 291.199
internal_count=359222 311149 48073 43496 25322 8359 2020 16963 6339 12784 8299 18174 5926 306557 297070 1587 1479 421 9487 4464 3992 1713 4485 295483 4096 2279 291967 291625 4592 4577 4179 4176 3230 933 602 216 2297 195 2102 1705 397 1289 5023 4995 247 4748 190 3984 3317 339 232 1362 2978 2389 3713 3680 667 1339 369 970 293 291
is_linear=0
shrinkage=0.05


Tree=46
num_leaves=63
num_cat=0
split_feature=2 0 10 10 21 12 15 8 10 4 9 15 16 0 22 12 10 12 3 10 6 0 9 0 21 9 18 6 21 2 7 3 17 1 22 1 18 8 12 10 3 0 1 1 0 7 18 1 18 1 8 12 0 21 0 15 4 1 22 10 16 1
split_gain=1180.54 411.361 372.109 692.161 517.348 602.286 548.614 908.947 464.069 404.335 400.404 346.036 298.568 256.017 221.756 280.176 254.856 231.354 360.553 217.169 370.298 350.591 239.138 473.97 204.331 189.169 180.521 173.93 167.093 166.833 119.918 113.229 103.824 97.0812 118.142 253.784 149.763 89.5297 224.568 251.526 180.876 127.075 85.8955 210.919 125.401 157.313 175.182 107.016 86.151 77.432 69.5777 150.84 68.4523 63.9766 64.5402 59.2026 256.314 57.7583 73.2525 59.0865 57.4397 40.7008
threshold=5.5000000000000009 5.2049999237060556 4.5025000572204599 2.8000000715255742 281311280.00000006 1.2553574442863467 6.5000000000000009 6.3500001430511483 3.0225000381469731 145.50000000000003 4.3499999046325692 22.500000000000004 0.62529069185256969 3.495000004768372 17.20800876617432 1.6075282692909243 5.3250000476837167 1.5555555224418642 8.5000000000000018 4.5025000572204599 38.500000000000007 3.7949999570846562 2.4050000905990605 4.3949999809265146 468109168.00000006 0.10000026226043703 33.174798965454109 104.50000000000001 1389.8003540039065 38.500000000000007 4.8949999809265146 27.500000000000004 63.500000000000007 613.19500732421886 17.794147491455082 43.004999160766609 9.5618000030517596 7.0499999523162851 1.4355753064155581 4.6499998569488534 20.500000000000004 5.0950000286102304 26.005000114440922 33.854999542236335 5.4200000762939462 4.4949998855590829 608.45587158203136 34.004499435424812 652.81942749023449 20.404999732971195 6.5499999523162851 1.3500902652740481 6.0499999523162851 1010718.1250000001 5.6199998855590829 10.500000000000002 69.500000000000014 206.47499847412112 15.79515600204468 3.1475000381469731 0.12503705173730853 2.4750000238418584
decision_type=2 2 2 2 2 2 2 2 2 2 2 2 2 2 2 2 2 2 2 2 2 2 2 2 2 2 2 2 2 2 2 2 2 2 2 2 2 2 2 2 2 2 2 2 2 2 2 2 2 2 2 2 2 2 2 2 2 2 2 2 2 2
left_child=1 14 3 12 5 27 7 -7 13 -8 11 -10 -2 32 15 16 17 18 -1 20 22 -22 23 -16 55 42 -24 30 -19 37 -5 -15 -6 34 36 -36 -21 38 50 40 -40 -41 44 53 45 46 -3 -45 -49 52 51 -4 -46 54 -44 56 -14 58 -27 -60 -61 -57
right_child=2 25 29 4 8 6 9 -9 10 -11 -12 -13 24 31 19 -17 -18 28 -20 33 21 -23 26 -25 -26 57 -28 -29 -30 -31 -32 -33 -34 -35 35 -37 -38 -39 39 41 -42 -43 43 47 49 -47 -48 48 -50 -51 -52 -53 -54 -55 -56 61 -58 -59 59 60 -62 -63
leaf_value=0.0043072108342664559 -0.058719573901020242 -0.10772683368014452 0.025284599951252665 -0.080100552286860541 -0.071848455679051834 -0.091713190151548718 0.022381021688017984 0.0031418115413340188 0.025486240200553418 -0.088684550225621994 -0.11374861272521933 -0.065713934049704895 0.039089225734713101 0.044088192554545637 -0.077325411506355204 -0.063262360618006122 -0.13357698018732286 0.062674771755742986 -0.057015343105298613 0.019686504120359272 0.028433870147458646 -0.15553253940599196 0.022375158643278895 0.010605522200949923 -0.076302140116435727 -0.010488039834166386 -0.1047034474742034 0.051303695828945929 -0.088829151729977393 0.044787148039942937 -0.17419735061377667 -0.053322335297168927 0.0069052460216912099 0.0683164514603357 0.015401205484037412 -0.05365648888349013 0.05182897937852339 0.038146028121023461 0.027125137856927578 -0.24180845581615193 -0.083719437272470373 -0.028750384039570587 -0.081878864730064005 0.069419144428076049 0.013700982416351766 0.038060521715282521 -0.0064347325209676886 -0.021919714342155283 0.017095178036642299 0.053764217074751652 0.040341326969370213 -0.028743291421239242 0.037699639893411394 -0.00590432939313948 -0.23597290538802607 0.026397578643638904 -0.089958926434379444 0.071449350504698569 0.076738563987020891 0.073824511028415515 0.030883205134379945 0.049931529610250512
leaf_weight=26769.344708191231 74.429404840280768 49.177019968628883 3313.7803406380117 99.323304484831169 238.57263984758174 372.12692085769959 1660.413436691626 781.09085278969724 5733.7667765726801 85.206879396457225 52.380364462151192 104.97118504089303 455.51228496199474 121.80716313002631 226.11762594524771 154.51450817764271 32.600343916099519 238.66979517578147 240.85967276198789 1372.2838896717876 40.209930235287175 70.205304030096158 1108.1389546310529 470.39075793186203 34.947224398027174 85.224955834448338 27.679963152157143 17.101194381713867 18.802357597276568 1752.1080397553742 53.817681083455682 38.443629845743999 50.36959632136859 98.835455885156989 2704.8347512595356 138.92433517426252 493.24389371555299 1404.8513394482434 128.73322781175375 17.546232670545582 50.375472672283649 11.815399996936319 19.648369610309604 60.034451216459274 852.20157126523554 163.9244013056159 287.87422174215317 253.5823269309476 317.52343599498272 227.01104565709829 716.61889395490289 133.54004292562604 457.81705205887556 11.631720662117003 11.276183016598223 208.7138144611381 41.056179617531598 113.39800062216818 87.969816887751222 84.121385835111141 1041.0122694736347 1878.7788642062806
leaf_count=288313 14078 206 2414 2662 1587 3031 4911 2390 5586 3685 413 340 728 103 997 2150 187 698 5517 1299 35 370 2116 695 383 152 251 2 205 593 282 197 133 28 2525 423 748 667 89 114 150 22 84 28 988 97 534 670 558 93 290 238 232 18 73 283 963 45 23 33 758 1739
internal_value=0.0125615 0.00745399 0.0225319 0.0170991 0.0106987 -0.00614999 -0.00076541 -0.0275152 0.0188549 0.0169092 0.0225915 0.0238348 0.0394444 -0.0300806 0.00565496 0.00365812 0.00403936 0.00420897 0.0037581 0.0137733 -0.00033252 -0.0888387 0.00504364 -0.0180035 0.0422574 0.0223715 0.0191845 -0.097268 0.0512907 0.0312607 -0.114117 0.020503 -0.0581261 0.0194728 0.0184323 0.0120081 0.0282108 0.0271505 0.0236086 -0.0269259 -0.00431458 -0.160007 0.0146324 -0.000837845 0.0197467 -0.00196649 -0.0215034 0.00648875 -0.000227505 0.0268238 0.0261458 0.0231825 0.0221141 -0.107266 -0.143855 0.0438916 0.0282501 0.0372128 0.034166 0.0373132 0.0341609 0.0475947
internal_weight=57961.3 38329.1 19632.2 12102.8 9409.39 3069.08 2898.84 1153.22 6340.31 1745.62 5891.12 5838.74 2693.44 449.193 34205.7 27454.8 27300.3 27267.7 27010.2 6750.86 1942.74 110.415 1832.33 696.508 2619.01 4123.43 1135.82 170.242 257.472 7529.37 153.141 160.251 288.942 4808.12 4709.29 2843.76 1865.53 5777.26 4372.41 208.47 179.109 29.3616 2711.7 673.696 2038.01 500.976 337.051 631.14 571.106 1537.03 4163.94 3447.32 1310.02 42.5563 30.9246 2584.06 496.568 1411.73 1298.33 1213.1 1125.13 2087.49
internal_count=359222 311149 48073 43496 25322 16963 14017 5421 8359 8596 6339 5926 18174 2020 306557 297070 294920 294733 293830 9487 4464 405 4059 1692 4096 4592 2367 2946 903 4577 2944 300 1720 5023 4995 2948 2047 3984 3317 375 239 136 3581 1431 2150 837 740 1256 1228 1313 2942 2652 1220 175 157 3713 1691 1011 966 814 791 2022
is_linear=0
shrinkage=0.05


Tree=47
num_leaves=63
num_cat=0
split_feature=2 0 13 9 8 23 14 21 18 17 2 12 9 22 11 8 0 1 22 1 22 4 12 0 9 1 9 12 2 9 8 11 18 1 16 4 9 12 0 1 18 1 18 0 8 22 1 12 15 0 8 0 1 22 1 16 1 1 12 9 9 9
split_gain=1118.91 380.521 365.27 628.152 500.741 622.649 317.932 485.847 289.956 240.479 352.185 266.511 232.445 203.97 293.492 215.132 525.342 209.117 204.94 263.136 205.256 657.552 262.892 201.378 211.448 191.998 177.681 160.214 311.106 211.117 538.314 179.197 151.846 140.458 162.384 133.372 132.375 329.026 84.1545 104.9 320.442 167.522 113.103 92.6669 197.813 82.6248 305.909 74.2513 61.9926 61.1507 136.869 198.177 53.4236 68.5882 50.8822 45.6873 43.3551 43.0608 37.3009 36.3044 35.3814 35.3016
threshold=5.5000000000000009 5.2049999237060556 -0.004902295069769024 3.9499999284744267 7.2500000000000009 1.4358679577289558e+19 3.5000000000000004 143251668992.00003 0.058294720947742469 24.034883499145511 66.500000000000014 2.0256592035293584 2.1649998426437382 17.20800876617432 4.5000000000000009 5.1099998950958261 4.9949998855590829 9.9984998703002947 17.687735557556156 9.3530001640319842 18.233435630798343 31.500000000000004 1.2610968351364138 2.5249999761581425 1.4999998807907107 113.00600051879884 0.10000026226043703 2.0347852706909184 110.50000000000001 2.6000000238418584 5.7850000858306894 5.5000000000000009 0.0044458333868533382 44.004999160766609 0.99965035915374767 78.500000000000014 3.0950000286102299 1.406250059604645 7.2500000000000009 37.93499946594239 652.81942749023449 108.01150131225587 90.620330810546889 5.4200000762939462 4.4749999046325692 19.757834434509281 43.004999160766609 1.941710412502289 1.5000000000000002 4.4949998855590829 8.2500000000000018 3.8850001096725468 206.47499847412112 15.79515600204468 11.802000045776369 0.12503705173730853 195.0100021362305 12.998000144958498 1.6075282692909243 3.1949999332427983 3.9999998807907109 1.6000000238418581
decision_type=2 2 2 2 2 2 2 2 2 2 2 2 2 2 2 2 2 2 2 2 2 2 2 2 2 2 2 2 2 2 2 2 2 2 2 2 2 2 2 2 2 2 2 2 2 2 2 2 2 2 2 2 2 2 2 2 2 2 2 2 2 2
left_child=1 13 4 27 5 6 9 12 -7 10 -2 -11 -8 14 15 23 17 -17 19 -15 21 22 -20 25 -25 -1 38 28 29 31 -31 -4 -16 49 56 60 37 -21 39 43 42 -42 -41 44 -3 46 -22 -5 -9 50 51 -6 53 -28 -29 -55 -35 -56 -47 -57 -10 -23
right_child=2 26 3 47 33 8 7 48 35 11 -12 -13 -14 18 32 16 -18 -19 20 36 45 61 -24 24 -26 -27 52 54 -30 30 -32 -33 -34 34 -36 -37 -38 -39 -40 40 41 -43 -44 -45 -46 58 -48 -49 -50 -51 -52 -53 -54 55 57 59 -58 -59 -60 -61 -62 -63
leaf_value=-0.037297696542901292 0.011855649614196566 -0.023200769260594695 0.026531288863526643 -0.18905131479766382 -0.12011893782641048 0.0033455338447178854 0.03489840990878821 0.041037295925601222 -0.20268316386331697 0.040571205305312386 -0.10459392226149099 -0.049437140207437072 -0.11800586128812979 -0.11314035905249922 0.064683937881115289 0.010486097453946521 0.041411437401206751 -0.071562842667517737 0.0091670987945973361 0.027458104374276045 0.014269170873257181 -0.23048913840212568 -0.046232802638844279 0.004056707053512805 0.022531168035577202 0.072633798087207047 -0.0099183142568717696 0.048678432414047741 -0.081858315230014189 -0.086714196862063275 0.02202388290070827 0.04542396495052143 -0.068647741609399307 -0.20858944337327234 0.019790510838930162 0.00075936260288338468 0.083066826495284088 -0.097183347785475438 0.051378582521035103 -0.019453022000916594 -0.038884216977832099 0.043710102737026801 -0.10985791294534204 0.022777809283969046 0.03934828321970596 0.039638896747794507 -0.065093682203735181 -0.073977630801787417 -0.020161049194269795 0.045743798058342305 0.053288822424099047 0.016676137286502527 0.069380759293178426 0.072353043178923923 0.04426541893416925 0.030361839162970802 -0.071465868112623149 -0.056694286914004535 0.014222842299414893 0.060095359057910802 -0.10880276204070377 -0.13686256234814875
leaf_weight=438.17170290113427 7128.8029171896633 356.33099487423897 3490.684160836041 17.103154623415321 28.252643579151481 44.652443965896964 29.321466062217951 132.31636890850496 51.854939162731171 1187.3135079338681 64.525904829497449 87.475304761785083 147.51483195624314 33.00620061554946 23.140715265646577 98.467141349101439 209.4595861332491 360.60961818019859 1070.2415378689766 2189.4141246294603 2171.1348556708544 20.309297814965248 266.63483444065787 24477.730906968005 1652.6965803649509 42.715209565125406 85.660338141024113 1338.8556205226923 62.575276736170053 127.83056606532773 975.72482964489609 1968.3565805110848 194.56102569110226 8.682792544364931 72.772497132886201 11.759819498576688 99.963305057026446 53.282947060652077 142.03672147169709 60.715001285076141 86.024574540555477 207.73877637833357 81.518517953343689 1557.9030469786376 194.58303239196539 395.64689890295267 127.61114329379052 79.535814552742522 59.156251191394404 1495.1833879384212 254.4169512540102 277.78870051109698 111.03049100935459 81.624897794798017 19.404101306747179 989.62429093755782 19.376290701329708 20.887790886394214 230.66715711820871 115.58668239228427 17.836728529306129 36.908007878344506
leaf_count=15002 12734 821 8548 117 277 75 124 114 291 626 366 362 1204 271 13 242 142 1764 1177 2726 2444 128 733 264808 8027 970 152 1797 8317 2801 945 4656 6102 58 86 30 103 598 30 163 240 268 431 1500 128 199 542 2939 127 491 42 269 45 33 106 745 108 384 295 36 79 271
internal_value=0.0120403 0.0070957 0.0218828 0.0299594 0.0159959 0.0107879 0.0123676 -0.0330464 -0.0990911 0.0143471 0.010796 0.0343571 -0.0925708 0.00537475 0.00346874 0.00393127 -0.0240605 -0.0539688 0.0132009 0.0249944 0.00670863 -0.00907328 -0.00190476 0.00463556 0.00522619 -0.0273921 0.021546 0.031494 0.0282562 0.0293192 0.00935656 0.0333514 -0.0542214 0.0376233 -0.0197968 -0.154668 0.0269902 0.0244526 0.014038 0.0119326 -0.0103679 0.0194567 -0.0717071 0.0165483 -0.0010681 0.0142326 0.00983491 -0.0961222 0.0220973 0.0404506 0.0262641 0.00368134 0.0361025 0.0331427 0.0470126 0.0362606 -0.119788 -0.00805767 0.0303239 0.0335275 -0.180605 -0.17357
internal_weight=57482.7 38262.8 19220 8100.96 11119 8962.53 8836.43 368.309 126.104 8468.12 7193.33 1274.79 176.836 34192.4 27497.6 27279.9 668.536 459.077 6694.82 2375.67 4319.15 1394.09 1336.88 26611.3 26130.4 480.887 4070.38 8004.32 6625.17 6562.6 1103.56 5459.04 217.702 2156.47 100.832 81.4515 2342.66 2242.7 2686.85 2544.81 435.997 293.763 142.234 2108.82 550.914 2925.06 2298.75 96.639 191.473 2055.64 560.458 306.041 1383.53 1272.5 1379.15 1186.84 28.0591 40.2919 626.314 1105.21 69.6917 57.2173
internal_count=359222 311149 48073 30610 17463 16132 15657 1569 475 14088 13100 988 1328 306557 297070 290955 2148 2006 9487 3698 5789 2309 1910 288807 272835 15972 4592 27554 25267 16950 3746 13204 6115 1331 252 400 3427 3324 3581 3551 1102 508 594 2449 949 3480 2986 3056 241 1079 588 546 1011 966 2287 814 166 490 494 781 370 399
is_linear=0
shrinkage=0.05


Tree=48
num_leaves=63
num_cat=0
split_feature=6 20 0 21 20 6 20 5 24 20 5 23 4 5 22 22 20 0 5 5 21 18 24 0 24 16 23 24 11 5 16 14 14 5 23 20 22 24 0 22 7 16 16 0 24 24 17 11 11 7 7 23 20 23 5 13 23 7 22 20 18 18
split_gain=1059.52 381.345 456.92 373.126 353.279 439.347 655.944 431.517 326.592 303.849 429.692 535.164 478.744 397.748 621.151 285.302 395.361 264.621 260.486 454.698 228.374 252.837 222.608 203.157 195.688 191.862 181.577 181.264 161.115 155.155 236.197 153.027 145.911 131.556 122.359 110.756 97.4769 84.0654 63.1405 71.323 62.794 52.486 50.6164 46.8059 45.7916 44.4869 40.2665 40.2598 21.7638 19.6411 19.0181 14.9012 44.2626 22.2929 13.1319 42.835 39.5982 31.6026 12.58 12.555 17.3937 12.1297
threshold=2.5000000000000004 0.91116741299629223 5.0950000286102304 143251668992.00003 0.21212815493345263 15.500000000000002 0.29126216471195226 68.500000000000014 -0.012964424677193163 1.4288153648376467 27.500000000000004 0.010677785612642767 4.5000000000000009 26.500000000000004 14.560017108917238 18.720302581787113 0.36649332940578466 2.6350001096725468 2.5000000000000004 3.5000000000000004 12554001.500000002 145.74133300781253 0.12471294030547143 5.2049999237060556 0.32051375508308416 0.50024038553237926 2.1921668052673344 -1.1577877998352049 7.5000000000000009 35.500000000000007 0.095380242913961424 1.5000000000000002 2.5000000000000004 2.5000000000000004 2507710473961472.5 0.29983869194984442 17.860466003417972 0.5000000298023225 5.9500000476837167 19.082656860351566 5.0699999332427987 0.72749775648117077 0.17395862191915515 7.5499999523162851 0.018978760577738289 0.19999999552965167 0.9925418794155122 3.5000000000000004 6.5000000000000009 3.6450001001358037 4.5850000381469735 629879972298752.12 1.1476491689682009 43.91089057922364 25.500000000000004 0.027428568340837959 112069026250752.02 2.7949999570846562 16.528291702270511 0.18917617946863177 0.29215972125530248 0.67962223291397106
decision_type=2 2 2 2 2 2 2 2 2 2 2 2 2 2 2 2 2 2 2 2 2 2 2 2 2 2 2 2 2 2 2 2 2 2 2 2 2 2 2 2 2 2 2 2 2 2 2 2 2 2 2 2 2 2 2 2 2 2 2 2 2 2
left_child=9 2 3 4 7 8 -7 25 -6 10 13 12 -12 17 20 35 22 18 50 -20 21 -15 -17 27 -18 -2 -11 -19 31 37 -31 -3 51 -25 43 47 41 -14 39 42 -9 49 -4 -16 -34 61 -44 -5 -43 -33 -1 53 -53 -13 55 56 57 -28 -30 -41 -61 -40
right_child=1 28 38 15 5 6 -8 40 -10 26 11 32 29 14 34 16 24 23 19 -21 -22 -23 -24 33 -26 -27 54 -29 58 30 -32 36 44 -35 -36 -37 -38 -39 45 59 -42 48 46 -45 -46 -47 -48 -49 -50 -51 -52 52 -54 -55 -56 -57 -58 -59 -60 60 -62 -63
leaf_value=-0.051235477035554561 -0.012570707695232297 -0.089244060146359036 -0.031043736574978577 0.0012386990210832415 -0.0076865873113557519 -0.00086721579889171738 -0.06721333415905334 0.010622568338174113 0.019709883296003285 -0.054345906923781176 -0.069000090018520643 -0.05857079559246961 0.048952065969212637 -0.04829767066278965 -0.062009100598900059 0.027878030346139233 -0.071467060948503289 0.023332240321704893 0.074902307654749131 -0.023596911901882484 0.48297949673223989 0.29650831049183146 -0.012419911885617665 0.012196437539974866 0.045538289380237892 0.014646752006194122 0.034424088799237799 0.0036736204793758882 -0.13553052740294813 0.065492694226400097 -0.061150141929212788 0.03687513677354344 -0.063376919779096028 0.035692780902119012 0.10016831245994472 0.05120568598950298 -0.061204284173866412 0.15598932359347442 0.047387763403968344 0.043482157274504718 0.04285962225968358 0.04041353750911765 0.014775607478156283 0.051724750106279728 0.050835793024858439 0.072215824448365259 0.031655784641390863 0.038489225469386851 0.052980367356276085 -0.062894116015100338 -0.10042854833444517 -0.082546147942363146 0.036404040421649644 -0.10817185737459484 0.052702509337644213 0.068725602565127053 0.031147493440643544 -0.090916187891810718 -0.049252555106642927 0.039804079267323988 0.01427984655934814 0.02724248784111985
leaf_weight=329.36607164889574 710.07148456992581 20.328752720030025 39.013920940458775 171.24516269937158 1646.9090689488221 1481.5079498074483 496.77630989433965 168.50639522075653 3199.6334795631119 45.841630006907508 103.47749785613269 589.09357875766 31.391203652136028 7.6040319148451117 32.411291842348874 2833.4991321921116 169.44968533015344 1233.7602573055774 150.24140998953953 518.9874617428286 9.4012409746646899 14.791917137801645 389.07171949371696 2370.3061801251024 44.416971907019615 7245.0137460450642 7.0046741403639343 23357.711455718905 9.6196570030879247 137.41424260975327 49.239955693832599 6.4833905281266224 10.105397117673418 796.25521241407841 28.007292678463273 1232.8461485478329 20.134255560406018 48.543332353234291 218.8177464492619 934.81685756146908 1565.9895186424255 577.47033646586351 537.40749883279204 11.501976966857908 41.689284084597602 164.26890272833407 1054.7445503687486 125.29423734173179 968.93750321678817 14.018969007825943 21.53710765670985 14.498611133429224 14.869693496264516 24.447969776694663 421.98299083299935 52.34073987044394 59.85453758854419 13.360314352437852 10.458932790206743 207.32402583188377 101.60509579768404 123.9910823572427
leaf_count=19634 2109 307 88 204 6618 2341 5764 242 9008 3165 1167 20582 83 160 698 2040 1103 9367 2021 8781 2 19 619 3197 22 8994 18 229868 105 900 1551 51 450 764 12 258 1590 39 69 343 633 558 640 1 36 36 676 55 216 2666 119 318 29 461 213 29 70 150 7671 102 103 87
internal_value=0.0115345 0.0188525 0.0173159 0.0146246 0.0110093 0.00229415 -0.0175558 0.0171463 0.0103996 0.005188 0.004481 -0.0266966 0.0218231 0.00563146 0.102905 0.0266421 0.0186352 0.00527715 -0.0197199 -0.00139768 0.28327 0.182163 0.0230088 0.00619667 -0.0470447 0.0122154 0.0403783 0.00466101 0.0422987 0.0572213 0.0319094 0.0440787 -0.0525443 0.0181157 0.0203025 0.0446059 0.0458448 0.115141 0.0343983 0.0315021 0.0397386 0.0472617 0.0245891 -0.0316197 0.0276793 0.0507142 0.0259741 0.0170711 0.04832 -0.0308642 -0.0545458 -0.0590481 -0.0229394 -0.0607282 0.0483015 0.0339645 0.0106555 -0.0479772 -0.0952943 0.0405373 0.0314986 0.0402164
internal_weight=57036.7 26489.7 24862.2 21480.2 16514.4 6824.83 1978.28 9689.58 4846.54 30547 29946.7 1064.77 370.066 28881.9 103.718 4965.82 3436.44 28778.2 1020.13 669.229 31.7972 22.3959 3222.57 27758 213.867 7955.09 600.385 24591.5 1627.45 266.589 186.654 1607.37 694.705 3166.56 71.9206 1529.39 1587.04 79.9345 3381.99 2874.91 1734.5 1566.91 1631.17 43.9133 51.7947 507.078 1592.15 296.539 1546.41 20.5024 350.903 642.91 29.3683 613.542 554.543 132.56 80.2195 20.365 20.0786 1243.75 308.929 342.809
internal_count=359222 55318 42154 40010 35709 23731 8105 11978 15626 303904 300259 25616 3740 274643 892 4301 3784 273751 30555 10802 181 179 2659 243196 1125 11103 3645 239235 13164 2573 2451 5388 21876 3961 711 517 5081 122 2144 1952 875 3491 1404 699 486 192 1316 259 774 2717 19753 21390 347 21043 480 267 238 168 7776 548 205 156
is_linear=0
shrinkage=0.05


Tree=49
num_leaves=63
num_cat=0
split_feature=2 13 9 8 0 17 2 13 15 6 12 19 8 19 19 5 8 0 7 9 12 8 0 16 17 9 12 5 2 9 5 19 1 16 12 12 0 1 0 1 1 1 0 7 15 7 0 8 0 12 5 1 8 19 16 15 1 5 7 0 12 16
split_gain=994.353 349.871 559.965 477.485 324.193 297.679 513.363 314.261 722.851 249.502 214.348 189.409 427.499 422.237 325.084 586.202 392.954 499.163 256.432 236.255 374.438 185.217 243.073 191.17 168.73 162.974 162.712 375.121 229.692 185.824 151.047 141.185 135.893 119.848 111.79 99.6549 82.0301 98.3569 223.787 162.299 126.875 122.726 100.926 67.1911 67.1494 64.3897 63.5216 140.487 179.57 55.9341 51.737 48.6863 59.8436 49.5496 43.4432 40.9477 40.6109 38.9085 37.8088 34.0545 32.7714 69.0604
threshold=5.5000000000000009 -0.004902295069769024 3.9499999284744267 7.2500000000000009 5.2049999237060556 24.034883499145511 66.500000000000014 -0.028571416623890396 7.5000000000000009 11.500000000000002 2.0256592035293584 1.4713264107704165 4.0050001144409189 0.93281278014183056 3.8644449710845952 1.5000000000000002 4.2099997997283944 3.1149998903274541 4.2650001049041757 3.4650000333786015 1.6075282692909243 4.5250000953674325 3.3950001001358037 0.96779951453208934 82.500000000000014 0.10000026226043703 2.0347852706909184 218.50000000000003 110.50000000000001 2.6000000238418584 228.50000000000003 1.5875423550605776 49.003000259399421 0.99965035915374767 1.3428828120231631 1.5122755169868471 7.2500000000000009 26.005000114440922 6.1499998569488534 33.854999542236335 595.94750976562511 17.005000114440922 5.3150000572204599 4.5850000381469735 10.500000000000002 7.7500000000000009 4.4949998855590829 8.2500000000000018 3.8850001096725468 1.941710412502289 112.50000000000001 206.47499847412112 4.3900001049041757 859.49984741210949 0.12503705173730853 1.0000000180025095e-35 11.402499675750734 198.50000000000003 4.4949998855590829 6.9500000476837167 1.6047946214675906 0.96560820937156688
decision_type=2 2 2 2 2 2 2 2 2 2 2 2 2 2 2 2 2 2 2 2 2 2 2 2 2 2 2 2 2 2 2 2 2 2 2 2 2 2 2 2 2 2 2 2 2 2 2 2 2 2 2 2 2 2 2 2 2 2 2 2 2 2
left_child=4 3 26 5 11 6 7 9 -9 -2 35 12 13 -1 15 43 17 -17 -14 20 30 22 -20 -23 -12 36 27 28 29 -3 -16 -18 46 -34 -8 44 37 41 39 -39 -40 42 -6 -13 -7 -22 47 48 -5 -4 -28 52 53 -27 -54 -37 -52 -58 -56 -29 -21 -62
right_child=1 2 49 32 25 10 34 8 -10 -11 24 14 18 -15 19 16 31 -19 21 60 45 23 -24 -25 -26 51 50 59 -30 -31 -32 -33 33 -35 -36 55 -38 38 40 -41 -42 -43 -44 -45 -46 -47 -48 -49 -50 -51 56 -53 54 -55 58 -57 57 -59 -60 -61 61 -63
leaf_value=-0.057311685844998773 0.0058567168501394143 0.033082251334136031 -0.1704695894053633 -0.11519721568236085 -0.024975368481722257 -0.057665180365242465 0.032760761945174598 -0.032409167463034912 0.018329350201601848 0.029743188324378018 -0.085595301613103553 -0.073032699360634903 -0.067334541961763847 0.18692113437613067 0.003907412562017684 0.21774578637597797 -0.10772883459242077 -0.056589125990389857 -0.069540322606054195 0.052816851000923294 -0.076494408025375507 0.021661491654091813 0.045465973269208024 0.0016969918353806125 0.036919913070880626 -0.047478517961738742 -0.022571732722767142 -0.080287537314240223 -0.084584029904883284 0.010014860729957569 0.055397968119061114 -0.01532198763195749 -0.10895327427747047 0.016811555839107428 -0.11161318441799054 0.017918442203534318 0.050538095857510561 -0.092617311658082929 -0.16470021593598905 0.0094435287593585739 0.017629849894950866 0.040869908765432846 0.01456979525953118 -0.16665101528646215 0.027916060413380652 0.04650791017901941 0.044856635048973609 0.052654008804792589 0.014346861823193386 -0.071650606864059482 0.049518290207117475 0.066438379173143797 0.070163575459850996 0.024465677680300044 0.05183549069288354 0.046241690501964909 -0.081420637317503819 0.028161590015532846 0.02719115770775056 0.043447980475321231 -0.049774088125510742 0.036693541066142754
leaf_weight=23.648485268466175 2651.2318355609314 5164.7323212020565 18.126200316939503 28.691108264145441 182.96087435260415 42.098265666514635 14.743493810296057 1326.0709644961753 1489.1802465607761 1860.883363998495 65.09344485332258 30.341601528227329 100.83470433426555 64.664536797441542 26183.355876524467 39.172456043772399 42.106135150417686 27.617238769773394 48.623127983883023 244.61414758861065 165.2911044342909 1952.8690333116101 632.91507378593087 3105.9456427847035 48.050977666280232 41.053061112761497 25.931608549435623 86.832300236041192 43.72873283107765 1052.7416135744425 142.23012604599353 1044.7409067684785 27.623749792575836 55.236054486595094 109.94271601631772 150.44299518107437 135.3657263815403 41.06259710341692 32.103707678616047 525.57556091621518 13.085206203162668 400.41844773292542 1311.3535726014525 67.417149864137173 47.973410229198635 10.67085090279579 1406.2100687022321 243.84636288881302 269.0653526072856 75.015033619129099 1213.0553576411621 107.82602141238749 79.465843368321657 54.517798081040382 192.5062069054693 935.91610455047339 10.306487595778888 27.544859293673653 854.61925692111254 5.2739858627319327 25.765839628642425 169.94895450212061
leaf_count=386 5248 7245 117 279 399 124 9 4465 3324 1234 357 264 1375 71 287679 171 195 534 474 60 2601 2849 1348 3955 109 111 111 16113 320 1588 1187 2517 161 74 700 159 30 160 166 1078 11 267 1470 329 33 2 499 44 274 2939 1696 45 33 49 125 370 101 379 648 1 252 308
internal_value=0.0110493 0.0205611 0.0286837 0.014735 0.00643067 0.00965823 0.00581702 0.00753531 -0.00557132 0.0157135 0.0318298 0.00485644 0.0129789 0.121555 0.00314758 -0.0217538 -0.0117298 0.105074 0.011316 0.00430515 0.00370059 0.0127099 0.0371639 0.00940769 -0.0336532 0.0199489 0.0301761 0.0268927 0.0283708 0.0291795 0.00418789 -0.0190023 0.0365713 -0.0258555 -0.0943771 0.0381552 0.0127518 0.0106898 -0.00672598 0.00188854 -0.112557 0.0163167 0.00971116 -0.138679 -0.0122225 -0.0687863 0.0392414 0.024597 0.00150376 -0.0925414 0.0464756 0.0342215 0.0313231 -0.00655826 0.034544 0.0423441 0.0479279 -0.00287539 0.0317717 -0.0727582 0.0405889 0.0250895
internal_weight=56590.3 18495.6 7723.29 10772.3 38094.7 8741.63 7452.05 7327.37 2815.25 4512.12 1289.58 34122.8 5929.5 88.313 28193.3 1251.4 1153.64 66.7897 5841.19 26941.9 26501.5 5740.35 681.538 5058.81 113.144 3971.91 7630.15 6353.31 6261.2 6217.47 26325.6 1086.85 2030.67 82.8598 124.686 1176.43 2641.93 2506.56 611.827 566.638 45.1889 1894.73 1494.31 97.7588 90.0717 175.962 1947.81 541.603 297.756 93.1412 1276.84 1329.99 1222.16 95.5709 1126.59 1086.36 1250.91 37.8513 1047.13 92.1063 440.329 195.715
internal_count=359222 48073 30610 17463 311149 16132 14980 14271 7789 6482 1152 306557 10458 457 296099 4010 3417 705 10001 292089 291469 8626 1822 6804 466 4592 27554 25267 9153 8833 288866 2712 1331 235 709 686 3581 3551 1415 1238 177 2136 1869 593 157 2603 1096 597 553 3056 2287 1011 966 160 806 529 2176 480 773 16114 620 560
is_linear=0
shrinkage=0.05


Tree=50
num_leaves=63
num_cat=0
split_feature=2 10 10 2 16 22 0 24 16 18 1 14 16 1 1 1 1 19 1 1 8 16 19 19 22 19 18 1 21 18 18 15 0 8 22 0 8 10 18 1 1 12 18 0 0 8 22 12 24 22 10 16 10 10 1 16 12 16 11 8 16 16
split_gain=1039.27 422.245 575.653 430.47 867.881 457.542 399.251 341.559 317.239 278.969 335.054 439.143 335.519 269.771 588.535 295.491 684.246 405.457 300.246 303.512 295.091 238.345 607.189 688.602 369.556 228.581 263.487 304.716 194.842 170.107 161.019 153.721 192.656 147.205 338.721 160.234 139.965 134.079 129.735 154.507 125.88 122.615 113.734 104.306 101.336 132.288 81.2197 119.661 124.499 150.592 77.1983 74.1736 111.586 62.0982 59.563 63.4315 96.1217 59.2352 348.659 85.5605 51.0243 101.792
threshold=4.5000000000000009 4.6549999713897714 2.8000000715255742 55.500000000000007 0.98390334844589245 17.20800876617432 4.7099997997283944 -0.060143988579511636 0.72749775648117077 0.017252777703106407 12.501500129699709 2.5000000000000004 0.88277754187583934 512.20498657226574 124.00500106811525 106.00400161743165 107.01499938964845 309.66522216796881 66.005001068115249 9.3530001640319842 1.0000000180025095e-35 0.21053563058376315 237.01819610595706 207.07096862792972 13.007500171661379 4.097541570663453 608.45587158203136 557.15499877929699 468109168.00000006 32.047138214111335 3.1955902576446538 13.500000000000002 6.0499999523162851 5.0699999332427987 16.802441596984867 5.6199998855590829 4.6099998950958261 4.4049999713897714 686.12658691406261 613.19500732421886 203.004997253418 1.2059373855590823 153.22216796875003 4.1949999332427987 7.2500000000000009 4.8949999809265146 19.750029563903812 1.4194764494895937 -0.18526357412338254 19.458015441894535 3.4025000333786015 0.39986979961395269 6.7750000953674325 2.992499947547913 15.994999885559084 0.54774570465087902 1.3250222206115725 0.97156059741973888 6.5000000000000009 5.0699999332427987 0.25932246446609503 0.41178514063358312
decision_type=2 2 2 2 2 2 2 2 2 2 2 2 2 2 2 2 2 2 2 2 2 2 2 2 2 2 2 2 2 2 2 2 2 2 2 2 2 2 2 2 2 2 2 2 2 2 2 2 2 2 2 2 2 2 2 2 2 2 2 2 2 2
left_child=6 2 8 9 37 -6 13 -7 41 36 11 -11 -12 14 15 18 20 -18 19 -1 -17 22 23 -16 42 30 27 -27 57 -20 51 33 -33 34 44 -36 -4 -5 -28 -40 -24 -2 -23 -29 45 -8 47 54 -49 -50 -38 -15 -53 -35 55 -3 -57 58 -10 -59 -55 -62
right_child=1 46 3 4 5 7 31 -9 28 10 12 -13 -14 25 21 16 17 -19 29 -21 -22 24 40 -25 -26 26 38 43 -30 -31 -32 32 -34 53 35 -37 50 -39 39 -41 -42 -43 -44 -45 -46 -47 -48 48 49 -51 -52 52 -54 60 -56 56 -58 59 -60 -61 61 -63
leaf_value=-0.011110762793984555 0.035832414048969828 0.046543960970650354 0.098085290902630809 -0.10107184192134229 -0.094482590927218321 -0.10602014267913173 0.013149673696051948 0.041638870414081521 -0.037673312621526588 -0.00055794118576024134 -0.017765590327193822 -0.061710029042122541 0.020484449453294359 0.068861807052495033 -0.016210521623603837 0.18900153956305182 -0.041330402067574566 0.036164184881671821 -0.058140206991579457 0.0071121331132364216 0.036595235742643908 -0.047845812026135373 -0.018488220557062177 0.12905135103660534 -0.060922772197857723 -0.063136472531695992 0.11627836700101291 -0.06285071153809034 -0.073772360001436263 -0.011120201110401703 0.13818246367516546 -0.22232442122868334 0.035619700730654728 0.080336417881696306 -0.15857570546102273 0.036451841279611485 -0.020362696092295157 -0.33975703965769088 0.048099224064769533 -0.062099528010034433 -0.053965047284855051 -0.061358878677716236 0.17105564090095476 0.02433661771440071 0.050597010967877755 -0.022438923153741117 0.0416987725542265 0.022786105320303042 -0.008902234086688816 -0.20160429324619011 0.037929385219482116 -0.092042225202799061 0.063611525804210395 0.041560434334483934 0.040845819064688323 0.026233857313850414 -0.010425233338170619 0.052535892608507717 0.048285603423108697 -0.011896333991585746 -0.037500304315978242 0.023392943458891931
leaf_weight=2598.60889928916 45.787486286950298 333.53168746083975 89.103067897260189 87.72009857010562 64.814702073344961 38.878904706332833 6460.8497230759822 2359.3001260567107 141.79825091129169 4260.1110354774864 677.29272321221652 314.32290048996219 3705.2580636795028 89.5912946742028 188.37539853993803 87.876589955762029 233.93561859976035 598.61512154480442 226.13998868025374 18872.73804017622 50.451888654381037 7.3923907494172481 749.24547868501395 142.58066608291119 531.29376365512144 158.60316361673176 59.57292539998889 36.396785779856145 34.563014889659826 1264.9705604745541 66.725373856723309 14.228118679020556 13.287772685289381 49.679629395715892 41.494767390657216 13.51627444475889 65.065958363586105 5.6080291755497447 295.5294267097488 34.728401432745159 376.22243712982163 105.6920066398452 22.54477409273386 416.16091742180288 171.02789023891091 271.13148459093645 1698.751809515059 54.187713749706745 23.821562223136425 16.852715190500021 412.946142724948 20.776625035330653 23.432064667344093 370.82931322511286 930.55943010002375 2164.2026872821152 194.18018275126815 1448.7355924518779 680.89760431530885 52.946015154826455 69.846629532985389 2263.5870316238143
leaf_count=49914 312 104 113 1012 313 181 15072 3385 950 10942 4758 3316 5229 57 2114 395 2926 8738 3579 164170 388 184 12502 522 9294 1449 109 352 392 21215 18 105 6 8 218 6 233 60 1261 235 7743 14965 24 1361 39 587 729 42 34 97 217 111 3 265 415 1521 275 844 982 740 182 2062
internal_value=0.0115211 0.0206971 0.0162689 0.011739 0.0299539 0.0356429 0.00654432 0.0391998 0.0380518 0.00684692 0.00469071 -0.00477354 0.0145693 0.0034286 0.00235548 0.00454224 0.0315475 0.0143598 0.00339888 0.00490603 0.134113 -0.0235707 -0.012881 0.0465556 -0.0512296 0.026581 0.0167741 -0.0037162 0.0425578 -0.0182887 0.0751842 0.0152288 -0.100704 0.0155682 0.0116912 -0.110773 0.0408249 -0.118917 0.0488381 0.0363436 -0.0303893 -0.0319059 0.117041 0.0171905 0.0126838 0.0117125 0.0326204 0.0284603 -0.0267326 -0.0917869 0.0299584 0.0429382 -0.00984784 0.0253538 0.029914 0.0261194 0.0232102 0.0443208 0.0334361 0.0502544 0.0243126 0.0215528
internal_weight=56898.9 20006.9 14590.8 12080.4 2556.32 2462.99 36892 2398.18 2510.42 9524.1 8956.98 4574.43 4382.55 27152.5 25951 23933.3 970.879 832.551 22962.5 21471.3 138.328 2017.65 1456.42 330.956 561.231 1201.52 1000.99 611.161 2358.94 1491.11 200.525 9739.48 27.5159 9711.96 6958.02 55.011 567.115 93.3281 389.831 330.258 1125.47 151.479 29.9372 452.558 6903.01 6731.98 5416.09 3717.34 94.862 40.6743 478.012 133.8 44.2087 2753.94 3622.47 2691.91 2358.38 2324.38 822.696 1501.68 2704.26 2333.43
internal_count=359375 52161 48944 29759 4951 3879 307214 3566 19185 24808 24245 14258 9987 288664 283708 251325 12447 11664 238878 214084 783 32383 22881 2636 9502 4956 4767 3162 3908 24794 189 18550 111 18439 15922 224 563 1072 1605 1496 20245 15277 208 1713 15698 15659 3217 2488 173 131 450 171 114 2517 2315 1900 1796 3516 1932 1584 2509 2244
is_linear=0
shrinkage=0.05


Tree=51
num_leaves=63
num_cat=0
split_feature=2 10 10 23 20 2 7 13 14 6 23 22 22 21 20 16 23 21 21 21 5 22 22 21 19 23 4 23 3 8 5 23 19 7 11 2 10 19 21 7 19 19 19 15 11 22 16 10 4 4 7 2 19 11 23 23 15 23 23 21 23 8
split_gain=978.937 385.454 513.531 561.354 572.042 491.195 489.908 481.164 453.981 332.74 319.142 282.328 340.186 279.29 272.991 255.903 216.126 526.739 496.569 634.481 536.65 496.712 559.009 412.145 410.259 268.816 368.994 341.551 284.3 266.985 403.775 225.981 210.585 203.363 202.516 186.156 219.292 178.374 163.225 158.025 152.474 300.125 159.283 142.277 119.238 136.76 99.1274 124.775 92.1899 89.1931 74.1638 74.1041 72.0611 71.7329 80.4253 70.9118 252.634 66.3494 92.1187 395.257 212.314 61.1993
threshold=5.5000000000000009 4.6549999713897714 2.8000000715255742 81523895231840272 0.32614877820014959 43.500000000000007 4.4049999713897714 -0.015709406696259972 3.5000000000000004 5.5000000000000009 2.6621994007003141e+18 16.802441596984867 18.859163284301761 6435832320.000001 0.36649332940578466 0.64729991555213939 3537691010400256.5 0.00032713335531298077 1010718.1250000001 1119986.6875000002 1.5000000000000002 14.53710985183716 14.604236125946047 0.0082419398240745085 112.55300140380861 0.0092679550871253031 4.5000000000000009 0.00095459495787508797 1.0000000180025095e-35 5.1949999332427987 20.500000000000004 0.34576587378978735 118.32688522338869 3.0949999094009404 2.5000000000000004 1.5000000000000002 4.6499998569488534 0.31567972898483282 468109168.00000006 5.7850000858306894 12.096331596374513 9.3690943717956561 1.4713264107704165 22.500000000000004 2.5000000000000004 16.450043678283695 0.82620134949684154 4.7650001049041757 1.5000000000000002 13.500000000000002 7.6499998569488534 41.500000000000007 22.533076286315922 3.5000000000000004 34.252059936523445 1353.917175292969 25.500000000000004 6.3722965717315683 264.58412170410162 3292.8242187500005 43.91089057922364 5.0699999332427987
decision_type=2 2 2 2 2 2 2 2 2 2 2 2 2 2 2 2 2 2 2 2 2 2 2 2 2 2 2 2 2 2 2 2 2 2 2 2 2 2 2 2 2 2 2 2 2 2 2 2 2 2 2 2 2 2 2 2 2 2 2 2 2 2
left_child=13 2 15 4 11 8 9 -8 39 -6 43 34 -13 16 -12 -2 18 24 25 20 -20 48 -23 52 44 26 28 -28 -1 30 -27 -22 -31 -26 -4 37 -37 -25 55 -5 41 42 53 -7 45 -18 -44 -48 -21 -46 57 -10 -19 54 -15 56 -17 -3 59 -59 -61 -57
right_child=1 50 3 5 6 10 7 -9 51 -11 14 12 -14 40 -16 38 17 23 19 21 31 22 -24 35 33 29 27 -29 -30 32 -32 -33 -34 -35 -36 36 -38 -39 -40 -41 -42 -43 46 -45 49 -47 47 -49 -50 -51 -52 -53 -54 -55 -56 61 -58 58 -60 60 -62 -63
leaf_value=0.0069372178334917494 -0.058415274739981107 0.047732091875532873 -0.052840876390829475 -0.0049021309369185586 -0.061998532296644399 0.046322705370763606 -0.012928422982669347 -0.079255281926697896 -0.1211636659768963 0.05044097052090829 0.023819642673446349 -0.015984757794634326 0.020377146148839644 -0.022066371731644871 -0.081884286758495947 -0.013244267910214554 0.033905975806253034 -0.25773877786876942 0.48443977466195892 -0.0085118395516008763 0.13891154981039935 0.12463304874720578 0.021651130793339048 -0.0021747770352054997 -0.087300384112397156 -0.0019189961061749209 -0.045927763776656895 0.056331414864246178 -0.050127075450282721 0.0095234776672890684 -0.033763161082537914 -0.057794093375390071 0.079933626259118082 0.059110233416677406 0.052600424078946377 -0.015454526645187481 0.015077597228025008 -0.038740702009966037 -0.071614978878909039 0.018425134413426261 -0.063443923063817784 0.076344872800764407 0.016166248843236423 0.00022368258125980654 0.059524844691848239 -0.0096366018506076484 -0.09223731243524845 -0.010869928215256031 -0.053142320406412091 0.017262648547196065 0.04427894054694103 0.0095106049428547706 -0.098492934707082688 0.047649733254960351 0.021378503235081964 0.052818323168221409 0.046626759779341741 0.037155588549185652 0.029158670944346494 -0.037593740913207808 -0.23045052244022279 0.0025990693342921242
leaf_weight=15843.664544515312 66.200950250640744 435.51518967375159 49.266864637844265 985.91238940064795 85.802375525352545 2287.4804952060804 584.03314210782992 514.29031159199076 74.674002617073711 271.31936088891234 164.75175708183087 1198.7540155947208 1385.572345694527 110.5285844989121 95.742840440972941 232.71452190564014 455.21018885122612 17.209847454912961 9.4228858202695829 249.58884869236499 81.06600560573861 135.84120964538306 3622.1773071935168 510.65775772184134 116.94600886618719 5177.6739919560496 93.214320030412637 619.28976279159542 220.30828818539158 1584.0198269385146 1231.5503090606071 17.134546983521432 112.89920843066648 28.889883168973029 497.92284857667983 1518.3970477253897 958.39998647198081 962.76316543715075 30.989534327294677 2745.9221453700447 53.295452761463821 228.31869004433975 241.28849430149421 180.82870905857999 412.85899522155523 297.3662014468573 57.689813386881724 241.786909526214 215.96443686774001 180.823505271459 1089.5446325093508 12.420786999631671 15.080594758735968 248.05555691197515 2423.425883468939 1176.0668913386762 718.19304041028954 157.85089111328125 3024.7916569411755 37.730163525789976 22.522620506584644 64.296290569240227
leaf_count=165159 14197 154 268 1734 4922 1086 1855 5659 990 1146 180 2205 1262 202 1852 1054 1287 124 183 4164 516 526 20864 771 741 67132 1041 1385 2281 3352 24158 399 268 33 800 3196 982 2730 377 2556 212 91 272 423 373 937 205 371 4773 312 420 43 129 86 2140 522 1235 81 1952 76 136 795
internal_value=0.0110285 0.0205786 0.016238 0.0118016 -0.00161065 0.0211971 -0.0275009 -0.0440344 0.00961487 0.0233145 0.0373949 0.0104258 0.00350888 0.00649119 -0.0151765 0.0378068 0.0051142 -0.0040016 0.00682273 0.0224457 0.141784 0.0193707 0.0254071 -0.0134951 0.021326 0.00410233 0.00771475 0.0429006 0.00615123 -0.00337337 -0.00804303 0.104302 0.0142553 -0.0580576 0.0430187 -0.0120142 -0.00363674 -0.0260812 0.0407005 0.0122613 0.0197368 0.0210042 0.0171782 0.042949 0.0299658 0.0167044 -0.00763351 -0.0268156 -0.0292956 0.0467117 0.0327918 -0.102575 -0.188709 0.0220039 0.0194736 0.0423231 0.0319708 0.0293768 0.0268962 -0.00444818 -0.112351 0.0502233
internal_weight=56483.9 18191.1 13423.2 11134.7 4586.96 6547.73 1455.45 1098.32 3818.93 357.122 2728.8 3131.52 2584.33 38292.8 260.495 2288.46 34688.4 5474.6 29213.8 4331.2 107.623 4223.57 3758.02 3982.51 1492.09 24882.6 16776.5 712.504 16064 8106.14 6409.22 98.2006 1696.92 145.836 547.19 3950.22 2476.8 1473.42 2222.26 3731.83 3604.39 3551.09 3322.78 2468.31 1346.26 752.576 540.765 299.477 465.553 593.683 4767.96 87.0948 32.2904 2782.01 2533.95 2191.27 950.908 3678.41 3242.9 218.104 60.2528 1240.36
internal_count=359375 47980 45161 26981 18117 8864 13582 7514 5323 6068 3541 4535 3467 311395 2032 18180 307816 11615 296201 31425 1098 30327 21390 7932 3683 264776 169866 2426 167440 94910 91290 915 3620 774 1068 7679 4178 3501 3983 4290 3579 3367 3276 1509 2909 2224 848 576 8937 685 2819 1033 253 2428 2342 3606 2289 2399 2245 293 212 1317
is_linear=0
shrinkage=0.05


Tree=52
num_leaves=63
num_cat=0
split_feature=9 10 13 23 12 21 22 11 9 9 20 13 9 9 10 22 20 20 12 17 20 5 5 23 22 7 23 23 5 9 5 22 15 13 12 22 11 22 9 23 17 3 12 12 3 15 14 21 20 20 6 17 5 23 23 10 16 7 3 12 9 23
split_gain=908.006 415.816 418.499 618.968 466.403 550.338 726.504 418.241 379.056 634.164 458.75 376.822 338.821 316.401 475.583 291.619 276.475 260.165 262.755 252.526 253.508 249.911 278.285 319.591 258.403 245.684 243.71 212.685 204.64 185.637 144.869 108.084 161.414 123.371 107.139 89.5173 81.3865 72.6796 57.7216 51.3795 72.6738 51.1431 73.8844 44.4948 38.4432 38.3357 37.0017 39.8498 31.451 27.4312 20.8519 18.683 11.8529 11.5394 11.3545 25.5112 9.98866 9.08016 59.0417 32.941 8.62676 6.74675
threshold=1.6000002622604372 4.6499998569488534 -0.0025971879949793215 7943.2844238281259 1.495974659919739 2247430897664.0005 17.968340873718265 5.5000000000000009 2.7000001668930058 1.8999997377395632 0.62862789630889904 -0.018382349051535126 3.9499999284744267 2.4999998807907109 3.6525000333786015 15.409848213195803 1.6134278178215029 0.81180197000503551 1.3585215806961062 17.020000457763675 0.60323840379714977 71.500000000000014 27.500000000000004 0.005681962240487338 17.268469810485843 5.3200001716613778 0.0014473213232122364 0.095709823071956648 333.50000000000006 2.6000000238418584 10.500000000000002 18.043297767639164 3.5000000000000004 -0.98000007867813099 1.1389359235763552 18.102139472961429 6.5000000000000009 19.757834434509281 1.7000001668930056 1.2633387228756708e+18 0.73979544639587413 6.5000000000000009 1.4000000357627871 1.7857143282890322 2.5000000000000004 5.5000000000000009 1.5000000000000002 495099330560.00006 0.31337954103946691 0.51865583658218395 3.5000000000000004 1.2845683693885805 10.500000000000002 3.5588830189888476e+18 68.528289794921889 2.7125000953674321 0.9796607792377473 3.1049998998641972 24.500000000000004 1.20408171415329 2.9999998807907109 5001769931243521
decision_type=2 2 2 2 2 2 2 2 2 2 2 2 2 2 2 2 2 2 2 2 2 2 2 2 2 2 2 2 2 2 2 2 2 2 2 2 2 2 2 2 2 2 2 2 2 2 2 2 2 2 2 2 2 2 2 2 2 2 2 2 2 2
left_child=16 2 3 4 13 6 -6 8 9 -5 -10 43 15 14 -2 -4 17 18 21 20 -17 22 24 -24 -1 -13 28 -28 -23 -15 31 32 33 -3 -18 -32 54 39 -35 50 -41 42 -37 -9 -14 52 47 -43 -46 -21 -33 -39 -36 -48 -19 -56 -38 -47 59 -59 -53 -20
right_child=1 30 12 7 5 -7 -8 11 10 -11 -12 25 44 29 -16 19 34 36 61 49 -22 26 23 -25 -26 -27 27 -29 -30 -31 35 37 -34 38 45 41 56 51 -40 40 -42 46 -44 -45 48 57 53 -49 -50 -51 -52 60 -54 -55 55 -57 -58 58 -60 -61 -62 -63
leaf_value=0.0044937177179257288 0.036978335720091703 0.022301380065013268 0.21640569914236552 0.037459307251198573 -0.0261679565078165 0.038620418344022057 -0.13392580991557201 -0.22577765338703709 0.027468155514469808 -0.020988178540363306 -0.083312784407795146 0.015256081412251954 0.031004626654501152 0.057076187326044053 -0.05607061964803426 0.017568517858766328 -0.069711253494980099 -0.054501582622929069 -0.06543683068706739 -0.20484455308753452 0.039153119160745729 -0.093889365624269791 0.030262559960176211 -0.025477170639113662 0.017431732699802624 -0.068471158515299876 0.049894669775867574 -0.0051382896967984695 0.071032406727910682 -0.021342921262751738 0.085582033383856074 0.0071130266123131392 0.053918398870042378 -0.066137909688738616 0.029823161754874972 -0.050107445695444619 -0.03746715559492117 0.055319832896497105 -0.21475380994951854 -0.053207172942571802 0.0084315153214441479 0.027922612623580131 0.039618183935061613 -0.10461416120110696 -0.15396610461416751 0.061757576409236119 0.048584071473636831 0.040631414199424447 -0.069781748274153968 -0.084599054196054457 0.03112293893127846 0.039654320783381575 -0.053094396864744133 0.03452496252663783 -0.20694355322663516 -0.054615199297178368 0.049010776009734386 -0.18081864521502911 0.057183209812820116 -0.0069138031124502224 0.022044785717741263 -0.12294103958891356
leaf_weight=28418.157367540058 229.10027668380644 13.566514147445558 19.294762004166842 715.42626171000302 441.76243420381797 158.99792714533396 241.84461742761778 23.124738121870905 4775.9004639821942 1316.6905232975259 94.349032128899125 215.90428175532725 6.6713072424754492 319.75241392781027 339.69302619528025 3060.3895524749532 17.819847375154495 187.24045388156082 107.9969504030887 6.6055008731782463 2454.2025530495448 66.088575195521116 317.42480211146176 1336.2344500699546 4465.4747130032629 146.05573940754402 750.96383284893818 228.59883773280308 25.26531472383067 97.994465636555105 91.670446038246155 125.16032137721777 26.174586676061153 12.301483597606422 6.189772397279742 41.333489470183849 3.1011833692900863 118.64364321529865 17.200464922934771 53.592936582863331 384.33976193517447 1436.9043048433959 49.084298513829708 15.699657318938987 14.971033641137181 251.93683821195737 687.8282850459218 1107.1020343713462 53.509983198367991 22.594197489088401 337.53111058473587 154.56343578547239 9.9630385821219516 205.14603957906365 3.401595562696456 10.903948640916495 21.382949052378535 2.6231465381570152 98.235808714292943 11.582953690085558 139.17368092387915 6.211336067877709
leaf_count=269468 1633 12 65 600 5030 87 1322 158 4592 2752 1146 403 14 144 1054 6933 677 11694 1910 43 18090 627 1146 11301 4760 1134 1190 2835 5 209 28 147 4 37 8 94 646 34 115 132 407 959 24 140 91 199 188 499 2412 177 205 70 605 111 52 406 8 72 29 283 119 40
internal_value=0.0105512 0.0191743 0.0149525 0.0083372 -0.0176652 -0.044962 -0.0644375 0.014852 0.017737 -0.000400416 0.0253044 -0.0347421 0.0256632 0.00566595 -0.0185842 0.0270935 0.00585983 0.0053999 0.00573897 0.0263948 0.0271807 0.00598285 0.00524457 -0.0147629 0.00625128 -0.0186108 0.0297607 0.0370545 -0.0479483 0.0386618 0.0316359 0.0178399 -0.0426133 -0.101286 0.0472357 0.0368974 -0.0479543 0.0210618 -0.157149 0.0130683 0.000772926 0.0356068 -0.00144364 -0.180765 -0.0791171 0.0528937 0.0365831 0.033469 -0.0902088 -0.117849 0.0246683 0.0384332 -0.0211426 0.045402 -0.0584086 -0.102317 0.0368208 0.0562382 0.0433922 -0.0491335 0.0314309 -0.0696476
internal_weight=56118.6 19771.9 14770.5 9132.3 1829.15 842.605 683.607 7303.15 6902.37 2032.12 4870.25 400.784 5638.24 986.54 568.793 5563.09 36346.8 35948.4 35722.4 5543.79 5514.59 35608.2 34537.3 1653.66 32883.6 361.96 1070.92 979.563 91.3539 417.747 5001.32 1382.25 69.243 43.0685 398.351 3619.07 226.03 1313 29.5019 900.624 437.933 3527.4 90.4178 38.8244 75.1523 380.532 3436.98 2544.01 68.481 29.1997 462.691 412.381 16.1528 892.974 201.546 14.3055 24.4841 364.379 112.442 14.2061 293.737 114.208
internal_count=359375 51414 48229 20404 9479 6439 6352 10925 9090 3352 5738 1835 27825 3040 2687 25308 307961 306088 293282 25243 25023 291332 286675 12447 274228 1537 4657 4025 632 353 3185 1282 168 164 1873 1903 12806 1114 152 891 539 1875 118 298 2517 1196 1757 1458 2503 220 352 223 613 299 12152 458 654 583 384 355 189 1950
is_linear=0
shrinkage=0.05


Tree=53
num_leaves=63
num_cat=0
split_feature=2 10 10 23 0 10 2 14 0 22 9 23 9 23 4 23 7 10 18 5 12 12 9 5 22 18 21 13 23 15 0 12 21 23 22 15 0 10 5 13 23 0 21 19 0 0 9 12 10 23 7 23 23 12 21 22 22 12 8 7 10 5
split_gain=882.484 366.598 516.024 489.819 587.802 517.721 497.633 419.495 361.273 320.091 483.763 299.729 289.532 268.421 268.148 255.781 240.956 222.089 183.752 173.701 227.265 275.867 346.433 194.582 355.02 183.765 168.636 152.941 152.764 338.209 206.253 144.814 141.107 143.843 299.906 136.629 130.87 183.082 166.045 143.014 156.29 129.969 114.551 105.289 343.218 102.478 100.92 122.889 100.773 99.912 87.8529 83.7985 240.899 426.314 83.2755 171.886 224.101 78.8453 69.4398 157.852 68.7949 66.8154
threshold=4.5000000000000009 4.6549999713897714 2.8000000715255742 81523895231840272 3.5949999094009404 3.8000000715255742 43.500000000000007 3.5000000000000004 4.7099997997283944 16.802441596984867 2.3999999761581425 2.6621994007003141e+18 2.7000001668930058 3.6503616571426396 47.500000000000007 13980222164566018 7.2500000000000009 4.6549999713897714 0.017252777703106407 46.500000000000007 1.406250059604645 1.156250059604645 0.69999992847442638 33.500000000000007 18.558367729187015 2.2867499589920048 468109168.00000006 0.13000003248453143 1353.917175292969 25.500000000000004 3.0149999856948857 1.7728884816169741 281311280.00000006 15862.397460937502 16.342941284179691 22.500000000000004 5.4200000762939462 5.2199997901916513 2.5000000000000004 -0.15000008046627042 0.0014473213232122364 4.9100000858306894 6435832320.000001 304.28939819335943 6.0499999523162851 5.0950000286102304 1.7850000858306887 1.1818181872367861 2.717499971389771 3223.5991210937505 7.0499999523162851 512.40774536132824 1.4125363230705263 1.0667635798454287 1119502272.0000002 16.300050735473636 16.371847152709964 1.3250222206115725 5.0699999332427987 6.4500000476837167 3.1475000381469731 13.500000000000002
decision_type=2 2 2 2 2 2 2 2 2 2 2 2 2 2 2 2 2 2 2 2 2 2 2 2 2 2 2 2 2 2 2 2 2 2 2 2 2 2 2 2 2 2 2 2 2 2 2 2 2 2 2 2 2 2 2 2 2 2 2 2 2 2
left_child=8 2 26 4 5 13 7 12 14 15 -11 35 -5 -4 19 -6 -13 50 -7 23 21 22 -21 31 27 -23 28 -25 29 30 -2 42 36 34 45 -8 37 39 43 40 -10 -41 -1 44 -38 -34 47 51 -31 -22 -16 52 -3 -54 55 -35 -57 -9 -30 -60 -33 -48
right_child=1 46 3 6 9 18 11 57 32 10 -12 16 -14 -15 17 -17 -18 -19 -20 20 49 25 -24 24 -26 -27 -28 -29 58 48 -32 60 33 54 -36 -37 38 -39 -40 41 -42 -43 -44 -45 -46 -47 61 -49 -50 -51 -52 -53 53 -55 -56 56 -58 -59 59 -61 -62 -63
leaf_value=0.0019869222943533424 -0.062331310026629408 0.043260528222013823 0.0077502565796171465 -0.0047879322410871294 0.051955734271215484 0.11481170561507881 0.045588469822664041 0.02925041874841422 0.049769076564047117 -0.030654547154057705 0.01528290918914698 -0.066662689093394178 0.022588489748164825 -0.055436063849196915 -0.11777469874334477 -0.029609092545365836 0.031115525751563899 0.01998035651251702 0.010061322287844553 0.018361489850932843 -0.071928188367157642 -0.015653650452073967 -0.084652316717660464 -0.064694534802554729 0.032771690191257079 0.050307623396952938 -0.068943040783405393 0.015348841373798853 0.05231329953494588 0.0502736678119199 0.021205594691561632 -0.038927906799013416 0.16075049084122095 0.0077054890564569687 0.029279795461487075 0.00039916954372909121 -0.15460805884871603 -0.14923309158003786 0.036705496428932359 0.014786316566259337 -0.15821499603123598 -0.0014691771859925036 0.015082803987391983 0.013536713275790424 0.024109386786514822 0.062996427302240518 0.02172876361445349 -0.0077672984759682515 -0.0028647890957667231 0.046108411814190647 0.03615244520170733 0.032454535205860856 0.0031222413416313183 -0.28575755495013272 0.020752119063297859 0.01257251128611513 -0.2090063485286271 -0.11501189482675614 -0.11824278102948371 0.049408649526931137 -0.15373114264477108 0.038572562817333976
leaf_weight=23090.953872128623 150.35782972039306 90.788561999797821 204.39217280462617 1692.0198410924058 618.14440088323317 47.01123395934701 2153.0901655443013 10.276738859713076 13.062670968472956 800.32926441158634 2011.2377612205455 119.0730651988124 2247.4620180915226 935.69453282846371 96.433309025363997 113.02386529371142 131.61458545119967 54.763930380344391 330.46196611877531 331.15131114330143 89.179248674307019 121.53923731762916 107.19807583512738 349.63988983572926 179.06433954020031 778.26962418691255 36.493910409859382 71.39361998043023 1202.5917562991381 592.24608045257628 143.50191508352873 52.470737519091927 60.475412545725703 234.45353703387082 750.05870919674635 181.61073722899891 39.267339460551739 17.941199267283082 924.05895025935024 2656.1147332335822 25.505678758025169 2287.6034067678265 1799.2425415311009 1219.1221435889602 79.964019841514528 51.595832424238324 753.47875933721662 324.27695628628135 104.68372231427929 21.585043473169208 9.7398286897223425 977.77278297394514 41.435831755399704 17.42637500539422 1227.1824328303337 22.518242932856083 21.832565389573574 78.958477974811103 19.030661687836982 45.94544205442071 16.979946430074051 2798.5094784498215
leaf_count=265392 3422 38 5578 2346 2015 10 1086 6 3 2045 2850 1805 2315 7306 1406 241 227 44 455 2301 2354 1425 1818 6260 162 4158 460 634 596 5968 994 503 75 302 650 423 213 105 681 7154 160 6389 2001 1477 70 64 614 444 6920 17 5 573 56 129 1055 24 128 1051 649 176 184 1363
internal_value=0.0100916 0.0188508 0.0146886 0.0104255 -0.00128271 -0.0273105 0.0193827 0.00839066 0.00557517 0.00986965 0.00219851 0.0364994 0.0108307 -0.0441069 0.00262521 0.0393174 -0.0153882 -0.0615222 0.0233892 0.00300989 0.0198456 0.0255531 -0.00695443 0.00205459 -0.0260562 0.041385 0.0363598 -0.0511057 0.0380934 0.0233384 -0.0215868 0.00273166 0.0138957 0.024495 0.0407776 0.0420771 0.0104361 0.00591779 0.0204128 0.00650733 -0.0881692 0.00726464 0.00293436 0.00914081 -0.0355037 0.116745 0.0304644 0.0193274 0.0422921 -0.0486745 -0.103402 0.027125 -0.00764788 -0.0856631 0.0151496 -0.00947871 -0.0985973 -0.0982025 0.0495952 -0.000666457 -0.0688507 0.035008
internal_weight=55773.3 18972.9 13969.3 11674.4 5060.3 1517.56 6614.11 4028.72 36800.4 3542.74 2811.57 2585.39 3939.48 1140.09 27169.6 731.168 250.688 160.937 377.473 27008.7 1448.92 1338.16 438.349 25559.7 600.098 899.809 2294.85 421.034 2258.36 990.79 293.86 24959.6 9630.76 2368.12 862.13 2334.7 7262.64 5000.23 2262.41 4982.29 38.5683 4943.72 24890.2 1338.35 119.231 112.071 5003.69 1451.7 696.93 110.764 106.173 1127.42 149.651 58.8622 1505.99 278.804 44.3508 89.2352 1267.57 64.9761 69.4507 3551.99
internal_count=359375 52161 48944 29759 20500 13349 9259 5718 307214 7151 4895 3541 4661 12884 288664 2256 2032 1455 465 287209 12073 9702 4119 275136 7056 5583 19185 6894 18725 17304 4416 268080 18550 2298 789 1509 16252 13811 2441 13706 163 13543 267393 1760 283 139 3217 1240 12888 2371 1411 796 223 185 1509 454 152 1057 1421 825 687 1977
is_linear=0
shrinkage=0.05


Tree=54
num_leaves=63
num_cat=0
split_feature=2 10 10 23 0 2 10 24 14 0 22 9 9 16 21 4 1 1 24 1 23 20 23 18 18 1 1 13 21 20 18 21 16 10 18 24 0 1 1 16 10 18 9 14 13 4 18 0 4 16 23 4 8 2 18 23 22 2 1 20 18 20
split_gain=828.141 348.558 492.696 453.687 530.643 477.163 466.176 445.317 381.489 329.238 290.197 434.102 267.132 264.962 247.564 244.678 234.019 550.3 248.445 300.184 233.264 219.938 217.032 202.559 226.749 281.094 185.186 171.316 155.864 139.89 131.302 130.959 243.346 225.117 143.978 130.267 118.534 254.837 197.043 114.985 210.461 106.816 98.4588 112.452 264.029 97.2114 117.794 89.0333 73.0286 68.6416 60.9587 237.857 60.6513 59.505 52.7919 88.9954 75.0618 48.6033 76.6952 49.8256 123.831 47.6219
threshold=4.5000000000000009 4.6549999713897714 2.8000000715255742 81523895231840272 3.5949999094009404 43.500000000000007 3.8000000715255742 -0.060143988579511636 3.5000000000000004 4.7099997997283944 16.802441596984867 2.3999999761581425 2.7000001668930058 0.72749775648117077 793816989696.00012 47.500000000000007 512.20498657226574 227.0100021362305 -10.745800018310545 9.3530001640319842 13980222164566018 0.19673874229192737 2.6621994007003141e+18 4.0266342163085946 608.45587158203136 557.15499877929699 218.004997253418 0.023626376874744896 468109168.00000006 1.8647106289863589 3.1955902576446538 281311280.00000006 0.25717720389366155 5.2199997901916513 5.2985277175903329 3.4000002145767216 5.4200000762939462 125.53499984741212 48.004999160766609 0.42776788771152502 5.8250000476837167 686.12658691406261 1.7850000858306887 1.0000000180025095e-35 -0.0031468459637835617 24.500000000000004 0.72247153520584118 3.9850000143051152 9.5000000000000018 0.39986979961395269 1353.917175292969 28.500000000000004 5.0699999332427987 41.500000000000007 0.40651999413967138 5.6234197616577157 15.932507514953615 23.500000000000004 11.002319335937502 0.17593619227409366 0.81786110997200023 0.18917617946863177
decision_type=2 2 2 2 2 2 2 2 2 2 2 2 2 2 2 2 2 2 2 2 2 2 2 2 2 2 2 2 2 2 2 2 2 2 2 2 2 2 2 2 2 2 2 2 2 2 2 2 2 2 2 2 2 2 2 2 2 2 2 2 2 2
left_child=9 2 13 4 6 8 14 47 12 15 20 -12 -5 29 -4 16 17 18 26 -20 -6 -17 -9 30 25 -25 -1 -8 50 -2 49 33 34 35 -33 36 37 -11 -38 40 -34 -26 43 45 48 61 -47 -7 -45 -18 51 -15 -52 -10 55 -41 -56 58 59 60 -44 -3
right_child=1 42 3 5 10 7 27 22 53 31 11 -13 -14 28 -16 21 23 -19 19 -21 -22 -23 -24 24 41 -27 -28 -29 -30 -31 -32 32 39 -35 -36 -37 38 -39 -40 54 -42 -43 57 44 -46 46 -48 -49 -50 -51 52 -53 -54 -55 56 -57 -58 -59 -60 -61 -62 -63
leaf_value=0.031748084714968976 -0.061657518031233885 0.019702334452199665 -0.049239134283236889 -0.004532643007972059 0.049735000799918799 -0.064433800829489157 -0.002312494268856268 0.043907527336346598 -0.10987790509156022 0.0035854046795942614 -0.02867153005696528 0.014671968430455144 0.021833403617022934 -0.10813148734285603 0.030741109717592932 0.0096722728509311007 0.065133261568759718 -0.055988184356726124 -0.014613486323936845 0.0039022944698471149 -0.027727967172350987 -0.108895426788509 -0.0077422737154334469 -0.06250819098147696 0.10350344846478157 0.015685047860990602 0.17721221477477161 0.068405946084090979 -0.069044147129535813 0.047656601413901989 0.12573577322936011 0.030731549195902541 -0.16448721174760458 -0.14554480596419969 0.099491824190380732 -0.10124161652040803 0.025933657125474852 0.049819699700907841 -0.019815144341928465 0.077186755319175376 0.040525545498572235 0.032879616201251925 0.018876401085931287 -0.064124205214694238 0.019789677165247401 -0.11368667390651591 0.0086892079127986691 -0.214006986938997 -0.24706699631934825 -0.011544418431576222 0.051649215306996815 0.036496903351167322 0.00064002649584327966 0.0089953027530693241 0.072720916675178132 0.022408327692369511 0.006528788264448606 0.042584536673010959 0.041361408458218396 0.029758957022330258 -0.058664663130055875 0.041442714836298702
leaf_weight=438.75502419937402 100.89529850878171 899.22254273295403 1036.872384552611 1697.8546594486106 613.61969938396942 46.352226656279527 245.24419283214957 2218.195003054454 76.76033634133637 4649.8114400296472 812.63882975128945 1990.8106036856771 2209.9360921233019 28.509726834483445 105.95163902145578 67.090102545917034 88.800424996763468 403.76627381145954 2423.8783879656112 22495.794609070057 114.68065812019631 92.041818282334134 223.42939395364374 153.06318917125463 63.202115312218666 451.48485555220395 22.125421195290983 130.43390067666769 31.227805665635969 40.161650704452768 68.849516220390797 154.77382592111826 23.002133240923285 22.202590462751687 151.88932265341282 25.013496766332537 1957.9120852611959 317.50508292205632 266.63682445790619 79.267609551548958 25.450639694929123 339.56614673417062 443.70728071406484 10.321147635579111 58.874749194830656 26.57433258369565 67.89762107282877 12.366769869113339 13.593375958502291 42.695250103250146 1158.2920417543501 799.27181866043247 61.595312683610246 11.919936971273271 44.200028777122498 1029.2697157934308 832.54695946769789 1179.6310381926596 897.93691904097795 866.59325040504336 57.229505490511656 352.5467386059463
leaf_count=1930 15194 750 12585 2346 2015 166 407 1344 1014 12050 2045 2850 2315 337 299 69 58 7955 49191 223159 241 1386 1934 1445 109 1705 33 58 392 83 16 118 139 130 74 181 1730 1515 646 51 11 1496 378 27 48 95 70 97 88 112 596 1784 799 43 8 837 1060 494 413 554 138 162
internal_value=0.00966327 0.0182465 0.0141758 0.010026 -0.00121429 0.0187631 -0.0259228 0.0358908 0.00803984 0.0053067 0.00941222 0.00210042 0.0103784 0.0357445 -0.0417994 0.00249444 0.0028601 0.00185185 0.00277436 0.00210059 0.0375093 -0.0591278 0.0391778 0.0243633 0.0151885 -0.00417467 0.0391107 0.0223438 0.0402462 -0.0303821 0.0701638 0.0132759 0.0235579 0.00994819 0.0650172 0.0104474 0.0108505 0.00655109 0.0204415 0.017275 -0.0580578 0.0442031 0.0297378 0.0186749 -0.0375537 0.0221618 -0.0265122 -0.0990751 -0.174055 0.0402999 0.0419483 0.0313852 0.0490804 -0.0939217 0.0191444 0.0263959 0.00995052 0.0343185 0.0299953 0.0225038 0.00990854 0.0258575
internal_weight=55371.7 18641.1 13767 11547.1 5050.25 6496.81 1518.5 2500.34 3996.47 36730.6 3531.75 2803.45 3907.79 2219.95 1142.82 27151.1 26992 25784.3 25380.6 24919.7 728.3 159.132 2441.62 1207.66 1007.32 604.548 460.88 375.678 2078.9 141.057 200.345 9579.48 2340.4 7239.08 306.663 7216.88 7191.87 4967.32 2224.55 2033.74 48.4528 402.768 4874.13 1429.03 82.7893 1346.24 94.472 58.719 23.9145 131.496 2047.67 827.782 1219.89 88.6803 1985.28 1108.54 876.747 3445.1 2265.47 1367.53 500.937 1251.77
internal_count=359375 52161 48944 29759 20500 9259 13349 3541 5718 307214 7151 4895 4661 19185 12884 288664 287209 282268 274313 272350 2256 1455 3278 4941 4755 3150 1963 465 3908 15277 186 18550 2298 16252 192 16122 15941 13565 2376 2106 150 1605 3217 1240 163 1077 165 263 115 170 3516 2121 1395 1057 1956 888 1068 1977 1483 1070 516 912
is_linear=0
shrinkage=0.05


Tree=55
num_leaves=63
num_cat=0
split_feature=2 10 13 17 0 15 9 16 10 10 22 5 0 0 16 1 0 0 19 0 1 0 12 12 24 20 9 15 15 10 1 1 5 5 1 0 1 1 9 13 10 12 17 2 9 17 5 24 19 8 1 12 17 16 0 5 19 5 8 9 8 24
split_gain=841.288 318.773 455.275 518.306 323.59 370.507 594.127 332.307 309.417 729.344 304.183 270.447 304.976 350.29 259.651 242.154 241.155 293.526 437.838 288.35 227.052 197.729 222.788 319.371 377.278 345.052 250.283 467.634 303.067 216.064 184.483 758.534 579.699 433.918 358.171 168.738 167.558 218.541 166.443 278.157 171.663 220.673 161.566 127.081 97.5835 93.1983 92.5601 68.1381 67.1214 62.4104 92.9925 115 159.755 88.2086 52.576 100.236 190.218 89.0497 48.5947 40.5411 38.8752 34.0489
threshold=4.5000000000000009 4.5650000572204599 -0.0025971879949793215 22.041666984558109 5.2049999237060556 6.5000000000000009 4.2500000000000009 0.60020706057548534 3.1100000143051152 3.5500000715255742 16.440632820129398 1.5000000000000002 2.6950000524520878 2.7050000429153447 0.66725873947143566 15.000500202178957 3.7949999570846562 3.4050000905990605 87.229694366455092 4.1050000190734872 10.68650007247925 5.0950000286102304 1.2182862162590029 1.1764705777168276 6.0041072368621835 0.48076881468296057 1.1050001382827761 14.500000000000002 7.5000000000000009 2.7975000143051152 5.0009999275207528 4.9005000591278085 1.0000000180025095e-35 1.0000000180025095e-35 15.000500202178957 4.5950000286102304 512.20498657226574 104.0014991760254 3.9999998807907109 -0.051428552716970437 3.0824999809265141 1.7728884816169741 16.045454978942875 33.500000000000007 1.4999998807907107 0.9925418794155122 6.5000000000000009 0.25190973281860357 5.3834776878356942 7.3500001430511483 33.004999160766609 1.4355753064155581 0.87538820505142223 0.54256141185760509 6.6499998569488534 2.5000000000000004 14.590314388275148 3.5000000000000004 4.5950000286102304 1.300000071525574 4.5950000286102304 8.0149998664855975
decision_type=2 2 2 2 2 2 2 2 2 2 2 2 2 2 2 2 2 2 2 2 2 2 2 2 2 2 2 2 2 2 2 2 2 2 2 2 2 2 2 2 2 2 2 2 2 2 2 2 2 2 2 2 2 2 2 2 2 2 2 2 2 2
left_child=11 2 3 4 5 6 -2 -7 14 -10 44 12 -1 30 -4 -12 17 18 -15 20 -18 22 23 24 25 -13 27 -25 -28 -24 31 -14 -33 -32 -35 -21 37 -31 40 -40 41 -5 46 49 -11 54 -16 -6 61 50 51 53 -53 -3 55 56 -23 -57 -19 -52 -26 -47
right_child=1 43 8 38 47 7 -8 -9 9 10 15 21 13 16 42 -17 19 58 -20 35 -22 45 29 26 60 -27 28 -29 -30 36 33 32 -34 34 -36 -37 -38 -39 39 -41 -42 -43 -44 -45 -46 48 -48 -49 -50 -51 59 52 -54 -55 -56 57 -58 -59 -60 -61 -62 -63
leaf_value=-0.052273410734202976 -0.020378983654719768 0.041245416637055693 -0.057574988654148319 0.03904786813348185 0.032797237719599602 -0.089502945774026468 0.039156290932582105 0.01862198835720677 -0.096671854200580193 0.057145003416297552 -0.0082764055484333653 0.0097186065713429082 -0.049755125086333306 0.069170015253009975 0.13453087450076703 0.031468883701425802 0.050849462306981175 -0.052131607053853085 -0.016659326225578638 -0.0078262109049841277 0.0090664744107013528 0.037092721804970752 -0.058918421693182288 0.049511030310504106 -0.055871467786071993 -0.05439396806116388 0.018795721292718663 0.34528687125180274 -0.16355307307580341 0.00020842325684910536 -0.050154335907370388 0.80744396948919839 -0.036645394782240152 -0.0583850452073192 0.17392690552160883 0.0050899441686092627 0.068082475885072671 -0.062530323401225871 0.034172140818082494 -0.09973085971773496 0.045321731039354836 -0.089354937899524658 -0.082623296510131339 0.039950248685400674 0.13846568194232686 0.025009257515888391 0.04101364705729349 0.083060460519072177 0.062393656833928474 0.03576965626746139 0.0045369276003172461 -0.12024228672828606 0.00049195538642925619 0.017487190793171441 0.040040049328962518 0.039715275440348231 -0.059189702998944729 0.0077671138282450055 -0.13178479047387767 0.042023481627253549 -0.11636922922296838 0.06052610313660553
leaf_weight=269.66165294870734 3194.2154752909846 448.51623634248972 68.179182265535928 80.171984486281872 228.44789523840882 72.895828558539506 481.32163446274353 1854.7502911995398 143.83455750002759 138.56252399762161 724.18563067016657 13986.030738651054 11.915599405765533 167.57953515602276 26.014252700842917 811.8177578181494 509.46915760077536 341.79232752043754 1251.7013561613858 4091.6611992516555 898.15032825339586 84.283948111347854 164.2736536351149 631.9606465769466 108.18693577731028 212.05809940979816 679.10693128081039 12.695561626460401 22.577271400019526 3761.7166225733235 61.428450648672879 5.515924446284771 2.8193043451756239 21.008298423141241 70.635887903161347 6615.6987931681797 85.923464468680322 143.1159616985824 106.8512780625606 59.569705095665995 1145.7188994986936 55.938079011044465 25.337621668935753 1529.4544407427311 51.153922852128744 865.29155117273331 2370.4932845581206 96.701947867870331 165.97805792652071 882.59614796563983 82.020523330196738 29.695777636021376 254.27901513502002 3050.068845897913 169.12166973762214 300.12008905643597 127.87862055841833 795.91730379778892 19.953047453425825 632.79434641450644 36.939760764595121 73.162754081189632
leaf_count=17118 10857 191 15875 83 146 3335 661 3025 2502 518 1472 116457 511 525 72 863 5158 12605 38546 33284 12410 52 5221 4026 2761 7099 1861 160 210 16133 3145 235 109 667 1115 21564 96 2609 63 459 479 290 256 726 28 710 6189 19 66 499 101 113 311 2718 76 319 532 1334 143 296 297 20
internal_value=0.0100493 0.0187003 0.0136812 0.0061081 -0.000443562 -0.00326193 -0.0125728 0.0144863 0.0264898 0.0111047 0.0201413 0.00566134 0.000297862 0.00130948 0.03803 0.0127336 0.000425465 -0.0167479 -0.00648006 0.00295171 0.0242182 0.00909026 0.00739571 0.010122 0.00793455 0.00875693 0.0333987 0.0558694 0.012697 -0.0028975 0.0717463 0.210282 0.548062 0.0521403 0.120563 0.000153487 -0.000576041 -0.00210515 0.0329122 -0.0140374 0.0390178 -0.0139531 0.0407462 0.0272217 0.0797091 0.0221055 0.0420866 0.0479701 0.0330934 0.0235955 0.0211978 0.018061 -0.0124935 0.0205453 0.0138709 0.010456 -0.0209224 0.016548 -0.0568901 0.0377415 -0.0719954 0.027845
internal_weight=55410.9 18645.6 11736.2 7376.58 5928.33 5603.18 3675.54 1927.65 4359.58 1869.55 1725.72 36765.3 14339 14069.3 2490.02 1536 13896 1781.03 1419.28 12115 1407.62 22426.3 19844.6 15689.6 14343.2 14198.1 1346.34 644.656 701.684 4155.03 173.323 20.2508 8.33523 153.073 91.6442 10707.4 3990.76 3904.83 1448.25 166.421 1281.83 136.11 2421.85 6909.43 189.716 2581.75 2396.51 325.15 1104.43 5379.97 4497.37 3782.56 283.975 3498.59 1477.32 1308.2 212.163 1096.04 361.745 714.815 145.127 938.454
internal_count=359321 52147 47192 19417 18043 17878 11518 6360 27775 5383 2881 307174 147135 130017 22392 2335 124235 51819 39071 72416 17568 160039 156930 132871 126614 123556 6257 4186 2071 24059 5782 855 344 4927 1782 54848 18838 18742 1374 522 852 373 6517 4955 546 3109 6261 165 796 4229 3730 3333 424 2909 2313 2237 584 1653 12748 397 3058 730
is_linear=0
shrinkage=0.05


Tree=56
num_leaves=63
num_cat=0
split_feature=6 10 17 10 23 23 21 3 3 24 8 15 23 24 13 18 0 0 1 18 1 1 1 18 0 18 1 1 1 1 23 24 21 15 18 15 1 16 1 1 23 8 21 0 0 10 11 16 18 17 13 14 21 1 23 22 22 23 23 16 22 0
split_gain=726.034 297.917 376.671 365.331 355.343 752.298 859.152 604.9 382.97 402.22 342.232 324.232 271.586 267.097 253.35 233.869 446.42 360.367 303.102 302.634 835.251 363.466 1276 288.313 320.362 292.012 276.167 307.951 237.45 1198.77 223.844 200.194 297.335 221.242 197.715 194.813 336.062 239.716 187.894 178.002 174.525 160.808 264.796 153.479 145.164 142.984 141.019 131.022 114.373 111.623 109.405 102.654 89.0624 85.6463 55.2857 43.5796 33.559 31.1411 14.673 10.7756 7.94496 7.21681
threshold=2.5000000000000004 2.9025000333786015 13.019999980926515 4.6549999713897714 0.14313883334398272 7943.2844238281259 162.9443283081055 45.500000000000007 69.500000000000014 -0.09331002831459044 6.8500001430511483 2.5000000000000004 0.00095459495787508797 2.1434284448623662 0.34000004827976232 354.54977416992193 3.7949999570846562 4.0050001144409189 278.11500549316412 282.38954162597662 1.0013224482536318 15.000500202178957 15.582000255584719 468.75234985351568 5.6199998855590829 480.14193725585943 8.0009999275207537 4.3559999465942392 150.0100021362305 148.00599670410159 0.12941765040159228 -4.0560712814331046 559963040.00000012 2.5000000000000004 48.586534500122077 11.500000000000002 9.3530001640319842 0.54774570465087902 1.0013224482536318 37.004999160766609 0.095709823071956648 5.2650001049041757 0.5011870563030244 4.4949998855590829 3.1950000524520878 5.4649999141693124 7.5000000000000009 0.71473780274391185 381.31312561035162 0.59846940636634838 0.021666675806045536 1.5000000000000002 11285.899902343752 10.68650007247925 7943.2844238281259 17.687735557556156 16.468716621398929 2.4433468338717332e+18 2.6621994007003141e+18 0.71473780274391185 16.528291702270511 4.6949999332427987
decision_type=2 2 2 2 2 2 2 2 2 2 2 2 2 2 2 2 2 2 2 2 2 2 2 2 2 2 2 2 2 2 2 2 2 2 2 2 2 2 2 2 2 2 2 2 2 2 2 2 2 2 2 2 2 2 2 2 2 2 2 2 2 2
left_child=14 2 38 4 12 6 10 -8 11 -10 -6 -7 34 41 15 19 18 28 26 31 -21 43 -23 24 -19 -25 27 -17 29 -18 40 32 33 -1 61 36 -33 -37 54 45 -14 42 -5 -22 -20 55 47 -40 -28 -44 -32 53 -49 -43 59 -15 -16 -41 -53 -2 -48 -3
right_child=1 3 -4 13 5 8 7 -9 9 -11 -12 -13 30 39 56 16 17 23 44 20 21 22 -24 25 -26 -27 48 -29 -30 -31 50 35 -34 -35 -36 37 -38 -39 46 57 -42 51 49 -45 -46 -47 60 52 -50 -51 -52 58 -54 -55 -56 -57 -58 -59 -60 -61 -62 -63
leaf_value=0.043117689156608074 -0.042391362822356976 -0.093222219598281086 -0.085347248395217123 -0.10469013476240718 -0.039474574234002906 -0.000227791306095557 0.012960787859269364 -0.15837694399228031 -0.14849472587378179 0.034811126181584849 -0.19654820167427531 0.019965783602720374 0.036290072236895524 -0.12383503056097243 -0.065303330737565154 -0.051349174553439028 0.03741850754281148 -0.05403057917144443 0.20476497274620531 0.47187647629128798 -0.05469385516822204 0.69622645724368604 0.03793776916662854 0.089587826102296056 0.038513573597378226 0.0017312655339308373 0.02545942818925627 0.050519892447028786 -0.052230323970979556 0.65832760012569036 0.065628949482126456 -0.015504488138232075 -0.12919548703119699 -0.066677076693221246 0.031359420594997377 -0.053361528414366893 0.0067668578910579777 0.043928649182542495 -0.059508963470353532 -0.028948972394201924 -0.060217489436017027 0.020533956095661221 0.037128433742587862 0.012413069674910881 -0.045821603370710305 0.0094066875539897624 -0.14487023541934393 0.047256019678683703 -0.039452260223330239 -0.0072789361644483496 0.19951694328256078 0.047346839091957645 0.010006851954756859 0.033903416063559809 0.0070699697084941858 -0.25390709225984104 -0.14489063019021675 0.042295748817913224 0.031478298461172421 -0.13190071905680986 -0.05408489330043164 -0.15041679352021864
leaf_weight=736.36448355810717 5.7875988613523104 48.584249128820375 62.460163240262773 53.148841391317546 1339.1354143882636 4376.4429624712211 1861.5788927128888 51.977759836532641 29.359273954294622 2207.920313735347 34.698860229225829 3640.2103859968774 1443.9653724600794 20.126397880725563 40.5166690077167 113.12198098190129 708.8544315174222 438.89804469794035 20.121067798696462 9.6633917707949859 149.13048315048218 6.4225719757378092 976.04235754813999 94.682176999747753 117.92005115002394 8232.4647645968944 70.709596553817391 211.07385516166687 69.053047263994813 6.8660016208887091 34.751777896424755 1914.5863744430244 27.131490878760815 48.016626812517643 46.297349628061056 70.665512774023227 14626.225802060158 548.14434103958774 30.418672549159965 33.243120073340833 47.503925245837308 3665.5143358334899 238.37329617515206 196.14165449142456 7.4767485596239558 13.661520838737486 7.9434236154193041 1671.0868913279555 1346.2580787218176 345.15839451923966 28.740281486418098 648.92571038752794 178.57662211818388 1788.9473318774253 14.958038827229755 13.012480072677134 22.005660703871399 26.768572852015495 202.46146299690008 18.598186572548002 6.1146075036085676 10.278164545074103
leaf_count=4472 6845 500 377 288 8604 7147 3650 481 188 3880 226 4084 2604 116 956 5036 8389 3763 81 101 2804 23 6805 345 58 49767 1559 7980 1576 27 94 31548 187 799 62 6869 117695 1404 3340 100 349 3138 208 398 237 14 98 3606 50961 497 28 205 765 1114 105 89 150 13 125 113 2218 60
internal_value=0.00960975 0.016082 0.0345863 0.0144204 0.0100558 0.00737735 -0.0134329 0.00822385 0.0140502 0.0323381 -0.0435855 0.00894245 0.031883 0.0238288 0.00451551 0.00472161 -0.000943901 0.00328133 -0.0240323 0.00807773 0.0310164 0.0274513 0.0429498 0.000410059 -0.0343892 0.00274146 -0.0266725 0.0149106 0.035737 0.0442922 0.0371488 0.00636874 0.0306219 0.0363138 -0.0455499 0.00521975 0.00418788 0.0327423 0.0385054 -0.0542884 0.0331746 0.025039 0.00108054 -0.0166317 0.137473 -0.126278 0.0407638 0.0419671 -0.0361938 0.0108855 0.128466 0.0274566 0.0436698 0.0249252 -0.0684102 -0.180998 -0.0952339 0.00292058 0.0436205 -0.113361 -0.111929 -0.105639
internal_weight=55055.3 24246.7 1995.94 22250.8 15201.4 13541.3 3287.39 1913.56 10253.9 2237.28 1373.83 8016.65 1660.12 7049.34 30808.6 30746 11437.5 9668.74 1768.76 19308.5 1337.4 1327.74 982.465 8883.97 556.818 8327.15 1741.16 324.196 784.773 715.72 1554.96 17971.1 811.513 784.381 105.16 17159.6 16540.8 618.81 1933.48 106.812 1491.47 6942.53 636.681 345.272 27.5978 46.8004 1894.14 1880.08 1416.97 583.532 63.4921 6305.85 1849.66 5454.46 39.3438 33.1389 62.5223 60.0117 851.387 24.3858 14.058 58.8624
internal_count=359321 55331 17467 37864 31957 28260 12961 4131 15299 4068 8830 11231 3697 5907 303990 302884 129779 63925 65854 173105 10131 10030 6828 53933 3821 50112 65536 13016 9992 8416 3075 162974 5458 5271 622 157516 149243 8273 17090 332 2953 5575 993 3202 318 219 10027 7711 52520 705 122 4582 4371 4252 7063 205 1106 113 330 6958 2316 560
is_linear=0
shrinkage=0.05


Tree=57
num_leaves=63
num_cat=0
split_feature=2 10 10 18 1 20 1 4 19 4 22 18 18 19 18 1 1 1 7 19 10 20 1 18 1 1 5 6 18 5 1 1 18 5 1 15 6 12 1 18 1 6 1 20 8 1 1 1 2 1 18 7 1 20 5 10 19 8 1 8 18 5
split_gain=738.275 296.558 385.019 310.363 429.6 431.072 459.276 340.224 527.147 249.476 330.141 240.18 309.763 372.13 256.128 480.097 318.014 665.297 222.723 211.167 208.716 424.845 223.009 205.946 218.685 621.832 785.702 197.275 191.405 168.231 233.636 671.532 326.739 161.07 160.463 142.91 142.891 141.505 141.376 271.727 252.863 372.795 232.984 193.073 180.111 128.397 297.399 126.983 126.422 122.624 104.899 97.887 88.736 88.703 86.6675 65.2767 82.3102 64.952 87.0096 119.476 165.763 78.8914
threshold=4.5000000000000009 4.5650000572204599 3.2925000190734868 0.017252777703106407 10.000500202178957 0.34196418523788458 19.997500419616703 30.500000000000004 1.274009704589844 57.500000000000007 18.797674179077152 354.54977416992193 468.75234985351568 478.29901123046881 282.38954162597662 1.0013224482536318 15.000500202178957 15.582000255584719 5.3200001716613778 315.19067382812506 2.8524999618530278 0.55441850423812877 21.998999595642093 407.80058288574224 35.001499176025398 30.925000190734867 1.5000000000000002 8.5000000000000018 275.59596252441412 1.5000000000000002 8.0009999275207537 7.9995000362396249 565.06338500976574 17.500000000000004 121.81000137329103 5.5000000000000009 21.500000000000004 1.1389359235763552 8.6219997406005877 1.9145859479904177 8.9640002250671404 3.5000000000000004 4.3559999465942392 0.83340051770210277 3.5049999952316289 512.20498657226574 203.004997253418 524.87500000000011 37.500000000000007 1.0013224482536318 346.54362487792974 3.0949999094009404 41.004999160766609 0.37224116921424871 5.5000000000000009 4.3500001430511483 0.45352999866008764 7.3500001430511483 33.004999160766609 6.7500000000000009 0.11396805569529535 94.500000000000014
decision_type=2 2 2 2 2 2 2 2 2 2 2 2 2 2 2 2 2 2 2 2 2 2 2 2 2 2 2 2 2 2 2 2 2 2 2 2 2 2 2 2 2 2 2 2 2 2 2 2 2 2 2 2 2 2 2 2 2 2 2 2 2 2
left_child=11 2 9 27 7 18 -7 35 -9 20 36 14 23 34 28 -16 33 -18 -6 -19 37 22 -22 24 25 54 -27 -4 38 45 31 -31 -32 50 -14 -5 49 -2 39 44 41 -40 -41 -42 -1 46 -15 -47 57 -11 -17 -39 -23 -12 -13 56 -29 58 59 61 -61 -3
right_child=1 48 3 4 5 6 -8 8 -10 10 53 12 13 29 15 16 17 19 -20 -21 21 52 -24 -25 -26 26 -28 55 -30 30 32 -33 -34 -35 -36 -37 -38 51 40 42 43 -43 -44 -45 -46 47 -48 -49 -50 -51 -52 -53 -54 -55 -56 -57 -58 -59 -60 60 -62 -63
leaf_value=0.062719521887406315 -0.10971301374324327 0.017547584966657589 0.057764578036195925 -0.013113861756852412 0.034077769281283525 0.014108376765829087 -0.081321021055368314 -0.012745220602309665 -0.10632756023914132 -0.025753675435320401 0.055519231220995093 -0.03383259602242094 0.06701446677385238 -0.00065689565253397369 0.30515007032927788 -0.039394259345245368 0.41341291181898754 0.066104361306707174 0.0075638420630975492 0.018057074743608893 0.021477590616790571 -0.086876576988403342 -0.065439009006336687 -0.056685487999691503 -0.050750943599585964 0.35912269949162257 0.020831037876538686 -0.12315655375762753 -0.065822622546812468 0.044519992871526484 -0.030710311610202247 0.48754051531299292 0.052730986938030848 0.093085304417549683 0.23281050482646207 0.016508673298733324 -0.077749071072911735 0.060028527479215402 0.044758144697205689 0.0062742487535768724 0.0081255219210974016 0.33581374822690324 -0.037395707983221387 -0.055663571439517646 0.0047432937403329859 0.084870621335857835 -0.056752140979782165 0.013387744221192752 0.040175790990250038 0.038510410233481743 0.040529204344350409 0.019839036179057808 -0.010538227300257483 -0.072981603908893994 0.044577726929504159 0.016373765286405991 0.01408598773311762 0.034839909830720092 0.036350032173012504 0.01863021623515685 -0.053083571342107429 0.045290992658925021
leaf_weight=171.6034763623029 17.833897028118372 3172.9902687296271 406.3495459347032 1197.8254467388615 1421.762475045165 270.1405745637021 234.90274978170055 440.65354725462385 227.89683219284052 75.551239895197796 14.954285621643065 211.57602109294385 67.314378539100289 9183.8301940318197 14.563843205571173 261.22043907828629 10.788930606096981 356.96236219629645 1789.8412378248759 637.53127385489643 610.65177358395886 165.04312136315275 82.928496246691793 384.50518473796546 190.92548489570618 25.950200675055385 47.73097762092948 25.340424559253734 89.817864265292883 51.430108650587499 208.86482356488705 9.3322609681636077 265.12765789311379 29.73585033416748 18.262751406058669 615.49574003263842 26.575020033807959 195.19512807612773 56.193440820323303 509.13115455437219 21575.874802346574 12.830044639063997 760.7471010114532 118.27456963446457 600.28743768413551 73.058087192475796 241.52796415332705 391.22652154974639 1254.865236049518 2735.8190914943407 47.775401102378964 677.81631755933631 49.982195960095851 89.974455810181098 41.297336069867015 49.884497921913862 18.245336866704747 894.77103695832193 692.75466747954488 189.45546988770366 138.68493684753776 278.65282995998859
leaf_count=2330 193 2828 107 2464 1584 1244 1852 856 1650 7314 1 2654 208 104918 101 2865 23 1210 2235 5595 1321 3061 488 6179 2869 165 205 256 1035 550 2490 33 1521 21 81 970 1287 236 347 7927 129946 16 16309 5945 3409 223 5744 1735 609 12009 316 3966 405 3610 204 48 35 534 403 161 325 95
internal_value=0.009183 0.0174567 0.0125798 0.00485968 0.00179949 0.0125554 -0.0303403 -0.0143043 -0.0447644 0.0234797 0.032446 0.00510651 -0.000912961 0.00150094 0.00782684 0.0289382 0.0257168 0.0398264 0.0193099 0.0353572 0.00880342 -0.00805064 0.0109989 -0.0290158 -0.00837705 0.0164616 0.143256 0.0427212 0.00662514 0.000643014 0.0279321 0.119435 0.0159648 -0.0161365 0.104735 -0.00305277 0.0356719 0.0259889 0.00690145 -0.00567499 0.00808178 0.102954 -0.0198921 0.00777497 0.0177033 -0.000834736 -0.00210075 0.024805 0.0258784 0.0367731 -0.0269299 0.0288891 -0.069286 -0.0542694 -0.0208824 -0.022544 -0.0665662 0.0225278 0.0200564 0.0170599 -0.0117328 0.0198012
internal_weight=54728.1 18062.8 11440.7 6698.34 6198.52 3716.65 505.043 2481.87 668.55 4742.33 2942.87 36665.3 11412 10510 25253.3 1358.58 1344.01 1005.28 3211.6 994.494 1799.45 908.606 693.58 901.985 517.48 326.555 73.6812 499.82 23894.8 10424.4 534.755 60.7624 473.992 338.732 85.5771 1813.32 2837.95 890.845 23804.9 2041.77 21763.2 69.0235 1269.88 21694.1 771.891 9889.64 9425.36 464.285 6622.17 2811.37 308.996 873.011 215.025 104.929 252.873 93.4703 43.5858 5367.31 4472.54 3779.78 328.14 3451.64
internal_count=359321 52147 47192 13301 12855 6915 3096 5940 2506 33891 24221 307174 129779 117503 177395 10131 10030 6828 3819 6805 9670 5275 1809 12276 6097 3228 370 446 167264 117214 4594 583 4011 3202 289 3434 20610 4395 166229 29975 136254 363 24236 135891 5739 112620 110662 1958 4955 19323 3181 4202 3466 3611 2858 339 291 4346 3812 3409 486 2923
is_linear=0
shrinkage=0.05


Tree=58
num_leaves=63
num_cat=0
split_feature=18 4 22 22 17 11 21 12 19 5 12 18 18 16 19 19 5 19 16 22 20 6 3 19 19 22 19 22 19 18 18 16 22 7 10 22 22 21 18 10 19 16 9 10 20 22 12 6 22 22 19 19 18 19 19 18 20 11 10 10 19 22
split_gain=638.507 281.906 240.64 240.597 339.454 338.827 262.398 247.475 259.145 240.419 224.258 224.076 282.977 318.233 249.659 365.783 256.212 216.282 201.875 285.932 201.381 224.903 178.495 162.676 310.278 289.289 242.612 403.039 338.763 304.939 915.858 286.072 231.152 321.826 223.97 186.108 178.895 173.525 161.741 157.09 154.889 139.203 137.773 138.395 922.253 269.226 149.017 123.074 118.283 113.986 108.233 103.821 100.5 93.0469 86.6179 85.8626 81.8202 78.1593 75.9012 68.6288 62.3629 55.9689
threshold=1.3382917046546938 57.500000000000007 14.46258068084717 14.788418769836428 0.79013434052467357 1.5000000000000002 4.3739020824432382 2.0112522840499882 6.982131004333497 2.5000000000000004 1.1389359235763552 565.06338500976574 346.54362487792974 0.095380242913961424 327.20553588867193 259.71893310546881 11.500000000000002 699.65585327148449 0.1208852417767048 16.617491722106937 0.21424853056669238 26.500000000000004 21.500000000000004 4.3297042846679696 1.4713264107704165 16.877146720886234 94.619487762451186 14.350024700164797 82.639579772949233 3.0306943655014043 2.8653835058212285 0.99965035915374767 17.109120368957523 6.3500001430511483 4.2550001144409189 16.562634468078617 15.400001525878908 6273542.5000000009 139.391471862793 5.1749999523162851 2.6671749353408818 0.85608786344528209 2.1050002574920659 3.2725000381469731 0.28102600574493414 18.797674179077152 1.936491906642914 21.500000000000004 15.100024700164797 16.028322219848636 237.01819610595706 500.63497924804693 83.80081939697267 428.52352905273443 492.66801452636724 594.76916503906261 0.40241117775440222 4.5000000000000009 4.6549999713897714 4.5025000572204599 161.2123947143555 19.794040679931644
decision_type=2 2 2 2 2 2 2 2 2 2 2 2 2 2 2 2 2 2 2 2 2 2 2 2 2 2 2 2 2 2 2 2 2 2 2 2 2 2 2 2 2 2 2 2 2 2 2 2 2 2 2 2 2 2 2 2 2 2 2 2 2 2
left_child=1 2 51 4 5 -4 20 40 -9 23 -6 12 13 14 15 -11 -16 55 19 -15 41 -22 58 24 -2 49 28 29 34 30 -28 52 -27 -34 48 -36 -33 -31 -20 -29 -8 -5 57 45 61 47 -46 -44 -25 -26 -7 54 -30 -14 -1 -13 -47 59 -3 -24 -41 -45
right_child=9 22 3 6 10 50 7 8 -10 11 -12 17 53 18 16 -17 -18 -19 38 -21 21 -23 42 26 25 32 27 39 31 37 -32 36 33 -35 35 -37 -38 -39 -40 60 -42 -43 43 44 46 56 -48 -49 -50 -51 -52 -53 -54 -55 -56 -57 -58 -59 -60 -61 -62 -63
leaf_value=-0.053136632974787691 0.045810944754792804 -0.11709794663481127 0.41436588401759766 -0.042549284029476234 -0.059214769334218445 0.15121408409536605 0.016649710389391 -0.090305178354838367 0.03796427451421594 0.020047926685537041 0.057323147907229532 0.12576240901310418 -0.0029892311246323511 -0.063371842940241466 0.014142476410347099 0.066707516922555513 -0.055593344032185105 -0.060689408850933026 0.0076979154006949603 0.031152491274597589 -0.025310677973218079 -0.16188661682670649 -0.14662449876419803 0.022805128418130646 -0.061070905082107829 0.036997381545870955 -0.049147715285618496 -0.052580082912689931 0.31275883465309251 -6.462024533663824e-06 0.58780425514598655 0.15645300936756479 -0.20109078666106509 0.017247206167361039 0.030866948054698334 -0.0089816000511982168 0.00053950986958029707 0.11738867019044019 -0.026246539067150833 -0.012021820201031846 -0.0055734705895202144 0.014908953614723969 0.035465921346052941 0.014988998984696914 -0.11700688877568791 0.05488921477919273 -0.033054756619021616 -0.076804549615110254 -0.064056022867736345 -0.1462169851297532 -0.047436804340662671 -0.061166245393489062 0.1382116018256003 -0.054030921405372294 0.079904528961835017 0.036644680460399336 -0.071509733898809755 0.045665411481211116 0.012622347134183641 0.028958967914998732 0.078780884039815216 0.041530406995166455
leaf_weight=20.623727203346789 103.11036948673427 29.228276386740617 10.904675245285032 123.26989575102925 50.00893974956125 24.170055243186653 12908.773383892258 110.48490100793424 60.108090359193739 1417.0418214570382 217.29008443979546 82.646412067115307 144.384213315323 234.35809146601241 865.38936653267592 597.1908471705392 154.31931659579277 25.789623657241464 13969.614421280217 120.37671806942672 450.56131076754536 31.393638469278812 9.0475652138702589 54.64749501273036 88.060790958814323 107.94232895225286 15.546312353573741 494.81357179488987 14.040337877348064 13321.477955513634 7.7282995795831075 24.813719838857651 29.5057109342888 37.371733225882053 998.48059356352314 413.75654221279547 64.293098143301904 30.55197458807379 358.95460761804134 47.603015999309719 833.93981716991402 693.27298730798066 2036.9223083178222 316.40600284887478 129.26311139960308 14.395286560058592 91.059191410953645 23.773293927370105 133.24845923436806 74.41585592739284 8.8304345179349166 154.44675351376645 26.056616200134158 234.42563765496016 27.258348712231964 41.7920524738729 80.028546141344123 1048.6384218087478 17.596469558775425 11.794305894523857 30.053306341171265 543.45436830073595
leaf_count=390 91 370 10 607 987 20 17567 712 90 5830 574 92 763 4087 9594 2149 3205 287 94826 176 4614 162 418 338 538 73 503 6235 14 154974 39 110 168 36 3169 1081 300 327 3968 163 5699 772 13382 339 950 1 789 1180 1365 357 294 4130 146 3455 10 138 3288 3054 17 7 11 280
internal_value=0.00877019 0.0158543 0.0127356 0.0134429 0.0569026 0.184225 0.0125498 0.0145561 -0.0451227 0.00463082 0.035362 0.00856133 0.00805402 0.00896923 0.0237091 0.0339105 0.00353987 0.0691791 0.00592184 -0.0312842 -0.00893817 -0.0345341 0.0271179 0.000180617 -0.0297543 -0.0529362 0.00102372 -0.00116661 0.0186829 0.000592845 0.177647 0.0962522 -0.00814488 -0.0805512 0.0123602 0.0191905 0.0452669 0.000270557 0.00684543 -0.0422129 0.0153005 0.00618718 0.0281804 0.0230214 0.00839759 0.0303415 -0.0826382 0.0341317 -0.0387799 -0.100755 0.0980792 -0.0413081 0.205576 -0.0346485 0.0225841 0.0964032 -0.051814 0.0437462 -0.0690006 -0.0502571 0.0236104 0.0317984
internal_weight=54440.7 20076.9 15725.3 15523 311.204 43.9052 15211.8 13913.3 170.593 34363.8 267.299 18246.3 18096.1 17717.2 3033.94 2014.23 1019.71 150.228 14683.3 354.735 1298.5 481.955 4351.61 16117.5 440.407 337.296 15677.1 13947.8 1729.34 13375.3 23.2746 129.204 174.82 66.8774 1600.13 1412.24 89.1068 13352 14328.6 572.47 13742.7 816.543 4304.78 3235.3 1080.18 2155.12 220.322 2060.7 187.896 162.477 33.0005 202.329 40.097 378.81 47.8821 124.438 94.4238 1069.48 46.8247 20.8419 77.6563 859.86
internal_count=359321 60713 36638 32108 1885 324 30223 24068 802 298608 1561 128570 128053 123835 20778 7979 12799 517 103057 4263 6155 4776 24075 170038 1263 1172 168775 162252 6523 155843 542 570 277 204 5953 4250 410 155301 98794 6409 23266 1379 23688 20209 2358 17851 1739 14562 1703 895 314 4530 160 4218 400 230 3289 3479 387 425 174 619
is_linear=0
shrinkage=0.05


Tree=59
num_leaves=63
num_cat=0
split_feature=2 10 13 17 9 21 5 7 9 10 10 21 22 21 5 18 18 18 18 19 19 19 21 22 19 19 9 13 10 12 18 19 7 19 18 18 18 8 18 17 18 19 8 12 22 3 5 19 11 12 19 18 19 19 18 7 18 18 18 18 17 20
split_gain=659.226 277.486 374.792 470.396 300.727 342.593 310.834 328.744 289.244 279.802 633.504 263.195 226.842 199.861 196.067 237.201 313.06 237.357 172.373 170.24 232.252 158.244 155.315 411.625 297.597 150.709 147.163 246.576 152.737 182.406 145.696 176.166 491.964 352.398 226.533 344.835 214.938 147.57 242.565 134.758 126.13 256.262 125 131.11 178.165 186.907 141.117 120.389 114.745 112.544 99.6274 98.8253 331.421 157.037 114.309 84.4385 78.9012 183.881 66.3142 62.1054 54.7569 142.747
threshold=4.5000000000000009 4.5650000572204599 -0.0025971879949793215 22.041666984558109 4.2500000000000009 1119510855680.0002 37.500000000000007 6.0499999523162851 2.4999998807907109 3.1100000143051152 3.5500000715255742 0.63071638345718395 16.440632820129398 0.031045641750097278 1.5000000000000002 565.06338500976574 354.54977416992193 268.94493103027349 594.76916503906261 327.20553588867193 299.08242797851568 649.87545776367199 281050624.00000006 16.000020980834964 24.467093467712406 339.00651550292974 3.9999998807907109 -0.051428552716970437 3.0824999809265141 1.7728884816169741 0.10504305362701417 1.4713264107704165 4.4349999427795419 4.3297042846679696 5.0179669857025155 7.22721290588379 2.8653835058212285 5.4900000095367441 0.020780554972589019 16.045454978942875 0.31303609907627111 0.53656458854675304 7.3500001430511483 1.4857142567634585 19.750029563903812 24.500000000000004 83.500000000000014 2.5118931531906132 7.5000000000000009 1.1389359235763552 640.58712768554699 490.84091186523443 500.63497924804693 407.63124084472662 514.98422241210949 4.5850000381469735 0.9859808385372163 0.40651999413967138 1.8050812482833865 608.45587158203136 13.806976795196535 0.19085931777954104
decision_type=2 2 2 2 2 2 2 2 2 2 2 2 2 2 2 2 2 2 2 2 2 2 2 2 2 2 2 2 2 2 2 2 2 2 2 2 2 2 2 2 2 2 2 2 2 2 2 2 2 2 2 2 2 2 2 2 2 2 2 2 2 2
left_child=14 2 3 4 6 -6 8 -8 -2 39 -11 13 -13 -12 30 16 17 22 -17 20 -19 50 24 -24 -16 -21 28 -28 29 -5 37 32 56 47 36 -36 -35 38 -1 48 -34 -42 43 46 45 -45 60 58 49 -4 59 53 -53 -18 -54 -40 57 -32 -33 -20 -3 -62
right_child=1 42 9 26 5 -7 7 -9 -10 10 11 12 -14 -15 15 18 51 19 21 25 -22 -23 23 -25 -26 -27 27 -29 -30 -31 31 33 40 34 35 -37 -38 -39 55 -41 41 -43 -44 44 -46 -47 -48 -49 -50 -51 -52 52 54 -55 -56 -57 -58 -59 -60 -61 61 -63
leaf_value=-0.0043987764152211726 -0.015514666918983606 0.02089335698538481 -0.094915916217880272 0.036702878719640751 0.047069909694617607 -0.1106943219830504 -0.010311480780613466 -0.062314000486631396 0.013796215542064318 -0.093709641155836035 0.029259931321476335 0.072264499966855508 0.014536564117664786 -0.15231507988389972 -0.0090316735738280706 0.082762434946650906 0.00046069053432327761 0.010362225136849531 0.045493631050513177 -0.074495126462523917 0.073726787465478102 -0.060496859427615006 0.054001022439626171 0.0091874984136821793 0.0079018856085204658 0.017971622235516869 0.033039061678087803 -0.095594723004632176 0.04402483310376288 -0.083693385407736937 0.094878111833787943 -0.11531353739080226 0.021961087144771352 -0.054738507943591752 -0.13332724569036611 -0.00027005091513692997 0.084435246329166561 0.01388998521497907 -0.07320369546989812 -0.07887331508364552 -0.11276126171844225 0.0001003413144702025 0.038177027496190855 -0.022871172936549906 0.010862311286445861 -0.20347593905958339 0.045562684383401018 -0.12973341907756192 -0.08421403376895123 0.038773225616285538 0.12692260088134147 0.18597532341283507 0.037839323475816047 -0.055679268383586993 -0.049620669676471649 -0.1827073951595064 0.11949747963048099 -0.073509836213519475 -0.018651445623473959 -0.067937649481074586 0.016914475396764734 -0.080020985776262057
leaf_weight=73.925382887944579 1321.3704364881851 3983.8767593279481 14.915848109405486 73.955638300161809 465.06255707822856 36.19683313468704 1242.2634213857527 401.73219677701127 2314.253315558075 137.49868313025218 24.200826078653336 192.59959161421284 1419.295547800255 38.159650058834814 3363.2159009041497 178.25419314391911 191.61338102817535 241.98856457695365 38.483216343447566 47.120713286101818 360.5045723374933 51.359028396196663 572.25968321040273 4841.8154402674409 11339.266548014712 522.07041332591325 102.28345378325321 57.2812665294623 1037.7341763405129 53.224633266509045 66.247967597097158 22.004042683169246 438.20450309664011 33.869039882905781 47.882384615950286 12656.703466513194 138.06302446592599 83.316985063254833 35.855580192990601 24.548510408203583 58.372714325785637 328.40234166383743 1350.1051527820528 40.85742075741291 171.98825640976429 21.376329526305199 596.52673161774874 59.8883341178298 18.497703063825611 2192.1367871696712 27.190777168609202 21.561807628720999 57.04898533038795 353.9751293445006 103.98439123108983 38.837469935417175 110.28409921936691 20.510940371081233 80.867618581280112 16.379974676296115 167.37079353258014 48.03619271889329
leaf_count=243 4537 3328 270 83 480 323 7625 1807 3271 2502 17 524 2027 313 13839 546 984 933 90 316 766 933 902 7549 119737 5346 63 459 479 290 199 132 416 1164 482 141858 415 80 501 257 219 443 741 74 176 122 226 345 8191 13674 44 92 694 5797 1321 201 73 170 194 150 151 137
internal_value=0.00837299 0.0163413 0.0115862 0.00465834 -0.00150039 0.0354698 -0.00501743 -0.0230522 0.00314044 0.0236996 0.00906394 0.0175581 0.0214779 -0.082421 0.00455444 0.00748148 0.00686675 0.00797004 0.0507296 0.0298385 0.0483443 0.00759577 0.00669465 0.0139342 0.00402762 0.0101907 0.0315237 -0.0134151 0.0376897 -0.0139035 -1.78755e-05 0.000631438 0.0206113 -0.000935664 -8.34296e-06 -0.000782379 0.0568324 -0.0392383 -0.0689497 0.0354726 0.0036121 -0.0171669 0.0246604 0.0210245 -0.0154378 -0.087222 0.0228092 -0.0738207 0.0367709 0.0378249 0.0504916 -0.0253474 0.00644395 -0.0359887 -0.0185632 -0.131869 0.0913805 0.054628 -0.0402865 0.0109281 0.0195657 -0.0049491
internal_weight=54168.7 17547.3 11167.2 7105.36 5780.88 501.259 5279.62 1644 3635.62 4061.85 1811.75 1674.26 1611.9 62.3605 36621.3 22328.1 22016.4 21288.2 311.667 1171.68 602.493 133.413 20116.6 5414.08 14702.5 569.191 1324.48 159.565 1164.91 127.18 14293.2 14061.3 1022.02 13039.3 12876.5 12704.6 171.932 231.935 148.618 2250.1 824.98 386.775 6380.14 5030.03 234.222 62.2338 4795.81 162.76 2225.55 2207.05 82.054 728.184 182.595 545.589 161.033 74.6931 197.043 86.7589 102.872 54.8632 4199.28 215.407
internal_count=359321 52147 47192 19417 18043 803 17240 9432 7808 27775 5383 2881 2551 330 307174 160039 158276 149388 1763 7361 1699 1217 142027 8451 133576 5662 1374 522 852 373 147135 146110 1520 144590 143919 142340 1579 1025 945 22392 1078 662 4955 4214 372 196 3842 671 22135 13944 284 8888 2107 6781 2015 702 442 369 326 240 3616 288
is_linear=0
shrinkage=0.05


Tree=60
num_leaves=57
num_cat=0
split_feature=6 8 8 20 21 18 13 14 10 2 20 5 1 5 22 7 12 7 1 10 1 19 5 3 12 12 4 7 14 8 22 1 3 14 13 20 22 21 7 1 11 3 10 8 21 12 5 14 12 2 22 20 2 5 13 19
split_gain=628.096 290.128 346.568 290.886 333.183 304.476 268.423 209.53 198.069 280.222 189.638 339.202 238.489 229.457 486.171 203.28 208.756 184.267 170.218 222.957 172.837 150.077 135.404 200.394 134.736 96.9078 95.5284 89.3992 108.421 89.0659 836.138 401.5 99.9958 82.2252 53.0598 52.3428 359.043 44.01 41.5867 34.3602 33.4013 68.2113 27.516 25.8714 23.0128 22.6531 19.7193 25.9362 8.63456 8.37462 7.37171 5.95827 5.94765 5.48868 4.1202 1.28502
threshold=2.5000000000000004 7.2500000000000009 7.1499998569488534 0.77141305804252636 11285.899902343752 0.020780554972589019 0.29999996721744543 1.5000000000000002 4.6499998569488534 55.500000000000007 1.4288153648376467 27.500000000000004 31.003000259399418 26.500000000000004 14.560017108917238 3.6049998998641972 1.1956717371940615 4.9949998855590829 9.004399776458742 2.9025000333786015 9.7009997367858904 80.573616027832045 108.50000000000001 3.5000000000000004 1.8930722475051882 1.1734927296638491 21.500000000000004 6.8500001430511483 1.0000000180025095e-35 8.2500000000000018 20.806444168090824 16.005000114440922 31.500000000000004 2.5000000000000004 0.14571430534124377 0.19244954735040667 20.057225227355961 12554001.500000002 4.5850000381469735 2.4750000238418584 3.5000000000000004 10.500000000000002 3.9550000429153447 7.6499998569488534 2236069.5000000005 1.6774194240570071 86.500000000000014 2.5000000000000004 1.9781917929649355 7.5000000000000009 17.409026145935062 1.7505140304565432 13.500000000000002 8.5000000000000018 0.025174823589622978 40.077833175659187
decision_type=2 2 2 2 2 2 2 2 2 2 2 2 2 2 2 2 2 2 2 2 2 2 2 2 2 2 2 2 2 2 2 2 2 2 2 2 2 2 2 2 2 2 2 2 2 2 2 2 2 2 2 2 2 2 2 2
left_child=6 2 3 5 7 27 10 55 9 -7 11 13 22 18 37 16 -14 -10 19 -1 -20 -9 33 -24 29 39 -26 34 -29 30 35 45 -33 -13 -2 43 -37 -15 -8 52 41 44 -4 -3 -27 -32 51 -48 -28 -41 53 -42 54 -40 -12 -5
right_child=1 24 42 4 -6 8 38 21 17 -11 25 12 15 14 -16 -17 -18 -19 20 -21 -22 -23 23 -25 26 40 48 28 -30 -31 31 32 -34 -35 -36 36 -38 -39 50 49 46 -43 -44 -45 -46 -47 47 -49 -50 -51 -52 -53 -54 -55 -56 -57
leaf_value=-0.024224904074973564 0.034632452141438161 0.03073140420921602 -0.091303694801146945 -0.10385142282015636 -0.072809867834732769 0.0024491439119997752 -0.05635691613893104 0.042984946133041324 -0.022257713659376444 0.025538511869583419 -0.046239685986284182 -0.059547328874171246 -0.057875012544157639 0.14829322273533704 -0.062900852478626493 -0.06466538818591494 0.056469154081677145 0.019210678638953749 0.055425375892563113 0.0064032992937775495 0.0037260661053602792 -0.11391577883295129 0.058546810551903188 -0.055608361147497357 0.017108587792682494 -0.046675731727297796 -0.15113656400907638 0.026573831453975561 -0.10921624203703334 0.052321513733050717 -0.50985087114030003 -0.045001763401363117 -0.19030862037787635 0.038474746245683374 0.079634019168929329 0.051939127862974221 -0.051332425788560621 0.26868129014767711 -0.13032420206116893 -0.052554836499880686 0.042600636669395169 -0.18819006766117927 -0.2168037462924958 0.045300149685129749 0.047764650144709639 -0.25415396917253102 -0.062258907544013808 0.045019018463882773 -0.080190456275668801 -0.1256770406183545 -0.18545065316249015 0.057194915955275739 0.045014945823384667 -0.063045079150216191 0.028283926496592157 -0.058823871982881637
leaf_weight=1269.3559715106385 1081.5414345329627 533.52114829048514 9.5104920356534439 20.486126322270142 69.748267712362576 11352.725778694148 38.055260697379708 1359.4327108196449 283.10025675594807 1485.2478203269129 3.4955052006989709 501.07227288835566 49.8700907882303 25.842177664861083 29.263827333808877 69.478979932668153 185.5440724696964 4714.0121526941657 161.68759382818826 1115.3025391334668 26186.235968686582 14.466874373785684 71.691423502750695 80.595399664074648 33.698843538761139 8.0175533904694039 8.1646525487303752 38.492412961670198 22.463070867030183 449.68145631253719 5.0153214260935766 45.305677525699139 15.590373054146765 21.631861885078251 69.713070537894964 255.71465020626783 124.24610251188278 16.015601865947247 15.952824466396125 18.055519678862769 158.93372930935584 3.4226276591652995 14.793451912701128 759.28350717015564 22.001958433305845 5.969441682100296 8.5988995573716256 12.637540810974313 22.076903007924557 5.896680910838767 8.4543247967958433 176.85817734594457 8.6380724906921369 8.0558749372139555 2.2070513404905796 7.811761498800478
leaf_count=29423 936 360 69 329 595 27236 1040 14361 667 3034 120 14045 1142 176 688 1706 981 4294 1132 12407 230148 430 283 7070 37 520 42 29 765 105 67 116 137 35 15 78 333 2 95 1221 511 89 89 312 58 43 720 25 482 61 57 216 5 97 13 231
internal_value=0.00709346 0.0133611 0.0114896 0.0117174 0.0331277 0.0100609 0.00237373 0.038449 0.00841124 0.00512256 0.00260284 0.00212675 -0.0267876 0.00311147 0.0921869 0.00988034 0.032083 0.0168564 0.0028876 -0.00990135 0.00404561 0.0412475 -0.043348 -0.00180404 0.0303708 0.0355804 -0.0406837 0.0343009 -0.0243414 0.0324612 0.0273123 -0.138505 -0.0847571 -0.0554155 0.0374286 0.0345191 0.0181104 0.199667 -0.0943764 -0.0394861 0.0430369 -0.00448622 -0.17344 0.0393201 0.0216889 -0.404115 0.0475024 0.000509601 -0.103729 -0.0750721 -0.13578 0.0504491 0.0206442 -0.111373 -0.0167343 -0.0940241
internal_weight=53084.7 22801.8 20543.5 20519.2 1471.95 19047.3 30282.9 1402.2 17835.1 12838 30212.4 29783.6 979.884 28803.7 71.1216 304.893 235.414 4997.11 28732.6 2384.66 26347.9 1373.9 674.991 152.287 2258.27 428.763 63.9404 1212.21 60.9555 2194.33 1744.65 71.8808 60.8961 522.704 1151.25 1672.77 379.961 41.8578 70.5183 38.2928 390.47 33.4421 24.3039 1292.8 30.0195 10.9848 357.028 21.2364 30.2416 23.9522 32.463 335.792 14.3406 24.0087 5.70256 28.2979
internal_count=359278 55192 53080 52922 15946 36976 304086 15351 35231 30270 302797 299238 25262 273976 866 3829 2123 4961 273110 41830 231280 14791 21433 7353 2112 3559 561 1745 794 1551 1446 363 253 14080 951 1083 411 178 1289 1420 2139 667 158 672 578 110 1472 745 524 1282 249 727 138 192 133 560
is_linear=0
shrinkage=0.05


Tree=61
num_leaves=63
num_cat=0
split_feature=8 15 18 0 5 20 17 10 22 4 24 18 8 7 24 17 24 22 8 7 11 24 13 5 8 22 24 20 24 0 0 22 20 17 14 3 13 17 0 10 16 7 7 0 14 11 3 13 8 24 24 20 10 7 8 18 15 20 3 0 10 15
split_gain=544.377 576.767 435.958 346.245 362.373 296.569 340.879 278.14 410.042 378.76 276.892 276.71 238.957 195.101 193.115 180.128 323.805 277.987 165.224 601.49 134.285 117.685 107.82 97.2651 88.601 814.264 204.409 240.917 264.732 116.768 137.978 124.212 221.584 79.2333 78.5975 76.2974 63.3152 60.3799 59.3602 50.8867 85.5152 77.1837 54.5553 80.7268 47.7152 44.0817 43.9004 42.364 25.264 21.9001 20.9153 20.2664 19.1274 18.1323 11.6795 13.6745 8.31948 8.07969 7.60754 2.96445 2.70393 2.06277
threshold=7.2500000000000009 5.5000000000000009 0.020780554972589019 3.8249999284744267 163.50000000000003 0.28102600574493414 9.7750000953674334 2.8000000715255742 16.562634468078617 139.50000000000003 0.46401576697826391 309.16978454589849 7.1499998569488534 4.4949998855590829 0.8571428954601289 2.690415740013123 0.30000010132789617 16.645270347595218 4.6099998950958261 4.8949999809265146 7.5000000000000009 -0.0023105030413717027 0.037159185856580741 69.500000000000014 8.2500000000000018 20.806444168090824 0.25190973281860357 0.19402842223644259 -1.2240003943443296 4.4949998855590829 3.7949999570846562 20.057225227355961 0.18917617946863177 14.014705657958986 4.5000000000000009 167.50000000000003 -1.0000000180025095e-35 29.125000000000004 6.0499999523162851 4.2550001144409189 0.54774570465087902 6.1499998569488534 4.9949998855590829 5.2049999237060556 1.0000000180025095e-35 6.5000000000000009 20.500000000000004 -0.0033388062147423621 4.5950000286102304 -0.27607719600200648 0.049537630751729018 0.29126216471195226 4.7650001049041757 7.8500001430511483 7.6499998569488534 0.10504305362701417 22.500000000000004 0.28642667829990393 142.50000000000003 4.7099997997283944 4.7049999237060556 14.500000000000002
decision_type=2 2 2 2 2 2 2 2 2 2 2 2 2 2 2 2 2 2 2 2 2 2 2 2 2 2 2 2 2 2 2 2 2 2 2 2 2 2 2 2 2 2 2 2 2 2 2 2 2 2 2 2 2 2 2 2 2 2 2 2 2 2
left_child=1 2 13 4 5 11 -7 20 10 18 34 -4 15 38 36 16 -5 -17 23 -20 22 47 33 -10 25 29 27 28 -27 30 37 -32 -33 35 48 -3 -12 57 59 40 -15 -42 43 -41 58 53 -30 -6 -9 -44 54 -46 -52 -29 55 -31 61 -2 -11 -1 -56 -22
right_child=24 7 3 12 21 6 -8 8 9 44 14 -13 -14 39 -16 17 -18 -19 19 -21 56 -23 -24 -25 -26 26 -28 45 46 50 31 32 -34 -35 -36 -37 -38 -39 -40 42 41 -43 49 -45 51 -47 -48 -49 -50 -51 52 -53 -54 -55 60 -57 -58 -59 -60 -61 -62 -63
leaf_value=-0.070064109567298846 -0.1661305630774102 0.041214784083632779 0.0023799194001696946 0.0051034166531237074 -0.058077457334399923 -0.034229518751373304 0.0092826508340277791 -0.059876138947182383 -0.017944531184507808 -0.027676792748224946 -0.065224552334447405 -0.018834654743996471 -0.19136202809989045 0.10390515403407417 -0.075192802365620925 0.053160680461520164 -0.023398788147478217 0.010671239224408581 -0.060402039525499884 0.019659257339734067 -0.037202979552359745 -0.068855982895736093 -0.06110325328746357 0.062121271433722008 0.050441610551918717 -0.02471240640573516 -0.02579290956643281 -0.19226767157668762 -0.25803247085695979 0.016686637927850381 0.047600112245263865 0.021939476626257434 -0.091932101819745829 -0.091312188826313603 0.050703093969754122 -0.053218563927044854 0.059548486214840005 -0.0024259423272180655 0.044084183632463192 -0.054534594394090176 -0.0084543617495247102 0.046233975328999678 0.045668520030663878 0.04313463365359467 -0.15345226471193119 0.042167199442800604 -0.48403582067229484 0.051971961199653138 -0.097593703208912641 0.022847939236656668 -0.0033612859804246728 -0.076405257124158674 0.039157874107323257 -0.07655917482919071 0.03873743482014412 0.039536699906565512 -0.04601127055851488 -0.084574583495849759 0.045287444785392622 -0.12323940137825573 0.04825715951364401 -0.13355624413853939
leaf_weight=45.827168673102278 11.300641869194807 1606.9133120599145 6772.4888075297349 25039.246134748741 8.1325769774557539 1684.4668037416122 613.39038528382662 208.10040942020714 42.891575663350523 5.1617590450914559 10.285753935808314 1987.1960738315247 14.440472847083582 56.69409137868206 40.709471211303025 441.56629263795912 1036.7408297476359 2969.6911006286973 244.26808485656511 5399.4754344304092 1.7733574503508887 21.455700774386059 26.419848717923742 297.89289441308938 443.28665452450514 6.9455102425999966 33.494058609008789 4.6169629442156355 9.1843327619135398 78.520885645295493 199.94163323706016 171.04485420323908 55.831339702941477 10.641135379672049 13.742566022323443 20.815714560099877 115.41265985206701 14.651009067893026 11.781615674495695 47.615591961890459 72.44189031701535 558.2201668213238 172.10545248165727 36.464983820915222 10.127581131877376 5.5324754568864583 8.9958486966788751 356.24284330871888 61.636209777090698 283.65422992035747 51.526606337167323 89.150937703758245 52.613649275153875 17.402122787665576 126.88147286325693 504.9885988580063 8.1493205411825311 9.9703819786373042 7.5846843719482422 4.547534652054309 543.64537863992155 8.901809018745551
leaf_count=776 62 7929 90982 110775 378 24162 1428 8820 121 274 221 72898 86 44 750 559 5138 3234 1578 6227 212 1293 950 362 123 15 80 68 66 81 85 151 245 89 36 2575 346 42 3 142 229 382 62 16 73 7 109 1378 898 227 78 3710 27 183 69 255 7496 253 2 23 194 201
internal_value=0.00677458 0.0056786 0.00331861 0.00241662 -0.00496542 -0.00662937 -0.0226132 0.017787 0.0131206 0.0165218 -0.0328923 -0.00243379 0.00528028 0.0319345 0.018218 0.00538323 0.00396917 0.0161867 0.0182322 0.0161831 0.0359096 0.0426026 0.0374329 0.0520064 0.0302917 0.0255814 -0.123729 -0.184267 -0.29368 0.032714 0.0109771 0.0189679 -0.00634138 0.0390612 -0.0628711 0.0399721 0.0488648 -0.0817749 -0.0538523 0.0363238 0.0453672 0.0399408 0.0247375 -0.0121084 -0.0741634 -0.0775213 -0.389529 0.0493498 -0.0688419 0.0315576 0.0401028 -0.0857667 0.0182408 -0.108337 0.0418983 0.0365042 -0.0936517 -0.133641 0.0155124 -0.0772672 0.0465236 -0.122536
internal_weight=52814.8 50464.5 42234.4 40945.1 11443.4 11057.5 2297.86 8230.05 6546.44 6096.55 449.887 8759.68 29501.7 1289.35 166.408 29487.2 26076 3411.26 5984.53 5643.74 1683.61 385.831 1664.79 340.784 2350.37 1907.09 86.1713 52.6773 25.1257 1820.92 462.74 426.818 226.876 1638.37 283.479 1627.73 125.698 35.922 62.1563 1227.2 687.356 630.662 539.84 84.0806 112.025 27.5516 18.1802 364.375 269.737 455.76 1358.18 99.2785 104.14 22.0191 1254.04 583.509 18.8245 21.271 12.7464 50.3747 670.527 10.6752
internal_count=359278 357085 314215 312311 192519 189470 25590 42870 23418 12347 11071 163880 119792 1904 1317 119706 115913 3793 8288 7805 19452 3049 11543 483 2193 2070 528 448 190 1542 838 481 396 10593 9754 10504 567 357 802 1102 655 611 447 158 4059 258 175 1756 9718 289 704 3783 105 251 599 336 7909 315 276 799 263 413
is_linear=0
shrinkage=0.05


Tree=62
num_leaves=63
num_cat=0
split_feature=9 0 13 9 9 1 18 23 5 12 9 10 7 0 18 9 1 7 18 12 5 1 23 5 1 1 20 1 4 16 10 0 0 4 2 23 10 1 23 1 0 2 3 7 12 13 6 18 3 19 5 23 1 1 10 12 2 23 18 18 1 1
split_gain=555.576 360.293 287.69 258.248 305.529 428.169 314.572 395.142 247.401 326.916 248.06 225.322 205.907 188.854 432.298 551.681 260.121 452.161 426.599 543.554 442.4 298.282 264.095 229.308 201.017 304.781 187.744 180.968 172.157 347.884 205.65 172.076 152.491 146.817 514.059 391.893 419.425 149.852 292.115 180.411 170.199 169.818 157.412 141.23 136.742 125.813 123.672 157.994 117.75 113.703 113.666 92.2766 91.3263 86.1449 96.5945 169.427 227.171 225.866 84.2418 595.923 677.27 129.14
threshold=1.6000002622604372 4.6949999332427987 -0.0025971879949793215 4.2500000000000009 3.9499999284744267 25.651499748229984 0.058294720947742469 31690203592654852 4.5000000000000009 1.2394901514053347 3.9499999284744267 4.6549999713897714 6.8500001430511483 3.7949999570846562 381.31312561035162 1.1649999618530276 10.68650007247925 2.7749999761581425 70.064250946044936 1.031278729438782 8.5000000000000018 3.8504999876022343 9978108287385602 23.500000000000004 6.0004999637603769 4.3559999465942392 0.36649332940578466 4.6649999618530282 7.5000000000000009 0.64729991555213939 3.0900000333786015 3.3950001001358037 6.2500000000000009 31.500000000000004 30.500000000000004 5.2015235424041757 4.5025000572204599 8.9640002250671404 1353.917175292969 9.7009997367858904 4.6949999332427987 1.5000000000000002 19.500000000000004 3.1950000524520878 1.0227642655372622 0.25000001490116125 51.500000000000007 0.86854863166809093 13.500000000000002 640.58712768554699 2.5000000000000004 5001769931243521 4.6649999618530282 15.994999885559084 4.5025000572204599 1.4244499206542971 14.500000000000002 0.0048117898404598245 670.03222656250011 686.12658691406261 17.005000114440922 69.002998352050795
decision_type=2 2 2 2 2 2 2 2 2 2 2 2 2 2 2 2 2 2 2 2 2 2 2 2 2 2 2 2 2 2 2 2 2 2 2 2 2 2 2 2 2 2 2 2 2 2 2 2 2 2 2 2 2 2 2 2 2 2 2 2 2 2
left_child=13 2 3 4 6 -6 7 -2 9 52 28 -8 -7 14 15 16 17 22 19 -18 -20 -19 -1 44 25 -16 -5 -27 30 -30 -10 -25 33 37 35 48 -37 38 40 50 -15 -40 -41 -33 -17 -11 47 -36 -35 -29 -39 -46 -4 54 55 56 57 -3 -26 60 -60 -61
right_child=1 53 8 26 5 12 11 -9 10 45 -12 -13 -14 32 24 23 18 21 20 -21 -22 -23 -24 31 58 27 -28 49 29 -31 -32 43 -34 34 46 36 -38 39 41 42 -42 -43 -44 -45 51 -47 -48 -49 -50 -51 -52 -53 -54 -55 -56 -57 -58 -59 59 61 -62 -63
leaf_value=-0.048529559011610969 -0.040365186349219824 0.048249716136446907 0.070788529129118136 0.040582383019087322 -0.10773861787040324 0.047374267249461845 -0.0062684573507242455 0.034757845725361336 -0.044411344414707919 -0.12525735662181189 -0.083970703026054749 0.018446732410422946 -0.094739493762599256 -0.062281526815673539 -0.051134695143881206 0.048358843628726923 -0.03423743574716169 0.045747405569918187 0.040669632864947083 0.017486629493040102 -0.031653208668607345 -0.0083510848482445804 0.10399931921759842 -0.06235305021487008 -0.052392004801535587 0.19449768202331394 -0.074653040973077053 0.12503268316165508 -0.034294771386109431 0.024225408562815826 0.054014980999663481 0.081859839868891879 0.030876377408603928 -0.12987503965311778 -0.13444023583016093 -0.10167933751254775 -0.36473648193294267 0.067659178976390552 -0.038270338956127109 0.0043962809521348473 -0.0015028499253514776 0.049535419679345778 0.031012804350467129 -0.0097175146809392529 -0.066110755829262707 -0.0045890886832338496 0.042014624776546466 0.022520134988455901 0.021911837108882577 0.0099671345142472063 0.00054304909176952935 -0.14276923343535647 -0.0046431669802954028 0.035870906325273857 0.026153696058930184 0.01767912922342086 0.00088362074996258054 -0.20293237703542222 0.56212967358399346 -0.042651701607495436 -0.04596766292356836 0.0028489281615282627
leaf_weight=636.90064869914204 202.31374153651996 11.674214407801626 51.12590229511261 626.51387513184454 148.1722386420879 107.26559287146665 4802.1805202405085 1261.112109185895 56.792610700707883 78.829523403197527 52.63596387708094 1140.2707381546497 32.340953507460654 311.17372513236478 100.59209596924484 22.470298625528812 794.46655071340501 385.81764532078523 1626.0337819252163 1404.0947751191561 242.20084406156093 745.56550098070875 28.762665119022131 102.40022016176954 456.43734244536608 21.030939936637878 36.524804081622278 27.329899562522769 274.44610359254875 3263.6521944390843 675.33561198459938 58.260932471137494 551.86204378120601 15.746040207799522 25.135374276083894 53.523930293973535 20.92719953134656 187.06914224103093 75.857439296320081 24700.20031477185 182.8871748931706 193.79380944930017 567.37743211630732 144.55328823497985 282.1604489730671 29.8413928700611 167.12011327594519 40.767653463641182 52.954691911581904 89.993678709492087 95.174578449223191 46.125016969162971 173.4213539455086 1579.3373448066413 2011.9605134483427 438.20553801226197 85.429771989583969 32.844040617346764 8.1123139858245867 650.57444867771119 8.8957473486661893 204.58421755442396
leaf_count=17205 940 2 18 378 1164 61 14933 907 674 545 2497 1034 168 4321 4982 22 15105 3624 26667 21032 4464 17390 16 5674 12765 175 776 65 15098 6934 1411 90 384 157 126 249 186 329 405 118148 398 190 469 1354 4636 60 71 37 306 4422 381 300 321 1144 1503 586 105 204 175 31832 316 9347
internal_value=0.00647712 0.0138544 0.00975783 0.00420679 0.00162377 -0.0488308 0.00359135 0.0243485 0.0197167 -0.0217395 0.0229177 -0.00152282 0.0139773 0.00289082 -0.00381785 0.0018509 0.0067185 -0.00911849 0.0137183 -0.00120904 0.031279 0.010117 -0.0417853 -0.0415979 -0.0273848 0.0147708 0.034124 0.062747 0.0242557 0.0196762 0.0463229 -0.00983182 0.00488271 0.00434392 -0.026629 -0.100861 -0.179541 0.00478789 -0.017021 0.00544062 -0.0398416 0.0247656 0.00499535 0.0168373 -0.0691189 -0.092511 0.0191881 -0.0383844 -0.0141698 0.0376435 0.0451266 -0.0772975 0.012747 0.026664 0.0210146 0.00279295 -0.0471191 -0.137341 -0.0349756 -0.0258057 0.258907 -0.0317699
internal_weight=52501.2 17172.2 13012.8 8356.69 7693.66 287.779 7405.88 1463.43 4656.08 333.218 4322.86 5942.45 139.607 35328.9 8087.36 6519.81 5863.84 1797.05 4066.8 2198.56 1868.23 1131.38 665.663 655.97 1567.55 238.947 663.039 138.355 4270.23 3538.1 732.128 305.214 27241.6 26689.7 376.175 143.152 74.4511 26313.5 763.712 25549.8 494.061 269.651 25267.6 202.814 350.756 108.671 233.023 65.903 68.7007 117.324 282.244 328.285 224.547 4159.45 2580.11 568.154 129.948 44.5183 1328.6 872.167 17.0081 855.159
internal_count=359278 51463 47919 20361 19207 1393 17814 1847 27558 944 26614 15967 229 307815 181658 117579 105503 38235 67268 36137 31131 21014 17221 12076 64079 9644 1154 4662 24117 22032 2085 7118 126157 125773 1132 898 435 124641 5314 119327 4719 595 118617 1444 4958 605 234 163 463 4487 710 4936 339 3544 2400 897 311 206 54435 41670 491 41179
is_linear=0
shrinkage=0.05


Tree=63
num_leaves=63
num_cat=0
split_feature=9 0 8 2 7 9 9 15 8 24 1 8 24 5 24 17 9 12 1 15 4 18 7 8 18 0 10 12 9 12 19 1 5 7 4 2 24 9 10 18 20 0 0 12 14 1 19 10 19 7 9 0 7 5 10 20 24 12 5 9 0 7
split_gain=513.607 332.947 343.204 354.393 329.511 272.102 310.461 265.012 666.414 704.806 355.366 289.397 258.268 224.528 223.474 450.579 593.833 243.713 212.292 309.964 183.466 177.607 402.025 654.519 320.706 215.599 171.036 388.307 164.509 183.302 160.161 158.604 149.639 380.494 255.581 224.901 148.109 169.774 147.32 145.916 140.556 134.016 155.755 128.902 125.941 123.772 92.3513 106.806 124.759 90.7824 82.0283 80.9536 134.883 204.532 86.8389 83.2158 103.459 110.544 77.6222 108.425 74.0614 66.3548
threshold=1.6000000238418581 4.6949999332427987 4.7049999237060556 38.500000000000007 5.0699999332427987 1.9999998807907107 1.8999997377395632 2.5000000000000004 6.0499999523162851 6.0041072368621835 9.9984998703002947 4.8949999809265146 0.16472432762384417 13.500000000000002 0.9767284393310548 0.79013434052467357 0.39999997615814215 1.2122782468795779 9.004399776458742 6.5000000000000009 11.500000000000002 565.06338500976574 3.1950000524520878 3.2050000429153447 594.76916503906261 4.6949999332427987 3.3474999666213994 1.58102023601532 1.8999997377395632 1.5638694763183596 157.73530578613284 9.7009997367858904 69.500000000000014 5.4400000572204599 31.500000000000004 31.500000000000004 4.5025000572204599 0.99999988079071056 3.3524999618530278 1.1826319694519045 0.44315767288208013 4.2950000762939462 4.4049999713897714 1.28430712223053 1.5000000000000002 582.23999023437511 9.3690943717956561 4.3999998569488534 29.670197486877445 4.7049999237060556 1.4049999713897707 5.5199999809265146 5.2650001049041757 12.500000000000002 3.6499999761581425 0.21212815493345263 0.75004568696022045 1.6075282692909243 6.5000000000000009 0.10000002384185792 4.3949999809265146 5.2650001049041757
decision_type=2 2 2 2 2 2 2 2 2 2 2 2 2 2 2 2 2 2 2 2 2 2 2 2 2 2 2 2 2 2 2 2 2 2 2 2 2 2 2 2 2 2 2 2 2 2 2 2 2 2 2 2 2 2 2 2 2 2 2 2 2 2
left_child=14 2 5 7 49 6 13 8 9 -4 -10 -9 -13 38 18 20 39 36 19 21 46 22 -1 -24 -23 -26 27 -7 -6 -30 -15 41 34 43 40 -36 45 -38 -2 60 -33 -20 -43 -34 -29 -18 -16 -48 -49 -5 -21 52 53 -3 -53 -54 57 -57 -41 -60 -17 -19
right_child=1 51 3 4 28 26 -8 11 10 -11 -12 12 -14 30 15 16 17 61 31 50 -22 24 23 -25 25 -27 -28 44 29 -31 -32 32 33 -35 35 -37 37 -39 -40 58 -42 42 -44 -45 -46 -47 47 48 -50 -51 -52 54 55 -55 -56 56 -58 -59 59 -61 -62 -63
leaf_value=-0.055483919665898246 0.061565267550294428 -0.14595347514051291 -0.051381339628640915 0.040791190345762611 0.052178389564987951 -0.078316253438904193 -0.072581117054101085 -0.093580366098327164 0.035291068208656559 0.060955954299888274 -0.0040170769191332908 0.0049379313916483123 0.035401587800330113 -0.050125260388156213 -0.12087888516899659 -0.056886487352291175 -0.050890691419848602 -0.083323435308401153 -0.022027984809879955 0.035142857592335153 0.025958429971312404 0.11313042035300656 0.17706011592034018 -0.014696061756842444 -0.034518148492851307 0.031322641275258106 0.076051053551654368 0.0010551551308559815 -0.037912649776946 0.022496278565779019 0.074822797134969504 0.0043878488253141206 0.031031980262626831 -0.30212333152591853 -0.10201195898400789 -0.0025229060306774381 -0.05781083476034702 0.060137164658087938 -0.0086530104461559291 0.19421207446630562 -0.031257614716798027 0.14492455047999625 0.036482027139175137 -0.041336469485505151 0.051607045390179886 0.069712571750492752 -0.060034103062421608 0.033566229158809226 -0.087272860779624317 -0.095726483165014781 -0.095649791900678391 0.076322115227182186 0.028054320276426514 0.0025937268036436106 0.031984618465499721 -0.056018274291442009 0.060973129526443216 0.01201480247799777 0.14051988424548814 -0.053219511414242388 0.07172477184782744 -0.22158272539037124
leaf_weight=688.99649376654997 258.17789809172973 25.075898571871221 1133.2942719775892 13.917250881495418 446.27928288467228 71.756201122538187 110.67646990192588 64.28399052406894 739.08312424705946 158.33071764733177 2576.0115921124525 2761.2538354785065 929.52673835633323 141.9705329569988 49.166708359494805 12.933335575275121 148.51489472202957 39.396056006662548 49.935652476269752 363.99392605916364 77.474891397170722 60.382486511021852 46.365382140735164 734.53157754498534 305.11468624789268 208.36983617395163 302.1905095204711 151.4134100889205 132.33060593158007 2171.9974950154719 30.30043850815855 29786.327953270636 924.67828504263889 7.9046225845813742 105.72293336014263 121.78148216404952 39.154197310097516 126.89994970150292 104.46033330680802 41.762781384401023 278.12736637610942 48.548112481832504 103.47585858777165 65.006843482668046 666.16544990972034 23.877769470214844 436.38189620152116 70.271273623220623 29.498093956615776 73.432255054416601 11.435079258924814 144.32653369719628 2903.3393893660977 207.3186064735637 479.19112968631089 92.72314911428839 57.480809811502695 163.57415753015084 25.457044095732272 9.2773700421676022 58.862411327660084 11.341453019529579
leaf_count=19423 629 139 5847 455 148 1104 1811 1304 786 159 4641 7667 973 3344 438 257 1286 499 1082 3648 349 225 606 10391 13226 266 257 911 295 15438 119 227834 4570 68 659 192 436 110 442 76 7746 77 132 2781 969 1 9613 175 262 1123 546 54 2113 397 304 244 18 296 31 187 24 75
internal_value=0.00618505 0.0132882 0.00938771 0.0061001 0.0213639 0.0294133 0.00325364 0.0009171 -0.00711808 -0.0375704 0.00475296 0.0107753 0.0126191 0.0190599 0.0027232 -0.0184699 0.0155286 -0.0169408 0.003474 -0.010796 -0.0460297 -0.0184696 -0.0276747 -0.00309235 0.0051068 -0.00778157 0.0435682 0.0324521 0.0244104 0.0190101 -0.0278145 0.0045707 0.0042846 0.0233297 0.00365648 -0.0490222 -0.00147131 0.0321165 0.0413565 0.100318 0.0040569 0.0486314 0.0718661 0.0262365 0.0422638 -0.0338516 -0.0555949 -0.0493849 -0.0026233 -0.0737032 0.0309023 0.0257661 0.0227536 -0.0139701 0.0423613 0.0254115 0.000930417 -0.0127008 0.148081 0.088592 0.0480248 -0.118011
internal_weight=52220.9 17109.9 13036.9 11199.7 2837.96 1837.11 645.586 8361.78 4606.72 1291.62 3315.09 3755.06 3690.78 534.909 35111 1200.27 537.477 389.184 33910.7 2419.19 662.793 2043.76 1469.89 780.897 573.867 513.485 1191.53 889.335 2750.61 2304.33 172.271 31491.5 31289.5 997.59 30292 227.504 338.447 166.054 362.638 148.293 30064.5 201.96 152.024 989.685 817.579 172.393 585.318 536.151 99.7694 87.3495 375.429 4073.03 3449.51 232.395 623.518 3217.12 313.778 256.297 76.4972 34.7344 71.7957 50.7375
internal_count=359278 51987 48422 38836 17459 9586 6345 21377 11433 6006 5427 9944 8640 4534 307291 13819 2982 2407 293472 48331 10837 44137 30420 10997 13717 13492 3241 2984 15881 15733 3463 245141 243850 7419 236431 851 1833 546 1071 575 235580 1291 209 7351 1880 1287 10488 10050 437 1578 4194 3565 3207 536 358 2671 558 540 294 218 281 574
is_linear=0
shrinkage=0.05


Tree=64
num_leaves=63
num_cat=0
split_feature=9 0 13 17 9 9 12 9 5 12 11 10 24 17 9 1 15 9 12 12 12 24 0 12 10 21 1 6 5 4 6 22 17 17 13 1 0 0 13 22 11 24 13 13 6 21 12 18 1 22 15 3 13 21 22 15 10 5 1 21 10 0
split_gain=474.351 312.417 267.123 350.782 288.609 288.871 457.602 279.005 226.287 286.206 236.843 476.165 205.254 425.981 470.51 193.909 284.727 191.061 189.036 173.344 254.939 165.527 159.137 189.631 154.181 143.714 141.833 141.498 137.079 226.334 184.28 162.387 135.734 124.339 120.79 135.111 119.016 127.461 105.77 115.602 105.29 104.98 98.9685 96.4708 85.7255 84.6828 313.859 80.8752 78.7325 104.768 189.837 227.512 275.026 107.74 73.6765 94.6968 75.2243 112.667 133.419 72.6227 222.517 67.3653
threshold=1.6000000238418581 4.6949999332427987 -0.0044232697691768399 22.041666984558109 4.2500000000000009 3.8050001859664921 2.1493430137634282 3.9499999284744267 4.5000000000000009 1.2394901514053347 1.5000000000000002 3.4025000333786015 0.9767284393310548 0.59846940636634838 0.39999997615814215 9.004399776458742 6.5000000000000009 2.9050000905990605 2.0347852706909184 1.1612903475761416 1.1590909361839297 5.0044994354248056 2.9050000905990605 1.2122782468795779 3.0900000333786015 6273542.5000000009 9.7009997367858904 3.5000000000000004 69.500000000000014 31.500000000000004 49.500000000000007 17.268469810485843 63.500000000000007 2.9880000352859502 -0.14999996125698087 12.00500011444092 4.2950000762939462 4.4049999713897714 0.19000001996755603 17.930327415466312 2.5000000000000004 -2.9952856302261348 -0.01999997720122337 0.027428568340837959 5.5000000000000009 216354299904.00003 1.8930722475051882 1.1826319694519045 15.994999885559084 19.794040679931644 2.5000000000000004 23.500000000000004 -0.003571415320038795 2236069.5000000005 17.950208663940433 1.0000000180025095e-35 4.4600000381469735 46.500000000000007 19.704999923706058 1119510855680.0002 4.5650000572204599 7.4500000476837167
decision_type=2 2 2 2 2 2 2 2 2 2 2 2 2 2 2 2 2 2 2 2 2 2 2 2 2 2 2 2 2 2 2 2 2 2 2 2 2 2 2 2 2 2 2 2 2 2 2 2 2 2 2 2 2 2 2 2 2 2 2 2 2 2
left_child=12 2 3 4 5 17 -7 8 9 41 11 -10 15 38 21 16 19 -2 -12 20 25 40 42 27 32 -1 36 -24 29 31 -31 -28 -5 -11 -30 -36 -17 -38 39 -14 47 -4 -16 -18 -40 -26 -47 -15 49 50 51 53 -53 -3 55 -50 57 -56 -59 -6 -61 -21
right_child=1 48 7 24 59 6 -8 -9 10 33 18 -13 13 14 22 26 43 -19 -20 61 -22 -23 23 -25 45 -27 28 -29 34 30 -32 -33 -34 -35 35 -37 37 -39 44 -41 -42 -43 -44 -45 -46 46 -48 -49 54 -51 -52 52 -54 -55 56 -57 -58 58 -60 60 -62 -63
leaf_value=-0.022834398695123326 -0.0090622070324871788 -0.039645884394204627 0.075574602535006224 -0.080541946420962796 0.045515533945893354 -0.094974151615937613 0.044304051089734398 -0.081911318474728961 0.21842948135739354 -0.11728109612741754 0.016344445025778091 -0.098525845260896874 -0.063293222823904441 0.06318638336824238 0.078733610474626625 -0.021068817233799345 0.036061921991225321 0.0094658040990086081 0.043549812923775792 -0.071328403849956076 0.13938835157239243 -0.066680455715809939 -0.056119011553281119 -0.11855648881454504 0.044066426468798874 0.011592147875303592 0.0024058368092386723 0.010160431699190715 0.063290824974747445 -0.083825205489589119 0.0059530312784476765 0.013190782384292646 0.033488697559017171 0.0063789558000112573 0.028394593910846234 -0.014970946951616451 0.13157236285238239 0.034825536637657757 -0.066496035122679195 0.025584076745434194 0.01828535661263566 -0.0063653328470834915 -0.056742901912169789 -0.072834344890517988 0.077666431437984462 0.03498248493562791 -0.094672252402307075 0.15373774656914532 0.091822229233230357 0.035555745069522048 0.025394398781247565 -0.20261675647095201 0.018990745052780408 0.011862754919843661 0.019406364814936641 0.033811641266716368 0.03380254572914386 0.019790591440791885 -0.1611635566510875 -0.10371001967143152 0.050074794766758017 0.051392716267259567
leaf_weight=1411.7803271443117 3574.9752545806114 129.24859514646232 48.89772317558527 56.99140880088089 386.94430843542796 197.54917657573242 83.136299203441013 68.182551632169634 38.56512485537678 81.548976196441799 3927.8958589252434 16.201166733168066 467.8524156594649 40.418273879215121 61.267335576470941 49.651562013896182 349.30013166146819 2276.5067031552026 762.66224176302785 175.19843194133136 25.984232402173802 15.7886880422011 127.96486618858762 49.615957037545741 713.97594360355288 385.08047244045883 26058.033119028434 213.5008560763672 151.82261764490977 133.05723102809861 99.25241231918335 4029.6151261487976 46.592678763438016 26.736874653026462 575.39557857741602 260.00382106052712 50.838694833219051 103.03668897226453 15.324221634771673 39.07270485907793 31.368181201163679 179.50480870064348 16.379049777053297 20.647549416869879 27.13217012770474 281.14848460629582 54.932953812356573 73.508850189857185 114.69844178389758 720.98495708731934 1114.089369587542 30.558184894034639 24.812177606043406 459.24704355630092 148.2652834369801 185.83240878721699 1021.9531077910215 19.130495795863681 20.221033731591888 34.428915716533083 68.985536471009254 11.198130607604979
leaf_count=35769 11315 294 16 357 423 936 247 2924 55 573 23477 144 9614 122 158 1082 3352 4047 2264 5441 110 279 1682 523 348 2816 230839 342 129 730 121 4741 107 37 3115 4175 77 132 341 30 187 356 410 842 9 164 358 122 48 444 967 180 46 477 133 194 627 23 132 251 23 1
internal_value=0.00590359 0.0127805 0.00900384 0.0031528 -0.00128022 -0.00423472 -0.0536927 0.0178349 0.01919 -0.0203663 0.0220013 0.124492 0.00258613 -0.0179112 0.0101486 0.00329999 -0.0104607 -0.00185268 0.0207773 -0.0178855 -0.0131663 0.0835942 -0.0152054 -0.0282054 0.0285842 -0.0154514 0.00433943 -0.0147546 0.00406799 0.00347038 -0.0455856 0.00385081 -0.0293728 -0.0869234 0.0223951 0.0148901 0.0458448 0.067465 -0.0500481 -0.056396 0.100302 0.011408 0.0497339 0.0297908 0.0251845 0.0343287 0.0135574 0.122485 0.025012 0.0195104 0.0129105 -0.0086887 -0.104648 0.000493604 0.0340211 0.0561992 0.0284647 -0.000609523 -0.0747596 0.0355904 -0.00157854 -0.0636941
internal_weight=51984.5 16915.4 12926.4 7776.17 6622.53 6132.17 280.685 5150.2 5082.01 336.688 4745.32 54.7663 35069.1 1179.19 629.812 33889.9 2379.19 5851.48 4690.56 2009.24 1822.85 161.084 468.728 391.082 1153.64 1796.86 31510.7 341.466 31307.2 30320 232.31 30087.6 103.584 108.286 987.222 835.399 203.527 153.875 549.382 506.925 145.295 228.403 77.6464 369.948 42.4564 1050.06 336.081 113.927 3989.04 2478.94 1757.96 643.866 55.3704 588.496 1510.1 300.531 1209.57 187.617 39.3515 490.359 103.414 186.397
internal_count=359278 51987 48422 18576 17242 16545 1183 29846 26922 982 25940 199 307291 13819 3825 293472 48331 15362 25741 44137 38695 710 3115 2547 1334 38585 245141 2024 243850 236431 851 235580 464 610 7419 7290 1291 209 9994 9644 431 372 568 4194 350 870 522 244 3565 2408 1964 997 226 771 1157 242 915 288 155 697 274 5442
is_linear=0
shrinkage=0.05


end of trees

feature_importances:
trigger_depth=422
trigger_mag=342
median_mag_7d=240
moment_accel=240
hours_since_last=239
moment_7d_log=197
n_events_30d=192
hours_since_m4=170
mag_range_7d=169
rumble_ratio=164
energy_ratio_24h_48h=152
b_value_14d=150
active_ratio_7d_30d=148
depth_trend_7d=141
max_mag_7d=139
max_mag_72h=135
mag_trend_72h=111
n_events_24h=99
depth_to_peak=95
n_events_7d=82
n_events_72h=70
n_m4_events_7d=70
rate_accel_6h_24h=66
consec_up=51
double_tap_count=45

parameters:
[boosting: gbdt]
[objective: binary]
[metric: auc]
[tree_learner: serial]
[device_type: cpu]
[data_sample_strategy: bagging]
[data: ]
[valid: ]
[num_iterations: 500]
[learning_rate: 0.05]
[num_leaves: 63]
[num_threads: 0]
[seed: 0]
[deterministic: 0]
[force_col_wise: 0]
[force_row_wise: 0]
[histogram_pool_size: -1]
[max_depth: 7]
[min_data_in_leaf: 50]
[min_sum_hessian_in_leaf: 0.001]
[bagging_fraction: 0.8]
[pos_bagging_fraction: 1]
[neg_bagging_fraction: 1]
[bagging_freq: 5]
[bagging_seed: 3]
[bagging_by_query: 0]
[feature_fraction: 0.7]
[feature_fraction_bynode: 1]
[feature_fraction_seed: 2]
[extra_trees: 0]
[extra_seed: 6]
[early_stopping_round: 0]
[early_stopping_min_delta: 0]
[first_metric_only: 0]
[max_delta_step: 0]
[lambda_l1: 0.1]
[lambda_l2: 1]
[linear_lambda: 0]
[min_gain_to_split: 0]
[drop_rate: 0.1]
[max_drop: 50]
[skip_drop: 0.5]
[xgboost_dart_mode: 0]
[uniform_drop: 0]
[drop_seed: 4]
[top_rate: 0.2]
[other_rate: 0.1]
[min_data_per_group: 100]
[max_cat_threshold: 32]
[cat_l2: 10]
[cat_smooth: 10]
[max_cat_to_onehot: 4]
[top_k: 20]
[monotone_constraints: ]
[monotone_constraints_method: basic]
[monotone_penalty: 0]
[feature_contri: ]
[forcedsplits_filename: ]
[refit_decay_rate: 0.9]
[cegb_tradeoff: 1]
[cegb_penalty_split: 0]
[cegb_penalty_feature_lazy: ]
[cegb_penalty_feature_coupled: ]
[path_smooth: 0]
[interaction_constraints: ]
[verbosity: -1]
[saved_feature_importance_type: 0]
[use_quantized_grad: 0]
[num_grad_quant_bins: 4]
[quant_train_renew_leaf: 0]
[stochastic_rounding: 1]
[linear_tree: 0]
[max_bin: 255]
[max_bin_by_feature: ]
[min_data_in_bin: 3]
[bin_construct_sample_cnt: 200000]
[data_random_seed: 1]
[is_enable_sparse: 1]
[enable_bundle: 1]
[use_missing: 1]
[zero_as_missing: 0]
[feature_pre_filter: 1]
[pre_partition: 0]
[two_round: 0]
[header: 0]
[label_column: ]
[weight_column: ]
[group_column: ]
[ignore_column: ]
[categorical_feature: ]
[forcedbins_filename: ]
[precise_float_parser: 0]
[parser_config_file: ]
[objective_seed: 5]
[num_class: 1]
[is_unbalance: 0]
[scale_pos_weight: 110.932]
[sigmoid: 1]
[boost_from_average: 1]
[reg_sqrt: 0]
[alpha: 0.9]
[fair_c: 1]
[poisson_max_delta_step: 0.7]
[tweedie_variance_power: 1.5]
[lambdarank_truncation_level: 30]
[lambdarank_norm: 1]
[label_gain: ]
[lambdarank_position_bias_regularization: 0]
[eval_at: ]
[multi_error_top_k: 1]
[auc_mu_weights: ]
[num_machines: 1]
[local_listen_port: 12400]
[time_out: 120]
[machine_list_filename: ]
[machines: ]
[gpu_platform_id: -1]
[gpu_device_id: -1]
[gpu_use_dp: 0]
[num_gpu: 1]

end of parameters

pandas_categorical:null
